Real;Predicted;Error
78;40.969284;37.03071594238281
77;44.54466;32.45534133911133
76;37.386356;38.613643646240234
75;40.487385;34.51261520385742
74;41.86813;32.13187026977539
73;42.023136;30.976863861083984
72;41.868835;30.13116455078125
71;52.213375;18.786624908447266
70;45.690517;24.30948257446289
69;44.29086;24.70914077758789
68;40.182354;27.817646026611328
67;46.943775;20.056224822998047
66;53.43693;12.563068389892578
65;59.707615;5.292385101318359
64;61.8609;2.13909912109375
63;59.397858;3.602142333984375
62;58.921543;3.0784568786621094
61;55.44356;5.556438446044922
60;58.018085;1.9819145202636719
59;61.65414;-2.6541404724121094
58;61.8645;-3.8644981384277344
57;52.882328;4.117671966552734
56;63.887478;-7.887477874755859
55;60.798866;-5.798866271972656
54;55.805065;-1.8050651550292969
53;57.680294;-4.680294036865234
52;55.18057;-3.1805686950683594
51;51.298264;-0.2982635498046875
50;68.20003;-18.200027465820312
49;53.369297;-4.369297027587891
48;53.931408;-5.931407928466797
47;41.87274;5.12725830078125
46;52.48212;-6.482120513916016
45;44.762123;0.23787689208984375
44;49.349953;-5.349952697753906
43;45.91685;-2.916851043701172
42;48.324924;-6.324924468994141
41;39.525745;1.4742546081542969
40;40.115704;-0.11570358276367188
39;42.233994;-3.2339935302734375
38;53.768787;-15.768787384033203
37;49.273403;-12.27340316772461
36;61.722794;-25.722793579101562
35;51.87781;-16.877811431884766
34;53.61793;-19.617931365966797
33;50.446938;-17.446937561035156
32;66.18798;-34.18798065185547
31;59.66974;-28.66973876953125
30;58.742805;-28.74280548095703
29;104.65452;-75.6545181274414
28;96.85138;-68.85137939453125
27;88.00844;-61.00843811035156
26;57.541866;-31.541866302490234
25;84.06439;-59.06439208984375
24;59.493202;-35.493202209472656
23;71.23991;-48.239906311035156
22;79.808235;-57.80823516845703
21;72.43747;-51.437469482421875
20;62.33442;-42.33441925048828
19;72.78234;-53.78234100341797
18;85.27535;-67.27535247802734
17;94.66444;-77.66443634033203
16;56.819252;-40.819252014160156
15;97.2519;-82.25189971923828
14;38.975986;-24.97598648071289
13;56.90765;-43.907649993896484
12;43.439274;-31.439273834228516
11;58.259235;-47.25923538208008
10;59.61783;-49.617828369140625
9;82.3031;-73.3031005859375
8;66.47154;-58.47154235839844
7;95.5413;-88.54129791259766
6;72.17543;-66.17543029785156
5;60.247646;-55.24764633178711
4;58.759945;-54.759944915771484
3;54.252792;-51.25279235839844
2;66.99742;-64.99742126464844
1;64.06245;-63.06244659423828
0;69.09187;-69.09187316894531
97;78.17229;18.827713012695312
96;79.66886;16.331138610839844
95;91.985794;3.0142059326171875
94;83.4449;10.555099487304688
93;94.40844;-1.4084396362304688
92;85.66578;6.334220886230469
91;90.78518;0.21482086181640625
90;91.02285;-1.0228500366210938
89;107.043526;-18.04352569580078
88;113.55836;-25.55835723876953
87;110.608315;-23.608314514160156
86;107.56573;-21.56572723388672
85;121.68082;-36.680816650390625
84;94.313416;-10.31341552734375
83;80.16904;2.830963134765625
82;82.95936;-0.9593582153320312
81;74.18295;6.817047119140625
80;56.56841;23.431591033935547
79;53.428146;25.571853637695312
78;56.06267;21.937328338623047
77;47.81316;29.186840057373047
76;47.687374;28.312625885009766
75;50.720146;24.27985382080078
74;53.923702;20.076297760009766
73;63.73093;9.26906967163086
72;51.679317;20.320682525634766
71;48.311085;22.688915252685547
70;44.790485;25.209514617919922
69;48.312057;20.687942504882812
68;83.307526;-15.307525634765625
67;67.985634;-0.9856338500976562
66;56.670784;9.329216003417969
65;92.98961;-27.989608764648438
64;67.20006;-3.2000579833984375
63;91.64109;-28.641090393066406
62;64.55766;-2.5576629638671875
61;48.152378;12.84762191772461
60;75.07476;-15.074760437011719
59;71.16148;-12.161483764648438
58;61.61395;-3.6139488220214844
57;58.135674;-1.1356735229492188
56;59.680836;-3.680835723876953
55;55.653103;-0.6531028747558594
54;63.21921;-9.21921157836914
53;57.82643;-4.8264312744140625
52;55.292046;-3.2920455932617188
51;64.17824;-13.178237915039062
50;68.142365;-18.142364501953125
49;66.8984;-17.898399353027344
48;36.44782;11.552181243896484
47;45.558758;1.4412422180175781
46;44.659267;1.3407325744628906
45;45.078724;-0.07872390747070312
44;48.26965;-4.269649505615234
43;46.511982;-3.511981964111328
42;51.4745;-9.474498748779297
41;42.82797;-1.8279685974121094
40;46.559208;-6.559207916259766
39;50.25526;-11.255260467529297
38;51.814;-13.81399917602539
37;43.832127;-6.832126617431641
36;63.455994;-27.45599365234375
35;54.20445;-19.204448699951172
34;65.96725;-31.967247009277344
33;61.30064;-28.300640106201172
32;56.662247;-24.662246704101562
31;43.27828;-12.278278350830078
30;65.10289;-35.10289001464844
29;59.456646;-30.456645965576172
28;73.06388;-45.063880920410156
27;77.79397;-50.793968200683594
26;60.314156;-34.31415557861328
25;65.643776;-40.643775939941406
24;64.66523;-40.66522979736328
23;72.84438;-49.844383239746094
22;84.3425;-62.342498779296875
21;80.052315;-59.05231475830078
20;77.055695;-57.055694580078125
19;67.94156;-48.941558837890625
18;92.6425;-74.64250183105469
17;107.771454;-90.77145385742188
16;85.729126;-69.7291259765625
15;122.41359;-107.41358947753906
14;89.23059;-75.2305908203125
13;81.554535;-68.55453491210938
12;86.04115;-74.04115295410156
11;120.69595;-109.69595336914062
10;81.577805;-71.57780456542969
9;91.84981;-82.84980773925781
8;73.26483;-65.26483154296875
7;75.354675;-68.35467529296875
6;90.76061;-84.76061248779297
5;71.22667;-66.22666931152344
4;102.119385;-98.119384765625
3;105.12578;-102.12577819824219
2;79.75877;-77.75877380371094
1;91.688255;-90.6882553100586
0;78.61374;-78.61373901367188
97;75.724655;21.275344848632812
96;83.13225;12.867752075195312
95;103.121216;-8.1212158203125
94;126.10486;-32.1048583984375
93;108.57457;-15.574569702148438
92;96.80416;-4.804161071777344
91;111.9373;-20.937301635742188
90;97.113235;-7.1132354736328125
89;96.066895;-7.06689453125
88;95.70419;-7.704193115234375
87;73.710686;13.289314270019531
86;89.49725;-3.49725341796875
85;76.68383;8.316169738769531
84;94.91755;-10.917549133300781
83;81.9243;1.0756988525390625
82;76.29342;5.706581115722656
81;70.44224;10.557762145996094
80;60.860737;19.139263153076172
79;52.387184;26.612815856933594
78;51.50815;26.491851806640625
77;54.683002;22.316997528076172
76;56.126286;19.873714447021484
75;42.653202;32.346797943115234
74;53.424362;20.575637817382812
73;45.071438;27.92856216430664
72;47.997337;24.002662658691406
71;46.64269;24.357311248779297
70;52.70606;17.293941497802734
69;48.236164;20.763835906982422
68;45.5927;22.407299041748047
67;48.394657;18.605342864990234
66;48.08993;17.91006851196289
65;45.22302;19.776981353759766
64;41.277164;22.722835540771484
63;39.49524;23.5047607421875
62;48.626293;13.373706817626953
61;54.708347;6.291652679443359
60;47.043682;12.956317901611328
59;48.68456;10.315441131591797
58;42.779087;15.22091293334961
57;43.99242;13.007579803466797
56;46.661743;9.3382568359375
55;49.1207;5.879299163818359
54;49.708836;4.291164398193359
53;43.436802;9.56319808959961
52;46.77264;5.227359771728516
51;48.68733;2.312671661376953
50;47.97093;2.029071807861328
49;54.41865;-5.418651580810547
48;49.65253;-1.6525306701660156
47;48.609737;-1.6097373962402344
46;52.668674;-6.668674468994141
45;61.22966;-16.229660034179688
44;51.60743;-7.607429504394531
43;60.367283;-17.36728286743164
42;46.472446;-4.472446441650391
41;53.117203;-12.117202758789062
40;44.74728;-4.747280120849609
39;56.85666;-17.856658935546875
38;61.333393;-23.333393096923828
37;57.088;-20.088001251220703
36;54.79023;-18.79022979736328
35;44.604313;-9.604312896728516
34;54.811806;-20.811805725097656
33;55.405495;-22.405494689941406
32;60.569515;-28.569515228271484
31;49.5655;-18.56549835205078
30;49.81954;-19.819538116455078
29;42.67276;-13.672760009765625
28;38.82366;-10.823661804199219
27;39.486076;-12.486076354980469
26;51.44947;-25.44947052001953
25;60.1987;-35.198699951171875
24;58.13667;-34.13666915893555
23;43.346165;-20.34616470336914
22;67.67618;-45.676177978515625
21;58.239155;-37.23915481567383
20;48.395096;-28.395095825195312
19;41.35021;-22.350208282470703
18;49.288456;-31.288455963134766
17;55.5296;-38.529598236083984
16;64.150505;-48.15050506591797
15;58.73159;-43.731590270996094
14;66.027756;-52.02775573730469
13;64.37196;-51.37196350097656
12;58.497875;-46.49787521362305
11;45.146015;-34.14601516723633
10;50.369396;-40.3693962097168
9;55.586407;-46.58640670776367
8;61.906677;-53.90667724609375
7;63.29348;-56.293479919433594
6;118.37215;-112.37214660644531
5;98.56166;-93.56166076660156
4;107.818596;-103.81859588623047
3;127.625626;-124.62562561035156
2;86.567406;-84.5674057006836
1;101.87657;-100.87657165527344
0;139.53456;-139.53456115722656
97;117.298676;-20.298675537109375
96;123.17114;-27.171142578125
95;133.53499;-38.53498840332031
94;112.61239;-18.612388610839844
93;101.89162;-8.891616821289062
92;119.335724;-27.335723876953125
91;114.4344;-23.434402465820312
90;112.378006;-22.378005981445312
89;103.111916;-14.111915588378906
88;92.36101;-4.3610076904296875
87;76.69885;10.3011474609375
86;63.074905;22.925094604492188
85;99.638054;-14.638053894042969
84;80.795876;3.2041244506835938
83;97.21219;-14.212188720703125
82;78.54689;3.4531097412109375
81;75.00964;5.9903564453125
80;60.61059;19.389408111572266
79;65.15735;13.8426513671875
78;53.822517;24.17748260498047
77;48.744175;28.25582504272461
76;47.02862;28.971378326416016
75;44.554;30.445999145507812
74;48.889427;25.110572814941406
73;56.394703;16.605297088623047
72;56.935352;15.064647674560547
71;60.173805;10.826194763183594
70;56.47773;13.522270202636719
69;55.480137;13.51986312866211
68;52.73224;15.26776123046875
67;50.514957;16.485042572021484
66;44.7923;21.207698822021484
65;45.074192;19.92580795288086
64;53.147335;10.852664947509766
63;55.57588;7.424121856689453
62;46.60557;15.394428253173828
61;50.637817;10.3621826171875
60;48.81908;11.180919647216797
59;60.3119;-1.3119010925292969
58;54.045532;3.9544677734375
57;40.778305;16.221694946289062
56;56.733463;-0.7334632873535156
55;44.53844;10.461559295654297
54;50.982048;3.0179519653320312
53;51.51302;1.4869804382324219
52;50.782978;1.2170219421386719
51;51.208565;-0.20856475830078125
50;53.412773;-3.4127731323242188
49;51.92204;-2.922039031982422
48;60.393993;-12.393993377685547
47;61.294327;-14.294326782226562
46;56.128544;-10.128543853759766
45;54.44686;-9.446861267089844
44;71.073204;-27.073204040527344
43;49.128952;-6.1289520263671875
42;51.041027;-9.041027069091797
41;48.340748;-7.340747833251953
40;54.75459;-14.754589080810547
39;72.36426;-33.3642578125
38;77.24218;-39.24217987060547
37;77.633545;-40.633544921875
36;88.748116;-52.74811553955078
35;108.769135;-73.76913452148438
34;67.45404;-33.45404052734375
33;75.65601;-42.65601348876953
32;60.009544;-28.009544372558594
31;77.96064;-46.96063995361328
30;60.845005;-30.84500503540039
29;73.62857;-44.628570556640625
28;56.567394;-28.567394256591797
27;71.166;-44.16600036621094
26;50.877052;-24.877052307128906
25;73.39731;-48.397308349609375
24;92.89551;-68.8955078125
23;63.26827;-40.26826858520508
22;104.64853;-82.64852905273438
21;103.17496;-82.17495727539062
20;76.20152;-56.20152282714844
19;53.69861;-34.6986083984375
18;63.499622;-45.4996223449707
17;47.459267;-30.459266662597656
16;50.892574;-34.892574310302734
15;50.01654;-35.01654052734375
14;64.739174;-50.739173889160156
13;64.734924;-51.73492431640625
12;49.811714;-37.81171417236328
11;43.79945;-32.7994499206543
10;48.118916;-38.11891555786133
9;50.843937;-41.843936920166016
8;62.62878;-54.628780364990234
7;74.84296;-67.84295654296875
6;49.091778;-43.09177780151367
5;58.570107;-53.570106506347656
4;72.41;-68.41000366210938
3;50.69033;-47.690330505371094
2;64.75374;-62.75373840332031
1;69.220116;-68.2201156616211
0;53.964046;-53.964046478271484
107;66.01882;40.981178283691406
106;70.03094;35.96906280517578
105;90.9309;14.069099426269531
104;84.67679;19.323211669921875
103;83.65058;19.34941864013672
102;98.62269;3.3773117065429688
101;106.7641;-5.76409912109375
100;96.66982;3.3301773071289062
99;105.2762;-6.2761993408203125
98;93.0305;4.9694976806640625
97;89.28604;7.713958740234375
96;97.91615;-1.9161529541015625
95;113.22958;-18.229583740234375
94;108.41976;-14.419761657714844
93;79.94765;13.052352905273438
92;76.498535;15.50146484375
91;72.727356;18.27264404296875
90;47.834244;42.16575622558594
89;38.290997;50.70900344848633
88;45.166267;42.83373260498047
87;50.616184;36.38381576538086
86;46.41773;39.582271575927734
85;47.67065;37.329349517822266
84;49.187412;34.81258773803711
83;63.82768;19.172321319580078
82;77.188324;4.811676025390625
81;49.778255;31.221744537353516
80;67.35017;12.649833679199219
79;65.98353;13.016471862792969
78;75.21743;2.7825698852539062
77;61.01519;15.984809875488281
76;68.941216;7.058784484863281
75;72.5256;2.4744033813476562
74;60.278637;13.721363067626953
73;55.242413;17.757587432861328
72;54.457226;17.542774200439453
71;53.657726;17.342273712158203
70;54.553394;15.446605682373047
69;65.054405;3.9455947875976562
68;58.449444;9.550556182861328
67;78.196304;-11.196304321289062
66;55.778004;10.221996307373047
65;61.888363;3.1116371154785156
64;41.025673;22.974327087402344
63;54.22816;8.771839141845703
62;43.233654;18.766345977783203
61;49.523808;11.476192474365234
60;45.051453;14.94854736328125
59;50.187252;8.812747955322266
58;50.768482;7.231517791748047
57;61.125698;-4.125698089599609
56;53.539936;2.460063934326172
55;74.91183;-19.911827087402344
54;65.74156;-11.741561889648438
53;51.976906;1.0230941772460938
52;59.831944;-7.831943511962891
51;46.910107;4.089893341064453
50;37.957092;12.04290771484375
49;43.916256;5.083744049072266
48;42.82989;5.170108795166016
47;42.54656;4.453441619873047
46;44.483658;1.5163421630859375
45;48.494137;-3.4941368103027344
44;48.149082;-4.149082183837891
43;62.53508;-19.535079956054688
42;48.32329;-6.323291778564453
41;41.14001;-0.14001083374023438
40;41.709377;-1.7093772888183594
39;47.0414;-8.041400909423828
38;42.59908;-4.599079132080078
37;44.10997;-7.1099700927734375
36;51.5115;-15.51150131225586
35;50.38126;-15.38125991821289
34;53.035633;-19.035633087158203
33;55.77233;-22.77233123779297
32;41.077312;-9.077312469482422
31;46.90082;-15.900821685791016
30;62.03296;-32.032958984375
29;55.924213;-26.924213409423828
28;48.789333;-20.78933334350586
27;51.325855;-24.325855255126953
26;56.15227;-30.152271270751953
25;56.525116;-31.525115966796875
24;81.5408;-57.540802001953125
23;73.073326;-50.073326110839844
22;76.204346;-54.204345703125
21;67.00249;-46.00248718261719
20;118.55711;-98.55711364746094
19;126.84004;-107.84004211425781
18;106.3842;-88.38420104980469
17;90.421455;-73.42145538330078
16;130.42924;-114.42924499511719
15;114.61039;-99.61038970947266
14;109.121704;-95.1217041015625
13;85.998825;-72.99882507324219
12;96.84322;-84.84322357177734
11;88.54026;-77.5402603149414
10;81.34029;-71.34028625488281
9;80.06792;-71.06791687011719
8;79.94003;-71.94003295898438
7;83.22775;-76.22775268554688
6;84.77832;-78.7783203125
5;85.221214;-80.2212142944336
4;77.19525;-73.19525146484375
3;126.93001;-123.93000793457031
2;81.44504;-79.44503784179688
1;86.91991;-85.91990661621094
0;51.25359;-51.25358963012695
102;44.150364;57.84963607788086
101;53.351875;47.64812469482422
100;55.634914;44.36508560180664
99;47.075405;51.92459487915039
98;46.64387;51.35612869262695
97;52.546024;44.453975677490234
96;49.094578;46.90542221069336
95;45.835354;49.16464614868164
94;49.48214;44.517860412597656
93;55.14681;37.85319137573242
92;51.030624;40.96937561035156
91;56.88966;34.1103401184082
90;47.128674;42.8713264465332
89;44.132313;44.8676872253418
88;48.782227;39.2177734375
87;43.425148;43.574851989746094
86;45.622604;40.37739562988281
85;43.84094;41.159061431884766
84;61.78767;22.212329864501953
83;54.07808;28.921920776367188
82;62.47735;19.52265167236328
81;58.25507;22.744930267333984
80;56.801815;23.198184967041016
79;45.5768;33.42319869995117
78;46.736225;31.263774871826172
77;53.278477;23.72152328491211
76;54.530033;21.469966888427734
75;41.34318;33.65681838989258
74;45.8121;28.18790054321289
73;44.74601;28.253990173339844
72;47.351177;24.648822784423828
71;47.87672;23.123279571533203
70;62.377308;7.622692108154297
69;50.480682;18.519317626953125
68;42.6909;25.309101104736328
67;46.410667;20.589332580566406
66;46.41779;19.582210540771484
65;56.630474;8.369525909423828
64;43.235775;20.764225006103516
63;43.480114;19.519886016845703
62;49.894455;12.105545043945312
61;45.05897;15.941028594970703
60;43.53747;16.462528228759766
59;38.652637;20.347362518310547
58;68.66019;-10.660186767578125
57;63.55618;-6.556179046630859
56;48.524906;7.475093841552734
55;51.874504;3.1254959106445312
54;60.561398;-6.561397552490234
53;61.824863;-8.82486343383789
52;69.07353;-17.073532104492188
51;79.02455;-28.024551391601562
50;65.265274;-15.265274047851562
49;70.778305;-21.778305053710938
48;44.224205;3.7757949829101562
47;37.62914;9.370861053466797
46;62.43044;-16.430438995361328
45;46.89123;-1.8912315368652344
44;50.41154;-6.411540985107422
43;77.18838;-34.188377380371094
42;60.41933;-18.419330596923828
41;54.323368;-13.323368072509766
40;57.99199;-17.991989135742188
39;44.3372;-5.337200164794922
38;40.780415;-2.780414581298828
37;39.37576;-2.3757591247558594
36;41.903835;-5.903835296630859
35;52.425972;-17.42597198486328
34;42.3123;-8.312301635742188
33;40.65344;-7.653438568115234
32;49.72995;-17.729949951171875
31;39.46596;-8.465961456298828
30;39.480854;-9.480854034423828
29;45.137794;-16.137794494628906
28;45.5947;-17.59469985961914
27;53.044838;-26.044837951660156
26;47.25946;-21.25946044921875
25;59.73701;-34.73701095581055
24;55.24973;-31.24972915649414
23;43.643826;-20.64382553100586
22;41.20293;-19.202930450439453
21;37.143414;-16.143413543701172
20;40.98974;-20.98973846435547
19;38.134617;-19.13461685180664
18;40.900745;-22.900745391845703
17;50.182487;-33.18248748779297
16;46.785934;-30.785934448242188
15;47.59783;-32.59783172607422
14;42.59222;-28.592220306396484
13;35.29862;-22.29861831665039
12;39.75198;-27.75197982788086
11;39.389847;-28.389846801757812
10;37.395092;-27.395092010498047
9;38.828613;-29.82861328125
8;47.225876;-39.22587585449219
7;39.058857;-32.05885696411133
6;36.249855;-30.249855041503906
5;44.892315;-39.89231491088867
4;59.440334;-55.44033432006836
3;43.572643;-40.5726432800293
2;40.70506;-38.70505905151367
1;44.704823;-43.7048225402832
0;43.795315;-43.79531478881836
99;53.912907;45.087093353271484
98;61.447647;36.55235290527344
97;73.814;23.185997009277344
96;76.193245;19.80675506591797
95;71.83668;23.16332244873047
94;73.68326;20.316741943359375
93;79.67841;13.321586608886719
92;74.414444;17.585556030273438
91;80.84625;10.15374755859375
90;87.10684;2.893157958984375
89;88.173325;0.8266754150390625
88;72.791916;15.208084106445312
87;89.04587;-2.045867919921875
86;61.79502;24.204978942871094
85;64.00771;20.992286682128906
84;55.618557;28.38144302368164
83;58.58506;24.414939880371094
82;58.28564;23.714359283447266
81;54.52674;26.47325897216797
80;46.515568;33.484432220458984
79;43.14239;35.857608795166016
78;43.633064;34.36693572998047
77;41.582508;35.4174919128418
76;47.228603;28.77139663696289
75;35.852577;39.147422790527344
74;41.676792;32.32320785522461
73;41.511246;31.488754272460938
72;42.37663;29.623371124267578
71;45.617245;25.382755279541016
70;48.161488;21.838512420654297
69;45.76343;23.236568450927734
68;60.089424;7.910575866699219
67;52.833626;14.166374206542969
66;52.27855;13.721450805664062
65;43.257236;21.74276351928711
64;41.925938;22.07406234741211
63;38.07707;24.922931671142578
62;50.793846;11.206153869628906
61;68.96484;-7.96484375
60;57.00011;2.999889373779297
59;53.40785;5.592151641845703
58;56.85969;1.1403083801269531
57;61.47677;-4.476768493652344
56;71.03154;-15.031539916992188
55;54.9147;0.08530044555664062
54;62.991272;-8.99127197265625
53;76.46589;-23.46588897705078
52;49.008053;2.9919471740722656
51;57.41438;-6.414379119873047
50;72.96167;-22.961669921875
49;49.32064;-0.32064056396484375
48;59.08077;-11.080768585205078
47;87.75483;-40.75482940673828
46;73.81302;-27.813018798828125
45;62.873714;-17.873714447021484
44;61.58131;-17.581310272216797
43;50.354027;-7.354026794433594
42;52.474827;-10.47482681274414
41;45.381664;-4.381664276123047
40;41.286617;-1.2866172790527344
39;40.049416;-1.0494155883789062
38;40.912685;-2.9126853942871094
37;43.69098;-6.69097900390625
36;39.558064;-3.558063507080078
35;40.023823;-5.023822784423828
34;41.565083;-7.565082550048828
33;34.214615;-1.2146148681640625
32;36.631763;-4.631763458251953
31;43.737724;-12.737724304199219
30;43.40628;-13.406280517578125
29;48.399498;-19.399497985839844
28;40.57835;-12.578350067138672
27;43.279224;-16.279224395751953
26;46.890957;-20.89095687866211
25;48.79035;-23.79035186767578
24;53.09486;-29.094860076904297
23;48.33797;-25.337970733642578
22;59.593838;-37.59383773803711
21;44.67906;-23.679061889648438
20;94.83829;-74.83828735351562
19;76.83109;-57.831092834472656
18;81.45598;-63.45597839355469
17;105.15234;-88.15234375
16;78.90248;-62.90248107910156
15;58.67877;-43.678768157958984
14;66.71658;-52.716583251953125
13;57.37098;-44.37097930908203
12;56.28408;-44.284080505371094
11;53.934086;-42.934085845947266
10;68.77144;-58.77143859863281
9;74.325836;-65.32583618164062
8;62.922558;-54.92255783081055
7;71.86296;-64.86296081542969
6;61.665455;-55.66545486450195
5;51.641422;-46.641422271728516
4;51.02254;-47.02254104614258
3;50.476547;-47.47654724121094
2;50.70079;-48.70079040527344
1;44.16682;-43.16682052612305
0;41.58176;-41.58176040649414
99;52.17468;46.825321197509766
98;48.32255;49.67744827270508
97;64.230255;32.769744873046875
96;60.158794;35.84120559692383
95;65.79045;29.209548950195312
94;61.73326;32.26673889160156
93;58.537518;34.46248245239258
92;51.963734;40.0362663269043
91;58.345783;32.65421676635742
90;58.452553;31.547447204589844
89;62.93442;26.06557846069336
88;70.45834;17.541656494140625
87;83.58894;3.4110565185546875
86;56.27036;29.72964096069336
85;64.63309;20.366912841796875
84;64.20934;19.79065704345703
83;69.631;13.369003295898438
82;52.717777;29.282222747802734
81;50.82084;30.179161071777344
80;53.821423;26.178577423095703
79;63.0013;15.998699188232422
78;46.54667;31.453330993652344
77;47.348827;29.651172637939453
76;61.492542;14.507457733154297
75;46.468014;28.531986236572266
74;47.18562;26.814380645751953
73;50.782204;22.217796325683594
72;43.30507;28.694931030273438
71;46.380306;24.619693756103516
70;46.498123;23.501876831054688
69;48.14581;20.854190826416016
68;51.645927;16.35407257080078
67;48.50974;18.49026107788086
66;52.316128;13.68387222290039
65;72.50156;-7.501556396484375
64;57.331593;6.668407440185547
63;55.083256;7.916744232177734
62;61.49245;0.5075492858886719
61;96.54984;-35.549842834472656
60;59.588352;0.4116477966308594
59;58.017986;0.9820137023925781
58;62.15575;-4.155750274658203
57;61.540997;-4.540996551513672
56;57.645668;-1.6456680297851562
55;50.091167;4.908832550048828
54;61.635586;-7.635585784912109
53;48.571583;4.428417205810547
52;51.00146;0.9985389709472656
51;54.065;-3.0649986267089844
50;48.33231;1.6676902770996094
49;50.20647;-1.2064704895019531
48;51.3099;-3.3098983764648438
47;41.70205;5.297950744628906
46;39.669426;6.330574035644531
45;46.267002;-1.2670021057128906
44;41.910343;2.0896568298339844
43;46.38196;-3.3819618225097656
42;35.63235;6.367649078369141
41;37.800785;3.1992149353027344
40;36.72794;3.2720603942871094
39;35.880226;3.1197738647460938
38;36.86938;1.1306190490722656
37;37.15101;-0.15100860595703125
36;38.379246;-2.3792457580566406
35;44.18362;-9.18362045288086
34;46.035896;-12.035896301269531
33;35.86759;-2.8675918579101562
32;44.347755;-12.347755432128906
31;37.848457;-6.848457336425781
30;55.829876;-25.829875946044922
29;38.985508;-9.98550796508789
28;40.37622;-12.376220703125
27;43.72041;-16.720409393310547
26;36.993244;-10.993244171142578
25;39.814762;-14.814762115478516
24;38.94826;-14.948261260986328
23;40.04849;-17.04848861694336
22;43.130978;-21.130977630615234
21;47.181057;-26.18105697631836
20;42.79367;-22.793670654296875
19;47.35712;-28.357120513916016
18;46.900387;-28.900386810302734
17;42.248962;-25.24896240234375
16;44.823116;-28.823116302490234
15;61.479637;-46.479637145996094
14;45.417057;-31.417057037353516
13;39.32061;-26.32061004638672
12;45.006054;-33.00605392456055
11;46.62232;-35.622318267822266
10;50.60262;-40.60261917114258
9;52.45738;-43.45737838745117
8;47.642902;-39.64290237426758
7;48.351345;-41.35134506225586
6;43.681473;-37.68147277832031
5;48.065998;-43.06599807739258
4;45.482372;-41.48237228393555
3;44.167454;-41.16745376586914
2;54.909184;-52.909183502197266
1;62.998493;-61.99849319458008
0;62.842052;-62.8420524597168
99;80.4374;18.562599182128906
98;75.15715;22.842849731445312
97;65.704666;31.295333862304688
96;86.12;9.879997253417969
95;76.448135;18.551864624023438
94;75.7383;18.261703491210938
93;72.52833;20.47167205810547
92;56.79518;35.20481872558594
91;67.31903;23.68096923828125
90;66.32939;23.670608520507812
89;63.80556;25.194438934326172
88;65.90439;22.095611572265625
87;53.335274;33.66472625732422
86;78.49669;7.5033111572265625
85;53.433754;31.566246032714844
84;61.908604;22.09139633178711
83;53.93318;29.066818237304688
82;59.57871;22.42129135131836
81;55.055225;25.944774627685547
80;48.879356;31.120643615722656
79;47.851807;31.148193359375
78;42.47103;35.528968811035156
77;40.946003;36.05399703979492
76;38.693172;37.306827545166016
75;39.605137;35.39486312866211
74;42.31223;31.68777084350586
73;42.274113;30.725887298583984
72;39.44391;32.55609130859375
71;47.193394;23.80660629272461
70;39.23699;30.76300811767578
69;42.571392;26.428607940673828
68;52.25126;15.748741149902344
67;44.73183;22.268169403076172
66;43.94254;22.05746078491211
65;40.51107;24.488929748535156
64;41.659073;22.340927124023438
63;47.763573;15.236427307128906
62;49.222034;12.777965545654297
61;42.239887;18.760112762451172
60;46.5247;13.475299835205078
59;45.825672;13.174327850341797
58;42.33664;15.663360595703125
57;44.236652;12.763347625732422
56;48.918835;7.081165313720703
55;48.20806;6.791938781738281
54;40.287975;13.712024688720703
53;42.31943;10.68056869506836
52;37.342537;14.657463073730469
51;40.36484;10.63515853881836
50;38.719727;11.2802734375
49;41.079403;7.920597076416016
48;46.302753;1.6972465515136719
47;40.799522;6.200477600097656
46;38.63862;7.361381530761719
45;47.49239;-2.492389678955078
44;47.56844;-3.568439483642578
43;48.43742;-5.437419891357422
42;44.9825;-2.9824981689453125
41;39.419613;1.5803871154785156
40;44.10027;-4.100269317626953
39;41.427616;-2.4276161193847656
38;44.18933;-6.1893310546875
37;47.890137;-10.89013671875
36;45.343327;-9.343326568603516
35;47.45709;-12.457088470458984
34;46.60986;-12.609859466552734
33;49.32294;-16.322940826416016
32;58.360775;-26.360774993896484
31;55.432644;-24.43264389038086
30;60.8314;-30.831401824951172
29;51.412457;-22.412456512451172
28;44.88126;-16.88125991821289
27;42.766243;-15.766242980957031
26;40.602116;-14.602115631103516
25;37.053402;-12.053401947021484
24;38.254314;-14.254314422607422
23;39.087627;-16.087627410888672
22;33.480324;-11.480323791503906
21;41.107117;-20.10711669921875
20;42.917145;-22.917144775390625
19;44.5059;-25.505901336669922
18;62.839413;-44.839412689208984
17;47.773754;-30.773754119873047
16;47.336803;-31.336803436279297
15;47.916233;-32.91623306274414
14;39.965252;-25.965251922607422
13;41.940716;-28.940715789794922
12;36.18461;-24.184608459472656
11;40.58787;-29.587871551513672
10;39.0003;-29.000301361083984
9;51.676968;-42.67696762084961
8;44.992725;-36.99272537231445
7;46.36152;-39.36151885986328
6;40.431236;-34.431236267089844
5;70.99388;-65.99388122558594
4;86.45598;-82.45597839355469
3;52.851246;-49.85124588012695
2;49.416264;-47.416263580322266
1;62.583683;-61.583683013916016
0;66.55136;-66.55136108398438
77;82.33375;-5.333747863769531
76;53.68744;22.31256103515625
75;50.01748;24.982521057128906
74;63.95119;10.048809051513672
73;59.2282;13.771800994873047
72;88.29142;-16.291419982910156
71;65.00755;5.9924468994140625
70;80.198654;-10.198654174804688
69;64.822426;4.177574157714844
68;63.401154;4.598846435546875
67;63.490173;3.50982666015625
66;61.448006;4.551994323730469
65;64.90308;0.09691619873046875
64;71.36404;-7.364036560058594
63;57.236683;5.763317108154297
62;50.517296;11.482704162597656
61;50.80789;10.192108154296875
60;49.19526;10.804740905761719
59;51.783943;7.216056823730469
58;45.645138;12.354862213134766
57;38.77302;18.226978302001953
56;44.598797;11.401203155517578
55;39.375523;15.62447738647461
54;38.162945;15.837055206298828
53;40.413353;12.586647033691406
52;33.958546;18.041454315185547
51;40.558815;10.441184997558594
50;39.355213;10.644786834716797
49;41.002323;7.997676849365234
48;42.47731;5.5226898193359375
47;34.4829;12.517101287841797
46;33.42999;12.570011138916016
45;39.40501;5.594989776611328
44;35.20561;8.794391632080078
43;33.3662;9.633800506591797
42;37.03898;4.961021423339844
41;39.142727;1.8572731018066406
40;41.436142;-1.4361419677734375
39;37.631355;1.3686447143554688
38;42.26363;-4.263629913330078
37;39.603367;-2.6033668518066406
36;40.737637;-4.737636566162109
35;39.244778;-4.244777679443359
34;41.594387;-7.594387054443359
33;35.65122;-2.6512184143066406
32;41.73412;-9.734119415283203
31;42.50662;-11.50661849975586
30;38.07816;-8.07815933227539
29;31.604063;-2.604063034057617
28;37.705936;-9.705936431884766
27;36.712444;-9.712444305419922
26;40.114086;-14.114086151123047
25;34.606934;-9.60693359375
24;37.138382;-13.138381958007812
23;44.51652;-21.516521453857422
22;42.711056;-20.711055755615234
21;47.49979;-26.49979019165039
20;51.30933;-31.309329986572266
19;54.825436;-35.825435638427734
18;39.676056;-21.676055908203125
17;52.630943;-35.630943298339844
16;52.2134;-36.213401794433594
15;50.465984;-35.46598434448242
14;57.770245;-43.77024459838867
13;42.232075;-29.232074737548828
12;40.184437;-28.184436798095703
11;49.570568;-38.5705680847168
10;53.267185;-43.26718521118164
9;49.330853;-40.33085250854492
8;45.126728;-37.12672805786133
7;52.94224;-45.94224166870117
6;47.738598;-41.73859786987305
5;40.392574;-35.392574310302734
4;52.694584;-48.694583892822266
3;54.89903;-51.89902877807617
2;44.296177;-42.29617691040039
1;51.376377;-50.37637710571289
0;46.592205;-46.59220504760742
103;45.454193;57.545806884765625
102;39.26382;62.73617935180664
101;39.18687;61.81312942504883
100;50.256172;49.74382781982422
99;57.834766;41.16523361206055
98;59.072803;38.92719650268555
97;50.911697;46.08830261230469
96;41.339314;54.66068649291992
95;44.667404;50.33259582519531
94;57.195477;36.80452346801758
93;54.368645;38.63135528564453
92;50.21404;41.78596115112305
91;52.52479;38.4752082824707
90;54.324326;35.67567443847656
89;54.89634;34.103660583496094
88;51.85835;36.14165115356445
87;45.41674;41.58325958251953
86;46.83784;39.16215896606445
85;45.342896;39.6571044921875
84;38.00314;45.99686050415039
83;40.644733;42.35526657104492
82;48.05266;33.94733810424805
81;38.834766;42.16523361206055
80;36.64684;43.3531608581543
79;42.985615;36.01438522338867
78;39.15063;38.849369049072266
77;48.217037;28.782962799072266
76;50.151;25.8489990234375
75;42.125553;32.874446868896484
74;47.294567;26.705432891845703
73;38.79588;34.20412063598633
72;57.402184;14.597816467285156
71;52.024773;18.97522735595703
70;48.54278;21.457218170166016
69;52.856056;16.143943786621094
68;43.366123;24.63387680053711
67;52.849323;14.150676727294922
66;63.85991;2.1400909423828125
65;72.51572;-7.515716552734375
64;64.26848;-0.2684783935546875
63;73.31015;-10.310150146484375
62;71.01016;-9.010162353515625
61;68.06642;-7.0664215087890625
60;63.559425;-3.5594253540039062
59;75.128006;-16.128005981445312
58;70.33287;-12.332870483398438
57;61.80606;-4.806060791015625
56;89.73178;-33.731781005859375
55;58.235077;-3.235076904296875
54;75.33534;-21.335342407226562
53;73.35391;-20.353912353515625
52;53.954178;-1.9541778564453125
51;57.300385;-6.300384521484375
50;54.05492;-4.054920196533203
49;62.261692;-13.26169204711914
48;88.34623;-40.346229553222656
47;62.706024;-15.706024169921875
46;64.59665;-18.596649169921875
45;71.41002;-26.410018920898438
44;55.91554;-11.915538787841797
43;60.71692;-17.7169189453125
42;51.82827;-9.828269958496094
41;67.14903;-26.149032592773438
40;84.210045;-44.210044860839844
39;60.04541;-21.04541015625
38;57.948265;-19.948265075683594
37;56.511726;-19.51172637939453
36;52.8522;-16.85219955444336
35;42.977985;-7.977985382080078
34;54.272297;-20.272296905517578
33;45.109215;-12.109214782714844
32;43.103218;-11.103218078613281
31;43.72227;-12.722270965576172
30;48.774025;-18.774024963378906
29;55.000137;-26.000137329101562
28;43.39442;-15.394420623779297
27;45.539333;-18.53933334350586
26;46.85246;-20.852458953857422
25;48.021626;-23.021625518798828
24;44.587196;-20.587196350097656
23;41.494495;-18.494495391845703
22;44.14326;-22.143260955810547
21;50.36986;-29.369861602783203
20;42.4388;-22.438800811767578
19;48.784573;-29.78457260131836
18;47.973614;-29.973613739013672
17;43.04192;-26.041919708251953
16;44.873035;-28.873035430908203
15;39.813435;-24.813434600830078
14;52.45212;-38.45212173461914
13;47.003845;-34.00384521484375
12;40.693012;-28.693012237548828
11;39.965748;-28.965747833251953
10;51.89198;-41.8919792175293
9;36.284172;-27.28417205810547
8;52.1813;-44.18130111694336
7;47.04214;-40.04214096069336
6;42.683643;-36.68364334106445
5;47.596767;-42.59676742553711
4;47.718296;-43.71829605102539
3;45.681477;-42.68147659301758
2;45.070747;-43.07074737548828
1;66.74182;-65.7418212890625
0;61.884174;-61.88417434692383
99;54.949192;44.05080795288086
98;91.6845;6.315498352050781
97;68.62266;28.377342224121094
96;75.23462;20.765380859375
95;81.56815;13.431846618652344
94;65.48884;28.51116180419922
93;52.82285;40.17715072631836
92;76.67357;15.326431274414062
91;79.02595;11.974052429199219
90;76.50711;13.492889404296875
89;74.08882;14.911178588867188
88;82.88472;5.1152801513671875
87;69.92771;17.072288513183594
86;51.567257;34.432743072509766
85;55.76344;29.236560821533203
84;48.628124;35.37187576293945
83;49.453392;33.546607971191406
82;49.783703;32.2162971496582
81;52.224304;28.77569580078125
80;58.7861;21.21390151977539
79;61.109104;17.89089584350586
78;54.78803;23.211971282958984
77;44.698826;32.30117416381836
76;42.87025;33.1297492980957
75;50.039608;24.960391998291016
74;43.856647;30.143352508544922
73;47.92049;25.079509735107422
72;45.77577;26.224231719970703
71;38.44578;32.55421829223633
70;47.836605;22.163394927978516
69;41.832706;27.167293548583984
68;42.93256;25.067440032958984
67;48.64589;18.354110717773438
66;40.061718;25.938282012939453
65;45.955276;19.044723510742188
64;52.34009;11.659908294677734
63;69.81777;-6.817771911621094
62;74.80231;-12.80230712890625
61;78.66168;-17.66168212890625
60;65.26566;-5.265663146972656
59;69.00073;-10.000732421875
58;81.56823;-23.56822967529297
57;92.19981;-35.199806213378906
56;65.537964;-9.5379638671875
55;63.77351;-8.773509979248047
54;64.58914;-10.589141845703125
53;53.71233;-0.7123298645019531
52;53.295998;-1.2959976196289062
51;57.881817;-6.881816864013672
50;55.243877;-5.243877410888672
49;55.687576;-6.6875762939453125
48;47.251286;0.7487144470214844
47;49.788807;-2.788806915283203
46;51.579052;-5.579051971435547
45;44.079323;0.9206771850585938
44;45.793762;-1.79376220703125
43;50.01087;-7.010871887207031
42;44.165848;-2.1658477783203125
41;52.31039;-11.31039047241211
40;44.595016;-4.5950164794921875
39;51.03632;-12.036319732666016
38;48.431316;-10.431316375732422
37;41.998898;-4.998897552490234
36;41.13796;-5.137958526611328
35;48.67538;-13.67538070678711
34;38.24602;-4.246021270751953
33;44.1364;-11.136398315429688
32;43.70467;-11.704669952392578
31;46.16061;-15.16061019897461
30;48.135254;-18.13525390625
29;45.62571;-16.625709533691406
28;43.161777;-15.16177749633789
27;59.594692;-32.59469223022461
26;63.674934;-37.67493438720703
25;47.990547;-22.99054718017578
24;41.639713;-17.639713287353516
23;48.225674;-25.22567367553711
22;41.04076;-19.040760040283203
21;37.615505;-16.61550521850586
20;42.30988;-22.309879302978516
19;37.059483;-18.05948257446289
18;44.841537;-26.841537475585938
17;37.159233;-20.15923309326172
16;48.379627;-32.3796272277832
15;47.570656;-32.570655822753906
14;38.77017;-24.77016830444336
13;42.84282;-29.842819213867188
12;39.8589;-27.858898162841797
11;34.189022;-23.189022064208984
10;37.28293;-27.282928466796875
9;33.223557;-24.223556518554688
8;33.37789;-25.377891540527344
7;43.5655;-36.56549835205078
6;36.636044;-30.636043548583984
5;41.66968;-36.669681549072266
4;44.134975;-40.13497543334961
3;41.550625;-38.55062484741211
2;38.708874;-36.7088737487793
1;39.801937;-38.801937103271484
0;46.785572;-46.78557205200195
99;43.01946;55.98054122924805
98;62.561947;35.438053131103516
97;62.751953;34.248046875
96;59.486397;36.51360321044922
95;46.468777;48.53122329711914
94;55.208267;38.79173278808594
93;75.83412;17.165878295898438
92;48.73855;43.261451721191406
91;54.551563;36.44843673706055
90;56.815395;33.18460464477539
89;53.174114;35.82588577270508
88;57.135464;30.86453628540039
87;62.310173;24.68982696533203
86;45.305077;40.694923400878906
85;50.60237;34.39762878417969
84;47.634315;36.365684509277344
83;55.051723;27.94827651977539
82;47.173855;34.82614517211914
81;52.0572;28.942798614501953
80;51.02759;28.972408294677734
79;50.31318;28.68682098388672
78;46.800137;31.19986343383789
77;51.6556;25.344398498535156
76;47.453655;28.546344757080078
75;44.649807;30.35019302368164
74;47.30335;26.696651458740234
73;47.657585;25.34241485595703
72;49.402325;22.597675323486328
71;43.91683;27.083171844482422
70;43.548264;26.451736450195312
69;46.28642;22.713581085205078
68;54.565327;13.434673309326172
67;48.453526;18.54647445678711
66;54.226704;11.773296356201172
65;51.80489;13.195110321044922
64;45.124958;18.875041961669922
63;41.707096;21.292903900146484
62;45.59189;16.408111572265625
61;46.80818;14.191818237304688
60;53.79098;6.209018707275391
59;43.1259;15.874099731445312
58;46.137875;11.862125396728516
57;48.833355;8.166645050048828
56;39.574623;16.425376892089844
55;47.678894;7.32110595703125
54;46.054012;7.945987701416016
53;45.804295;7.195705413818359
52;44.41068;7.589321136474609
51;44.505;6.494998931884766
50;50.580154;-0.5801544189453125
49;49.363636;-0.3636360168457031
48;48.16656;-0.16656112670898438
47;51.295937;-4.295936584472656
46;36.822166;9.177833557128906
45;43.039967;1.9600334167480469
44;43.979675;0.02032470703125
43;40.95664;2.0433616638183594
42;49.59176;-7.591758728027344
41;48.797535;-7.797534942626953
40;60.324665;-20.324665069580078
39;56.41519;-17.415191650390625
38;52.983463;-14.983463287353516
37;50.80102;-13.801021575927734
36;49.64395;-13.643951416015625
35;61.47952;-26.47951889038086
34;76.93345;-42.933448791503906
33;89.126236;-56.12623596191406
32;65.27617;-33.27616882324219
31;66.86978;-35.869781494140625
30;52.67594;-22.675941467285156
29;66.53857;-37.53856658935547
28;50.677086;-22.677085876464844
27;67.5703;-40.57029724121094
26;87.261734;-61.26173400878906
25;97.03321;-72.03321075439453
24;65.059;-41.058998107910156
23;74.5929;-51.59290313720703
22;58.310116;-36.310115814208984
21;56.22677;-35.226768493652344
20;68.861664;-48.861663818359375
19;44.825466;-25.82546615600586
18;57.695583;-39.69558334350586
17;65.293884;-48.29388427734375
16;66.65433;-50.654327392578125
15;50.758343;-35.75834274291992
14;51.099365;-37.099365234375
13;50.82984;-37.82984161376953
12;46.67774;-34.677738189697266
11;39.445827;-28.44582748413086
10;43.138496;-33.13849639892578
9;36.009;-27.00899887084961
8;38.89662;-30.896621704101562
7;45.64877;-38.64876937866211
6;45.57712;-39.57712173461914
5;52.34529;-47.34529113769531
4;58.156937;-54.15693664550781
3;45.2905;-42.29050064086914
2;51.98219;-49.9821891784668
1;46.95125;-45.95124816894531
0;49.13755;-49.137550354003906
99;47.643078;51.3569221496582
98;58.0155;39.984500885009766
97;52.61289;44.38711166381836
96;63.45861;32.54138946533203
95;59.0286;35.97140121459961
94;66.2979;27.702102661132812
93;55.723373;37.27662658691406
92;60.88017;31.119831085205078
91;70.08165;20.918350219726562
90;63.14613;26.853870391845703
89;67.23741;21.762588500976562
88;68.75822;19.241783142089844
87;50.331028;36.66897201538086
86;49.039715;36.96028518676758
85;46.780727;38.21927261352539
84;46.2646;37.73540115356445
83;49.741318;33.25868225097656
82;52.368076;29.63192367553711
81;42.984287;38.01571273803711
80;37.73029;42.269710540771484
79;42.64936;36.35063934326172
78;37.375214;40.624786376953125
77;36.659267;40.34073257446289
76;44.77657;31.223430633544922
75;43.733807;31.266193389892578
74;35.93391;38.06608963012695
73;32.901295;40.09870529174805
72;34.47907;37.520931243896484
71;41.019978;29.980022430419922
70;34.814075;35.1859245300293
69;47.315647;21.68435287475586
68;52.522793;15.47720718383789
67;52.05742;14.942581176757812
66;53.118484;12.881515502929688
65;55.410946;9.589054107666016
64;47.719418;16.280582427978516
63;60.697212;2.3027877807617188
62;82.75691;-20.756912231445312
61;51.504055;9.49594497680664
60;65.36696;-5.3669586181640625
59;73.68025;-14.680252075195312
58;59.070698;-1.0706977844238281
57;60.4847;-3.484699249267578
56;52.405014;3.5949859619140625
55;63.047123;-8.047122955322266
54;50.831066;3.168933868408203
53;43.51682;9.48318099975586
52;55.376987;-3.3769874572753906
51;51.93385;-0.9338493347167969
50;47.121826;2.878173828125
49;46.764484;2.235515594482422
48;57.284412;-9.284412384033203
47;59.66918;-12.669181823730469
46;44.443035;1.5569648742675781
45;61.346226;-16.34622573852539
44;61.784904;-17.78490447998047
43;57.062607;-14.062606811523438
42;55.75222;-13.752220153808594
41;43.930347;-2.930347442626953
40;46.31331;-6.3133087158203125
39;52.766273;-13.766273498535156
38;51.709206;-13.709205627441406
37;54.076588;-17.076587677001953
36;54.62254;-18.622539520263672
35;45.154484;-10.154483795166016
34;43.478046;-9.478046417236328
33;49.55384;-16.55384063720703
32;51.637127;-19.637126922607422
31;41.05877;-10.058769226074219
30;46.081814;-16.08181381225586
29;67.39089;-38.390892028808594
28;66.097;-38.09700012207031
27;46.980465;-19.980464935302734
26;42.600704;-16.600704193115234
25;40.951748;-15.95174789428711
24;42.761738;-18.761737823486328
23;38.868908;-15.868907928466797
22;56.527546;-34.52754592895508
21;58.35776;-37.35776138305664
20;51.903786;-31.903785705566406
19;46.495586;-27.495586395263672
18;48.369427;-30.369426727294922
17;64.81494;-47.81494140625
16;46.524593;-30.524593353271484
15;69.45352;-54.453521728515625
14;77.648476;-63.648475646972656
13;67.58746;-54.58746337890625
12;49.682346;-37.68234634399414
11;43.214752;-32.214752197265625
10;44.804615;-34.80461502075195
9;51.980545;-42.98054504394531
8;49.94325;-41.9432487487793
7;73.85396;-66.85395812988281
6;54.88038;-48.88037872314453
5;84.09628;-79.09628295898438
4;47.15243;-43.15243148803711
3;48.699917;-45.69991683959961
2;53.655155;-51.655155181884766
1;53.703793;-52.703792572021484
0;44.1887;-44.18870162963867
76;41.455105;34.54489517211914
75;51.1965;23.80350112915039
74;62.10083;11.899169921875
73;85.90337;-12.903373718261719
72;72.193924;-0.1939239501953125
71;69.623146;1.3768539428710938
70;71.25348;-1.25347900390625
69;62.7256;6.2743988037109375
68;74.256775;-6.25677490234375
67;55.403816;11.596183776855469
66;64.41742;1.58258056640625
65;79.99032;-14.990318298339844
64;59.156887;4.843112945556641
63;54.087364;8.912635803222656
62;53.432396;8.567604064941406
61;45.895428;15.104572296142578
60;59.90077;0.09923171997070312
59;61.33021;-2.330211639404297
58;54.988495;3.011505126953125
57;49.29032;7.709678649902344
56;54.747715;1.2522850036621094
55;49.903862;5.096138000488281
54;55.889996;-1.8899955749511719
53;51.00691;1.9930915832519531
52;46.821255;5.178745269775391
51;44.29835;6.701648712158203
50;46.31399;3.6860084533691406
49;38.83614;10.163860321044922
48;44.50718;3.4928207397460938
47;43.388084;3.6119155883789062
46;42.650993;3.3490066528320312
45;46.066673;-1.0666732788085938
44;41.61032;2.389678955078125
43;43.843487;-0.8434867858886719
42;47.099754;-5.099754333496094
41;46.275623;-5.275623321533203
40;43.481876;-3.4818763732910156
39;51.190174;-12.190174102783203
38;38.47784;-0.4778404235839844
37;41.398666;-4.3986663818359375
36;44.190426;-8.190425872802734
35;37.40997;-2.4099693298339844
34;45.78274;-11.78274154663086
33;45.5216;-12.521598815917969
32;40.7779;-8.777900695800781
31;46.392365;-15.392364501953125
30;42.93272;-12.932720184326172
29;45.21749;-16.217491149902344
28;44.136517;-16.136516571044922
27;50.41976;-23.419761657714844
26;46.81371;-20.813709259033203
25;42.323547;-17.32354736328125
24;44.873848;-20.87384796142578
23;53.437878;-30.437877655029297
22;47.53737;-25.537368774414062
21;48.966;-27.965999603271484
20;49.81671;-29.81671142578125
19;56.846947;-37.846946716308594
18;59.015198;-41.01519775390625
17;49.121426;-32.12142562866211
16;53.26443;-37.26443099975586
15;47.25427;-32.254268646240234
14;39.38152;-25.381519317626953
13;39.633038;-26.633037567138672
12;39.168846;-27.168846130371094
11;37.498634;-26.498634338378906
10;49.17696;-39.17695999145508
9;46.46693;-37.4669303894043
8;41.20583;-33.20582962036133
7;49.34104;-42.341041564941406
6;46.60886;-40.60886001586914
5;44.03741;-39.037410736083984
4;43.58167;-39.581668853759766
3;41.038418;-38.03841781616211
2;44.25183;-42.2518310546875
1;44.516148;-43.51614761352539
0;44.701954;-44.70195388793945
44;53.453968;-9.453968048095703
43;66.644394;-23.644393920898438
42;65.246124;-23.246124267578125
41;66.12291;-25.122909545898438
40;66.63282;-26.63282012939453
39;66.20177;-27.201766967773438
38;65.847015;-27.847015380859375
37;82.58659;-45.58659362792969
36;81.603264;-45.60326385498047
35;78.74024;-43.74024200439453
34;73.565315;-39.56531524658203
33;58.69591;-25.695911407470703
32;58.46472;-26.4647216796875
31;67.26946;-36.26946258544922
30;73.162895;-43.16289520263672
29;49.74033;-20.74032974243164
28;53.257793;-25.257793426513672
27;51.86566;-24.86566162109375
26;50.104176;-24.104175567626953
25;48.85882;-23.858821868896484
24;57.206646;-33.20664596557617
23;57.468273;-34.4682731628418
22;47.271603;-25.271602630615234
21;49.354057;-28.35405731201172
20;56.554825;-36.55482482910156
19;50.560833;-31.560832977294922
18;51.29623;-33.29623031616211
17;49.26916;-32.269161224365234
16;50.5706;-34.57059860229492
15;69.43417;-54.434173583984375
14;62.052288;-48.05228805541992
13;62.689003;-49.689002990722656
12;65.273926;-53.27392578125
11;78.71042;-67.71041870117188
10;63.251717;-53.25171661376953
9;70.34822;-61.34822082519531
8;52.66859;-44.6685905456543
7;55.14744;-48.14744186401367
6;63.8307;-57.8306999206543
5;62.36054;-57.360538482666016
4;49.955086;-45.95508575439453
3;66.28143;-63.28143310546875
2;61.30267;-59.302669525146484
1;47.76419;-46.764190673828125
0;48.367603;-48.36760330200195
63;80.67784;-17.677841186523438
62;73.76191;-11.761909484863281
61;70.42617;-9.426170349121094
60;76.73084;-16.73084259033203
59;75.0443;-16.044296264648438
58;77.976425;-19.976425170898438
57;89.69494;-32.69493865966797
56;65.288025;-9.28802490234375
55;58.185143;-3.1851425170898438
54;81.87442;-27.874420166015625
53;84.23676;-31.23676300048828
52;92.14421;-40.14421081542969
51;79.4474;-28.447402954101562
50;80.96385;-30.963851928710938
49;76.01946;-27.01946258544922
48;64.77731;-16.777313232421875
47;66.21917;-19.21916961669922
46;63.557907;-17.557907104492188
45;59.37987;-14.379871368408203
44;57.714046;-13.714046478271484
43;55.0372;-12.037200927734375
42;50.99892;-8.998920440673828
41;55.87307;-14.873069763183594
40;66.075424;-26.075424194335938
39;64.024;-25.024002075195312
38;61.480114;-23.480113983154297
37;69.29709;-32.297088623046875
36;50.94812;-14.9481201171875
35;52.339664;-17.339664459228516
34;56.984203;-22.984203338623047
33;55.78973;-22.789730072021484
32;54.85817;-22.858169555664062
31;46.19016;-15.19015884399414
30;51.25412;-21.254119873046875
29;57.8283;-28.82830047607422
28;61.965305;-33.96530532836914
27;57.853905;-30.853904724121094
26;53.71962;-27.719619750976562
25;53.533432;-28.533432006835938
24;62.5582;-38.55820083618164
23;69.28657;-46.28656768798828
22;69.25177;-47.25177001953125
21;70.94663;-49.946632385253906
20;49.576534;-29.576534271240234
19;62.71723;-43.71723175048828
18;58.157234;-40.15723419189453
17;45.951195;-28.951194763183594
16;46.96504;-30.965038299560547
15;48.082005;-33.08200454711914
14;48.53339;-34.533390045166016
13;52.720524;-39.720523834228516
12;54.344463;-42.34446334838867
11;53.13837;-42.138370513916016
10;46.648376;-36.64837646484375
9;44.43058;-35.430580139160156
8;42.17285;-34.1728515625
7;42.354843;-35.35484313964844
6;42.10616;-36.10615921020508
5;42.088383;-37.088382720947266
4;44.31843;-40.31843185424805
3;41.699364;-38.699363708496094
2;40.132084;-38.132083892822266
1;46.227406;-45.2274055480957
0;45.733868;-45.73386764526367
63;69.94403;-6.94403076171875
62;59.375004;2.6249961853027344
61;65.66174;-4.6617431640625
60;58.97447;1.0255317687988281
59;71.01845;-12.018447875976562
58;68.2681;-10.268096923828125
57;78.69887;-21.698867797851562
56;70.317955;-14.317955017089844
55;71.20178;-16.2017822265625
54;83.090294;-29.090293884277344
53;61.9853;-8.985298156738281
52;82.943504;-30.943504333496094
51;75.566315;-24.566314697265625
50;69.74008;-19.740081787109375
49;59.42896;-10.428958892822266
48;55.962738;-7.962738037109375
47;71.831345;-24.831344604492188
46;71.67853;-25.67852783203125
45;55.06996;-10.069961547851562
44;60.939083;-16.939083099365234
43;75.64644;-32.64643859863281
42;67.322205;-25.32220458984375
41;52.00007;-11.000068664550781
40;55.73863;-15.738628387451172
39;51.648792;-12.648792266845703
38;47.925167;-9.925167083740234
37;55.689137;-18.689136505126953
36;52.36493;-16.36492919921875
35;46.04874;-11.04874038696289
34;59.521362;-25.5213623046875
33;57.174896;-24.174896240234375
32;57.81754;-25.81753921508789
31;54.496147;-23.49614715576172
30;53.131924;-23.13192367553711
29;57.075615;-28.07561492919922
28;54.1464;-26.146400451660156
27;46.228897;-19.228897094726562
26;45.609596;-19.609596252441406
25;50.254276;-25.254276275634766
24;56.25801;-32.25801086425781
23;44.750164;-21.750164031982422
22;66.90458;-44.904579162597656
21;39.448997;-18.448997497558594
20;37.94321;-17.94321060180664
19;49.446835;-30.446834564208984
18;50.317112;-32.31711196899414
17;50.23258;-33.23257827758789
16;41.541344;-25.541343688964844
15;40.752174;-25.752174377441406
14;39.298664;-25.298664093017578
13;44.348114;-31.348114013671875
12;41.60709;-29.60708999633789
11;51.573627;-40.57362747192383
10;46.41596;-36.415958404541016
9;53.495426;-44.495426177978516
8;44.29573;-36.29573059082031
7;49.919033;-42.91903305053711
6;47.446777;-41.44677734375
5;39.34313;-34.3431282043457
4;37.99515;-33.99515151977539
3;35.682335;-32.682334899902344
2;37.767677;-35.767677307128906
1;36.176685;-35.17668533325195
0;51.73096;-51.730960845947266
63;59.028824;3.9711761474609375
62;49.066044;12.933956146240234
61;73.88098;-12.8809814453125
60;63.1853;-3.1852989196777344
59;77.19888;-18.198883056640625
58;91.71588;-33.71588134765625
57;70.60426;-13.604263305664062
56;67.98497;-11.984970092773438
55;80.18086;-25.180862426757812
54;84.40615;-30.406150817871094
53;98.028595;-45.028594970703125
52;84.43918;-32.439178466796875
51;102.41871;-51.41870880126953
50;96.3606;-46.36060333251953
49;89.375;-40.375
48;63.705784;-15.70578384399414
47;77.33798;-30.337982177734375
46;75.64076;-29.640762329101562
45;87.05801;-42.058006286621094
44;73.290634;-29.290634155273438
43;67.90076;-24.9007568359375
42;81.48279;-39.4827880859375
41;80.93;-39.93000030517578
40;73.09985;-33.099853515625
39;68.54787;-29.547866821289062
38;51.76392;-13.763919830322266
37;54.794544;-17.794544219970703
36;48.42632;-12.426319122314453
35;51.25436;-16.25436019897461
34;68.66806;-34.668060302734375
33;68.53108;-35.53108215332031
32;54.689556;-22.689556121826172
31;68.90589;-37.90589141845703
30;64.72069;-34.72068786621094
29;58.47321;-29.473209381103516
28;58.800446;-30.800445556640625
27;55.475475;-28.475475311279297
26;55.18495;-29.184951782226562
25;56.708504;-31.70850372314453
24;59.493412;-35.493412017822266
23;54.929287;-31.92928695678711
22;48.726597;-26.72659683227539
21;53.997623;-32.997623443603516
20;67.554306;-47.55430603027344
19;61.64121;-42.64120864868164
18;61.204567;-43.204566955566406
17;51.217506;-34.217506408691406
16;54.94633;-38.94633102416992
15;55.777462;-40.777462005615234
14;54.87586;-40.875858306884766
13;53.6679;-40.66790008544922
12;42.47366;-30.47365951538086
11;45.19624;-34.19623947143555
10;52.197624;-42.19762420654297
9;55.090656;-46.09065628051758
8;62.099026;-54.09902572631836
7;51.972412;-44.972412109375
6;50.774536;-44.7745361328125
5;47.00426;-42.0042610168457
4;44.576633;-40.57663345336914
3;37.78198;-34.781978607177734
2;42.784397;-40.78439712524414
1;42.164803;-41.16480255126953
0;32.77029;-32.77029037475586
243;47.57945;195.42055130004883
242;63.8976;178.10240173339844
241;58.59995;182.40005111694336
240;57.304253;182.69574737548828
239;66.42642;172.57357788085938
238;73.81591;164.18408966064453
237;68.46521;168.5347900390625
236;57.037884;178.96211624145508
235;61.061573;173.93842697143555
234;81.867355;152.1326446533203
233;73.1574;159.84259796142578
232;100.72276;131.27723693847656
231;69.80296;161.19703674316406
230;81.581825;148.41817474365234
229;70.4535;158.54650115966797
228;68.92829;159.07170867919922
227;74.3551;152.6448974609375
226;54.802284;171.19771575927734
225;65.00795;159.99205017089844
224;54.640297;169.35970306396484
223;53.672874;169.3271255493164
222;52.30914;169.69086074829102
221;63.04761;157.95238876342773
220;50.258568;169.7414321899414
219;56.483875;162.5161247253418
218;46.026936;171.97306442260742
217;48.72228;168.2777214050293
216;42.60209;173.39791107177734
215;45.175014;169.8249855041504
214;44.209892;169.79010772705078
213;45.874252;167.12574768066406
212;50.666523;161.33347702026367
211;59.696766;151.3032341003418
210;59.431347;150.56865310668945
209;44.90256;164.09743881225586
208;43.54608;164.45391845703125
207;38.17321;168.82678985595703
206;49.582867;156.41713333129883
205;43.11343;161.88656997680664
204;43.92108;160.07891845703125
203;48.421535;154.57846450805664
202;43.996796;158.00320434570312
201;42.85621;158.14379119873047
200;48.721806;151.27819442749023
199;48.231426;150.76857376098633
198;43.101597;154.8984031677246
197;44.438885;152.56111526489258
196;47.616405;148.38359451293945
195;45.953075;149.04692459106445
194;45.851315;148.14868545532227
193;47.969173;145.03082656860352
192;48.14571;143.85429000854492
191;45.310043;145.68995666503906
190;40.63962;149.36037826538086
189;50.940006;138.05999374389648
188;49.2588;138.7411994934082
187;58.091644;128.90835571289062
186;55.12463;130.87537002563477
185;47.24094;137.75905990600586
184;45.461613;138.53838729858398
183;61.219868;121.78013229370117
182;60.516945;121.4830551147461
181;60.098988;120.9010124206543
180;55.228832;124.77116775512695
179;68.80016;110.19983673095703
178;80.07769;97.92230987548828
177;83.32904;93.67095947265625
176;52.227985;123.77201461791992
175;56.302544;118.69745635986328
174;50.285427;123.71457290649414
173;57.635258;115.36474227905273
172;74.34606;97.65393829345703
171;59.54364;111.45635986328125
170;78.79457;91.20542907714844
169;68.23149;100.76850891113281
168;48.15086;119.84914016723633
167;63.62228;103.37771987915039
166;59.589016;106.41098403930664
165;49.974392;115.02560806274414
164;107.998825;56.00117492675781
163;73.695724;89.30427551269531
162;49.465313;112.53468704223633
161;77.11267;83.8873291015625
160;45.2907;114.70930099487305
159;46.98504;112.01496124267578
158;39.52274;118.47726058959961
157;50.866703;106.13329696655273
156;46.789783;109.2102165222168
155;58.648663;96.35133743286133
154;60.102978;93.89702224731445
153;65.4799;87.52010345458984
152;66.195206;85.80479431152344
151;71.352066;79.64793395996094
150;56.81745;93.18254852294922
149;53.207817;95.79218292236328
148;102.87554;45.12445831298828
147;72.65427;74.34573364257812
146;64.7227;81.27729797363281
145;76.29465;68.70535278320312
144;55.54122;88.45877838134766
143;79.06505;63.93495178222656
142;89.34271;52.65728759765625
141;64.16135;76.83865356445312
140;78.88919;61.110809326171875
139;105.24933;33.75067138671875
138;82.10903;55.890968322753906
137;93.244064;43.75593566894531
136;78.67219;57.32781219482422
135;78.1028;56.89720153808594
134;66.2753;67.72470092773438
133;69.31209;63.68791198730469
132;81.34381;50.65618896484375
131;97.13155;33.868446350097656
130;106.64669;23.353309631347656
129;100.1309;28.869102478027344
128;80.06755;47.93244934082031
127;86.54547;40.45452880859375
126;87.38776;38.61224365234375
125;88.41401;36.58599090576172
124;67.08693;56.91307067871094
123;81.70747;41.29252624511719
122;59.70593;62.294071197509766
121;70.274025;50.725975036621094
120;70.41397;49.586029052734375
119;66.64094;52.35906219482422
118;69.56722;48.432777404785156
117;60.83032;56.169681549072266
116;57.883602;58.116397857666016
115;72.21564;42.78436279296875
114;84.67539;29.324607849121094
113;78.19792;34.80207824707031
112;87.26646;24.733543395996094
111;108.75567;2.2443313598632812
110;89.14343;20.8565673828125
109;87.58084;21.419158935546875
108;68.66785;39.3321533203125
107;103.72781;3.272186279296875
106;111.02146;-5.021461486816406
105;89.685715;15.314285278320312
104;86.31403;17.68596649169922
103;90.66289;12.337112426757812
102;85.29052;16.70948028564453
101;81.652885;19.34711456298828
100;80.15494;19.845062255859375
99;64.73792;34.26207733154297
98;73.81601;24.183990478515625
97;71.18827;25.811729431152344
96;48.75723;47.24277114868164
95;51.378696;43.62130355834961
94;54.17031;39.829689025878906
93;55.61142;37.388580322265625
92;34.749783;57.25021743774414
91;47.325356;43.674644470214844
90;61.377575;28.622425079345703
89;49.057034;39.94296646118164
88;38.879314;49.12068557739258
87;47.484924;39.51507568359375
86;75.80234;10.197662353515625
85;49.61462;35.385379791259766
84;78.06306;5.936943054199219
83;57.552708;25.44729232788086
82;51.399387;30.60061264038086
81;78.719635;2.280364990234375
80;66.99134;13.008659362792969
79;61.551163;17.448837280273438
78;39.21391;38.78609085083008
77;95.77679;-18.77678680419922
76;61.474216;14.52578353881836
75;58.469982;16.530017852783203
74;116.246796;-42.246795654296875
73;94.69027;-21.690269470214844
72;101.062;-29.061996459960938
71;85.045364;-14.045364379882812
70;95.361015;-25.36101531982422
69;60.17758;8.822418212890625
68;86.60643;-18.606430053710938
67;91.17359;-24.17359161376953
66;95.210976;-29.210975646972656
65;106.78343;-41.78343200683594
64;63.319965;0.6800346374511719
63;76.34375;-13.34375
62;80.593895;-18.593894958496094
61;60.037575;0.9624252319335938
60;69.54032;-9.540321350097656
59;77.95803;-18.958030700683594
58;76.11812;-18.118118286132812
57;54.701595;2.2984046936035156
56;77.75415;-21.754150390625
55;83.79759;-28.797592163085938
54;57.63975;-3.639751434326172
53;63.015392;-10.015392303466797
52;92.51314;-40.51313781738281
51;61.135807;-10.135807037353516
50;48.59875;1.4012489318847656
49;62.13895;-13.13895034790039
48;51.306164;-3.306163787841797
47;46.10921;0.8907890319824219
46;43.07499;2.9250106811523438
45;47.698425;-2.69842529296875
44;47.145588;-3.145587921142578
43;32.857647;10.142353057861328
42;45.6071;-3.6071014404296875
41;45.904003;-4.904003143310547
40;48.610165;-8.610164642333984
39;45.64001;-6.640010833740234
38;42.648922;-4.648921966552734
37;51.125385;-14.125385284423828
36;58.838634;-22.838634490966797
35;41.938126;-6.9381256103515625
34;54.724846;-20.72484588623047
33;53.760975;-20.760974884033203
32;46.961063;-14.961063385009766
31;39.445812;-8.445812225341797
30;40.16502;-10.165019989013672
29;59.1082;-30.108200073242188
28;51.768852;-23.76885223388672
27;58.317726;-31.317726135253906
26;59.627537;-33.62753677368164
25;49.019207;-24.019207000732422
24;49.643967;-25.643966674804688
23;43.64321;-20.643211364746094
22;43.540123;-21.540122985839844
21;38.58259;-17.58258819580078
20;47.888424;-27.888423919677734
19;39.567715;-20.56771469116211
18;37.877525;-19.877525329589844
17;37.185158;-20.185157775878906
16;37.609425;-21.609424591064453
15;36.328503;-21.328502655029297
14;44.93009;-30.930091857910156
13;41.045124;-28.045124053955078
12;44.848644;-32.8486442565918
11;55.02137;-44.02136993408203
10;39.26657;-29.266571044921875
9;37.237278;-28.23727798461914
8;36.2188;-28.218799591064453
7;30.996704;-23.9967041015625
6;37.216274;-31.21627426147461
5;48.910385;-43.91038513183594
4;45.191975;-41.19197463989258
3;48.25823;-45.25822830200195
2;42.741695;-40.741695404052734
1;49.947666;-48.94766616821289
0;54.25075;-54.25075149536133
32;48.9267;-16.926700592041016
31;48.286076;-17.286075592041016
30;52.023182;-22.023181915283203
29;64.20513;-35.20513153076172
28;57.355522;-29.35552215576172
27;62.255684;-35.25568389892578
26;56.229694;-30.229694366455078
25;51.46898;-26.468978881835938
24;54.44993;-30.449928283691406
23;48.785885;-25.785884857177734
22;51.29192;-29.291919708251953
21;41.587093;-20.587093353271484
20;44.506622;-24.506622314453125
19;42.15977;-23.159770965576172
18;57.61466;-39.61465835571289
17;58.294163;-41.29416275024414
16;52.243767;-36.24376678466797
15;50.189934;-35.18993377685547
14;53.65317;-39.65317153930664
13;49.138817;-36.138816833496094
12;44.882816;-32.882816314697266
11;57.322834;-46.32283401489258
10;61.251743;-51.25174331665039
9;49.024803;-40.024803161621094
8;49.515766;-41.51576614379883
7;43.80931;-36.80931091308594
6;41.909584;-35.909584045410156
5;40.894222;-35.894222259521484
4;53.864845;-49.864845275878906
3;51.147617;-48.14761734008789
2;49.782665;-47.78266525268555
1;40.62829;-39.62828826904297
0;46.589108;-46.589107513427734
51;47.921413;3.0785865783691406
50;64.34056;-14.340560913085938
49;65.2549;-16.254898071289062
48;61.612507;-13.612506866455078
47;80.75804;-33.75804138183594
46;95.84762;-49.847618103027344
45;82.95694;-37.956939697265625
44;81.076935;-37.076934814453125
43;91.0392;-48.03919982910156
42;79.929276;-37.92927551269531
41;76.082016;-35.08201599121094
40;64.52096;-24.520957946777344
39;68.62605;-29.626052856445312
38;51.588;-13.588001251220703
37;80.98275;-43.982749938964844
36;76.028625;-40.02862548828125
35;70.066124;-35.066123962402344
34;72.85474;-38.854736328125
33;79.12043;-46.12042999267578
32;59.51394;-27.513938903808594
31;57.91854;-26.918540954589844
30;54.002045;-24.002044677734375
29;65.96842;-36.968421936035156
28;62.76788;-34.767879486083984
27;71.89383;-44.893829345703125
26;68.44669;-42.446693420410156
25;62.34677;-37.346771240234375
24;53.707653;-29.707653045654297
23;57.318096;-34.31809616088867
22;59.97814;-37.97814178466797
21;51.68826;-30.68825912475586
20;54.628166;-34.62816619873047
19;44.65637;-25.656368255615234
18;50.76159;-32.76158905029297
17;50.93944;-33.9394416809082
16;42.20451;-26.204509735107422
15;48.345966;-33.34596633911133
14;57.716965;-43.71696472167969
13;48.606995;-35.60699462890625
12;49.48231;-37.4823112487793
11;58.768078;-47.7680778503418
10;56.47679;-46.47679138183594
9;69.51332;-60.51332092285156
8;77.82828;-69.82827758789062
7;88.159615;-81.15961456298828
6;72.97102;-66.97102355957031
5;76.55245;-71.55245208740234
4;63.28441;-59.28440856933594
3;63.929096;-60.92909622192383
2;48.154602;-46.15460205078125
1;61.900166;-60.90016555786133
0;50.508747;-50.50874710083008
51;71.42519;-20.425193786621094
50;68.58324;-18.583236694335938
49;65.03368;-16.03368377685547
48;59.162655;-11.162654876708984
47;67.256714;-20.2567138671875
46;73.40539;-27.40538787841797
45;83.036835;-38.036834716796875
44;69.7485;-25.748497009277344
43;79.102356;-36.10235595703125
42;84.81777;-42.817771911621094
41;77.805244;-36.80524444580078
40;75.460846;-35.460845947265625
39;80.764206;-41.76420593261719
38;72.973694;-34.97369384765625
37;71.58478;-34.58477783203125
36;64.82054;-28.820541381835938
35;61.30761;-26.30760955810547
34;55.962856;-21.96285629272461
33;63.887913;-30.88791275024414
32;70.05049;-38.05049133300781
31;67.840706;-36.84070587158203
30;63.961723;-33.96172332763672
29;65.216675;-36.2166748046875
28;61.292274;-33.292274475097656
27;50.94116;-23.941158294677734
26;45.914776;-19.914775848388672
25;60.5908;-35.59080123901367
24;57.56572;-33.56571960449219
23;51.354385;-28.354385375976562
22;47.17715;-25.17715072631836
21;43.550377;-22.550376892089844
20;44.837837;-24.83783721923828
19;48.455105;-29.45510482788086
18;41.165585;-23.165584564208984
17;48.428257;-31.42825698852539
16;52.235752;-36.23575210571289
15;47.118618;-32.11861801147461
14;61.045834;-47.045833587646484
13;56.158546;-43.158546447753906
12;59.692368;-47.69236755371094
11;51.959946;-40.95994567871094
10;54.800583;-44.80058288574219
9;49.82394;-40.82394027709961
8;58.36811;-50.36811065673828
7;58.10901;-51.1090087890625
6;61.88431;-55.88431167602539
5;67.7845;-62.78450012207031
4;74.474655;-70.47465515136719
3;64.642;-61.641998291015625
2;58.496586;-56.496585845947266
1;62.234413;-61.234413146972656
0;61.665737;-61.66573715209961
51;66.45114;-15.451141357421875
50;78.85754;-28.85753631591797
49;74.32803;-25.328033447265625
48;77.282196;-29.282196044921875
47;97.07066;-50.07066345214844
46;82.952515;-36.9525146484375
45;88.811615;-43.811614990234375
44;83.32796;-39.32795715332031
43;69.98724;-26.98724365234375
42;82.58708;-40.58708190917969
41;84.4348;-43.43479919433594
40;79.14615;-39.146148681640625
39;72.16173;-33.16172790527344
38;76.04599;-38.045989990234375
37;76.67975;-39.67974853515625
36;55.261192;-19.261192321777344
35;54.675842;-19.67584228515625
34;58.776615;-24.776615142822266
33;51.46577;-18.465770721435547
32;47.11037;-15.110370635986328
31;55.772392;-24.77239227294922
30;57.67409;-27.674091339111328
29;67.074005;-38.074005126953125
28;55.618233;-27.61823272705078
27;51.675846;-24.675846099853516
26;57.471283;-31.471282958984375
25;47.468533;-22.46853256225586
24;69.65001;-45.65000915527344
23;65.68354;-42.68354034423828
22;60.82355;-38.823551177978516
21;82.83997;-61.83997344970703
20;86.30995;-66.30995178222656
19;78.20819;-59.20819091796875
18;68.71733;-50.71733093261719
17;59.337616;-42.337615966796875
16;50.23476;-34.23476028442383
15;66.23154;-51.231536865234375
14;56.68059;-42.68059158325195
13;53.640713;-40.64071273803711
12;52.52447;-40.524471282958984
11;48.182484;-37.1824836730957
10;57.54678;-47.54677963256836
9;51.913692;-42.913692474365234
8;41.523018;-33.52301788330078
7;38.92649;-31.926490783691406
6;39.579327;-33.57932662963867
5;52.240273;-47.240272521972656
4;54.691624;-50.69162368774414
3;46.50279;-43.50278854370117
2;61.563137;-59.56313705444336
1;67.780594;-66.78059387207031
0;48.40713;-48.40713119506836
291;54.90511;236.09489059448242
290;64.23718;225.7628173828125
289;68.43281;220.56719207763672
288;66.85528;221.14472198486328
287;72.15756;214.84243774414062
286;78.691666;207.30833435058594
285;75.30073;209.69927215576172
284;71.73967;212.2603302001953
283;75.382996;207.61700439453125
282;76.6818;205.31819915771484
281;74.366066;206.6339340209961
280;78.34327;201.65673065185547
279;77.77199;201.22801208496094
278;85.021164;192.9788360595703
277;79.49327;197.50672912597656
276;82.63703;193.36296844482422
275;78.45155;196.54844665527344
274;71.46583;202.53417205810547
273;69.822754;203.17724609375
272;71.65346;200.34654235839844
271;56.165936;214.83406448364258
270;70.28802;199.71198272705078
269;67.81645;201.1835479736328
268;80.23058;187.76941680908203
267;65.04994;201.95005798339844
266;58.83262;207.1673812866211
265;66.64333;198.3566665649414
264;63.142376;200.85762405395508
263;71.57888;191.4211196899414
262;56.320072;205.67992782592773
261;68.43934;192.56066131591797
260;50.623524;209.3764762878418
259;81.51631;177.4836883544922
258;72.57814;185.42185974121094
257;54.37038;202.62961959838867
256;52.971855;203.02814483642578
255;53.554752;201.44524765014648
254;59.59882;194.40118026733398
253;57.60317;195.39683151245117
252;59.359753;192.6402473449707
251;65.12594;185.87406158447266
250;45.06231;204.93769073486328
249;38.841877;210.15812301635742
248;46.98322;201.01678085327148
247;43.85999;203.14001083374023
246;43.787945;202.21205520629883
245;46.15184;198.84815979003906
244;46.61407;197.38592910766602
243;47.702374;195.29762649536133
242;45.532185;196.46781539916992
241;46.81333;194.1866683959961
240;42.151722;197.8482780456543
239;48.77036;190.22964096069336
238;53.73341;184.2665901184082
237;54.54099;182.45901107788086
236;52.889782;183.1102180480957
235;50.97978;184.02022171020508
234;45.832886;188.1671142578125
233;48.862278;184.13772201538086
232;45.20831;186.79169082641602
231;47.749355;183.2506446838379
230;43.351513;186.64848709106445
229;50.247227;178.7527732849121
228;58.82809;169.1719093322754
227;40.78075;186.2192497253418
226;59.605106;166.39489364624023
225;53.563755;171.4362449645996
224;43.06768;180.93231964111328
223;41.995678;181.00432205200195
222;40.206135;181.79386520385742
221;44.555958;176.44404220581055
220;48.686543;171.31345748901367
219;41.59174;177.40826034545898
218;43.681435;174.31856536865234
217;40.506874;176.49312591552734
216;45.47424;170.52576065063477
215;52.67026;162.32973861694336
214;65.70316;148.29683685302734
213;48.182888;164.81711196899414
212;42.184948;169.8150520324707
211;47.735058;163.26494216918945
210;53.249924;156.7500762939453
209;52.19668;156.8033218383789
208;59.999638;148.00036239624023
207;60.31606;146.68394088745117
206;63.58229;142.41770935058594
205;62.3127;142.6873016357422
204;65.341225;138.65877532958984
203;72.84681;130.15319061279297
202;65.15066;136.8493423461914
201;57.91496;143.08504104614258
200;49.523777;150.47622299194336
199;54.62517;144.37482833862305
198;45.714787;152.28521347045898
197;64.05703;132.9429702758789
196;42.59369;153.40631103515625
195;67.74819;127.2518081665039
194;61.16096;132.83903884887695
193;67.319916;125.68008422851562
192;48.83597;143.1640281677246
191;64.29573;126.70426940917969
190;42.009083;147.99091720581055
189;55.700718;133.2992820739746
188;51.847176;136.15282440185547
187;47.049416;139.9505844116211
186;43.693165;142.30683517456055
185;39.36755;145.63245010375977
184;56.592335;127.40766525268555
183;80.125626;102.87437438964844
182;58.113075;123.88692474365234
181;54.887474;126.1125259399414
180;49.595955;130.40404510498047
179;67.79614;111.203857421875
178;82.579025;95.42097473144531
177;87.44488;89.55512237548828
176;57.659996;118.34000396728516
175;75.484924;99.51507568359375
174;56.165436;117.83456420898438
173;60.539986;112.46001434326172
172;68.65571;103.34429168701172
171;65.360985;105.6390151977539
170;64.05701;105.9429931640625
169;74.22719;94.77281188964844
168;52.686268;115.3137321472168
167;71.145004;95.85499572753906
166;53.145737;112.85426330566406
165;78.912155;86.08784484863281
164;80.43921;83.560791015625
163;92.81995;70.1800537109375
162;93.773636;68.22636413574219
161;71.90887;89.09113311767578
160;65.54399;94.45600891113281
159;57.935608;101.06439208984375
158;48.40167;109.59833145141602
157;54.265327;102.73467254638672
156;77.895645;78.10435485839844
155;52.468704;102.53129577636719
154;63.515774;90.48422622680664
153;65.35164;87.64836120605469
152;62.039436;89.96056365966797
151;69.92842;81.07157897949219
150;77.80064;72.1993637084961
149;57.960583;91.0394172668457
148;82.06692;65.9330825805664
147;84.37373;62.62626647949219
146;80.98299;65.01701354980469
145;71.70171;73.29828643798828
144;95.05884;48.941162109375
143;84.39581;58.60418701171875
142;98.10002;43.89997863769531
141;73.19252;67.80747985839844
140;90.534996;49.465003967285156
139;68.03903;70.96096801757812
138;92.22857;45.77143096923828
137;103.59003;33.40997314453125
136;66.374695;69.62530517578125
135;102.428696;32.57130432128906
134;90.81894;43.181060791015625
133;68.187805;64.81219482421875
132;93.62626;38.373741149902344
131;105.68903;25.31096649169922
130;84.30598;45.69402313232422
129;106.69606;22.303939819335938
128;51.192165;76.80783462524414
127;51.98618;75.01382064819336
126;34.747967;91.25203323364258
125;56.32482;68.67517852783203
124;48.695374;75.30462646484375
123;61.46226;61.53773880004883
122;51.156506;70.8434944152832
121;64.828186;56.17181396484375
120;48.622807;71.37719345092773
119;65.67118;53.328819274902344
118;57.875683;60.12431716918945
117;60.721275;56.278724670410156
116;68.73109;47.26891326904297
115;102.19092;12.80908203125
114;66.898834;47.101165771484375
113;84.16234;28.837661743164062
112;57.886314;54.113685607910156
111;47.521244;63.478755950927734
110;73.41861;36.581390380859375
109;54.203827;54.796173095703125
108;49.331547;58.668453216552734
107;70.01007;36.98992919921875
106;71.54101;34.45899200439453
105;60.50944;44.49055862426758
104;51.491066;52.508934020996094
103;71.55137;31.448631286621094
102;51.082043;50.9179573059082
101;43.977856;57.02214431762695
100;41.483673;58.516326904296875
99;41.52075;57.479251861572266
98;70.71663;27.283370971679688
97;86.112564;10.887435913085938
96;58.592304;37.40769577026367
95;49.63702;45.362979888916016
94;42.862217;51.13778305053711
93;42.896893;50.10310745239258
92;47.896404;44.10359573364258
91;37.97647;53.023529052734375
90;35.437416;54.562583923339844
89;36.285427;52.71457290649414
88;35.323795;52.676204681396484
87;37.14383;49.856170654296875
86;44.39615;41.603851318359375
85;48.713295;36.286705017089844
84;70.2416;13.758399963378906
83;55.79817;27.201831817626953
82;55.95167;26.048328399658203
81;86.32011;-5.320106506347656
80;46.895954;33.10404586791992
79;46.458637;32.54136276245117
78;48.77882;29.221179962158203
77;38.880245;38.119754791259766
76;34.6666;41.33340072631836
75;42.98666;32.01333999633789
74;52.583572;21.416427612304688
73;35.32851;37.67148971557617
72;39.54068;32.459320068359375
71;83.97525;-12.975250244140625
70;59.939537;10.060462951660156
69;58.17336;10.826641082763672
68;42.730843;25.26915740966797
67;57.93656;9.063438415527344
66;51.83723;14.162769317626953
65;53.91818;11.08182144165039
64;39.53126;24.468738555908203
63;36.32629;26.673709869384766
62;42.914948;19.085052490234375
61;37.62444;23.375560760498047
60;33.868877;26.131122589111328
59;39.62813;19.371868133544922
58;38.908237;19.09176254272461
57;34.133335;22.86666488647461
56;35.313457;20.686542510986328
55;35.189457;19.810543060302734
54;38.60143;15.398571014404297
53;41.314384;11.685615539550781
52;45.71452;6.285480499267578
51;46.576298;4.423702239990234
50;42.353657;7.646343231201172
49;49.254128;-0.25412750244140625
48;36.072506;11.927494049072266
47;39.043587;7.956413269042969
46;37.72366;8.27634048461914
45;32.202953;12.797046661376953
44;35.51351;8.486488342285156
43;37.190372;5.809627532958984
42;31.386566;10.613433837890625
41;32.872128;8.127872467041016
40;34.34251;5.657489776611328
39;35.566044;3.4339561462402344
38;43.087944;-5.087944030761719
37;45.107754;-8.10775375366211
36;38.899776;-2.8997764587402344
35;35.852524;-0.8525238037109375
34;44.903034;-10.903034210205078
33;48.881958;-15.8819580078125
32;31.721678;0.2783222198486328
31;30.8775;0.12249946594238281
30;33.76633;-3.7663307189941406
29;30.53648;-1.5364799499511719
28;36.878265;-8.878265380859375
27;34.114803;-7.114803314208984
26;38.682133;-12.682132720947266
25;35.971355;-10.971355438232422
24;35.906788;-11.906787872314453
23;39.301895;-16.301895141601562
22;36.300953;-14.300952911376953
21;34.24778;-13.247779846191406
20;48.432934;-28.432933807373047
19;40.519924;-21.51992416381836
18;38.14426;-20.14426040649414
17;54.324574;-37.3245735168457
16;36.55755;-20.55754852294922
15;35.81741;-20.81740951538086
14;46.88243;-32.88243103027344
13;43.326893;-30.326892852783203
12;47.852795;-35.8527946472168
11;38.719097;-27.719097137451172
10;40.701847;-30.701847076416016
9;36.944077;-27.944076538085938
8;37.744766;-29.744766235351562
7;38.803425;-31.803424835205078
6;40.206264;-34.20626449584961
5;39.176907;-34.17690658569336
4;33.782814;-29.782814025878906
3;35.087933;-32.08793258666992
2;36.707874;-34.7078742980957
1;40.878803;-39.87880325317383
0;33.636414;-33.63641357421875
26;63.810852;-37.81085205078125
25;58.615963;-33.615962982177734
24;65.186455;-41.18645477294922
23;65.42779;-42.42778778076172
22;64.1767;-42.17669677734375
21;64.62819;-43.62818908691406
20;54.79121;-34.79121017456055
19;57.888027;-38.88802719116211
18;62.07461;-44.07461166381836
17;54.938953;-37.9389533996582
16;69.77312;-53.77311706542969
15;63.557285;-48.55728530883789
14;60.175495;-46.17549514770508
13;61.132584;-48.13258361816406
12;68.449684;-56.449684143066406
11;70.248;-59.24800109863281
10;57.847797;-47.84779739379883
9;52.853672;-43.85367202758789
8;53.446342;-45.44634246826172
7;55.775383;-48.77538299560547
6;52.301792;-46.30179214477539
5;53.992687;-48.9926872253418
4;53.550137;-49.55013656616211
3;45.03989;-42.03989028930664
2;52.439976;-50.43997573852539
1;52.355343;-51.355342864990234
0;50.32324;-50.323238372802734
45;54.927715;-9.927715301513672
44;59.22629;-15.22629165649414
43;75.26599;-32.2659912109375
42;71.93129;-29.931289672851562
41;86.91291;-45.91291046142578
40;87.73161;-47.73161315917969
39;80.32291;-41.322906494140625
38;83.69587;-45.69586944580078
37;68.61229;-31.612289428710938
36;79.60222;-43.60221862792969
35;78.28352;-43.28352355957031
34;97.77;-63.769996643066406
33;78.672;-45.6719970703125
32;79.08505;-47.085052490234375
31;63.351906;-32.351905822753906
30;72.72615;-42.72615051269531
29;69.08148;-40.08148193359375
28;69.09421;-41.094207763671875
27;70.62895;-43.62895202636719
26;52.286076;-26.286075592041016
25;54.94532;-29.94532012939453
24;54.69125;-30.69124984741211
23;67.78411;-44.78411102294922
22;59.305584;-37.30558395385742
21;53.487133;-32.48713302612305
20;62.770794;-42.77079391479492
19;71.86195;-52.86195373535156
18;71.51;-53.51000213623047
17;61.068027;-44.06802749633789
16;62.122334;-46.12233352661133
15;70.26004;-55.260040283203125
14;68.71216;-54.712158203125
13;53.993145;-40.99314498901367
12;48.466312;-36.466312408447266
11;44.86578;-33.865779876708984
10;49.186665;-39.18666458129883
9;56.003727;-47.003726959228516
8;52.15294;-44.15293884277344
7;53.10906;-46.10905838012695
6;45.527287;-39.527286529541016
5;60.40675;-55.4067497253418
4;47.84392;-43.84392166137695
3;55.20071;-52.20071029663086
2;54.122036;-52.12203598022461
1;72.54511;-71.54511260986328
0;67.59536;-67.5953598022461
45;66.66333;-21.663330078125
44;77.71242;-33.71241760253906
43;78.229195;-35.22919464111328
42;103.58952;-61.58952331542969
41;87.201256;-46.201255798339844
40;77.888954;-37.888954162597656
39;90.2855;-51.285499572753906
38;119.15254;-81.15254211425781
37;102.78202;-65.78202056884766
36;99.3414;-63.341400146484375
35;114.76538;-79.765380859375
34;112.89171;-78.89170837402344
33;99.57385;-66.5738525390625
32;81.1294;-49.12940216064453
31;86.26364;-55.263641357421875
30;68.45064;-38.45063781738281
29;62.993244;-33.99324417114258
28;57.449223;-29.449222564697266
27;66.85274;-39.85273742675781
26;56.362213;-30.362213134765625
25;58.34426;-33.344261169433594
24;53.97579;-29.975788116455078
23;58.593822;-35.59382247924805
22;52.53987;-30.539871215820312
21;61.12868;-40.12868118286133
20;58.893597;-38.89359664916992
19;54.256184;-35.25618362426758
18;56.496468;-38.49646759033203
17;51.128437;-34.12843704223633
16;43.730392;-27.730392456054688
15;50.634052;-35.63405227661133
14;43.360508;-29.36050796508789
13;48.635452;-35.63545227050781
12;49.10523;-37.105228424072266
11;44.326473;-33.326473236083984
10;47.39474;-37.39474105834961
9;49.472485;-40.47248458862305
8;39.789795;-31.789794921875
7;43.58605;-36.5860481262207
6;43.6701;-37.670101165771484
5;49.429226;-44.42922592163086
4;46.72916;-42.72916030883789
3;51.232105;-48.23210525512695
2;45.573185;-43.573184967041016
1;40.602787;-39.602787017822266
0;44.536495;-44.536495208740234
45;42.7736;2.226398468017578
44;52.58677;-8.586769104003906
43;76.41619;-33.41619110107422
42;74.2944;-32.294403076171875
41;73.658356;-32.658355712890625
40;67.596725;-27.596725463867188
39;71.261795;-32.26179504394531
38;83.82616;-45.82615661621094
37;68.273415;-31.273414611816406
36;69.73654;-33.736541748046875
35;90.6224;-55.622398376464844
34;103.318436;-69.31843566894531
33;79.367874;-46.36787414550781
32;78.141235;-46.1412353515625
31;74.99174;-43.991737365722656
30;96.596634;-66.59663391113281
29;83.64039;-54.64038848876953
28;50.74718;-22.747180938720703
27;68.36778;-41.36778259277344
26;57.32808;-31.328079223632812
25;55.53804;-30.538040161132812
24;46.778538;-22.77853775024414
23;57.23235;-34.23234939575195
22;68.066154;-46.06615447998047
21;63.023167;-42.02316665649414
20;62.08168;-42.08168029785156
19;48.19823;-29.198230743408203
18;50.857273;-32.85727310180664
17;46.45574;-29.45574188232422
16;53.360058;-37.36005783081055
15;44.505665;-29.505664825439453
14;50.660168;-36.6601676940918
13;47.703854;-34.703853607177734
12;39.217487;-27.217487335205078
11;51.602352;-40.602352142333984
10;57.577274;-47.577274322509766
9;42.629158;-33.62915802001953
8;49.85766;-41.85765838623047
7;64.90744;-57.907440185546875
6;66.39939;-60.399391174316406
5;63.266525;-58.26652526855469
4;58.325615;-54.32561492919922
3;51.220123;-48.220123291015625
2;51.731426;-49.73142623901367
1;47.81323;-46.813228607177734
0;45.14142;-45.14141845703125
315;62.015247;252.9847526550293
314;52.141983;261.85801696777344
313;66.77305;246.2269515991211
312;70.17645;241.82354736328125
311;80.35939;230.64060974121094
310;73.89099;236.1090087890625
309;77.12142;231.87857818603516
308;71.2827;236.71730041503906
307;78.507355;228.49264526367188
306;84.32619;221.67381286621094
305;75.63919;229.36080932617188
304;73.5394;230.46060180664062
303;77.20935;225.7906494140625
302;81.428024;220.5719757080078
301;80.89578;220.10421752929688
300;88.05684;211.9431610107422
299;60.7457;238.25429916381836
298;69.496544;228.50345611572266
297;74.69175;222.3082504272461
296;72.89888;223.1011199951172
295;67.067024;227.93297576904297
294;63.433155;230.56684494018555
293;60.510162;232.48983764648438
292;66.19596;225.80403900146484
291;68.015785;222.98421478271484
290;50.001305;239.99869537353516
289;47.00526;241.9947395324707
288;60.19402;227.80598068237305
287;59.73875;227.26124954223633
286;73.64539;212.35460662841797
285;65.056435;219.94356536865234
284;52.764927;231.2350730895996
283;56.128124;226.87187576293945
282;50.970608;231.02939224243164
281;44.59544;236.40456008911133
280;46.30424;233.69575881958008
279;48.439556;230.56044387817383
278;45.885517;232.11448287963867
277;43.161297;233.83870315551758
276;43.225586;232.7744140625
275;40.399696;234.60030364990234
274;48.236908;225.76309204101562
273;45.279972;227.72002792358398
272;44.56965;227.43035125732422
271;47.23811;223.76189041137695
270;43.19457;226.8054313659668
269;49.093563;219.90643692016602
268;47.974308;220.02569198608398
267;48.23032;218.76968002319336
266;52.00857;213.99142837524414
265;56.31696;208.68304061889648
264;50.19577;213.80422973632812
263;52.251507;210.74849319458008
262;50.32768;211.67232131958008
261;46.426006;214.57399368286133
260;50.840626;209.15937423706055
259;54.565857;204.43414306640625
258;54.053333;203.9466667175293
257;37.85084;219.1491584777832
256;55.246155;200.75384521484375
255;43.423847;211.57615280151367
254;60.36484;193.63515853881836
253;38.0815;214.91849899291992
252;49.57838;202.4216194152832
251;48.651054;202.34894561767578
250;54.53216;195.46783828735352
249;44.73464;204.26536178588867
248;48.08528;199.9147186279297
247;51.833378;195.16662216186523
246;41.89075;204.10924911499023
245;37.754574;207.24542617797852
244;45.6345;198.3655014038086
243;56.203106;186.79689407348633
242;61.614964;180.38503646850586
241;50.049656;190.95034408569336
240;47.72967;192.27032852172852
239;48.86382;190.13618087768555
238;53.22585;184.77415084838867
237;46.145466;190.85453414916992
236;50.30639;185.69361114501953
235;79.027664;155.9723358154297
234;58.758152;175.24184799194336
233;74.87402;158.1259765625
232;42.343437;189.65656280517578
231;49.17406;181.8259391784668
230;46.347916;183.65208435058594
229;59.969234;169.03076553344727
228;51.097355;176.90264511108398
227;73.2397;153.7602996826172
226;58.806644;167.19335556030273
225;77.913574;147.08642578125
224;51.002247;172.99775314331055
223;51.144375;171.8556251525879
222;46.66276;175.33723831176758
221;52.41272;168.5872802734375
220;37.883217;182.11678314208984
219;52.032185;166.96781539916992
218;52.663303;165.33669662475586
217;48.92599;168.0740089416504
216;41.448223;174.55177688598633
215;50.220966;164.77903366088867
214;64.729836;149.2701644897461
213;61.618114;151.38188552856445
212;82.0038;129.99620056152344
211;107.05821;103.94178771972656
210;93.70415;116.29585266113281
209;70.03898;138.96102142333984
208;55.965664;152.0343360900879
207;75.44978;131.5502166748047
206;90.13156;115.86843872070312
205;72.51274;132.4872589111328
204;66.98072;137.01927947998047
203;75.06047;127.93952941894531
202;96.36726;105.63273620605469
201;88.80932;112.19068145751953
200;74.7012;125.29879760742188
199;86.59831;112.40168762207031
198;61.434834;136.56516647338867
197;57.01205;139.9879493713379
196;81.53251;114.46749114990234
195;87.96278;107.03721618652344
194;91.78583;102.21417236328125
193;104.640495;88.35950469970703
192;71.69109;120.30890655517578
191;61.033314;129.9666862487793
190;65.790825;124.20917510986328
189;54.577084;134.42291641235352
188;80.0897;107.9103012084961
187;75.31125;111.68875122070312
186;80.21126;105.78874206542969
185;71.67601;113.32398986816406
184;72.99937;111.0006332397461
183;64.22041;118.77958679199219
182;47.00493;134.9950714111328
181;70.8549;110.14510345458984
180;86.37788;93.62212371826172
179;75.76314;103.23686218261719
178;95.643234;82.35676574707031
177;123.785736;53.214263916015625
176;108.35271;67.64729309082031
175;78.58807;96.41192626953125
174;75.22539;98.77461242675781
173;99.77967;73.22032928466797
172;94.69081;77.30918884277344
171;72.989815;98.01018524169922
170;130.15976;39.840240478515625
169;94.71921;74.28079223632812
168;102.537994;65.46200561523438
167;109.106895;57.893104553222656
166;71.55805;94.44194793701172
165;81.97213;83.02787017822266
164;84.80205;79.19795227050781
163;112.709946;50.29005432128906
162;87.06542;74.93457794189453
161;92.7894;68.21060180664062
160;64.09093;95.90907287597656
159;69.67869;89.3213119506836
158;74.657234;83.34276580810547
157;91.41919;65.580810546875
156;65.73474;90.2652587890625
155;44.20637;110.79362869262695
154;75.37099;78.62901306152344
153;58.351482;94.64851760864258
152;56.523876;95.47612380981445
151;54.980175;96.01982498168945
150;52.617184;97.38281631469727
149;56.11635;92.88365173339844
148;81.015656;66.98434448242188
147;72.21893;74.78106689453125
146;82.16234;63.83766174316406
145;76.28303;68.71697235107422
144;48.830605;95.16939544677734
143;65.19915;77.80084991455078
142;75.71692;66.2830810546875
141;58.021988;82.97801208496094
140;48.5134;91.48659896850586
139;31.150442;107.84955787658691
138;58.853504;79.1464958190918
137;43.273537;93.7264633178711
136;37.002132;98.99786758422852
135;58.037483;76.96251678466797
134;65.63916;68.36083984375
133;76.45931;56.540687561035156
132;48.67779;83.32220840454102
131;100.660446;30.339553833007812
130;43.273712;86.72628784179688
129;74.446335;54.55366516113281
128;75.102936;52.897064208984375
127;71.22864;55.7713623046875
126;63.1056;62.89440155029297
125;57.758404;67.24159622192383
124;87.15277;36.84722900390625
123;63.689537;59.310462951660156
122;55.754494;66.2455062866211
121;71.21872;49.781280517578125
120;46.96783;73.03216934204102
119;45.87438;73.1256217956543
118;62.277676;55.72232437133789
117;48.18914;68.81085968017578
116;51.332558;64.66744232177734
115;56.27707;58.722930908203125
114;53.390347;60.60965347290039
113;48.25705;64.74295043945312
112;45.337856;66.66214370727539
111;45.844345;65.15565490722656
110;65.64304;44.356956481933594
109;41.51269;67.48730850219727
108;46.808414;61.191585540771484
107;43.011963;63.988037109375
106;52.45386;53.546138763427734
105;46.52313;58.476871490478516
104;45.869587;58.13041305541992
103;68.21844;34.78156280517578
102;52.17525;49.82474899291992
101;81.61071;19.38928985595703
100;50.413998;49.586002349853516
99;87.16104;11.838958740234375
98;38.697815;59.30218505859375
97;72.44129;24.55870819091797
96;76.01283;19.987167358398438
95;41.92389;53.07611083984375
94;44.509563;49.49043655395508
93;50.050465;42.94953536987305
92;60.023636;31.976364135742188
91;52.15892;38.84107971191406
90;83.50468;6.495323181152344
89;48.215;40.78499984741211
88;44.212337;43.787662506103516
87;45.934628;41.065372467041016
86;55.58955;30.410449981689453
85;33.925068;51.07493209838867
84;42.272697;41.72730255126953
83;41.773964;41.226036071777344
82;43.035473;38.96452713012695
81;51.716503;29.283496856689453
80;52.01003;27.989971160888672
79;42.429985;36.57001495361328
78;45.94966;32.05033874511719
77;38.635918;38.36408233642578
76;38.194866;37.80513381958008
75;37.113575;37.88642501831055
74;36.000957;37.99904251098633
73;45.316864;27.683135986328125
72;35.473522;36.5264778137207
71;39.98857;31.011428833007812
70;33.44002;36.55997848510742
69;37.484863;31.51513671875
68;45.05571;22.944290161132812
67;45.032352;21.967647552490234
66;34.61345;31.386550903320312
65;34.678352;30.32164764404297
64;32.555603;31.44439697265625
63;31.930544;31.069456100463867
62;30.959932;31.040067672729492
61;31.660864;29.339136123657227
60;33.063465;26.936534881591797
59;33.96757;25.032428741455078
58;33.31496;24.685039520263672
57;30.499907;26.500093460083008
56;32.708218;23.29178237915039
55;36.234745;18.765254974365234
54;33.73152;20.268478393554688
53;40.133694;12.86630630493164
52;37.091793;14.908206939697266
51;34.157547;16.842453002929688
50;41.675003;8.324996948242188
49;32.76138;16.23862075805664
48;36.93556;11.064441680908203
47;41.988224;5.011775970458984
46;41.17269;4.827308654785156
45;36.183056;8.816944122314453
44;37.61518;6.384819030761719
43;42.808167;0.19183349609375
42;34.01502;7.984981536865234
41;37.25967;3.7403297424316406
40;39.869858;0.1301422119140625
39;37.454388;1.5456123352050781
38;32.850315;5.149684906005859
37;42.64652;-5.646518707275391
36;35.50691;0.4930915832519531
35;34.73222;0.2677803039550781
34;34.513508;-0.5135078430175781
33;36.121037;-3.1210365295410156
32;33.977367;-1.9773674011230469
31;31.411165;-0.4111652374267578
30;35.863026;-5.863025665283203
29;34.063553;-5.0635528564453125
28;33.972435;-5.972434997558594
27;35.74432;-8.744319915771484
26;37.267513;-11.267513275146484
25;31.14054;-6.140539169311523
24;32.646976;-8.646976470947266
23;40.06443;-17.064430236816406
22;37.114277;-15.114276885986328
21;32.901543;-11.901542663574219
20;34.742535;-14.742534637451172
19;34.242313;-15.242313385009766
18;33.567207;-15.567207336425781
17;33.077366;-16.07736587524414
16;32.32352;-16.32352066040039
15;31.472206;-16.472206115722656
14;32.415405;-18.4154052734375
13;33.757137;-20.757137298583984
12;33.50951;-21.509510040283203
11;31.5567;-20.556699752807617
10;35.432457;-25.432456970214844
9;38.787254;-29.787254333496094
8;43.27508;-35.275081634521484
7;40.925964;-33.92596435546875
6;34.30102;-28.301021575927734
5;41.521458;-36.52145767211914
4;36.481472;-32.48147201538086
3;40.254845;-37.254844665527344
2;33.27258;-31.272579193115234
1;37.446445;-36.44644546508789
0;33.08356;-33.083560943603516
58;53.210426;4.789573669433594
57;49.16833;7.831668853759766
56;48.02354;7.976459503173828
55;46.44659;8.553409576416016
54;41.456196;12.543804168701172
53;53.125706;-0.12570571899414062
52;54.595932;-2.5959320068359375
51;63.704967;-12.704967498779297
50;57.908344;-7.908344268798828
49;40.630817;8.369182586669922
48;50.770493;-2.7704925537109375
47;41.982044;5.017955780029297
46;43.45034;2.5496597290039062
45;44.709988;0.2900123596191406
44;46.690678;-2.6906776428222656
43;45.084614;-2.084613800048828
42;45.48947;-3.489471435546875
41;52.457317;-11.457317352294922
40;47.047367;-7.047367095947266
39;42.327053;-3.3270530700683594
38;38.217854;-0.21785354614257812
37;43.39547;-6.395469665527344
36;44.616104;-8.616104125976562
35;46.060154;-11.06015396118164
34;48.75916;-14.759159088134766
33;54.011955;-21.01195526123047
32;49.5123;-17.512298583984375
31;42.775776;-11.775775909423828
30;47.942913;-17.942913055419922
29;43.356518;-14.356517791748047
28;35.32505;-7.325050354003906
27;49.226334;-22.226333618164062
26;42.369053;-16.36905288696289
25;42.058567;-17.05856704711914
24;40.094646;-16.094646453857422
23;42.114216;-19.114215850830078
22;43.67983;-21.679828643798828
21;44.803493;-23.80349349975586
20;54.296146;-34.296146392822266
19;50.318;-31.31800079345703
18;54.225502;-36.225502014160156
17;51.844448;-34.84444808959961
16;54.198143;-38.198143005371094
15;45.894398;-30.894397735595703
14;54.672577;-40.672576904296875
13;56.483707;-43.483707427978516
12;48.037174;-36.037174224853516
11;61.762444;-50.76244354248047
10;62.831154;-52.831153869628906
9;50.919285;-41.91928482055664
8;57.9335;-49.93349838256836
7;90.2751;-83.27510070800781
6;74.71307;-68.71307373046875
5;74.71411;-69.714111328125
4;62.613087;-58.61308670043945
3;65.77327;-62.77326965332031
2;61.5909;-59.59090042114258
1;56.137463;-55.1374626159668
0;54.558525;-54.55852508544922
77;63.60623;13.393768310546875
76;61.82626;14.17374038696289
75;51.118687;23.88131332397461
74;73.07136;0.9286422729492188
73;109.10515;-36.10514831542969
72;76.217804;-4.217803955078125
71;82.87804;-11.878036499023438
70;100.27103;-30.271026611328125
69;72.67131;-3.6713104248046875
68;99.52985;-31.52984619140625
67;88.13896;-21.138961791992188
66;101.13776;-35.13775634765625
65;83.75421;-18.75421142578125
64;81.01562;-17.01561737060547
63;74.0414;-11.041397094726562
62;61.174706;0.8252944946289062
61;63.485878;-2.4858779907226562
60;64.517075;-4.5170745849609375
59;49.936485;9.063514709472656
58;52.992786;5.007213592529297
57;77.97898;-20.978981018066406
56;75.66635;-19.666351318359375
55;76.87213;-21.87213134765625
54;61.718903;-7.718902587890625
53;56.16068;-3.1606788635253906
52;56.564575;-4.5645751953125
51;71.821;-20.820999145507812
50;48.118862;1.8811378479003906
49;61.121395;-12.121395111083984
48;62.627277;-14.627277374267578
47;58.28937;-11.289371490478516
46;57.911552;-11.911552429199219
45;48.799595;-3.7995948791503906
44;57.888546;-13.888545989990234
43;47.374554;-4.374553680419922
42;68.96239;-26.962387084960938
41;50.952686;-9.952686309814453
40;60.63488;-20.63488006591797
39;61.215576;-22.215576171875
38;60.4904;-22.490398406982422
37;68.211334;-31.211334228515625
36;68.29184;-32.291839599609375
35;82.59761;-47.59761047363281
34;69.543724;-35.543724060058594
33;74.980286;-41.98028564453125
32;81.97024;-49.970237731933594
31;59.33524;-28.33523941040039
30;62.99059;-32.9905891418457
29;61.665863;-32.665863037109375
28;61.561367;-33.56136703491211
27;61.871452;-34.87145233154297
26;64.70672;-38.70671844482422
25;56.890827;-31.890827178955078
24;75.46597;-51.465972900390625
23;51.84468;-28.844680786132812
22;48.61214;-26.612140655517578
21;46.469044;-25.469043731689453
20;51.627674;-31.627674102783203
19;49.40651;-30.406509399414062
18;42.79946;-24.799461364746094
17;42.32855;-25.328548431396484
16;46.9499;-30.949901580810547
15;45.70361;-30.703609466552734
14;37.82752;-23.827518463134766
13;46.528427;-33.52842712402344
12;45.912945;-33.91294479370117
11;48.306072;-37.30607223510742
10;45.35135;-35.351348876953125
9;41.362244;-32.36224365234375
8;39.184498;-31.184497833251953
7;49.943382;-42.943382263183594
6;41.111;-35.111000061035156
5;39.19319;-34.19319152832031
4;42.138264;-38.13826370239258
3;48.10498;-45.10498046875
2;42.00046;-40.00046157836914
1;41.752728;-40.75272750854492
0;38.386013;-38.38601303100586
77;36.934456;40.06554412841797
76;45.110954;30.88904571533203
75;49.615368;25.384632110595703
74;77.74078;-3.74078369140625
73;75.2161;-2.2161026000976562
72;64.934875;7.06512451171875
71;77.83059;-6.830589294433594
70;83.79012;-13.790122985839844
69;81.12706;-12.127059936523438
68;101.30914;-33.30914306640625
67;82.9995;-15.999496459960938
66;95.03491;-29.034912109375
65;80.49524;-15.4952392578125
64;69.73009;-5.7300872802734375
63;81.0267;-18.026702880859375
62;74.71151;-12.711509704589844
61;72.40264;-11.402641296386719
60;60.088;-0.08800125122070312
59;49.92836;9.071640014648438
58;47.50978;10.490219116210938
57;56.96954;0.030460357666015625
56;50.351658;5.648342132568359
55;62.633442;-7.633441925048828
54;52.880135;1.1198654174804688
53;47.539997;5.460002899169922
52;49.46358;2.536418914794922
51;43.15951;7.840488433837891
50;43.134407;6.865592956542969
49;36.989162;12.01083755493164
48;51.15009;-3.1500892639160156
47;48.657604;-1.6576042175292969
46;48.544422;-2.544422149658203
45;48.302265;-3.302265167236328
44;46.92744;-2.927440643310547
43;46.155632;-3.1556320190429688
42;43.587135;-1.5871353149414062
41;50.512238;-9.512237548828125
40;47.403507;-7.403507232666016
39;53.043896;-14.043895721435547
38;48.23761;-10.23760986328125
37;48.85908;-11.859081268310547
36;49.370846;-13.370845794677734
35;47.998203;-12.99820327758789
34;42.77491;-8.774909973144531
33;44.26881;-11.268810272216797
32;41.27187;-9.271869659423828
31;42.7301;-11.730098724365234
30;52.477573;-22.47757339477539
29;50.55904;-21.559040069580078
28;49.36438;-21.3643798828125
27;46.241726;-19.24172592163086
26;41.25062;-15.250621795654297
25;49.87943;-24.87942886352539
24;57.121284;-33.12128448486328
23;51.751053;-28.751052856445312
22;54.288605;-32.288604736328125
21;61.61356;-40.61355972290039
20;53.360603;-33.36060333251953
19;42.97408;-23.974079132080078
18;53.071728;-35.07172775268555
17;53.41081;-36.41080856323242
16;50.848152;-34.84815216064453
15;51.153873;-36.153873443603516
14;51.968624;-37.968624114990234
13;43.54648;-30.546478271484375
12;49.70299;-37.7029914855957
11;53.145943;-42.14594268798828
10;72.97598;-62.975982666015625
9;88.88658;-79.88658142089844
8;118.074776;-110.07477569580078
7;62.921024;-55.921024322509766
6;62.85776;-56.85776138305664
5;57.4946;-52.494598388671875
4;65.373955;-61.37395477294922
3;71.79259;-68.79258728027344
2;74.21505;-72.21504974365234
1;85.02557;-84.02557373046875
0;73.143585;-73.14358520507812
77;86.63582;-9.635818481445312
76;91.4731;-15.473098754882812
75;69.53883;5.4611663818359375
74;84.36872;-10.368721008300781
73;76.097984;-3.0979843139648438
72;81.152756;-9.152755737304688
71;70.23039;0.7696075439453125
70;78.78527;-8.785270690917969
69;74.12061;-5.120613098144531
68;67.96898;0.0310211181640625
67;73.25688;-6.2568817138671875
66;70.46342;-4.463417053222656
65;91.401474;-26.401473999023438
64;94.60385;-30.603851318359375
63;90.032;-27.031997680664062
62;75.39267;-13.392669677734375
61;67.78442;-6.784416198730469
60;66.62944;-6.6294403076171875
59;57.462;1.5379981994628906
58;60.9424;-2.942401885986328
57;59.859455;-2.859455108642578
56;58.483784;-2.483783721923828
55;52.747658;2.2523422241210938
54;55.790752;-1.7907524108886719
53;74.30173;-21.301727294921875
52;62.12517;-10.125171661376953
51;71.55966;-20.559661865234375
50;71.58127;-21.581268310546875
49;50.353565;-1.3535652160644531
48;51.76755;-3.7675514221191406
47;57.834057;-10.834056854248047
46;58.528347;-12.52834701538086
45;56.994404;-11.994403839111328
44;45.733734;-1.733734130859375
43;50.74156;-7.7415618896484375
42;56.634277;-14.63427734375
41;44.980232;-3.9802322387695312
40;54.86748;-14.867481231689453
39;51.129612;-12.12961196899414
38;61.455593;-23.45559310913086
37;64.097534;-27.0975341796875
36;53.884457;-17.884456634521484
35;58.498764;-23.498764038085938
34;49.116962;-15.116962432861328
33;44.93514;-11.935138702392578
32;40.620182;-8.620182037353516
31;40.860706;-9.860706329345703
30;42.995266;-12.99526596069336
29;39.895203;-10.89520263671875
28;42.60153;-14.60152816772461
27;48.077164;-21.077163696289062
26;54.13835;-28.138351440429688
25;56.52738;-31.527381896972656
24;44.828068;-20.828067779541016
23;45.100628;-22.100627899169922
22;37.37633;-15.376331329345703
21;38.274822;-17.274822235107422
20;49.48991;-29.489910125732422
19;47.23681;-28.23680877685547
18;46.62492;-28.624919891357422
17;42.150997;-25.150997161865234
16;40.98939;-24.989391326904297
15;54.20985;-39.2098503112793
14;59.078537;-45.07853698730469
13;61.235317;-48.23531723022461
12;54.36215;-42.36214828491211
11;65.84804;-54.84803771972656
10;58.797535;-48.79753494262695
9;55.673004;-46.673004150390625
8;55.92129;-47.92129135131836
7;44.700947;-37.70094680786133
6;56.065845;-50.06584548950195
5;54.190037;-49.19003677368164
4;58.440624;-54.44062423706055
3;54.827354;-51.827354431152344
2;47.709476;-45.709476470947266
1;37.85834;-36.858341217041016
0;45.504864;-45.50486373901367
187;71.18968;115.81031799316406
186;80.05095;105.94905090332031
185;78.410576;106.58942413330078
184;84.60936;99.39064025878906
183;96.27399;86.72601318359375
182;90.39734;91.6026611328125
181;99.45309;81.54691314697266
180;95.164696;84.8353042602539
179;87.69496;91.30503845214844
178;56.03455;121.96545028686523
177;85.75555;91.24445343017578
176;81.77273;94.2272720336914
175;100.94487;74.05513000488281
174;66.18699;107.8130111694336
173;65.07299;107.92700958251953
172;71.80171;100.19828796386719
171;58.394222;112.60577774047852
170;58.318035;111.68196487426758
169;64.71582;104.2841796875
168;44.90205;123.09794998168945
167;61.67467;105.3253288269043
166;56.499454;109.50054550170898
165;60.0182;104.9818000793457
164;60.634655;103.3653450012207
163;68.42401;94.57598876953125
162;70.93916;91.06083679199219
161;70.77724;90.22276306152344
160;62.34016;97.65983963012695
159;56.509388;102.4906120300293
158;63.897594;94.1024055480957
157;50.762268;106.23773193359375
156;57.038258;98.96174240112305
155;54.204372;100.79562759399414
154;72.44268;81.55731964111328
153;68.54364;84.45635986328125
152;70.6335;81.36650085449219
151;93.94917;57.05082702636719
150;60.82025;89.17974853515625
149;69.5836;79.41639709472656
148;66.958435;81.04156494140625
147;70.965996;76.03400421142578
146;61.23507;84.76493072509766
145;47.88042;97.11957931518555
144;50.118298;93.8817024230957
143;64.93447;78.0655288696289
142;45.89395;96.10604858398438
141;56.841236;84.15876388549805
140;49.59174;90.40826034545898
139;54.271145;84.72885513305664
138;39.943855;98.05614471435547
137;40.85634;96.14366149902344
136;44.706917;91.29308319091797
135;47.312527;87.68747329711914
134;48.748074;85.25192642211914
133;52.910633;80.0893669128418
132;42.867695;89.13230514526367
131;34.905052;96.0949478149414
130;40.351612;89.64838790893555
129;35.624477;93.37552261352539
128;40.66973;87.33026885986328
127;40.68819;86.31180953979492
126;42.672424;83.32757568359375
125;43.785236;81.21476364135742
124;50.520767;73.47923278808594
123;55.465977;67.53402328491211
122;42.41595;79.58404922485352
121;46.072273;74.92772674560547
120;47.738956;72.26104354858398
119;44.869965;74.13003540039062
118;43.420734;74.57926559448242
117;40.947014;76.05298614501953
116;64.679245;51.32075500488281
115;91.25552;23.744476318359375
114;79.56037;34.43962860107422
113;86.85097;26.149032592773438
112;80.19952;31.80048370361328
111;73.12436;37.875640869140625
110;94.81566;15.184341430664062
109;80.94484;28.055160522460938
108;64.01071;43.989288330078125
107;58.64664;48.35335922241211
106;51.95531;54.0446891784668
105;93.18727;11.812728881835938
104;70.53882;33.461181640625
103;64.19291;38.807090759277344
102;76.592094;25.40790557861328
101;71.77265;29.22734832763672
100;65.85056;34.149436950683594
99;105.08008;-6.080078125
98;108.47086;-10.470863342285156
97;102.2224;-5.2223968505859375
96;45.342102;50.65789794921875
95;49.276993;45.72300720214844
94;45.039814;48.96018600463867
93;43.809345;49.19065475463867
92;51.7272;40.27280044555664
91;37.245773;53.75422668457031
90;70.63635;19.3636474609375
89;45.579407;43.42059326171875
88;40.557537;47.44246292114258
87;57.092537;29.90746307373047
86;61.790646;24.209354400634766
85;65.00604;19.99395751953125
84;53.61964;30.380359649658203
83;48.668995;34.33100509643555
82;51.2629;30.737098693847656
81;51.45601;29.543991088867188
80;60.752247;19.247753143310547
79;45.061337;33.938663482666016
78;55.742455;22.257545471191406
77;63.94598;13.054019927978516
76;39.990124;36.0098762512207
75;39.49406;35.50593948364258
74;45.54055;28.459449768066406
73;58.378452;14.62154769897461
72;78.44905;-6.4490509033203125
71;50.84033;20.159671783447266
70;57.61775;12.382251739501953
69;62.662945;6.337055206298828
68;58.85258;9.147418975830078
67;65.05506;1.9449386596679688
66;52.952293;13.047706604003906
65;59.832237;5.167762756347656
64;69.56642;-5.5664215087890625
63;70.68535;-7.6853485107421875
62;70.6703;-8.670303344726562
61;61.124947;-0.12494659423828125
60;64.07913;-4.079132080078125
59;73.48883;-14.48883056640625
58;69.3685;-11.368499755859375
57;68.182816;-11.182815551757812
56;59.092133;-3.092132568359375
55;53.2559;1.7440986633300781
54;68.211006;-14.211006164550781
53;49.348564;3.6514358520507812
52;91.00431;-39.004310607910156
51;84.78727;-33.787269592285156
50;113.49625;-63.496246337890625
49;75.75636;-26.756362915039062
48;70.485596;-22.485595703125
47;53.880558;-6.880558013916016
46;64.81902;-18.81902313232422
45;77.35895;-32.35894775390625
44;80.17314;-36.17314147949219
43;75.945694;-32.94569396972656
42;97.83717;-55.83717346191406
41;84.96478;-43.96478271484375
40;66.4256;-26.42559814453125
39;103.00134;-64.0013427734375
38;92.94292;-54.94291687011719
37;85.71723;-48.71723175048828
36;85.129654;-49.12965393066406
35;95.98453;-60.984527587890625
34;80.80492;-46.80491638183594
33;108.81755;-75.81755065917969
32;91.72609;-59.72608947753906
31;87.14296;-56.14295959472656
30;96.34192;-66.3419189453125
29;68.25842;-39.2584228515625
28;99.91123;-71.9112319946289
27;61.904797;-34.9047966003418
26;89.85881;-63.85881042480469
25;62.86145;-37.8614501953125
24;57.11657;-33.11656951904297
23;61.294277;-38.29427719116211
22;74.9093;-52.9093017578125
21;47.346954;-26.346954345703125
20;85.13512;-65.13511657714844
19;56.619064;-37.61906433105469
18;52.608864;-34.608863830566406
17;54.355854;-37.35585403442383
16;54.96274;-38.96274185180664
15;42.701855;-27.701854705810547
14;52.87533;-38.87533187866211
13;72.39773;-59.397727966308594
12;83.21146;-71.21145629882812
11;78.79197;-67.7919692993164
10;62.79044;-52.79043960571289
9;59.654263;-50.65426254272461
8;38.994003;-30.994003295898438
7;54.92789;-47.92789077758789
6;46.45606;-40.456058502197266
5;52.329014;-47.32901382446289
4;76.166145;-72.16614532470703
3;54.720158;-51.720157623291016
2;75.40802;-73.40802001953125
1;73.90797;-72.90796661376953
0;47.312252;-47.312252044677734
105;44.923687;60.07631301879883
104;51.795036;52.20496368408203
103;47.67644;55.32355880737305
102;45.759243;56.24075698852539
101;50.389458;50.61054229736328
100;48.286846;51.71315383911133
99;54.85657;44.143428802490234
98;42.666027;55.3339729309082
97;50.176586;46.82341384887695
96;46.66214;49.337860107421875
95;43.51113;51.488868713378906
94;37.611134;56.38886642456055
93;46.793194;46.20680618286133
92;47.97519;44.024810791015625
91;38.518867;52.48113250732422
90;35.364483;54.63551712036133
89;45.32453;43.67546844482422
88;51.132866;36.86713409423828
87;37.66892;49.33108139038086
86;33.013176;52.98682403564453
85;43.16325;41.83675003051758
84;41.53367;42.466331481933594
83;43.260063;39.73993682861328
82;46.844246;35.15575408935547
81;42.5836;38.41640090942383
80;41.30674;38.693260192871094
79;39.918056;39.08194351196289
78;37.78844;40.2115592956543
77;36.590794;40.40920639038086
76;42.057293;33.94270706176758
75;37.170494;37.829505920410156
74;38.2311;35.76890182495117
73;40.18285;32.8171501159668
72;45.490932;26.50906753540039
71;39.91594;31.084060668945312
70;45.392735;24.60726547241211
69;46.205345;22.794654846191406
68;63.407436;4.592563629150391
67;47.918232;19.081768035888672
66;46.459507;19.54049301147461
65;46.908127;18.091873168945312
64;39.29508;24.70492172241211
63;39.859203;23.140796661376953
62;47.172962;14.827037811279297
61;40.78645;20.213550567626953
60;56.062664;3.937335968017578
59;81.49788;-22.497879028320312
58;53.08203;4.91796875
57;49.599796;7.400203704833984
56;68.73587;-12.735870361328125
55;72.79796;-17.797958374023438
54;59.988388;-5.9883880615234375
53;64.68216;-11.682159423828125
52;48.201977;3.798023223876953
51;52.73355;-1.733551025390625
50;43.05089;6.949108123779297
49;53.942364;-4.942363739013672
48;49.753834;-1.7538337707519531
47;46.164047;0.8359527587890625
46;57.287354;-11.287353515625
45;54.617363;-9.617362976074219
44;44.88832;-0.8883209228515625
43;57.440624;-14.440624237060547
42;58.451805;-16.451805114746094
41;40.93065;0.0693511962890625
40;40.97066;-0.9706611633300781
39;42.731438;-3.7314376831054688
38;48.02394;-10.023941040039062
37;42.812378;-5.8123779296875
36;45.514416;-9.514415740966797
35;37.8524;-2.8524017333984375
34;34.307907;-0.3079071044921875
33;36.118053;-3.118053436279297
32;36.999733;-4.999732971191406
31;42.836784;-11.836784362792969
30;38.764404;-8.764404296875
29;44.78392;-15.783920288085938
28;41.163475;-13.163475036621094
27;42.250465;-15.250465393066406
26;42.13816;-16.138160705566406
25;47.569157;-22.569156646728516
24;44.821316;-20.82131576538086
23;38.00307;-15.003070831298828
22;43.323788;-21.323787689208984
21;42.72408;-21.724079132080078
20;46.024174;-26.024173736572266
19;40.231815;-21.231815338134766
18;42.5855;-24.585498809814453
17;45.69411;-28.694110870361328
16;48.717964;-32.71796417236328
15;35.43944;-20.439441680908203
14;42.258976;-28.258975982666016
13;42.976192;-29.976192474365234
12;45.609776;-33.60977554321289
11;37.727962;-26.727962493896484
10;38.808636;-28.808635711669922
9;43.705444;-34.7054443359375
8;41.070034;-33.07003402709961
7;40.73815;-33.73815155029297
6;63.870342;-57.87034225463867
5;61.26146;-56.26145935058594
4;40.912983;-36.91298294067383
3;48.071552;-45.07155227661133
2;46.589367;-44.5893669128418
1;43.619633;-42.619632720947266
0;46.51632;-46.516319274902344
99;56.160133;42.839866638183594
98;49.39128;48.60871887207031
97;47.209568;49.79043197631836
96;49.423786;46.57621383666992
95;46.145443;48.854557037353516
94;84.319336;9.6806640625
93;60.765583;32.23441696166992
92;69.27131;22.72869110107422
91;59.90814;31.091861724853516
90;58.516125;31.483875274658203
89;53.14739;35.85261154174805
88;52.842728;35.15727233886719
87;46.403114;40.596885681152344
86;59.35473;26.64527130126953
85;58.187275;26.812725067138672
84;44.335026;39.664974212646484
83;61.154266;21.845733642578125
82;65.848114;16.151885986328125
81;50.8745;30.125499725341797
80;40.87344;39.12656021118164
79;53.608685;25.391315460205078
78;49.7684;28.23160171508789
77;43.276157;33.72384262084961
76;44.816456;31.183544158935547
75;50.765236;24.234764099121094
74;44.239895;29.76010513305664
73;44.16171;28.83829116821289
72;40.674126;31.32587432861328
71;49.581535;21.41846466064453
70;46.98704;23.012958526611328
69;47.917393;21.08260726928711
68;47.59107;20.408931732177734
67;41.87125;25.12874984741211
66;43.81373;22.18627166748047
65;56.520885;8.479114532470703
64;60.076553;3.9234466552734375
63;51.127228;11.872772216796875
62;58.94057;3.059429168701172
61;51.91952;9.08047866821289
60;59.700077;0.2999229431152344
59;63.72659;-4.726589202880859
58;59.442005;-1.4420051574707031
57;68.17975;-11.17974853515625
56;65.047264;-9.047264099121094
55;56.256622;-1.256622314453125
54;64.99356;-10.993560791015625
53;85.29515;-32.29515075683594
52;56.96012;-4.960121154785156
51;60.39709;-9.397090911865234
50;64.82779;-14.827789306640625
49;80.64548;-31.645477294921875
48;73.764145;-25.764144897460938
47;69.463425;-22.463424682617188
46;74.395035;-28.395034790039062
45;56.518005;-11.51800537109375
44;48.38027;-4.380268096923828
43;55.56413;-12.564128875732422
42;79.79521;-37.79521179199219
41;64.75505;-23.755050659179688
40;53.41229;-13.412288665771484
39;52.20937;-13.209369659423828
38;54.795795;-16.795795440673828
37;61.6623;-24.66230010986328
36;51.80974;-15.809738159179688
35;46.03575;-11.035751342773438
34;62.991985;-28.991985321044922
33;68.31568;-35.31568145751953
32;53.30845;-21.308448791503906
31;60.39932;-29.39931869506836
30;57.23888;-27.238880157470703
29;58.139713;-29.139713287353516
28;54.028244;-26.028244018554688
27;61.353268;-34.353267669677734
26;49.65131;-23.651309967041016
25;42.13415;-17.134151458740234
24;42.07634;-18.076339721679688
23;42.530018;-19.530017852783203
22;51.423725;-29.423725128173828
21;51.585144;-30.58514404296875
20;44.773434;-24.773433685302734
19;48.26249;-29.262489318847656
18;46.63886;-28.638858795166016
17;40.98111;-23.981109619140625
16;54.464172;-38.46417236328125
15;42.098804;-27.098804473876953
14;54.557125;-40.557125091552734
13;46.12934;-33.12934112548828
12;44.0772;-32.07720184326172
11;56.337894;-45.337894439697266
10;56.87861;-46.87860870361328
9;49.319984;-40.319984436035156
8;43.46002;-35.460018157958984
7;44.932583;-37.93258285522461
6;48.146847;-42.146846771240234
5;51.316753;-46.31675338745117
4;45.56169;-41.56169128417969
3;57.89136;-54.891361236572266
2;50.50001;-48.5000114440918
1;58.97576;-57.97576141357422
0;80.5198;-80.5197982788086
99;87.24634;11.753662109375
98;106.4185;-8.418502807617188
97;88.01111;8.9888916015625
96;98.39396;-2.3939590454101562
95;111.41809;-16.4180908203125
94;81.206314;12.793685913085938
93;81.64715;11.352851867675781
92;95.518906;-3.5189056396484375
91;104.86957;-13.86956787109375
90;89.24741;0.7525863647460938
89;84.815735;4.18426513671875
88;112.147896;-24.14789581298828
87;78.7246;8.275398254394531
86;87.57228;-1.5722808837890625
85;69.36931;15.630691528320312
84;56.98942;27.010578155517578
83;52.902252;30.097747802734375
82;69.38188;12.618118286132812
81;49.02166;31.97834014892578
80;50.235325;29.76467514038086
79;67.30586;11.694137573242188
78;49.09482;28.905181884765625
77;43.800404;33.1995964050293
76;52.633488;23.366512298583984
75;46.902485;28.097515106201172
74;46.495617;27.504383087158203
73;49.844906;23.155094146728516
72;51.998405;20.00159454345703
71;45.73126;25.268741607666016
70;42.705273;27.294727325439453
69;45.943043;23.056957244873047
68;49.882412;18.11758804321289
67;52.084354;14.915645599365234
66;55.754738;10.245262145996094
65;50.91606;14.083938598632812
64;43.324387;20.675613403320312
63;44.951283;18.048717498779297
62;50.332302;11.66769790649414
61;43.562565;17.437435150146484
60;41.559467;18.440532684326172
59;53.63387;5.366130828857422
58;50.81522;7.184780120849609
57;46.77531;10.224689483642578
56;52.28277;3.7172317504882812
55;44.244812;10.75518798828125
54;53.56174;0.4382591247558594
53;54.30336;-1.3033599853515625
52;56.501305;-4.501304626464844
51;60.429768;-9.429767608642578
50;57.979755;-7.979755401611328
49;56.050694;-7.050693511962891
48;65.82094;-17.820938110351562
47;70.19371;-23.193710327148438
46;61.001072;-15.00107192993164
45;55.55097;-10.550968170166016
44;47.025066;-3.025066375732422
43;50.532696;-7.532695770263672
42;49.9661;-7.966098785400391
41;52.737415;-11.737415313720703
40;47.302296;-7.302295684814453
39;49.267395;-10.26739501953125
38;46.755905;-8.755905151367188
37;67.91166;-30.911659240722656
36;57.53383;-21.533828735351562
35;73.85392;-38.853919982910156
34;59.193115;-25.193115234375
33;55.519024;-22.519023895263672
32;51.94938;-19.949378967285156
31;68.463806;-37.46380615234375
30;54.06099;-24.060989379882812
29;70.884445;-41.88444519042969
28;59.72845;-31.728450775146484
27;54.325706;-27.325706481933594
26;52.082226;-26.082225799560547
25;91.65811;-66.65811157226562
24;77.065384;-53.06538391113281
23;56.214294;-33.21429443359375
22;58.25141;-36.25141143798828
21;66.90463;-45.904632568359375
20;54.836315;-34.8363151550293
19;50.864494;-31.86449432373047
18;57.679234;-39.67923355102539
17;40.059895;-23.059894561767578
16;34.000015;-18.000015258789062
15;38.449657;-23.449657440185547
14;36.632607;-22.632606506347656
13;35.904987;-22.904987335205078
12;36.511364;-24.511363983154297
11;37.668743;-26.668743133544922
10;37.369663;-27.36966323852539
9;37.064014;-28.064014434814453
8;51.008656;-43.0086555480957
7;46.95426;-39.954261779785156
6;49.609257;-43.609256744384766
5;49.00633;-44.00632858276367
4;42.619354;-38.619354248046875
3;42.161583;-39.161582946777344
2;39.839935;-37.839935302734375
1;35.61828;-34.61827850341797
0;42.10323;-42.10322952270508
99;62.079388;36.92061233520508
98;66.54753;31.452468872070312
97;70.431885;26.568115234375
96;60.67577;35.3242301940918
95;51.119;43.88100051879883
94;63.573273;30.426727294921875
93;74.62453;18.375473022460938
92;74.30824;17.691757202148438
91;60.239758;30.760242462158203
90;63.412083;26.58791732788086
89;51.10751;37.89249038696289
88;47.604;40.395999908447266
87;68.92392;18.076080322265625
86;70.7444;15.255599975585938
85;44.966114;40.03388595581055
84;48.33848;35.66151809692383
83;43.25523;39.74477005004883
82;49.139935;32.86006546020508
81;44.87598;36.124019622802734
80;43.06046;36.93954086303711
79;46.47621;32.52378845214844
78;41.45209;36.547908782958984
77;40.52677;36.473228454589844
76;48.19267;27.807331085205078
75;41.262325;33.737674713134766
74;46.56026;27.439739227294922
73;49.12943;23.87057113647461
72;55.235214;16.764785766601562
71;60.025444;10.974555969238281
70;61.412014;8.58798599243164
69;55.744137;13.255863189697266
68;50.976826;17.023174285888672
67;53.43442;13.56557846069336
66;50.365356;15.6346435546875
65;50.1356;14.864398956298828
64;71.8024;-7.802398681640625
63;69.06829;-6.068290710449219
62;64.65372;-2.653717041015625
61;39.52859;21.47140884399414
60;60.291683;-0.2916831970214844
59;47.28443;11.715568542480469
58;70.146576;-12.146575927734375
57;59.06026;-2.060260772705078
56;66.47548;-10.475479125976562
55;61.64536;-6.645359039306641
54;74.119125;-20.119125366210938
53;43.16698;9.833019256591797
52;44.219784;7.780216217041016
51;39.357647;11.642353057861328
50;35.585865;14.414134979248047
49;39.862686;9.137313842773438
48;37.759373;10.24062728881836
47;37.642727;9.35727310180664
46;44.335766;1.6642341613769531
45;40.58612;4.41387939453125
44;39.419746;4.580253601074219
43;48.78447;-5.7844696044921875
42;41.085743;0.9142570495605469
41;46.191074;-5.191074371337891
40;42.993065;-2.9930648803710938
39;50.637943;-11.637943267822266
38;40.64036;-2.640361785888672
37;41.68542;-4.685420989990234
36;38.74097;-2.7409706115722656
35;49.357643;-14.357643127441406
34;37.41488;-3.4148788452148438
33;44.193893;-11.193893432617188
32;41.610607;-9.610607147216797
31;46.935795;-15.935794830322266
30;37.110275;-7.1102752685546875
29;40.98149;-11.981491088867188
28;42.063576;-14.063575744628906
27;45.92429;-18.92428970336914
26;43.63354;-17.633541107177734
25;45.573383;-20.573383331298828
24;43.15578;-19.155780792236328
23;49.21378;-26.21377944946289
22;39.04133;-17.04132843017578
21;51.208023;-30.208023071289062
20;66.89223;-46.89222717285156
19;48.597157;-29.597156524658203
18;55.040504;-37.040504455566406
17;49.39307;-32.393070220947266
16;44.445293;-28.445293426513672
15;48.59917;-33.59917068481445
14;55.826015;-41.82601547241211
13;44.957493;-31.95749282836914
12;47.804123;-35.80412292480469
11;57.13048;-46.1304817199707
10;46.638996;-36.63899612426758
9;49.225666;-40.22566604614258
8;72.09801;-64.09800720214844
7;104.25674;-97.2567367553711
6;62.747807;-56.747806549072266
5;64.60815;-59.60814666748047
4;71.85182;-67.85182189941406
3;98.84636;-95.84635925292969
2;43.75633;-41.75632858276367
1;63.37134;-62.371341705322266
0;74.127106;-74.12710571289062
74;99.9312;-25.931198120117188
73;87.64833;-14.648330688476562
72;94.01463;-22.014633178710938
71;80.71767;-9.717666625976562
70;76.22833;-6.22833251953125
69;83.21087;-14.210868835449219
68;96.0771;-28.077102661132812
67;82.49472;-15.494720458984375
66;82.67934;-16.679336547851562
65;109.09433;-44.094329833984375
64;66.6383;-2.6382980346679688
63;99.83978;-36.83978271484375
62;80.57124;-18.571243286132812
61;62.826336;-1.8263359069824219
60;52.10896;7.891040802001953
59;48.375896;10.624103546142578
58;70.99194;-12.991943359375
57;62.19453;-5.194530487060547
56;65.66981;-9.669807434082031
55;53.78216;1.2178382873535156
54;56.718163;-2.7181625366210938
53;50.060722;2.9392776489257812
52;49.57429;2.425708770751953
51;49.221012;1.7789878845214844
50;47.88271;2.117290496826172
49;58.965904;-9.965904235839844
48;56.915752;-8.915752410888672
47;53.986904;-6.986904144287109
46;56.37115;-10.371150970458984
45;64.70416;-19.70416259765625
44;61.54481;-17.544811248779297
43;58.589386;-15.589385986328125
42;55.320927;-13.320926666259766
41;67.499756;-26.499755859375
40;59.890144;-19.89014434814453
39;47.111214;-8.111213684082031
38;55.79123;-17.791229248046875
37;43.913097;-6.913097381591797
36;49.151943;-13.15194320678711
35;50.69367;-15.693668365478516
34;46.557537;-12.557537078857422
33;44.13947;-11.139469146728516
32;73.51694;-41.516937255859375
31;53.438145;-22.43814468383789
30;52.45318;-22.45317840576172
29;54.87734;-25.877338409423828
28;63.228615;-35.228614807128906
27;42.101128;-15.101127624511719
26;44.558407;-18.558406829833984
25;38.45474;-13.45473861694336
24;38.715843;-14.715843200683594
23;37.713444;-14.713443756103516
22;41.039402;-19.03940200805664
21;39.829144;-18.829143524169922
20;47.90375;-27.903751373291016
19;54.949596;-35.9495964050293
18;56.558456;-38.55845642089844
17;50.28671;-33.28670883178711
16;45.17814;-29.178138732910156
15;47.011044;-32.011043548583984
14;40.577923;-26.577922821044922
13;43.509407;-30.50940704345703
12;40.54395;-28.543949127197266
11;41.850883;-30.85088348388672
10;51.616886;-41.616886138916016
9;56.014;-47.013999938964844
8;66.869736;-58.86973571777344
7;59.500404;-52.500404357910156
6;52.75115;-46.75114822387695
5;62.712933;-57.71293258666992
4;50.30118;-46.30118179321289
3;47.050518;-44.05051803588867
2;47.728767;-45.72876739501953
1;53.229206;-52.22920608520508
0;38.577103;-38.57710266113281
108;46.334652;61.665348052978516
107;48.03073;58.969268798828125
106;60.79304;45.20695877075195
105;62.38361;42.616390228271484
104;55.87203;48.12797164916992
103;53.696964;49.303035736083984
102;58.314293;43.685707092285156
101;53.652992;47.347007751464844
100;54.868324;45.131675720214844
99;51.063244;47.9367561340332
98;62.511303;35.48869705200195
97;51.78857;45.211429595947266
96;54.123856;41.87614440917969
95;57.995365;37.004634857177734
94;59.570156;34.42984390258789
93;50.098866;42.9011344909668
92;47.995533;44.00446701049805
91;45.703964;45.29603576660156
90;35.16166;54.838340759277344
89;42.35015;46.64984893798828
88;40.245544;47.75445556640625
87;45.461567;41.53843307495117
86;49.875546;36.124454498291016
85;47.803154;37.19684600830078
84;52.995777;31.004222869873047
83;50.758068;32.2419319152832
82;38.239784;43.760215759277344
81;44.707382;36.29261779785156
80;44.247704;35.752296447753906
79;42.89723;36.1027717590332
78;55.395027;22.60497283935547
77;49.58388;27.416118621826172
76;50.33865;25.66135025024414
75;54.08139;20.918609619140625
74;74.551346;-0.5513458251953125
73;55.986526;17.013473510742188
72;55.757603;16.24239730834961
71;57.849133;13.150867462158203
70;46.698673;23.301326751708984
69;49.686653;19.31334686279297
68;51.800434;16.199565887451172
67;44.06359;22.93640899658203
66;46.811035;19.18896484375
65;44.86749;20.132511138916016
64;56.1189;7.881099700927734
63;50.142906;12.857093811035156
62;58.719967;3.2800331115722656
61;62.402462;-1.4024620056152344
60;47.13979;12.860210418701172
59;60.18341;-1.18341064453125
58;56.950397;1.0496025085449219
57;60.749153;-3.7491531372070312
56;45.45376;10.546241760253906
55;42.706856;12.293144226074219
54;40.270473;13.72952651977539
53;65.96513;-12.965133666992188
52;53.965477;-1.9654769897460938
51;40.882557;10.117443084716797
50;54.667923;-4.6679229736328125
49;48.331783;0.6682167053222656
48;73.123314;-25.123313903808594
47;50.972546;-3.972545623779297
46;53.82189;-7.821891784667969
45;67.93674;-22.936737060546875
44;51.955845;-7.955844879150391
43;65.67168;-22.671676635742188
42;57.100357;-15.100357055664062
41;48.82956;-7.829559326171875
40;45.50984;-5.509838104248047
39;52.079548;-13.079547882080078
38;60.137096;-22.137096405029297
37;47.44678;-10.446781158447266
36;50.74361;-14.743610382080078
35;48.686684;-13.686683654785156
34;49.82703;-15.827030181884766
33;49.105495;-16.10549545288086
32;49.760983;-17.760982513427734
31;50.90479;-19.904788970947266
30;49.428967;-19.428966522216797
29;45.12116;-16.121158599853516
28;46.608906;-18.608905792236328
27;50.312504;-23.312503814697266
26;51.927765;-25.927764892578125
25;54.902016;-29.902015686035156
24;42.684784;-18.684783935546875
23;64.95724;-41.957237243652344
22;71.52414;-49.524139404296875
21;67.007515;-46.00751495361328
20;60.824085;-40.8240852355957
19;54.414356;-35.41435623168945
18;50.205883;-32.20588302612305
17;43.783035;-26.783035278320312
16;47.860477;-31.860477447509766
15;42.653008;-27.65300750732422
14;44.2741;-30.27410125732422
13;46.95565;-33.955650329589844
12;41.79816;-29.798160552978516
11;46.971157;-35.97115707397461
10;75.65167;-65.65167236328125
9;60.473133;-51.4731330871582
8;61.631268;-53.63126754760742
7;82.44913;-75.44912719726562
6;64.47215;-58.47215270996094
5;62.217617;-57.21761703491211
4;46.493862;-42.49386215209961
3;67.16588;-64.16587829589844
2;55.123196;-53.12319564819336
1;80.02336;-79.02336120605469
0;99.82025;-99.82025146484375
99;77.62459;21.375411987304688
98;77.41887;20.581130981445312
97;95.84006;1.159942626953125
96;90.37192;5.628082275390625
95;98.54813;-3.548126220703125
94;86.516624;7.483375549316406
93;89.14484;3.85516357421875
92;81.18683;10.81317138671875
91;91.22371;-0.2237091064453125
90;85.78558;4.21441650390625
89;103.75986;-14.759857177734375
88;84.80214;3.1978607177734375
87;70.376045;16.62395477294922
86;79.214935;6.785064697265625
85;67.92012;17.079879760742188
84;84.30193;-0.30193328857421875
83;64.49567;18.50433349609375
82;58.877777;23.122222900390625
81;59.895897;21.104103088378906
80;44.730434;35.26956558227539
79;39.682613;39.317386627197266
78;47.53954;30.460460662841797
77;37.433758;39.56624221801758
76;46.973522;29.026477813720703
75;45.57958;29.420421600341797
74;52.640987;21.359012603759766
73;43.84;29.15999984741211
72;45.14873;26.851268768310547
71;47.709747;23.290252685546875
70;44.380867;25.61913299560547
69;51.927334;17.07266616821289
68;45.760838;22.23916244506836
67;54.995148;12.004852294921875
66;37.523335;28.476665496826172
65;41.366497;23.633502960205078
64;35.313107;28.686893463134766
63;39.723026;23.276973724365234
62;36.601738;25.39826202392578
61;36.869164;24.130836486816406
60;45.114727;14.885272979736328
59;43.167755;15.832244873046875
58;38.263626;19.736373901367188
57;37.683746;19.316253662109375
56;35.960796;20.039203643798828
55;41.636284;13.363716125488281
54;53.018387;0.9816131591796875
53;55.49148;-2.4914817810058594
52;66.323105;-14.323104858398438
51;56.08688;-5.086879730224609
50;52.162228;-2.1622276306152344
49;49.24274;-0.24274063110351562
48;49.702736;-1.7027359008789062
47;53.5901;-6.590099334716797
46;63.80856;-17.80855941772461
45;46.688637;-1.6886367797851562
44;66.37193;-22.371932983398438
43;65.8002;-22.800201416015625
42;52.021065;-10.021064758300781
41;42.68658;-1.6865806579589844
40;50.260883;-10.260883331298828
39;52.649014;-13.64901351928711
38;59.818558;-21.818557739257812
37;67.31352;-30.313522338867188
36;66.08516;-30.085159301757812
35;66.89261;-31.892608642578125
34;67.15704;-33.15704345703125
33;49.642162;-16.642162322998047
32;46.167564;-14.167564392089844
31;45.784508;-14.784507751464844
30;41.575985;-11.575984954833984
29;53.723896;-24.723896026611328
28;50.595768;-22.595767974853516
27;62.119278;-35.11927795410156
26;44.206425;-18.206424713134766
25;50.948486;-25.948486328125
24;80.28219;-56.282188415527344
23;48.92333;-25.923328399658203
22;52.928646;-30.928646087646484
21;55.607994;-34.607994079589844
20;62.630127;-42.630126953125
19;57.7916;-38.79159927368164
18;53.01841;-35.018409729003906
17;78.66294;-61.662940979003906
16;44.66114;-28.66114044189453
15;44.448162;-29.448162078857422
14;35.546215;-21.546215057373047
13;42.00442;-29.00442123413086
12;45.298473;-33.2984733581543
11;39.29154;-28.29153823852539
10;46.666904;-36.66690444946289
9;51.070698;-42.07069778442383
8;63.955334;-55.9553337097168
7;41.337666;-34.33766555786133
6;63.52452;-57.52452087402344
5;56.708344;-51.708343505859375
4;52.88648;-48.886478424072266
3;73.57344;-70.57344055175781
2;61.320217;-59.32021713256836
1;66.375885;-65.37588500976562
0;55.412914;-55.41291427612305
99;65.92506;33.07494354248047
98;53.702744;44.29725646972656
97;79.096924;17.903076171875
96;70.485855;25.514144897460938
95;90.61006;4.3899383544921875
94;87.71779;6.2822113037109375
93;80.25142;12.748580932617188
92;82.65274;9.347259521484375
91;95.197716;-4.197715759277344
90;76.03441;13.965591430664062
89;73.50159;15.4984130859375
88;72.77303;15.226966857910156
87;79.44714;7.5528564453125
86;71.575485;14.424514770507812
85;86.18747;-1.187469482421875
84;67.23499;16.76500701904297
83;55.143875;27.856124877929688
82;52.652096;29.347904205322266
81;51.726223;29.27377700805664
80;52.770092;27.229907989501953
79;39.343037;39.65696334838867
78;41.43729;36.56270980834961
77;45.64059;31.35940933227539
76;41.136364;34.8636360168457
75;48.737366;26.26263427734375
74;43.588295;30.411705017089844
73;38.080482;34.919517517089844
72;52.105907;19.894092559814453
71;59.045742;11.95425796508789
70;47.910885;22.089115142822266
69;59.633347;9.366653442382812
68;48.00531;19.99468994140625
67;55.792385;11.20761489868164
66;58.060772;7.939228057861328
65;46.619793;18.380207061767578
64;46.33377;17.666229248046875
63;41.782185;21.217815399169922
62;58.82678;3.1732215881347656
61;89.084305;-28.084304809570312
60;76.58267;-16.582672119140625
59;58.933292;0.06670761108398438
58;58.509163;-0.5091629028320312
57;59.906025;-2.906024932861328
56;64.93361;-8.933609008789062
55;46.553425;8.446575164794922
54;58.8644;-4.864398956298828
53;77.971214;-24.971214294433594
52;47.569218;4.430782318115234
51;42.230366;8.769634246826172
50;41.971256;8.028743743896484
49;56.816105;-7.816104888916016
48;53.953297;-5.953296661376953
47;71.359726;-24.359725952148438
46;49.043316;-3.043315887451172
45;47.19862;-2.198619842529297
44;51.43787;-7.437870025634766
43;72.06665;-29.066650390625
42;62.485294;-20.485294342041016
41;52.41438;-11.414379119873047
40;52.07924;-12.079238891601562
39;57.314568;-18.31456756591797
38;49.96291;-11.962909698486328
37;42.42974;-5.429740905761719
36;53.20281;-17.202808380126953
35;48.194496;-13.194496154785156
34;45.33746;-11.337459564208984
33;40.190735;-7.19073486328125
32;46.704967;-14.704967498779297
31;49.726234;-18.726234436035156
30;41.502514;-11.502513885498047
29;38.82851;-9.828510284423828
28;41.411434;-13.411434173583984
27;49.272278;-22.27227783203125
26;45.277073;-19.27707290649414
25;52.947735;-27.947734832763672
24;40.053673;-16.053672790527344
23;46.343807;-23.343807220458984
22;39.937477;-17.937477111816406
21;51.30994;-30.309940338134766
20;43.861046;-23.861045837402344
19;44.045506;-25.04550552368164
18;45.811802;-27.81180191040039
17;45.574215;-28.574214935302734
16;39.07372;-23.073719024658203
15;37.279694;-22.279693603515625
14;44.188835;-30.18883514404297
13;45.889004;-32.88900375366211
12;41.7259;-29.72589874267578
11;50.354893;-39.35489273071289
10;43.68717;-33.68716812133789
9;56.31866;-47.318660736083984
8;83.130905;-75.13090515136719
7;81.26745;-74.26744842529297
6;76.24884;-70.24884033203125
5;60.351013;-55.35101318359375
4;71.59394;-67.59394073486328
3;78.28854;-75.28854370117188
2;89.93383;-87.93383026123047
1;88.10121;-87.10121154785156
0;65.16897;-65.1689682006836
99;73.03441;25.965591430664062
98;74.83505;23.164947509765625
97;93.871445;3.1285552978515625
96;81.20596;14.794036865234375
95;71.91646;23.083541870117188
94;73.22812;20.771881103515625
93;52.40998;40.59001922607422
92;78.394424;13.605575561523438
91;67.19591;23.804092407226562
90;58.350414;31.649585723876953
89;84.39906;4.6009368896484375
88;56.072933;31.927066802978516
87;59.380047;27.619953155517578
86;55.112156;30.88784408569336
85;54.7661;30.233898162841797
84;51.530228;32.46977233886719
83;52.409256;30.590744018554688
82;41.80776;40.19224166870117
81;42.60333;38.396671295166016
80;39.267147;40.732852935791016
79;39.660027;39.33997344970703
78;47.43917;30.560829162597656
77;53.884502;23.115497589111328
76;46.577816;29.422183990478516
75;52.4058;22.594200134277344
74;41.002045;32.997955322265625
73;47.613857;25.38614273071289
72;49.65989;22.340110778808594
71;50.017258;20.982742309570312
70;56.02915;13.97085189819336
69;49.965305;19.03469467163086
68;53.613533;14.386466979980469
67;42.11807;24.88193130493164
66;43.77635;22.223651885986328
65;43.389584;21.610416412353516
64;53.94708;10.052921295166016
63;46.82861;16.171390533447266
62;41.180164;20.819835662841797
61;52.80416;8.195838928222656
60;48.321903;11.678096771240234
59;44.49555;14.504451751708984
58;50.91229;7.087711334228516
57;47.577457;9.422542572021484
56;56.157654;-0.15765380859375
55;46.849796;8.150203704833984
54;56.387676;-2.387676239013672
53;48.175945;4.824054718017578
52;44.06802;7.931980133056641
51;48.414757;2.5852432250976562
50;48.496826;1.503173828125
49;56.985043;-7.985042572021484
48;55.112926;-7.112926483154297
47;65.03275;-18.032752990722656
46;63.07559;-17.07558822631836
45;49.147446;-4.1474456787109375
44;81.33323;-37.333229064941406
43;90.107994;-47.107994079589844
42;71.413826;-29.41382598876953
41;59.074753;-18.074752807617188
40;67.38272;-27.382720947265625
39;56.378506;-17.37850570678711
38;63.595287;-25.595287322998047
37;70.61223;-33.61222839355469
36;105.07571;-69.0757064819336
35;85.35811;-50.35810852050781
34;77.992935;-43.99293518066406
33;71.24814;-38.248138427734375
32;53.84093;-21.840930938720703
31;47.514008;-16.514007568359375
30;79.93412;-49.934120178222656
29;80.954506;-51.954505920410156
28;82.55137;-54.551368713378906
27;73.77953;-46.77953338623047
26;57.964672;-31.964672088623047
25;65.47415;-40.474151611328125
24;71.13385;-47.13385009765625
23;58.025295;-35.02529525756836
22;81.30893;-59.308929443359375
21;78.91047;-57.91046905517578
20;86.69046;-66.69046020507812
19;65.85046;-46.85045623779297
18;63.508244;-45.508243560791016
17;62.554024;-45.55402374267578
16;58.68088;-42.68088150024414
15;43.59284;-28.592838287353516
14;43.804638;-29.804637908935547
13;56.574673;-43.57467269897461
12;60.21172;-48.21171951293945
11;58.718693;-47.718692779541016
10;67.70924;-57.70924377441406
9;49.571217;-40.57121658325195
8;56.723103;-48.72310256958008
7;45.361397;-38.36139678955078
6;52.774357;-46.774356842041016
5;46.995518;-41.99551773071289
4;57.60194;-53.6019401550293
3;46.732048;-43.73204803466797
2;44.977562;-42.977561950683594
1;43.98095;-42.98094940185547
0;45.391865;-45.39186477661133
71;34.70646;36.293540954589844
70;56.0816;13.918399810791016
69;55.67779;13.322208404541016
68;49.483982;18.51601791381836
67;49.393642;17.60635757446289
66;52.674084;13.325916290283203
65;49.05997;15.94002914428711
64;54.93281;9.067188262939453
63;60.414074;2.585926055908203
62;57.801903;4.198097229003906
61;56.0535;4.946498870849609
60;48.90732;11.092681884765625
59;51.672646;7.327354431152344
58;41.254475;16.745525360107422
57;48.1213;8.878700256347656
56;45.758083;10.24191665649414
55;45.01475;9.985248565673828
54;41.96228;12.0377197265625
53;38.95258;14.047420501708984
52;41.08964;10.910358428955078
51;45.905533;5.0944671630859375
50;46.21661;3.7833900451660156
49;44.318844;4.681156158447266
48;54.51463;-6.514629364013672
47;51.562138;-4.562137603759766
46;62.8682;-16.86819839477539
45;39.99711;5.002891540527344
44;67.3974;-23.39739990234375
43;47.049953;-4.049953460693359
42;58.4676;-16.467601776123047
41;95.47937;-54.4793701171875
40;51.360416;-11.360416412353516
39;77.56752;-38.56752014160156
38;63.869915;-25.869915008544922
37;92.217964;-55.21796417236328
36;68.29549;-32.29548645019531
35;62.80624;-27.80624008178711
34;90.45166;-56.45166015625
33;93.95538;-60.95538330078125
32;60.819935;-28.819934844970703
31;48.889637;-17.889636993408203
30;50.356277;-20.356277465820312
29;56.595455;-27.595455169677734
28;54.71014;-26.710140228271484
27;70.33925;-43.33924865722656
26;78.33941;-52.33940887451172
25;82.03204;-57.03204345703125
24;67.30664;-43.306640625
23;62.713753;-39.71375274658203
22;63.251347;-41.251346588134766
21;61.603798;-40.603797912597656
20;80.775375;-60.77537536621094
19;69.555725;-50.55572509765625
18;53.470898;-35.47089767456055
17;76.63492;-59.634918212890625
16;50.934334;-34.93433380126953
15;48.114994;-33.114994049072266
14;47.372627;-33.37262725830078
13;48.360737;-35.36073684692383
12;48.985416;-36.985416412353516
11;62.606953;-51.60695266723633
10;71.2191;-61.21910095214844
9;58.015896;-49.01589584350586
8;46.503544;-38.503543853759766
7;47.493122;-40.49312210083008
6;45.75453;-39.75453186035156
5;50.917233;-45.917232513427734
4;45.910618;-41.91061782836914
3;52.882683;-49.88268280029297
2;64.54346;-62.54345703125
1;44.373734;-43.37373352050781
0;53.910446;-53.91044616699219
81;52.167114;28.8328857421875
80;55.57107;24.42892837524414
79;52.372837;26.62716293334961
78;55.484226;22.51577377319336
77;57.22809;19.77191162109375
76;50.701664;25.298336029052734
75;48.629215;26.370784759521484
74;51.49449;22.505508422851562
73;49.503002;23.496997833251953
72;50.940437;21.05956268310547
71;53.45688;17.543121337890625
70;55.672173;14.327827453613281
69;47.429386;21.570613861083984
68;50.40692;17.59307861328125
67;44.789127;22.210872650146484
66;48.155792;17.844207763671875
65;44.792637;20.20736312866211
64;64.27063;-0.2706298828125
63;51.137386;11.862613677978516
62;51.675137;10.32486343383789
61;55.5695;5.430500030517578
60;54.695663;5.3043365478515625
59;51.26145;7.738548278808594
58;48.078686;9.921314239501953
57;52.91897;4.081031799316406
56;44.481113;11.51888656616211
55;49.435436;5.564563751220703
54;59.037697;-5.037696838378906
53;49.56596;3.434040069580078
52;53.70293;-1.7029304504394531
51;59.919636;-8.919635772705078
50;52.374836;-2.374835968017578
49;48.465828;0.5341720581054688
48;48.92145;-0.9214515686035156
47;40.241764;6.758235931396484
46;48.380627;-2.380626678466797
45;53.396816;-8.39681625366211
44;51.07682;-7.076820373535156
43;57.58782;-14.587818145751953
42;48.497097;-6.497097015380859
41;40.60496;0.3950386047363281
40;48.53848;-8.53847885131836
39;50.54572;-11.545719146728516
38;50.60226;-12.60226058959961
37;36.471333;0.5286674499511719
36;46.244213;-10.244213104248047
35;48.119392;-13.119392395019531
34;64.03022;-30.03022003173828
33;57.621323;-24.621322631835938
32;61.294136;-29.29413604736328
31;56.89278;-25.892780303955078
30;49.365406;-19.365406036376953
29;47.847332;-18.847332000732422
28;51.64036;-23.640361785888672
27;43.638256;-16.638256072998047
26;48.782185;-22.782184600830078
25;70.46213;-45.462127685546875
24;49.17506;-25.175060272216797
23;58.86186;-35.86185836791992
22;55.467186;-33.467185974121094
21;39.349987;-18.349987030029297
20;57.473667;-37.47366714477539
19;58.974888;-39.97488784790039
18;54.75332;-36.753318786621094
17;48.588108;-31.58810806274414
16;48.781895;-32.78189468383789
15;60.238514;-45.2385139465332
14;54.24985;-40.24985122680664
13;49.20042;-36.20042037963867
12;62.98725;-50.98725128173828
11;47.438213;-36.43821334838867
10;50.48982;-40.48981857299805
9;61.958775;-52.95877456665039
8;58.99608;-50.99607849121094
7;47.14741;-40.14741134643555
6;50.77361;-44.77360916137695
5;48.43755;-43.43754959106445
4;52.5256;-48.52560043334961
3;45.38605;-42.386051177978516
2;44.814346;-42.81434631347656
1;51.193867;-50.19386672973633
0;48.204304;-48.20430374145508
99;54.554066;44.4459342956543
98;57.41389;40.58610916137695
97;82.21778;14.782218933105469
96;90.961205;5.038795471191406
95;65.71429;29.28571319580078
94;66.57228;27.427719116210938
93;63.324425;29.675575256347656
92;76.03614;15.963859558105469
91;86.99143;4.008567810058594
90;86.452126;3.5478744506835938
89;78.008415;10.991584777832031
88;82.820335;5.179664611816406
87;78.93116;8.068840026855469
86;67.78416;18.215843200683594
85;63.59347;21.40652847290039
84;57.180893;26.819107055664062
83;50.064766;32.93523406982422
82;56.10617;25.893829345703125
81;50.030407;30.969593048095703
80;56.65983;23.340171813964844
79;48.657604;30.342395782470703
78;53.580196;24.419803619384766
77;48.56401;28.435989379882812
76;50.046795;25.953205108642578
75;51.724106;23.275894165039062
74;43.21602;30.783981323242188
73;43.619404;29.380596160888672
72;58.495235;13.504764556884766
71;59.84582;11.154178619384766
70;50.462486;19.537513732910156
69;66.21609;2.7839126586914062
68;61.913765;6.086235046386719
67;72.57062;-5.57061767578125
66;77.61685;-11.616851806640625
65;50.745632;14.25436782836914
64;45.48213;18.517871856689453
63;67.88586;-4.885856628417969
62;64.657196;-2.657196044921875
61;66.783936;-5.783935546875
60;65.04869;-5.0486907958984375
59;56.658478;2.341522216796875
58;50.231987;7.768013000488281
57;43.110973;13.889026641845703
56;57.128834;-1.1288337707519531
55;51.65864;3.341358184814453
54;37.00237;16.997631072998047
53;53.04112;-0.041118621826171875
52;51.790962;0.20903778076171875
51;51.977985;-0.9779853820800781
50;49.49106;0.508941650390625
49;46.964275;2.035724639892578
48;50.963707;-2.9637069702148438
47;61.075138;-14.075138092041016
46;48.90469;-2.9046897888183594
45;51.63052;-6.630519866943359
44;49.044827;-5.044826507568359
43;53.449154;-10.449153900146484
42;47.07787;-5.077869415283203
41;55.641582;-14.641582489013672
40;54.050785;-14.050785064697266
39;49.29317;-10.293170928955078
38;42.576664;-4.576663970947266
37;50.71821;-13.718208312988281
36;43.49007;-7.490070343017578
35;47.654587;-12.654586791992188
34;48.444996;-14.444995880126953
33;43.42738;-10.427379608154297
32;44.802563;-12.802562713623047
31;48.14065;-17.14065170288086
30;47.69899;-17.698989868164062
29;44.879314;-15.879314422607422
28;43.948757;-15.94875717163086
27;41.73759;-14.737590789794922
26;37.286995;-11.286994934082031
25;38.916615;-13.916614532470703
24;38.72573;-14.725730895996094
23;44.014744;-21.01474380493164
22;48.106598;-26.106597900390625
21;50.705463;-29.705463409423828
20;54.29176;-34.2917594909668
19;48.91302;-29.913021087646484
18;50.79611;-32.79610824584961
17;53.744644;-36.74464416503906
16;49.856472;-33.85647201538086
15;47.64349;-32.643489837646484
14;51.26053;-37.260528564453125
13;51.689434;-38.68943405151367
12;46.628223;-34.62822341918945
11;54.835724;-43.835723876953125
10;63.600727;-53.60072708129883
9;45.811996;-36.81199645996094
8;55.691223;-47.69122314453125
7;42.838608;-35.83860778808594
6;46.13525;-40.135250091552734
5;51.54933;-46.54933166503906
4;48.566776;-44.566776275634766
3;53.66908;-50.6690788269043
2;34.324593;-32.32459259033203
1;54.85888;-53.85887908935547
0;50.894615;-50.894615173339844
99;51.358753;47.6412467956543
98;74.498276;23.501724243164062
97;65.04358;31.9564208984375
96;66.82363;29.176368713378906
95;71.707664;23.292335510253906
94;76.21708;17.782920837402344
93;73.20175;19.798248291015625
92;93.00318;-1.0031814575195312
91;58.729263;32.27073669433594
90;73.1535;16.84649658203125
89;87.39579;1.6042098999023438
88;91.72418;-3.72418212890625
87;79.83696;7.1630401611328125
86;78.795715;7.20428466796875
85;80.25144;4.748558044433594
84;61.92454;22.075458526611328
83;49.490147;33.50985336303711
82;53.413036;28.586963653564453
81;40.93166;40.06834030151367
80;54.37399;25.62601089477539
79;48.358852;30.64114761352539
78;45.97878;32.02122116088867
77;51.86807;25.13193130493164
76;53.35047;22.64952850341797
75;48.488995;26.511005401611328
74;57.91992;16.080078125
73;45.172237;27.827762603759766
72;51.28677;20.71323013305664
71;48.35616;22.643840789794922
70;47.32954;22.670459747314453
69;45.52665;23.473350524902344
68;47.398552;20.60144805908203
67;47.890335;19.109664916992188
66;48.0513;17.948699951171875
65;52.17648;12.82352066040039
64;49.25468;14.745319366455078
63;47.95359;15.046409606933594
62;45.436413;16.563587188720703
61;47.396847;13.603153228759766
60;61.443325;-1.4433250427246094
59;72.67108;-13.67108154296875
58;53.596966;4.403034210205078
57;66.74365;-9.74365234375
56;67.00589;-11.005889892578125
55;59.208286;-4.208286285400391
54;51.102165;2.8978347778320312
53;57.731873;-4.73187255859375
52;65.32587;-13.32586669921875
51;62.514046;-11.514045715332031
50;65.45549;-15.455490112304688
49;63.264843;-14.264842987060547
48;49.954113;-1.9541130065917969
47;53.420567;-6.420566558837891
46;50.32818;-4.328178405761719
45;54.82993;-9.82992935180664
44;52.48071;-8.480709075927734
43;59.880272;-16.880271911621094
42;52.888195;-10.888195037841797
41;51.7583;-10.75830078125
40;56.27074;-16.270740509033203
39;58.685734;-19.685733795166016
38;59.16711;-21.167110443115234
37;61.605347;-24.6053466796875
36;58.587242;-22.587242126464844
35;55.176353;-20.176353454589844
34;49.04352;-15.043521881103516
33;56.5396;-23.539600372314453
32;63.90202;-31.902019500732422
31;61.4962;-30.496200561523438
30;60.033367;-30.033367156982422
29;71.67496;-42.674957275390625
28;64.61649;-36.616493225097656
27;64.2708;-37.27079772949219
26;53.542545;-27.542545318603516
25;85.728645;-60.72864532470703
24;65.96328;-41.963279724121094
23;61.990345;-38.9903450012207
22;58.182343;-36.182342529296875
21;55.109886;-34.109886169433594
20;50.238262;-30.238262176513672
19;60.986588;-41.98658752441406
18;62.065636;-44.065635681152344
17;72.90623;-55.906227111816406
16;62.102882;-46.102882385253906
15;48.56152;-33.561519622802734
14;57.114822;-43.11482238769531
13;57.63921;-44.63920974731445
12;71.279526;-59.27952575683594
11;71.39859;-60.398590087890625
10;74.89612;-64.8961181640625
9;77.30011;-68.30010986328125
8;56.8912;-48.89120101928711
7;61.145878;-54.145877838134766
6;64.15667;-58.15666961669922
5;67.5741;-62.5740966796875
4;52.72523;-48.7252311706543
3;59.315475;-56.31547546386719
2;58.886585;-56.8865852355957
1;58.653793;-57.65379333496094
0;57.148617;-57.148616790771484
99;75.07431;23.925689697265625
98;99.738686;-1.7386856079101562
97;104.887276;-7.887275695800781
96;96.384514;-0.38451385498046875
95;84.78832;10.211677551269531
94;107.862564;-13.862564086914062
93;105.06847;-12.068466186523438
92;86.873436;5.126564025878906
91;86.08757;4.9124298095703125
90;85.1277;4.8722991943359375
89;83.199234;5.8007659912109375
88;86.12022;1.8797836303710938
87;97.29081;-10.290809631347656
86;70.049614;15.950386047363281
85;59.788483;25.211517333984375
84;65.4748;18.52519989013672
83;75.38802;7.611976623535156
82;72.331726;9.66827392578125
81;43.753895;37.2461051940918
80;69.55519;10.444808959960938
79;61.267246;17.73275375366211
78;76.04281;1.9571914672851562
77;49.47713;27.522869110107422
76;58.957684;17.042316436767578
75;47.424488;27.575511932373047
74;73.985825;0.0141754150390625
73;51.58135;21.418651580810547
72;51.797398;20.20260238647461
71;47.627148;23.372852325439453
70;55.28061;14.719390869140625
69;47.50012;21.499881744384766
68;47.70859;20.29140853881836
67;47.764103;19.235897064208984
66;52.36688;13.633121490478516
65;48.4185;16.581501007080078
64;45.601097;18.398902893066406
63;54.84243;8.157569885253906
62;43.542217;18.457782745361328
61;57.98144;3.0185585021972656
60;58.0077;1.9922981262207031
59;46.35731;12.642688751220703
58;43.253937;14.746063232421875
57;42.6081;14.391899108886719
56;50.395092;5.604907989501953
55;39.75236;15.247638702392578
54;52.768375;1.2316246032714844
53;44.041958;8.95804214477539
52;46.677776;5.322223663330078
51;38.585274;12.414726257324219
50;40.96387;9.036128997802734
49;40.68482;8.315181732177734
48;40.3131;7.686901092529297
47;48.028618;-1.0286178588867188
46;55.65225;-9.65224838256836
45;39.621037;5.378963470458984
44;47.783573;-3.7835731506347656
43;37.57402;5.4259796142578125
42;43.44629;-1.4462890625
41;41.44705;-0.4470481872558594
40;43.59551;-3.595508575439453
39;42.72472;-3.724720001220703
38;52.231747;-14.231746673583984
37;44.279438;-7.279438018798828
36;49.667797;-13.667797088623047
35;44.746647;-9.746646881103516
34;55.059795;-21.059795379638672
33;55.35123;-22.35123062133789
32;61.468132;-29.46813201904297
31;61.048466;-30.048465728759766
30;53.732372;-23.732372283935547
29;39.455395;-10.455394744873047
28;42.50539;-14.505390167236328
27;44.940567;-17.940567016601562
26;47.542576;-21.54257583618164
25;47.528805;-22.528804779052734
24;46.917545;-22.917545318603516
23;49.806263;-26.806262969970703
22;46.34961;-24.349609375
21;51.527897;-30.527896881103516
20;50.03223;-30.032230377197266
19;45.17315;-26.17314910888672
18;49.4346;-31.434600830078125
17;51.474472;-34.47447204589844
16;46.616734;-30.61673355102539
15;46.796455;-31.79645538330078
14;39.942196;-25.942195892333984
13;50.78303;-37.78303146362305
12;44.829746;-32.82974624633789
11;51.95432;-40.95431900024414
10;44.905964;-34.90596389770508
9;47.824917;-38.82491683959961
8;43.098164;-35.09816360473633
7;42.973377;-35.9733772277832
6;56.412952;-50.4129524230957
5;50.54764;-45.54764175415039
4;47.356236;-43.35623550415039
3;38.56586;-35.565860748291016
2;37.906467;-35.90646743774414
1;45.067078;-44.06707763671875
0;49.780113;-49.780113220214844
98;44.37989;53.62010955810547
97;60.860332;36.13966751098633
96;72.595566;23.404434204101562
95;64.447754;30.55224609375
94;72.84272;21.15727996826172
93;72.07287;20.92713165283203
92;74.43901;17.560989379882812
91;78.23805;12.761947631835938
90;74.25728;15.742721557617188
89;81.79209;7.207908630371094
88;79.034485;8.96551513671875
87;70.36659;16.633407592773438
86;62.282818;23.717182159423828
85;62.968307;22.031692504882812
84;63.088085;20.911914825439453
83;60.913944;22.086055755615234
82;71.96219;10.037811279296875
81;54.54752;26.45248031616211
80;58.245964;21.75403594970703
79;60.734715;18.26528549194336
78;59.986233;18.01376724243164
77;39.300213;37.69978713989258
76;50.537464;25.462535858154297
75;45.236725;29.763275146484375
74;45.169453;28.830547332763672
73;47.97773;25.02227020263672
72;51.796062;20.203937530517578
71;53.432003;17.567996978759766
70;56.571796;13.428203582763672
69;59.101933;9.898067474365234
68;45.613247;22.38675308227539
67;46.965412;20.034587860107422
66;45.203114;20.796886444091797
65;46.942127;18.057872772216797
64;50.37189;13.628108978271484
63;49.42141;13.578590393066406
62;41.77162;20.228378295898438
61;50.22037;10.77962875366211
60;54.496235;5.503765106201172
59;51.722492;7.277507781982422
58;47.749485;10.25051498413086
57;44.303093;12.696907043457031
56;55.86587;0.13412857055664062
55;48.06712;6.932880401611328
54;48.89313;5.106868743896484
53;39.384434;13.61556625366211
52;62.769604;-10.769603729248047
51;71.87857;-20.878570556640625
50;59.73519;-9.735191345214844
49;67.40263;-18.402633666992188
48;71.735695;-23.735694885253906
47;68.377426;-21.377426147460938
46;86.14614;-40.146141052246094
45;60.34528;-15.345279693603516
44;71.71366;-27.713661193847656
43;73.66862;-30.668617248535156
42;64.70083;-22.700828552246094
41;54.05358;-13.053581237792969
40;45.098644;-5.098644256591797
39;61.044044;-22.044044494628906
38;55.223904;-17.22390365600586
37;67.45613;-30.456130981445312
36;50.817226;-14.81722640991211
35;65.88414;-30.884140014648438
34;59.083103;-25.08310317993164
33;60.205135;-27.205135345458984
32;53.29942;-21.299419403076172
31;53.061436;-22.06143569946289
30;50.89951;-20.89950942993164
29;62.580658;-33.580657958984375
28;69.14841;-41.148406982421875
27;54.830578;-27.830577850341797
26;55.218822;-29.218822479248047
25;50.88385;-25.88385009765625
24;49.067783;-25.06778335571289
23;45.957916;-22.957916259765625
22;52.711582;-30.71158218383789
21;48.72191;-27.721908569335938
20;57.517483;-37.51748275756836
19;53.690926;-34.69092559814453
18;44.363525;-26.363525390625
17;50.213017;-33.213016510009766
16;44.81724;-28.817241668701172
15;46.62637;-31.62636947631836
14;53.47241;-39.472408294677734
13;38.31415;-25.314151763916016
12;42.817688;-30.81768798828125
11;40.941048;-29.94104766845703
10;50.49741;-40.49740982055664
9;44.892986;-35.89298629760742
8;47.346844;-39.34684371948242
7;51.87223;-44.872230529785156
6;49.67848;-43.6784782409668
5;51.96677;-46.96677017211914
4;70.41136;-66.41136169433594
3;64.12809;-61.128089904785156
2;61.472954;-59.47295379638672
1;51.97988;-50.979881286621094
0;69.00673;-69.00672912597656
99;49.383312;49.6166877746582
98;48.46444;49.535560607910156
97;42.72433;54.27566909790039
96;48.119804;47.88019561767578
95;40.577213;54.422786712646484
94;42.05538;51.944618225097656
93;43.083755;49.91624450683594
92;42.739376;49.260623931884766
91;45.661304;45.33869552612305
90;44.75871;45.24129104614258
89;46.032093;42.9679069519043
88;53.65446;34.34553909301758
87;51.015736;35.9842643737793
86;55.797977;30.202022552490234
85;53.100277;31.899723052978516
84;49.639366;34.360633850097656
83;44.272587;38.727413177490234
82;47.32785;34.672149658203125
81;44.234135;36.765865325927734
80;51.616215;28.383785247802734
79;56.013382;22.986618041992188
78;53.954685;24.04531478881836
77;55.691925;21.308074951171875
76;53.20425;22.79574966430664
75;50.448746;24.551254272460938
74;48.31161;25.68838882446289
73;54.706394;18.29360580444336
72;51.870674;20.12932586669922
71;55.4713;15.528701782226562
70;54.144245;15.855754852294922
69;39.916256;29.083744049072266
68;43.666203;24.333797454833984
67;39.81106;27.18893814086914
66;41.553783;24.446216583251953
65;36.199497;28.80050277709961
64;38.010773;25.989227294921875
63;35.016212;27.983787536621094
62;35.430393;26.56960678100586
61;37.5436;23.456401824951172
60;46.40859;13.591411590576172
59;44.411102;14.588897705078125
58;30.838709;27.161291122436523
57;40.584858;16.415142059326172
56;36.488567;19.511432647705078
55;72.160995;-17.160995483398438
54;60.66085;-6.660850524902344
53;61.583576;-8.583576202392578
52;58.535637;-6.535636901855469
51;66.95763;-15.957626342773438
50;62.908695;-12.908695220947266
49;74.742584;-25.742584228515625
48;74.7668;-26.766799926757812
47;75.11616;-28.11615753173828
46;108.341415;-62.34141540527344
45;73.653;-28.652999877929688
44;118.757866;-74.75786590576172
43;43.554554;-0.5545539855957031
42;58.3677;-16.367698669433594
41;67.85751;-26.857513427734375
40;52.418194;-12.418193817138672
39;57.18477;-18.184768676757812
38;63.398857;-25.39885711669922
37;62.38949;-25.389488220214844
36;83.62001;-47.62001037597656
35;50.38721;-15.387210845947266
34;57.88393;-23.883930206298828
33;54.980026;-21.980026245117188
32;46.813816;-14.81381607055664
31;43.848156;-12.848155975341797
30;48.081387;-18.08138656616211
29;45.212734;-16.21273422241211
28;57.781013;-29.78101348876953
27;50.74133;-23.741329193115234
26;50.963543;-24.963542938232422
25;64.24296;-39.242958068847656
24;62.634365;-38.63436508178711
23;52.118076;-29.11807632446289
22;46.78792;-24.787921905517578
21;43.2474;-22.247398376464844
20;44.540173;-24.540172576904297
19;44.022655;-25.022655487060547
18;41.168705;-23.168704986572266
17;38.92056;-21.92055892944336
16;42.080105;-26.08010482788086
15;50.73608;-35.736080169677734
14;37.73451;-23.734508514404297
13;54.952827;-41.95282745361328
12;43.649433;-31.649433135986328
11;43.240803;-32.24080276489258
10;40.817097;-30.817096710205078
9;40.42475;-31.42475128173828
8;51.85904;-43.859039306640625
7;39.37973;-32.379730224609375
6;40.682316;-34.682315826416016
5;37.77866;-32.77865982055664
4;45.958866;-41.958866119384766
3;37.905403;-34.90540313720703
2;37.230293;-35.23029327392578
1;47.909603;-46.909603118896484
0;38.373127;-38.37312698364258
99;46.304436;52.69556427001953
98;47.006016;50.99398422241211
97;54.711384;42.28861618041992
96;59.300045;36.699954986572266
95;65.354645;29.645355224609375
94;58.28468;35.7153205871582
93;55.689106;37.31089401245117
92;61.773125;30.22687530517578
91;52.31683;38.683170318603516
90;81.87735;8.122650146484375
89;65.4457;23.554298400878906
88;67.2883;20.711700439453125
87;78.11648;8.883522033691406
86;69.20062;16.79937744140625
85;62.47616;22.523841857910156
84;70.73757;13.262428283691406
83;51.846207;31.153793334960938
82;48.730774;33.26922607421875
81;48.13152;32.86848068237305
80;47.816082;32.18391799926758
79;48.58437;30.415630340576172
78;45.51782;32.482181549072266
77;58.831455;18.16854476928711
76;59.719593;16.280406951904297
75;43.340305;31.65969467163086
74;58.590237;15.40976333618164
73;59.697;13.303001403808594
72;54.161854;17.838146209716797
71;49.980595;21.019405364990234
70;48.330585;21.669414520263672
69;54.147472;14.852527618408203
68;51.856247;16.143753051757812
67;49.353474;17.646526336669922
66;43.399006;22.600994110107422
65;43.58981;21.41019058227539
64;45.39054;18.609458923339844
63;49.71236;13.287639617919922
62;45.010265;16.989734649658203
61;46.65111;14.348888397216797
60;54.463715;5.536285400390625
59;62.582035;-3.5820350646972656
58;48.022995;9.977005004882812
57;43.532375;13.46762466430664
56;41.817513;14.182487487792969
55;46.033295;8.966705322265625
54;48.260487;5.739513397216797
53;41.394566;11.60543441772461
52;47.105515;4.8944854736328125
51;51.98055;-0.9805488586425781
50;39.389347;10.610652923583984
49;40.57678;8.423221588134766
48;42.912212;5.087787628173828
47;54.297962;-7.297962188720703
46;53.85733;-7.857330322265625
45;42.988575;2.011425018310547
44;48.406826;-4.406826019287109
43;44.419693;-1.4196929931640625
42;50.8644;-8.864398956298828
41;50.315716;-9.315715789794922
40;50.244976;-10.244976043701172
39;64.08855;-25.088546752929688
38;64.295074;-26.295074462890625
37;68.37637;-31.376373291015625
36;50.44605;-14.446048736572266
35;54.918446;-19.918445587158203
34;49.40476;-15.40475845336914
33;43.655186;-10.65518569946289
32;46.861446;-14.861446380615234
31;49.68272;-18.682720184326172
30;44.37566;-14.375659942626953
29;55.81228;-26.812278747558594
28;61.862396;-33.862396240234375
27;57.680874;-30.68087387084961
26;56.831818;-30.831817626953125
25;103.29297;-78.29296875
24;70.073135;-46.07313537597656
23;59.540287;-36.540287017822266
22;57.44696;-35.44696044921875
21;61.826626;-40.82662582397461
20;50.09704;-30.09703826904297
19;42.567867;-23.567867279052734
18;51.627506;-33.627506256103516
17;44.494434;-27.494434356689453
16;50.62969;-34.62968826293945
15;48.73899;-33.738990783691406
14;56.459644;-42.45964431762695
13;49.226715;-36.226715087890625
12;52.43135;-40.43135070800781
11;49.446964;-38.446964263916016
10;42.82744;-32.82743835449219
9;40.43717;-31.43716812133789
8;50.460106;-42.460105895996094
7;50.499798;-43.49979782104492
6;52.001446;-46.00144577026367
5;52.830784;-47.83078384399414
4;43.44768;-39.44768142700195
3;45.11452;-42.11452102661133
2;41.39021;-39.39020919799805
1;48.093563;-47.093563079833984
0;44.946316;-44.94631576538086
99;45.43481;53.565189361572266
98;57.267273;40.73272705078125
97;53.66398;43.336021423339844
96;67.80124;28.198760986328125
95;59.50543;35.494571685791016
94;61.37418;32.62582015991211
93;58.13409;34.865909576416016
92;65.44908;26.550918579101562
91;55.898052;35.10194778442383
90;68.21797;21.782028198242188
89;53.70346;35.296539306640625
88;53.61511;34.384891510009766
87;48.252453;38.7475471496582
86;51.76122;34.2387809753418
85;53.723297;31.276702880859375
84;48.793606;35.20639419555664
83;56.613625;26.386375427246094
82;46.780617;35.219383239746094
81;57.1162;23.883800506591797
80;46.395317;33.60468292236328
79;50.19215;28.807849884033203
78;41.813828;36.18617248535156
77;47.214413;29.785587310791016
76;47.56793;28.432071685791016
75;65.3503;9.649696350097656
74;56.52611;17.473888397216797
73;45.367382;27.632617950439453
72;49.830223;22.169776916503906
71;48.573452;22.42654800415039
70;41.912197;28.08780288696289
69;37.452423;31.547576904296875
68;40.133495;27.866504669189453
67;41.070396;25.929603576660156
66;48.213673;17.786327362060547
65;49.933857;15.066143035888672
64;49.812996;14.187004089355469
63;64.29657;-1.29656982421875
62;66.28372;-4.283721923828125
61;63.483955;-2.4839553833007812
60;51.896328;8.10367202758789
59;51.596508;7.403491973876953
58;57.72403;0.275970458984375
57;67.44369;-10.443687438964844
56;50.775394;5.224605560302734
55;64.787506;-9.787506103515625
54;61.442394;-7.442394256591797
53;65.78635;-12.786346435546875
52;60.954525;-8.954524993896484
51;49.58637;1.4136314392089844
50;50.62607;-0.626068115234375
49;56.526344;-7.526344299316406
48;54.42528;-6.425281524658203
47;51.24155;-4.241550445556641
46;49.908417;-3.908416748046875
45;49.0516;-4.051601409912109
44;55.911823;-11.911823272705078
43;38.976246;4.023754119873047
42;41.54649;0.4535102844238281
41;41.543674;-0.5436744689941406
40;41.49969;-1.4996910095214844
39;44.43131;-5.431308746337891
38;44.123714;-6.123714447021484
37;44.828514;-7.828514099121094
36;52.11942;-16.11941909790039
35;49.854183;-14.854183197021484
34;39.815247;-5.81524658203125
33;45.75799;-12.757991790771484
32;42.106495;-10.106494903564453
31;35.027493;-4.027492523193359
30;42.421932;-12.421932220458984
29;45.18755;-16.187549591064453
28;51.053257;-23.05325698852539
27;43.51048;-16.510478973388672
26;44.970455;-18.970455169677734
25;40.6808;-15.680801391601562
24;42.411915;-18.411914825439453
23;40.908134;-17.90813446044922
22;48.724804;-26.724803924560547
21;43.37412;-22.37411880493164
20;48.01883;-28.018829345703125
19;44.478268;-25.478267669677734
18;45.49807;-27.498069763183594
17;50.983406;-33.98340606689453
16;56.543926;-40.54392623901367
15;68.396965;-53.39696502685547
14;51.77002;-37.77001953125
13;51.22103;-38.221031188964844
12;49.53474;-37.53474044799805
11;57.815704;-46.815704345703125
10;64.08662;-54.08661651611328
9;57.31908;-48.3190803527832
8;54.525455;-46.525455474853516
7;50.33851;-43.33850860595703
6;50.93488;-44.934879302978516
5;49.20344;-44.20344161987305
4;49.353138;-45.3531379699707
3;43.439354;-40.439353942871094
2;46.915947;-44.91594696044922
1;49.8844;-48.8843994140625
0;39.698147;-39.69814682006836
99;55.075977;43.92402267456055
98;70.095825;27.9041748046875
97;60.280544;36.71945571899414
96;91.91429;4.0857086181640625
95;83.25438;11.745620727539062
94;78.358574;15.641426086425781
93;77.72667;15.273330688476562
92;72.14265;19.85735321044922
91;80.00133;10.998672485351562
90;71.50825;18.49175262451172
89;66.75509;22.244911193847656
88;79.973465;8.026535034179688
87;55.514225;31.485774993896484
86;62.04067;23.959331512451172
85;67.2283;17.771697998046875
84;70.14529;13.854713439941406
83;62.802464;20.19753646850586
82;54.40606;27.59394073486328
81;62.254208;18.745792388916016
80;52.050266;27.94973373413086
79;39.339947;39.66005325317383
78;44.47434;33.52566146850586
77;48.442844;28.55715560913086
76;41.456142;34.54385757446289
75;44.42419;30.575809478759766
74;45.382286;28.617713928222656
73;45.77335;27.22665023803711
72;45.846928;26.153072357177734
71;41.12541;29.874591827392578
70;44.315746;25.684253692626953
69;45.48453;23.51546859741211
68;42.10875;25.891250610351562
67;51.084057;15.915943145751953
66;48.241337;17.758663177490234
65;41.02266;23.977340698242188
64;39.225452;24.774547576904297
63;40.0417;22.958301544189453
62;40.50302;21.496978759765625
61;41.001747;19.998252868652344
60;39.879528;20.120471954345703
59;40.700085;18.299915313720703
58;43.100536;14.899463653564453
57;41.940952;15.05904769897461
56;36.519604;19.480396270751953
55;43.492905;11.507095336914062
54;54.629837;-0.6298370361328125
53;48.665707;4.334293365478516
52;59.87735;-7.877349853515625
51;55.484108;-4.484107971191406
50;51.068256;-1.0682563781738281
49;48.91328;0.08671951293945312
48;52.152824;-4.152824401855469
47;52.63601;-5.636009216308594
46;51.97312;-5.973121643066406
45;47.458755;-2.4587554931640625
44;45.73808;-1.7380790710449219
43;48.22656;-5.226558685302734
42;56.876175;-14.876174926757812
41;46.079372;-5.079372406005859
40;47.9464;-7.946399688720703
39;53.10516;-14.105159759521484
38;61.54905;-23.549049377441406
37;49.28707;-12.287071228027344
36;51.77451;-15.77450942993164
35;48.290485;-13.290485382080078
34;49.99059;-15.990589141845703
33;47.34255;-14.342548370361328
32;52.623695;-20.623695373535156
31;49.132362;-18.132362365722656
30;63.905758;-33.905757904052734
29;50.314102;-21.314102172851562
28;48.590164;-20.590164184570312
27;42.005558;-15.005558013916016
26;46.67683;-20.676830291748047
25;54.173557;-29.17355728149414
24;61.40636;-37.4063606262207
23;82.56085;-59.56085205078125
22;76.82892;-54.82891845703125
21;78.76684;-57.76683807373047
20;69.76162;-49.761619567871094
19;74.04945;-55.04945373535156
18;68.96032;-50.96031951904297
17;64.69572;-47.695716857910156
16;59.082706;-43.082706451416016
15;48.670353;-33.670352935791016
14;53.91656;-39.916561126708984
13;45.234825;-32.234825134277344
12;50.6807;-38.68069839477539
11;41.164284;-30.164283752441406
10;52.675922;-42.67592239379883
9;39.056843;-30.056842803955078
8;49.892117;-41.89211654663086
7;44.909374;-37.90937423706055
6;45.517582;-39.517581939697266
5;46.029667;-41.029666900634766
4;67.71983;-63.71983337402344
3;52.779335;-49.779335021972656
2;57.692833;-55.692832946777344
1;53.328575;-52.328575134277344
0;51.811863;-51.81186294555664
80;56.016563;23.983436584472656
79;55.842358;23.157642364501953
78;56.65358;21.346420288085938
77;57.089672;19.910327911376953
76;52.318413;23.68158721923828
75;64.59595;10.404052734375
74;58.861454;15.138545989990234
73;61.258957;11.741043090820312
72;64.1072;7.892799377441406
71;54.45543;16.544570922851562
70;58.53111;11.468891143798828
69;57.274937;11.72506332397461
68;56.908676;11.091323852539062
67;71.51975;-4.519752502441406
66;64.99501;1.0049896240234375
65;42.372753;22.627246856689453
64;48.54204;15.457958221435547
63;45.89305;17.106948852539062
62;47.789646;14.21035385131836
61;48.44601;12.55398941040039
60;46.264256;13.73574447631836
59;51.416645;7.583354949951172
58;46.551735;11.448265075683594
57;48.699482;8.300518035888672
56;49.14918;6.850818634033203
55;49.03694;5.9630584716796875
54;46.68394;7.316059112548828
53;45.484383;7.515617370605469
52;57.201103;-5.201103210449219
51;56.302166;-5.302165985107422
50;52.67342;-2.673419952392578
49;66.81525;-17.81524658203125
48;54.760353;-6.760353088378906
47;48.59949;-1.5994911193847656
46;58.499264;-12.499263763427734
45;56.279064;-11.279064178466797
44;61.735382;-17.735382080078125
43;64.760544;-21.760543823242188
42;46.18449;-4.184490203857422
41;63.95946;-22.959461212158203
40;43.44327;-3.4432716369628906
39;49.87983;-10.879829406738281
38;47.724957;-9.724956512451172
37;49.935562;-12.935562133789062
36;64.30272;-28.302719116210938
35;58.15199;-23.151988983154297
34;75.86631;-41.866310119628906
33;73.41986;-40.41986083984375
32;45.52638;-13.526378631591797
31;37.65068;-6.6506805419921875
30;40.4134;-10.413398742675781
29;44.733562;-15.733562469482422
28;39.74261;-11.742610931396484
27;41.506016;-14.50601577758789
26;48.36944;-22.36943817138672
25;49.06222;-24.06222152709961
24;57.626102;-33.626102447509766
23;52.64187;-29.641868591308594
22;46.936756;-24.936756134033203
21;48.98277;-27.982769012451172
20;38.422832;-18.422832489013672
19;46.016968;-27.0169677734375
18;49.453808;-31.453807830810547
17;45.92335;-28.923351287841797
16;38.5397;-22.53969955444336
15;43.90006;-28.90005874633789
14;43.402843;-29.402843475341797
13;41.920513;-28.920513153076172
12;36.522114;-24.522113800048828
11;38.43306;-27.433059692382812
10;36.552326;-26.552326202392578
9;37.58991;-28.589908599853516
8;50.354725;-42.3547248840332
7;41.301403;-34.3014030456543
6;45.75909;-39.759090423583984
5;53.82146;-48.82146072387695
4;44.45169;-40.451690673828125
3;46.967705;-43.96770477294922
2;43.643227;-41.643226623535156
1;42.80634;-41.806339263916016
0;51.550556;-51.55055618286133
106;45.21645;60.78355026245117
105;46.63283;58.36716842651367
104;45.126835;58.873165130615234
103;57.087215;45.912784576416016
102;56.552097;45.44790267944336
101;47.424946;53.57505416870117
100;43.60204;56.3979606628418
99;39.466652;59.533348083496094
98;43.61557;54.384429931640625
97;43.338737;53.66126251220703
96;35.74188;60.258121490478516
95;40.88088;54.11912155151367
94;46.810818;47.18918228149414
93;47.736595;45.263404846191406
92;55.242146;36.75785446166992
91;45.11215;45.88785171508789
90;46.958767;43.04123306274414
89;47.495285;41.50471496582031
88;49.13692;38.86307907104492
87;49.49227;37.507728576660156
86;50.896088;35.103912353515625
85;47.880527;37.11947250366211
84;59.97793;24.022071838378906
83;68.62188;14.378120422363281
82;83.118614;-1.1186141967773438
81;63.300976;17.699024200439453
80;66.627106;13.372894287109375
79;49.912434;29.087566375732422
78;68.00903;9.990966796875
77;55.764706;21.235294342041016
76;61.03477;14.965229034423828
75;70.29685;4.703147888183594
74;63.84478;10.155220031738281
73;49.849316;23.150684356689453
72;68.255936;3.7440643310546875
71;65.52034;5.4796600341796875
70;86.44795;-16.447952270507812
69;58.394917;10.605083465576172
68;55.7249;12.275100708007812
67;51.617702;15.38229751586914
66;55.26399;10.736011505126953
65;47.34578;17.654220581054688
64;45.620667;18.37933349609375
63;41.642952;21.35704803466797
62;43.385612;18.61438751220703
61;69.905235;-8.905235290527344
60;71.82875;-11.828750610351562
59;61.407486;-2.4074859619140625
58;62.2946;-4.2946014404296875
57;51.751564;5.248435974121094
56;64.12627;-8.126266479492188
55;61.10453;-6.104530334472656
54;51.66739;2.332611083984375
53;87.66362;-34.66361999511719
52;67.16668;-15.166679382324219
51;58.455715;-7.455715179443359
50;66.69158;-16.69158172607422
49;55.66465;-6.664649963378906
48;65.67697;-17.676971435546875
47;75.44576;-28.445762634277344
46;81.141045;-35.14104461669922
45;96.206314;-51.20631408691406
44;69.49327;-25.493270874023438
43;66.68085;-23.68084716796875
42;43.658146;-1.6581459045410156
41;51.242435;-10.242435455322266
40;52.03635;-12.03635025024414
39;52.108196;-13.108196258544922
38;47.311428;-9.31142807006836
37;52.951626;-15.95162582397461
36;48.926815;-12.926815032958984
35;43.46213;-8.46213150024414
34;44.325333;-10.325332641601562
33;54.19195;-21.191951751708984
32;41.64;-9.639999389648438
31;48.6525;-17.65250015258789
30;49.158092;-19.158092498779297
29;48.2495;-19.249500274658203
28;39.36595;-11.365951538085938
27;44.01056;-17.01055908203125
26;59.571712;-33.571712493896484
25;51.9694;-26.969398498535156
24;44.79028;-20.790279388427734
23;54.14564;-31.145641326904297
22;36.697666;-14.69766616821289
21;46.524685;-25.52468490600586
20;47.238346;-27.238346099853516
19;46.70569;-27.7056884765625
18;49.609154;-31.609153747558594
17;46.948025;-29.94802474975586
16;38.892715;-22.892715454101562
15;53.45717;-38.45716857910156
14;49.274975;-35.27497482299805
13;56.965305;-43.96530532836914
12;54.41344;-42.4134407043457
11;46.455956;-35.455955505371094
10;40.739338;-30.739337921142578
9;67.36221;-58.362213134765625
8;46.63455;-38.63454818725586
7;44.992218;-37.992218017578125
6;51.25969;-45.25968933105469
5;52.37737;-47.37736892700195
4;54.860153;-50.86015319824219
3;59.705517;-56.70551681518555
2;60.233536;-58.23353576660156
1;87.474045;-86.47404479980469
0;48.145626;-48.145626068115234
99;73.37746;25.622543334960938
98;73.790825;24.20917510986328
97;61.068436;35.93156433105469
96;83.752686;12.247314453125
95;72.310715;22.689285278320312
94;75.74529;18.25470733642578
93;66.645676;26.354324340820312
92;70.38723;21.612770080566406
91;68.05466;22.945343017578125
90;59.85613;30.143871307373047
89;57.853077;31.146923065185547
88;63.1801;24.819900512695312
87;59.516537;27.483463287353516
86;66.8886;19.11139678955078
85;60.57545;24.424549102783203
84;61.891514;22.10848617553711
83;55.6865;27.313499450683594
82;47.304806;34.695194244384766
81;50.17671;30.823291778564453
80;45.110653;34.889347076416016
79;44.52714;34.47285842895508
78;52.470737;25.52926254272461
77;48.346497;28.65350341796875
76;48.52032;27.479679107666016
75;49.67514;25.324859619140625
74;43.146946;30.85305404663086
73;41.38562;31.6143798828125
72;45.49413;26.505870819091797
71;45.686153;25.313846588134766
70;41.56307;28.436931610107422
69;42.72221;26.277790069580078
68;47.663116;20.336883544921875
67;43.707226;23.292774200439453
66;47.97656;18.023441314697266
65;47.009373;17.99062728881836
64;68.93585;-4.93585205078125
63;46.82548;16.174518585205078
62;50.338665;11.661334991455078
61;55.149208;5.850791931152344
60;54.412468;5.587532043457031
59;44.48349;14.516510009765625
58;50.846252;7.15374755859375
57;69.564865;-12.564865112304688
56;49.480766;6.519233703613281
55;52.444775;2.555225372314453
54;57.5699;-3.5699005126953125
53;46.450214;6.549785614013672
52;53.56984;-1.5698394775390625
51;51.457623;-0.4576225280761719
50;67.57901;-17.579010009765625
49;55.334377;-6.334377288818359
48;48.796562;-0.7965621948242188
47;66.04796;-19.047958374023438
46;53.651836;-7.651836395263672
45;38.729885;6.270114898681641
44;44.26134;-0.2613410949707031
43;42.561863;0.4381370544433594
42;43.079426;-1.0794258117675781
41;43.467304;-2.467304229736328
40;43.210323;-3.2103233337402344
39;46.041462;-7.041461944580078
38;52.601723;-14.601722717285156
37;52.812183;-15.812183380126953
36;45.9679;-9.967899322509766
35;41.452496;-6.452495574951172
34;39.86553;-5.865528106689453
33;41.073513;-8.07351303100586
32;40.88277;-8.882770538330078
31;40.03816;-9.038158416748047
30;39.77632;-9.776321411132812
29;39.560474;-10.560474395751953
28;36.36278;-8.362781524658203
27;36.982525;-9.982524871826172
26;38.036083;-12.036083221435547
25;34.7952;-9.79520034790039
24;40.836765;-16.83676528930664
23;39.288628;-16.28862762451172
22;45.025494;-23.025493621826172
21;45.722248;-24.722248077392578
20;41.40338;-21.40338134765625
19;47.144474;-28.144474029541016
18;39.642666;-21.64266586303711
17;41.244946;-24.244945526123047
16;44.056572;-28.05657196044922
15;56.59255;-41.59254837036133
14;50.35681;-36.3568115234375
13;47.60793;-34.60792922973633
12;64.67113;-52.67112731933594
11;45.972412;-34.972412109375
10;40.699055;-30.699054718017578
9;43.258728;-34.25872802734375
8;50.31419;-42.31418991088867
7;39.33778;-32.3377799987793
6;44.975147;-38.97514724731445
5;49.493664;-44.4936637878418
4;51.74305;-47.74304962158203
3;43.104706;-40.104705810546875
2;55.964947;-53.96494674682617
1;57.542767;-56.54276657104492
0;48.942715;-48.94271469116211
99;52.140194;46.859806060791016
98;51.27106;46.728939056396484
97;63.202717;33.79728317260742
96;74.97522;21.0247802734375
95;50.32877;44.67123031616211
94;62.970608;31.02939224243164
93;51.5779;41.42210006713867
92;44.978363;47.021636962890625
91;72.70748;18.292518615722656
90;54.76059;35.239410400390625
89;49.84427;39.155731201171875
88;55.606087;32.39391326904297
87;47.39024;39.60976028442383
86;50.57351;35.426490783691406
85;45.13359;39.86640930175781
84;58.32488;25.675121307373047
83;43.79169;39.208309173583984
82;43.74057;38.259429931640625
81;37.41817;43.58182907104492
80;42.997738;37.002262115478516
79;43.15897;35.84103012084961
78;45.195435;32.8045654296875
77;46.531868;30.46813201904297
76;39.209335;36.79066467285156
75;44.819252;30.180747985839844
74;46.317562;27.682437896728516
73;45.032024;27.967975616455078
72;45.69444;26.305561065673828
71;48.78943;22.2105712890625
70;42.711407;27.288593292236328
69;40.15382;28.846179962158203
68;33.139416;34.8605842590332
67;42.694492;24.30550765991211
66;37.232895;28.767105102539062
65;45.52399;19.476009368896484
64;47.598995;16.401004791259766
63;46.91538;16.08462142944336
62;54.2589;7.741100311279297
61;55.693058;5.306941986083984
60;43.34894;16.651058197021484
59;55.99532;3.004680633544922
58;50.065605;7.934394836425781
57;56.04882;0.9511795043945312
56;49.493683;6.506317138671875
55;45.999084;9.00091552734375
54;46.743126;7.256874084472656
53;54.256714;-1.2567138671875
52;48.670773;3.3292274475097656
51;49.007633;1.9923667907714844
50;48.796818;1.2031822204589844
49;41.67457;7.325431823730469
48;42.58756;5.412441253662109
47;40.901646;6.098354339599609
46;53.305164;-7.305164337158203
45;46.26632;-1.2663192749023438
44;49.275726;-5.275726318359375
43;40.458546;2.541454315185547
42;43.468525;-1.4685249328613281
41;46.364296;-5.364295959472656
40;41.18558;-1.1855812072753906
39;40.96184;-1.9618415832519531
38;48.020416;-10.020416259765625
37;44.563;-7.562999725341797
36;46.55699;-10.556991577148438
35;34.895454;0.10454559326171875
34;35.58015;-1.5801506042480469
33;34.696888;-1.6968879699707031
32;34.061787;-2.061786651611328
31;36.998295;-5.998294830322266
30;37.325245;-7.325244903564453
29;46.53127;-17.531269073486328
28;42.700436;-14.700435638427734
27;38.739426;-11.739425659179688
26;49.294662;-23.294662475585938
25;41.52443;-16.524429321289062
24;44.63476;-20.634761810302734
23;50.0852;-27.085201263427734
22;44.26029;-22.26028823852539
21;52.35874;-31.358741760253906
20;44.712933;-24.712932586669922
19;50.547348;-31.547348022460938
18;49.987072;-31.987071990966797
17;63.68852;-46.68851852416992
16;45.423775;-29.42377471923828
15;49.32043;-34.320430755615234
14;46.06094;-32.06093978881836
13;43.388054;-30.38805389404297
12;40.62228;-28.62228012084961
11;46.087925;-35.08792495727539
10;52.511585;-42.5115852355957
9;38.013115;-29.01311492919922
8;45.066143;-37.06614303588867
7;41.275963;-34.275962829589844
6;74.7132;-68.71320343017578
5;44.627033;-39.62703323364258
4;76.13451;-72.13450622558594
3;48.498158;-45.4981575012207
2;52.774136;-50.77413558959961
1;48.302692;-47.30269241333008
0;57.045773;-57.045772552490234
99;61.619446;37.38055419921875
98;70.443504;27.556495666503906
97;67.38222;29.617782592773438
96;88.18787;7.8121337890625
95;76.23279;18.7672119140625
94;71.16191;22.838088989257812
93;70.65153;22.348472595214844
92;100.03557;-8.035568237304688
91;79.533356;11.466644287109375
90;78.21573;11.784271240234375
89;90.976456;-1.9764556884765625
88;82.83876;5.1612396240234375
87;97.651436;-10.651435852050781
86;59.619488;26.380512237548828
85;64.19368;20.806320190429688
84;56.257057;27.742942810058594
83;44.929356;38.07064437866211
82;49.740967;32.259033203125
81;45.70712;35.29288101196289
80;41.03558;38.964420318603516
79;55.673645;23.32635498046875
78;56.205082;21.794918060302734
77;67.46146;9.538543701171875
76;50.659748;25.340251922607422
75;53.298843;21.701156616210938
74;60.571323;13.42867660522461
73;58.030045;14.969955444335938
72;58.036976;13.963024139404297
71;51.201874;19.798126220703125
70;41.988277;28.011722564697266
69;48.524906;20.475093841552734
68;42.739746;25.26025390625
67;41.536;25.464000701904297
66;48.222874;17.77712631225586
65;54.096565;10.903434753417969
64;51.474716;12.525283813476562
63;50.53017;12.469829559326172
62;45.527946;16.47205352783203
61;43.836273;17.163726806640625
60;51.25028;8.74972152709961
59;47.99245;11.007549285888672
58;39.388454;18.61154556274414
57;37.710003;19.289997100830078
56;45.84859;10.151409149169922
55;53.320084;1.6799163818359375
54;57.94542;-3.9454193115234375
53;58.487064;-5.487064361572266
52;46.106514;5.893486022949219
51;45.567326;5.432674407958984
50;48.181084;1.8189163208007812
49;50.833694;-1.8336944580078125
48;51.560963;-3.560962677001953
47;38.621616;8.37838363647461
46;45.406815;0.5931854248046875
45;44.803547;0.19645309448242188
44;38.053104;5.946895599365234
43;46.940575;-3.9405746459960938
42;42.159813;-0.15981292724609375
41;45.77525;-4.775249481201172
40;54.781673;-14.781673431396484
39;60.573185;-21.573184967041016
38;49.38577;-11.38576889038086
37;52.226166;-15.226165771484375
36;56.038727;-20.038726806640625
35;62.370617;-27.370616912841797
34;50.565712;-16.565711975097656
33;41.60094;-8.600940704345703
32;47.492085;-15.492084503173828
31;42.3165;-11.31650161743164
30;43.60682;-13.606819152832031
29;45.996258;-16.996257781982422
28;42.58499;-14.584991455078125
27;44.12885;-17.128849029541016
26;50.600643;-24.600643157958984
25;39.725254;-14.72525405883789
24;52.887745;-28.887744903564453
23;47.798862;-24.79886245727539
22;36.550148;-14.550148010253906
21;39.560513;-18.56051254272461
20;51.13522;-31.13521957397461
19;46.04423;-27.044231414794922
18;43.555103;-25.555103302001953
17;39.956013;-22.956012725830078
16;38.48399;-22.483989715576172
15;45.85693;-30.856929779052734
14;46.70677;-32.70677185058594
13;54.008846;-41.008846282958984
12;67.52514;-55.52513885498047
11;71.03024;-60.030242919921875
10;66.67694;-56.67694091796875
9;56.75755;-47.75754928588867
8;85.53404;-77.53404235839844
7;107.79845;-100.79844665527344
6;60.153202;-54.153202056884766
5;86.44882;-81.44882202148438
4;64.9696;-60.96959686279297
3;115.34149;-112.34149169921875
2;67.75453;-65.75453186035156
1;61.960224;-60.96022415161133
0;81.505226;-81.5052261352539
73;80.30542;-7.305419921875
72;73.84053;-1.8405303955078125
71;101.809235;-30.809234619140625
70;80.047905;-10.047904968261719
69;71.56699;-2.5669937133789062
68;81.28176;-13.281761169433594
67;88.74693;-21.746932983398438
66;92.4713;-26.471298217773438
65;95.87213;-30.87213134765625
64;79.78492;-15.784919738769531
63;70.997345;-7.997344970703125
62;64.76957;-2.7695693969726562
61;47.24605;13.753948211669922
60;47.919872;12.080127716064453
59;50.66618;8.333820343017578
58;39.75903;18.240970611572266
57;43.230034;13.769966125488281
56;44.00777;11.992229461669922
55;41.601944;13.398056030273438
54;42.24962;11.750381469726562
53;44.733707;8.266292572021484
52;47.523743;4.47625732421875
51;66.74367;-15.743667602539062
50;53.53936;-3.5393600463867188
49;55.163662;-6.163661956787109
48;53.545673;-5.545673370361328
47;52.820343;-5.820343017578125
46;46.036915;-0.036914825439453125
45;45.668007;-0.6680068969726562
44;44.97228;-0.9722785949707031
43;46.525116;-3.525115966796875
42;43.319805;-1.3198051452636719
41;49.123447;-8.12344741821289
40;42.352867;-2.3528671264648438
39;50.29252;-11.292518615722656
38;45.964252;-7.964252471923828
37;44.177567;-7.1775665283203125
36;47.91054;-11.910541534423828
35;58.99163;-23.99163055419922
34;46.227283;-12.227283477783203
33;48.78552;-15.785518646240234
32;40.621986;-8.621986389160156
31;44.80167;-13.80167007446289
30;48.811844;-18.811843872070312
29;54.903744;-25.903743743896484
28;44.369373;-16.369373321533203
27;64.99626;-37.99626159667969
26;75.21571;-49.21571350097656
25;72.227875;-47.227874755859375
24;67.444565;-43.44456481933594
23;56.02966;-33.029659271240234
22;63.714184;-41.71418380737305
21;72.87031;-51.87030792236328
20;59.60946;-39.609458923339844
19;56.959503;-37.959503173828125
18;50.66535;-32.66535186767578
17;55.167736;-38.1677360534668
16;46.591343;-30.59134292602539
15;50.64529;-35.64529037475586
14;44.09518;-30.09518051147461
13;46.13196;-33.131961822509766
12;52.988617;-40.988616943359375
11;43.607174;-32.607173919677734
10;40.16415;-30.16415023803711
9;36.450924;-27.450923919677734
8;38.877014;-30.87701416015625
7;47.026985;-40.02698516845703
6;51.252796;-45.2527961730957
5;54.445072;-49.445072174072266
4;58.23406;-54.23405838012695
3;48.2112;-45.21120071411133
2;41.351818;-39.3518180847168
1;46.958424;-45.95842361450195
0;61.38087;-61.3808708190918
107;39.45825;67.54175186157227
106;40.614185;65.38581466674805
105;44.479813;60.52018737792969
104;54.843235;49.15676498413086
103;44.785336;58.214664459228516
102;45.670776;56.3292236328125
101;40.86014;60.13985824584961
100;45.048176;54.95182418823242
99;42.163723;56.83627700805664
98;51.98567;46.01433181762695
97;44.398872;52.60112762451172
96;46.236233;49.76376724243164
95;47.940105;47.05989456176758
94;52.037487;41.9625129699707
93;49.745613;43.25438690185547
92;60.769253;31.23074722290039
91;44.982105;46.01789474487305
90;45.43547;44.56452941894531
89;43.03283;45.96717071533203
88;42.144535;45.855464935302734
87;36.838947;50.16105270385742
86;43.522305;42.47769546508789
85;51.168667;33.83133316040039
84;49.399693;34.60030746459961
83;51.973385;31.026615142822266
82;39.748024;42.251976013183594
81;41.432396;39.567604064941406
80;44.34811;35.65188980102539
79;50.190235;28.809764862060547
78;43.034733;34.965267181396484
77;41.42741;35.57258987426758
76;41.079533;34.920467376708984
75;49.228077;25.771923065185547
74;50.14977;23.850231170654297
73;51.78098;21.21902084350586
72;59.41774;12.582260131835938
71;58.799267;12.200733184814453
70;44.77449;25.225509643554688
69;34.24109;34.7589111328125
68;40.757008;27.242992401123047
67;38.422535;28.577465057373047
66;42.40536;23.59463882446289
65;41.62791;23.372089385986328
64;47.828465;16.17153549194336
63;43.39678;19.603221893310547
62;52.0746;9.925399780273438
61;65.25162;-4.251617431640625
60;47.63657;12.36343002319336
59;46.62358;12.376419067382812
58;53.956234;4.043766021728516
57;67.93013;-10.930130004882812
56;42.850063;13.14993667602539
55;50.827106;4.172893524169922
54;58.255142;-4.2551422119140625
53;48.832237;4.167762756347656
52;68.14548;-16.145477294921875
51;75.90828;-24.908279418945312
50;67.12541;-17.125411987304688
49;56.020767;-7.0207672119140625
48;73.94789;-25.947891235351562
47;67.61713;-20.61712646484375
46;56.405304;-10.405303955078125
45;60.130085;-15.130084991455078
44;84.91576;-40.91575622558594
43;53.675846;-10.675846099853516
42;51.736702;-9.736701965332031
41;40.265614;0.7343864440917969
40;45.786983;-5.786983489990234
39;52.8331;-13.833099365234375
38;46.53106;-8.531059265136719
37;53.062473;-16.06247329711914
36;39.947098;-3.9470977783203125
35;53.14799;-18.147991180419922
34;55.18256;-21.182559967041016
33;68.40899;-35.40898895263672
32;58.235783;-26.235782623291016
31;55.227543;-24.227542877197266
30;50.32115;-20.321151733398438
29;51.956627;-22.956626892089844
28;44.428375;-16.428375244140625
27;47.9272;-20.927200317382812
26;52.460392;-26.460391998291016
25;57.98334;-32.983341217041016
24;59.397;-35.39699935913086
23;50.736633;-27.73663330078125
22;51.24849;-29.248489379882812
21;54.817738;-33.8177375793457
20;49.84786;-29.847858428955078
19;56.35866;-37.35866165161133
18;42.007763;-24.007762908935547
17;46.102165;-29.10216522216797
16;47.994;-31.993999481201172
15;51.998028;-36.99802780151367
14;44.830124;-30.830123901367188
13;47.091045;-34.09104537963867
12;45.54687;-33.546871185302734
11;54.33768;-43.33768081665039
10;65.92081;-55.920806884765625
9;58.734146;-49.73414611816406
8;70.4991;-62.49909973144531
7;62.80807;-55.80807113647461
6;61.325565;-55.325565338134766
5;51.86576;-46.865760803222656
4;53.316895;-49.31689453125
3;55.406223;-52.40622329711914
2;44.207233;-42.20723342895508
1;45.881977;-44.88197708129883
0;58.966778;-58.96677780151367
99;62.349308;36.650691986083984
98;74.65172;23.348281860351562
97;74.12934;22.87065887451172
96;80.799355;15.200645446777344
95;78.0608;16.93920135498047
94;81.245255;12.754745483398438
93;62.846348;30.15365219116211
92;66.326256;25.673744201660156
91;68.11312;22.886878967285156
90;73.77957;16.220428466796875
89;72.24309;16.756912231445312
88;63.642746;24.357254028320312
87;65.71606;21.28394317626953
86;69.4787;16.52130126953125
85;69.89811;15.101890563964844
84;59.815617;24.184383392333984
83;48.241257;34.75874328613281
82;49.47659;32.52341079711914
81;48.360523;32.63947677612305
80;52.163136;27.836864471435547
79;67.13565;11.864349365234375
78;46.15608;31.843921661376953
77;52.342228;24.657772064208984
76;57.750736;18.249263763427734
75;67.00447;7.9955291748046875
74;55.631622;18.368377685546875
73;51.004864;21.995136260986328
72;45.386578;26.613422393798828
71;51.387997;19.612003326416016
70;47.529514;22.47048568725586
69;51.67551;17.32448959350586
68;67.27602;0.7239837646484375
67;57.694435;9.305564880371094
66;78.86157;-12.861572265625
65;68.46349;-3.4634933471679688
64;99.4722;-35.472198486328125
63;90.63588;-27.635879516601562
62;85.51353;-23.513526916503906
61;103.683754;-42.683753967285156
60;66.959595;-6.9595947265625
59;93.41385;-34.413848876953125
58;108.8227;-50.82270050048828
57;57.465633;-0.4656333923339844
56;61.804905;-5.804904937744141
55;53.13087;1.8691291809082031
54;60.012653;-6.012653350830078
53;78.04568;-25.045677185058594
52;64.36624;-12.366241455078125
51;114.62634;-63.6263427734375
50;75.40341;-25.403411865234375
49;69.42648;-20.426483154296875
48;120.87491;-72.87490844726562
47;81.767334;-34.767333984375
46;55.753647;-9.753646850585938
45;62.066235;-17.066234588623047
44;57.066776;-13.066776275634766
43;70.29675;-27.2967529296875
42;75.122925;-33.1229248046875
41;70.61852;-29.61852264404297
40;49.543774;-9.543773651123047
39;79.07359;-40.07359313964844
38;47.750805;-9.750804901123047
37;64.51726;-27.517257690429688
36;69.8223;-33.822303771972656
35;60.939934;-25.93993377685547
34;61.333897;-27.33389663696289
33;68.131584;-35.13158416748047
32;64.97824;-32.978240966796875
31;46.88313;-15.883129119873047
30;49.11324;-19.113239288330078
29;51.144848;-22.144847869873047
28;51.360195;-23.36019515991211
27;46.961628;-19.961627960205078
26;74.835045;-48.835044860839844
25;58.404613;-33.40461349487305
24;91.61913;-67.61913299560547
23;67.01454;-44.01454162597656
22;79.198906;-57.19890594482422
21;48.33618;-27.336181640625
20;44.965473;-24.965473175048828
19;43.653152;-24.653152465820312
18;50.065746;-32.06574630737305
17;53.92635;-36.92634963989258
16;44.66241;-28.662410736083984
15;60.69172;-45.69171905517578
14;51.1188;-37.11880111694336
13;48.32181;-35.32181167602539
12;48.158615;-36.15861511230469
11;55.997036;-44.99703598022461
10;48.603218;-38.60321807861328
9;52.5638;-43.56380081176758
8;47.10353;-39.10353088378906
7;61.00607;-54.00606918334961
6;60.72757;-54.727569580078125
5;48.880993;-43.8809928894043
4;59.934887;-55.93488693237305
3;69.12146;-66.1214599609375
2;96.55178;-94.5517807006836
1;61.945583;-60.94558334350586
0;76.134674;-76.13467407226562
99;69.74576;29.254241943359375
98;71.59744;26.402557373046875
97;98.979454;-1.9794540405273438
96;84.52005;11.479949951171875
95;69.32036;25.679641723632812
94;77.43963;16.56037139892578
93;83.556404;9.443595886230469
92;68.29803;23.70197296142578
91;57.164524;33.83547592163086
90;84.67735;5.3226470947265625
89;82.73385;6.266151428222656
88;78.584206;9.415794372558594
87;79.97228;7.027717590332031
86;60.22121;25.778789520263672
85;70.78228;14.217720031738281
84;74.97873;9.021270751953125
83;46.07114;36.92885971069336
82;42.362385;39.63761520385742
81;44.21744;36.78255844116211
80;52.6026;27.39739990234375
79;44.59634;34.40365982055664
78;49.74128;28.25872039794922
77;50.382137;26.617862701416016
76;49.292583;26.707416534423828
75;50.22171;24.778289794921875
74;45.21596;28.784038543701172
73;53.96923;19.03076934814453
72;47.35044;24.649559020996094
71;50.05005;20.949951171875
70;52.07218;17.927818298339844
69;63.213833;5.786167144775391
68;52.110966;15.889034271240234
67;53.54517;13.454830169677734
66;58.097385;7.902614593505859
65;50.124516;14.875484466552734
64;42.23045;21.769550323486328
63;47.540577;15.459423065185547
62;45.354145;16.645854949951172
61;50.656345;10.34365463256836
60;41.266956;18.733043670654297
59;47.728897;11.271102905273438
58;41.81674;16.18326187133789
57;47.758453;9.241546630859375
56;40.588123;15.411876678466797
55;46.77506;8.22494125366211
54;46.992687;7.007312774658203
53;49.276085;3.7239151000976562
52;46.832165;5.167835235595703
51;50.017776;0.9822235107421875
50;46.21271;3.7872886657714844
49;45.92662;3.0733795166015625
48;47.684093;0.3159065246582031
47;47.76176;-0.7617607116699219
46;46.525608;-0.5256080627441406
45;41.972736;3.027263641357422
44;39.5411;4.458900451660156
43;39.12991;3.8700904846191406
42;44.242218;-2.242218017578125
41;45.329624;-4.329624176025391
40;62.951256;-22.951255798339844
39;51.269886;-12.269886016845703
38;62.327595;-24.327594757080078
37;82.25442;-45.254417419433594
36;54.08317;-18.083171844482422
35;64.4763;-29.476303100585938
34;44.74718;-10.747180938720703
33;45.214912;-12.214912414550781
32;40.909946;-8.90994644165039
31;42.79607;-11.796070098876953
30;46.147327;-16.147327423095703
29;44.50577;-15.50577163696289
28;45.223522;-17.223522186279297
27;41.474224;-14.474224090576172
26;49.431583;-23.431583404541016
25;47.059326;-22.059326171875
24;48.13429;-24.134288787841797
23;46.19382;-23.19382095336914
22;51.429657;-29.429656982421875
21;63.15132;-42.15132141113281
20;40.196037;-20.19603729248047
19;51.49426;-32.494258880615234
18;54.438915;-36.43891525268555
17;54.53997;-37.53997039794922
16;57.684822;-41.68482208251953
15;55.26781;-40.2678108215332
14;60.34487;-46.344871520996094
13;62.892643;-49.892642974853516
12;51.256092;-39.2560920715332
11;51.379963;-40.37996292114258
10;53.4699;-43.46989822387695
9;46.93986;-37.93986129760742
8;39.78671;-31.78670883178711
7;69.09212;-62.09211730957031
6;58.974667;-52.974666595458984
5;62.32327;-57.32326889038086
4;52.548283;-48.548282623291016
3;67.4282;-64.4281997680664
2;61.992054;-59.9920539855957
1;67.67889;-66.67888641357422
0;53.490425;-53.49042510986328
99;85.823364;13.1766357421875
98;96.84773;1.1522674560546875
97;78.3752;18.624801635742188
96;72.513855;23.48614501953125
95;79.1941;15.805900573730469
94;52.41005;41.58995056152344
93;68.501656;24.49834442138672
92;54.80051;37.19948959350586
91;73.65573;17.344268798828125
90;55.68842;34.311580657958984
89;51.180653;37.8193473815918
88;81.61363;6.3863677978515625
87;43.52599;43.4740104675293
86;44.88557;41.11442947387695
85;49.368687;35.63131332397461
84;39.088978;44.9110221862793
83;35.553905;47.44609451293945
82;42.81882;39.18117904663086
81;38.094433;42.90556716918945
80;36.70073;43.29927062988281
79;43.90062;35.09938049316406
78;38.4556;39.54439926147461
77;34.923252;42.07674789428711
76;43.371414;32.62858581542969
75;39.454327;35.54567337036133
74;42.610226;31.389774322509766
73;42.803288;30.196712493896484
72;36.91693;35.08306884765625
71;41.646275;29.35372543334961
70;38.91548;31.084518432617188
69;39.22382;29.776180267333984
68;42.351635;25.648365020751953
67;51.823284;15.176715850830078
66;58.302235;7.697765350341797
65;47.27676;17.72323989868164
64;39.75057;24.249431610107422
63;47.548695;15.451305389404297
62;40.768887;21.23111343383789
61;48.189663;12.81033706665039
60;50.451736;9.548263549804688
59;54.847706;4.152294158935547
58;64.658844;-6.658843994140625
57;59.8523;-2.8522987365722656
56;50.904488;5.095512390136719
55;63.092175;-8.092174530029297
54;60.17416;-6.174160003662109
53;70.58268;-17.582679748535156
52;56.601128;-4.601127624511719
51;82.04835;-31.04834747314453
50;61.461544;-11.461544036865234
49;64.44248;-15.442481994628906
48;58.93584;-10.935840606689453
47;56.287174;-9.287174224853516
46;54.905106;-8.905105590820312
45;62.319637;-17.319637298583984
44;63.42245;-19.42245101928711
43;53.53415;-10.534149169921875
42;53.883358;-11.883358001708984
41;48.449146;-7.449146270751953
40;54.01344;-14.013439178466797
39;57.504135;-18.504135131835938
38;46.344315;-8.344314575195312
37;51.8118;-14.811798095703125
36;46.25104;-10.251041412353516
35;48.477924;-13.477924346923828
34;37.4847;-3.484699249267578
33;48.252834;-15.25283432006836
32;32.995667;-0.99566650390625
31;47.1602;-16.160198211669922
30;43.96802;-13.968021392822266
29;46.132378;-17.13237762451172
28;37.910446;-9.910446166992188
27;58.315674;-31.315673828125
26;51.346516;-25.346515655517578
25;61.73682;-36.736820220947266
24;67.63803;-43.638031005859375
23;52.017853;-29.017852783203125
22;47.98453;-25.98453140258789
21;44.632496;-23.632495880126953
20;49.45898;-29.458980560302734
19;41.030838;-22.030838012695312
18;54.36556;-36.36555862426758
17;55.64781;-38.64781188964844
16;49.807415;-33.80741500854492
15;39.723003;-24.723003387451172
14;42.643776;-28.643775939941406
13;40.220875;-27.220874786376953
12;42.458458;-30.458457946777344
11;59.12712;-48.12712097167969
10;56.942364;-46.94236373901367
9;50.045555;-41.045555114746094
8;46.11183;-38.11183166503906
7;49.61304;-42.613040924072266
6;50.32731;-44.327308654785156
5;56.046757;-51.046756744384766
4;50.15594;-46.155941009521484
3;53.51913;-50.51913070678711
2;102.154785;-100.15478515625
1;67.470474;-66.47047424316406
0;70.8622;-70.86219787597656
72;60.83788;11.162120819091797
71;60.832794;10.167205810546875
70;55.92324;14.076759338378906
69;72.47033;-3.4703292846679688
68;75.2553;-7.255302429199219
67;72.155815;-5.155815124511719
66;64.19511;1.8048934936523438
65;58.00846;6.991539001464844
64;53.500908;10.499092102050781
63;44.57301;18.426990509033203
62;54.075867;7.92413330078125
61;45.79584;15.204158782958984
60;45.777203;14.222797393798828
59;49.037807;9.96219253540039
58;39.045155;18.954845428466797
57;37.960255;19.039745330810547
56;42.779198;13.220802307128906
55;47.256313;7.743686676025391
54;39.460445;14.539554595947266
53;38.046436;14.953563690185547
52;36.633984;15.366016387939453
51;35.474144;15.525856018066406
50;45.11345;4.8865509033203125
49;48.104397;0.8956031799316406
48;47.113483;0.8865165710449219
47;71.027916;-24.027915954589844
46;50.797997;-4.797996520996094
45;40.72828;4.271720886230469
44;39.330196;4.669803619384766
43;50.24655;-7.246551513671875
42;43.903667;-1.9036674499511719
41;48.308014;-7.308013916015625
40;48.4645;-8.464500427246094
39;46.306774;-7.306774139404297
38;37.078686;0.9213142395019531
37;46.88106;-9.881061553955078
36;45.46107;-9.461071014404297
35;43.76633;-8.76633071899414
34;44.283894;-10.283893585205078
33;43.69251;-10.692508697509766
32;38.345016;-6.3450164794921875
31;32.77103;-1.7710304260253906
30;38.35629;-8.35628890991211
29;36.520702;-7.520702362060547
28;39.655876;-11.655876159667969
27;44.619843;-17.619842529296875
26;46.19871;-20.198711395263672
25;47.736256;-22.736255645751953
24;50.00446;-26.004459381103516
23;41.312828;-18.312828063964844
22;40.476616;-18.47661590576172
21;40.934654;-19.934654235839844
20;42.2379;-22.237899780273438
19;43.775043;-24.775043487548828
18;43.747776;-25.74777603149414
17;40.45962;-23.45962142944336
16;40.456585;-24.456584930419922
15;36.007236;-21.00723648071289
14;41.36303;-27.36302947998047
13;42.86516;-29.865161895751953
12;54.501667;-42.50166702270508
11;54.4482;-43.44820022583008
10;59.308422;-49.30842208862305
9;52.432564;-43.43256378173828
8;46.96459;-38.9645881652832
7;37.36704;-30.36703872680664
6;39.441498;-33.441497802734375
5;47.090244;-42.09024429321289
4;49.996277;-45.99627685546875
3;48.16976;-45.169761657714844
2;46.276302;-44.276302337646484
1;43.900967;-42.90096664428711
0;47.353218;-47.35321807861328
22;86.77406;-64.77406311035156
21;64.97923;-43.97923278808594
20;57.82307;-37.82307052612305
19;59.023624;-40.023624420166016
18;56.261105;-38.261104583740234
17;60.17307;-43.17306900024414
16;59.881763;-43.88176345825195
15;51.061886;-36.061885833740234
14;54.08286;-40.08285903930664
13;63.964905;-50.96490478515625
12;53.99927;-41.999271392822266
11;56.18571;-45.18571090698242
10;68.723946;-58.72394561767578
9;70.319435;-61.319435119628906
8;66.34052;-58.34052276611328
7;50.153114;-43.153114318847656
6;48.134243;-42.13424301147461
5;54.36694;-49.366939544677734
4;47.461384;-43.46138381958008
3;59.015675;-56.01567459106445
2;68.93213;-66.93212890625
1;53.09159;-52.091590881347656
0;57.90225;-57.90224838256836
41;55.689465;-14.689464569091797
40;64.611275;-24.61127471923828
39;66.80595;-27.805946350097656
38;74.82611;-36.82611083984375
37;73.69052;-36.690521240234375
36;86.63057;-50.63056945800781
35;78.97981;-43.97981262207031
34;79.97974;-45.979736328125
33;100.41869;-67.41869354248047
32;82.6841;-50.68409729003906
31;88.03905;-57.03904724121094
30;74.22187;-44.22187042236328
29;71.46914;-42.469139099121094
28;82.63377;-54.63377380371094
27;76.26105;-49.26104736328125
26;70.61614;-44.61614227294922
25;73.386154;-48.38615417480469
24;80.25173;-56.251731872558594
23;75.20538;-52.20538330078125
22;62.23474;-40.2347412109375
21;67.288956;-46.28895568847656
20;66.38117;-46.38117218017578
19;65.68208;-46.68208312988281
18;66.2241;-48.224098205566406
17;58.62044;-41.62044143676758
16;68.85422;-52.854217529296875
15;53.443386;-38.44338607788086
14;45.108475;-31.108474731445312
13;57.05518;-44.055179595947266
12;44.66511;-32.66511154174805
11;61.698013;-50.69801330566406
10;63.88481;-53.88481140136719
9;49.227055;-40.227054595947266
8;46.752132;-38.752132415771484
7;60.381733;-53.38173294067383
6;48.52815;-42.52814865112305
5;46.192013;-41.192012786865234
4;49.391064;-45.39106369018555
3;55.933567;-52.93356704711914
2;53.57268;-51.57268142700195
1;62.596577;-61.59657669067383
0;54.525642;-54.52564239501953
41;43.25723;-2.2572288513183594
40;56.3353;-16.33530044555664
39;71.61732;-32.61731719970703
38;57.933056;-19.933055877685547
37;67.56831;-30.568313598632812
36;69.33163;-33.331626892089844
35;80.538506;-45.53850555419922
34;96.55988;-62.55988311767578
33;86.583466;-53.583465576171875
32;70.00909;-38.00908660888672
31;74.2772;-43.277198791503906
30;67.016014;-37.016014099121094
29;65.93109;-36.93109130859375
28;63.52846;-35.52846145629883
27;85.38883;-58.388832092285156
26;76.923096;-50.923095703125
25;100.3677;-75.3676986694336
24;110.70026;-86.70025634765625
23;101.98386;-78.98385620117188
22;86.29692;-64.29692077636719
21;69.105064;-48.105064392089844
20;66.34659;-46.346588134765625
19;64.50842;-45.5084228515625
18;69.70207;-51.70207214355469
17;52.399933;-35.399932861328125
16;53.024;-37.02399826049805
15;59.122715;-44.12271499633789
14;78.45976;-64.45976257324219
13;70.6248;-57.62480163574219
12;67.520096;-55.52009582519531
11;65.91552;-54.91551971435547
10;50.95798;-40.95798110961914
9;49.786407;-40.786407470703125
8;46.053852;-38.05385208129883
7;45.783443;-38.783443450927734
6;41.18767;-35.18767166137695
5;46.852303;-41.85230255126953
4;39.596077;-35.59607696533203
3;44.24766;-41.24766159057617
2;48.315758;-46.315757751464844
1;47.84002;-46.84001922607422
0;46.891727;-46.891727447509766
41;50.718586;-9.718585968017578
40;69.44878;-29.448776245117188
39;81.925285;-42.92528533935547
38;70.388214;-32.388214111328125
37;85.75991;-48.759910583496094
36;95.05564;-59.055641174316406
35;85.490746;-50.490745544433594
34;77.47843;-43.478431701660156
33;70.25697;-37.25697326660156
32;83.78229;-51.78228759765625
31;87.513916;-56.513916015625
30;87.06364;-57.063636779785156
29;89.629074;-60.62907409667969
28;70.64734;-42.6473388671875
27;83.68408;-56.68408203125
26;76.563614;-50.56361389160156
25;72.62982;-47.62982177734375
24;60.63059;-36.63058853149414
23;54.55124;-31.551239013671875
22;51.28747;-29.287471771240234
21;80.87764;-59.87763977050781
20;58.01111;-38.0111083984375
19;56.922935;-37.922935485839844
18;62.962597;-44.96259689331055
17;68.15974;-51.15973663330078
16;65.41068;-49.410682678222656
15;59.992527;-44.99252700805664
14;64.79163;-50.79163360595703
13;57.170254;-44.17025375366211
12;51.25397;-39.253971099853516
11;49.09979;-38.099788665771484
10;49.478024;-39.478023529052734
9;52.398212;-43.39821243286133
8;57.65819;-49.6581916809082
7;64.85434;-57.854339599609375
6;52.345406;-46.34540557861328
5;49.079453;-44.07945251464844
4;55.98276;-51.98276138305664
3;51.16937;-48.169368743896484
2;48.982758;-46.982757568359375
1;50.68108;-49.68107986450195
0;48.035877;-48.0358772277832
331;40.703804;290.2961959838867
330;52.9463;277.0536994934082
329;45.995167;283.00483322143555
328;60.360695;267.6393051147461
327;56.450764;270.5492362976074
326;74.44063;251.5593719482422
325;73.34617;251.6538314819336
324;89.78169;234.2183074951172
323;73.13354;249.86646270751953
322;85.367355;236.6326446533203
321;88.70913;232.2908706665039
320;91.14914;228.85086059570312
319;83.66551;235.33448791503906
318;76.93107;241.06893157958984
317;71.751015;245.24898529052734
316;72.78888;243.21112060546875
315;65.95195;249.0480499267578
314;55.298782;258.7012176513672
313;69.48141;243.51859283447266
312;50.068897;261.93110275268555
311;63.078407;247.92159271240234
310;71.933655;238.06634521484375
309;62.40073;246.59926986694336
308;59.461132;248.53886795043945
307;59.038532;247.96146774291992
306;54.461563;251.53843688964844
305;54.597706;250.40229415893555
304;49.66521;254.33478927612305
303;51.201393;251.7986068725586
302;46.03934;255.9606590270996
301;44.700806;256.2991943359375
300;42.071392;257.9286079406738
299;43.074516;255.92548370361328
298;48.63432;249.36568069458008
297;53.10519;243.8948097229004
296;50.995876;245.00412368774414
295;42.456287;252.5437126159668
294;42.772587;251.22741317749023
293;42.840504;250.15949630737305
292;42.684975;249.31502532958984
291;43.995018;247.0049819946289
290;41.753895;248.2461051940918
289;45.245827;243.7541732788086
288;49.066616;238.9333839416504
287;38.266644;248.73335647583008
286;46.283245;239.71675491333008
285;47.976513;237.02348709106445
284;38.768093;245.23190689086914
283;45.383026;237.61697387695312
282;44.93011;237.06988906860352
281;44.94198;236.05802154541016
280;42.231075;237.76892471313477
279;48.188126;230.81187438964844
278;49.983395;228.01660537719727
277;37.811253;239.18874740600586
276;42.613064;233.38693618774414
275;54.518597;220.48140335083008
274;56.129833;217.87016677856445
273;61.736397;211.26360321044922
272;53.834595;218.1654052734375
271;58.824986;212.1750144958496
270;50.476604;219.52339553833008
269;82.07843;186.92156982421875
268;55.052734;212.947265625
267;63.213272;203.78672790527344
266;53.15385;212.84614944458008
265;62.341125;202.65887451171875
264;54.56813;209.43186950683594
263;66.72083;196.27916717529297
262;65.79465;196.20535278320312
261;53.244705;207.7552947998047
260;51.689705;208.31029510498047
259;54.558212;204.44178771972656
258;72.63339;185.36660766601562
257;57.343246;199.65675354003906
256;55.114033;200.88596725463867
255;51.441555;203.55844497680664
254;48.479034;205.52096557617188
253;44.067745;208.93225479125977
252;48.99209;203.0079116821289
251;49.428596;201.57140350341797
250;40.02315;209.97684860229492
249;54.808113;194.19188690185547
248;48.845287;199.15471267700195
247;54.148037;192.8519630432129
246;43.37263;202.62736892700195
245;39.184444;205.81555557250977
244;63.330242;180.66975784301758
243;50.4272;192.5727996826172
242;84.5607;157.43930053710938
241;62.760498;178.239501953125
240;54.465336;185.53466415405273
239;76.50209;162.49790954589844
238;89.317474;148.68252563476562
237;76.177155;160.82284545898438
236;65.20419;170.79580688476562
235;63.5986;171.4014015197754
234;57.805202;176.19479751586914
233;53.226887;179.77311325073242
232;61.801197;170.19880294799805
231;60.421032;170.5789680480957
230;67.16526;162.8347396850586
229;76.545105;152.45489501953125
228;88.397415;139.6025848388672
227;62.848087;164.15191268920898
226;50.758533;175.2414665222168
225;72.05517;152.94483184814453
224;45.048946;178.95105361938477
223;48.378506;174.6214942932129
222;46.120663;175.87933731079102
221;47.111324;173.88867568969727
220;55.882557;164.1174430847168
219;46.876072;172.12392807006836
218;60.900112;157.0998878479004
217;52.10811;164.8918914794922
216;43.253727;172.74627304077148
215;44.290806;170.7091941833496
214;68.535385;145.46461486816406
213;51.338146;161.6618537902832
212;91.25529;120.74471282958984
211;116.00945;94.99054718017578
210;94.504715;115.49528503417969
209;57.81308;151.18692016601562
208;93.091034;114.90896606445312
207;65.033936;141.966064453125
206;87.52574;118.47425842285156
205;79.052216;125.94778442382812
204;78.596436;125.403564453125
203;86.758766;116.2412338256836
202;78.278656;123.72134399414062
201;61.20902;139.7909812927246
200;70.77646;129.22354125976562
199;79.40531;119.59468841552734
198;75.77783;122.22216796875
197;72.205284;124.79471588134766
196;78.84852;117.15148162841797
195;96.349365;98.650634765625
194;80.12804;113.87196350097656
193;118.749054;74.25094604492188
192;79.40294;112.59706115722656
191;51.02698;139.97301864624023
190;71.443504;118.5564956665039
189;88.04797;100.9520263671875
188;84.51761;103.48239135742188
187;100.96396;86.03604125976562
186;72.4048;113.59519958496094
185;120.62836;64.37164306640625
184;76.59777;107.40222930908203
183;73.99405;109.00595092773438
182;55.861176;126.13882446289062
181;70.30102;110.69898223876953
180;101.845924;78.1540756225586
179;99.3513;79.64869689941406
178;93.34793;84.65206909179688
177;96.54871;80.45128631591797
176;115.15733;60.84266662597656
175;91.226654;83.77334594726562
174;95.62435;78.37564849853516
173;82.67927;90.32073211669922
172;82.579956;89.4200439453125
171;80.62301;90.37699127197266
170;91.6749;78.32510375976562
169;101.22369;67.77631378173828
168;102.678856;65.3211441040039
167;71.199646;95.80035400390625
166;72.23309;93.76690673828125
165;61.05504;103.94496154785156
164;89.54676;74.45323944091797
163;51.055397;111.9446029663086
162;76.37486;85.62513732910156
161;71.00758;89.99241638183594
160;65.43596;94.56404113769531
159;61.24834;97.75165939331055
158;59.006355;98.99364471435547
157;57.394016;99.60598373413086
156;31.043184;124.95681571960449
155;44.42712;110.57287979125977
154;47.023327;106.9766731262207
153;56.65716;96.34283828735352
152;82.28483;69.71517181396484
151;74.261826;76.73817443847656
150;72.58055;77.41944885253906
149;64.38228;84.61772155761719
148;109.29277;38.70722961425781
147;134.8962;12.103805541992188
146;64.5459;81.4541015625
145;80.73334;64.26666259765625
144;72.621124;71.37887573242188
143;91.04066;51.95934295654297
142;67.70923;74.290771484375
141;109.58684;31.413162231445312
140;79.80109;60.19891357421875
139;61.09124;77.90876007080078
138;60.832275;77.167724609375
137;75.428444;61.571556091308594
136;75.708046;60.291954040527344
135;96.88965;38.1103515625
134;61.572422;72.42757797241211
133;41.557583;91.44241714477539
132;45.102554;86.89744567871094
131;45.64978;85.3502197265625
130;52.8921;77.1078987121582
129;45.77649;83.2235107421875
128;49.520237;78.47976303100586
127;55.321354;71.67864608764648
126;46.531746;79.46825408935547
125;42.12753;82.87247085571289
124;41.622845;82.37715530395508
123;39.198635;83.80136489868164
122;37.11462;84.88537979125977
121;43.700375;77.29962539672852
120;43.10523;76.89477157592773
119;38.47954;80.52045822143555
118;39.31261;78.6873893737793
117;37.28999;79.71001052856445
116;56.2077;59.792301177978516
115;50.917652;64.08234786987305
114;42.831028;71.16897201538086
113;45.908756;67.09124374389648
112;45.417545;66.58245468139648
111;43.5954;67.40459823608398
110;50.965347;59.03465270996094
109;47.48145;61.518550872802734
108;45.227592;62.77240753173828
107;45.213696;61.78630447387695
106;38.02795;67.97204971313477
105;49.632473;55.36752700805664
104;42.28258;61.7174186706543
103;38.67998;64.32001876831055
102;36.305553;65.6944465637207
101;39.481792;61.51820755004883
100;46.474964;53.5250358581543
99;39.84171;59.15829086303711
98;50.72843;47.271568298339844
97;42.063454;54.936546325683594
96;36.878277;59.12172317504883
95;36.59611;58.40388870239258
94;39.181683;54.81831741333008
93;33.390858;59.6091423034668
92;30.985518;61.014482498168945
91;32.09848;58.901519775390625
90;33.178753;56.82124710083008
89;44.491867;44.50813293457031
88;36.11746;51.88254165649414
87;54.381702;32.6182975769043
86;48.23499;37.765010833740234
85;45.158474;39.84152603149414
84;45.63388;38.366119384765625
83;61.786827;21.213172912597656
82;47.09363;34.906368255615234
81;53.81143;27.188568115234375
80;36.01834;43.981658935546875
79;47.22891;31.77109146118164
78;39.457363;38.54263687133789
77;47.13219;29.867809295654297
76;46.99746;29.002540588378906
75;42.497604;32.50239562988281
74;42.713535;31.28646469116211
73;38.947495;34.05250549316406
72;35.615425;36.38457489013672
71;36.81142;34.18857955932617
70;36.201473;33.798526763916016
69;31.470959;37.5290412902832
68;37.71845;30.281551361083984
67;36.41064;30.589359283447266
66;35.140484;30.859516143798828
65;45.63238;19.367618560791016
64;41.86302;22.136978149414062
63;35.882065;27.117935180664062
62;37.159676;24.84032440185547
61;36.154354;24.845645904541016
60;41.685375;18.314624786376953
59;35.93601;23.06399154663086
58;33.75054;24.24945831298828
57;35.851322;21.148677825927734
56;35.985165;20.014835357666016
55;36.191692;18.808307647705078
54;34.990917;19.009082794189453
53;38.092396;14.907604217529297
52;44.728146;7.271854400634766
51;38.696476;12.303524017333984
50;41.63669;8.363311767578125
49;40.6094;8.39059829711914
48;37.63523;10.364768981933594
47;37.966606;9.033393859863281
46;36.4375;9.5625
45;37.341557;7.658443450927734
44;40.501774;3.4982261657714844
43;30.939074;12.06092643737793
42;35.092663;6.907337188720703
41;35.23505;5.764949798583984
40;35.27907;4.720928192138672
39;52.461212;-13.461212158203125
38;35.71999;2.280010223388672
37;40.88999;-3.8899917602539062
36;30.638868;5.36113166809082
35;39.819347;-4.819347381591797
34;34.343147;-0.34314727783203125
33;40.27179;-7.27178955078125
32;33.240948;-1.2409477233886719
31;33.51794;-2.5179405212402344
30;36.199474;-6.199474334716797
29;36.498013;-7.498012542724609
28;46.421463;-18.421463012695312
27;41.110355;-14.110355377197266
26;39.286137;-13.286136627197266
25;35.830578;-10.830577850341797
24;38.82065;-14.820648193359375
23;36.539036;-13.53903579711914
22;34.81554;-12.815540313720703
21;33.192196;-12.192195892333984
20;39.671535;-19.67153549194336
19;33.195248;-14.195247650146484
18;36.325752;-18.32575225830078
17;36.82289;-19.822891235351562
16;36.48423;-20.484230041503906
15;38.353985;-23.353984832763672
14;34.069202;-20.069202423095703
13;37.89615;-24.896148681640625
12;35.707706;-23.707706451416016
11;37.890484;-26.890483856201172
10;37.859806;-27.859806060791016
9;34.810276;-25.81027603149414
8;32.497433;-24.497432708740234
7;32.494225;-25.494224548339844
6;31.79139;-25.79138946533203
5;33.017086;-28.017086029052734
4;30.234133;-26.234132766723633
3;30.190067;-27.190067291259766
2;30.788507;-28.78850746154785
1;38.578594;-37.57859420776367
0;31.931599;-31.931598663330078
74;48.913742;25.086257934570312
73;46.900467;26.099533081054688
72;48.59802;23.401981353759766
71;51.126926;19.87307357788086
70;48.444096;21.555904388427734
69;51.54697;17.45302963256836
68;43.344757;24.655242919921875
67;58.65501;8.344989776611328
66;46.2475;19.752498626708984
65;43.95579;21.044208526611328
64;47.60677;16.393230438232422
63;51.342533;11.657466888427734
62;48.50877;13.491230010986328
61;56.51204;4.4879608154296875
60;47.077404;12.922595977783203
59;56.73879;2.261211395263672
58;61.4871;-3.4870986938476562
57;59.014046;-2.0140457153320312
56;52.373596;3.62640380859375
55;49.70626;5.293739318847656
54;55.189022;-1.1890220642089844
53;67.81452;-14.814521789550781
52;47.882496;4.117504119873047
51;57.306805;-6.306804656982422
50;53.62114;-3.6211395263671875
49;60.35867;-11.35866928100586
48;48.50915;-0.5091514587402344
47;58.45377;-11.45376968383789
46;53.712307;-7.712306976318359
45;51.172222;-6.172222137451172
44;47.99014;-3.9901390075683594
43;62.326298;-19.326297760009766
42;47.59744;-5.597438812255859
41;52.82656;-11.826560974121094
40;46.60329;-6.603290557861328
39;51.732635;-12.732635498046875
38;42.32178;-4.321781158447266
37;44.39479;-7.3947906494140625
36;47.186794;-11.18679428100586
35;43.91315;-8.913150787353516
34;46.55137;-12.551368713378906
33;52.26155;-19.261550903320312
32;47.379612;-15.37961196899414
31;49.28896;-18.288959503173828
30;65.71139;-35.711387634277344
29;63.272476;-34.27247619628906
28;94.67947;-66.6794662475586
27;56.794834;-29.79483413696289
26;52.930607;-26.930606842041016
25;80.67351;-55.67350769042969
24;87.53651;-63.53650665283203
23;82.37239;-59.37239074707031
22;57.47373;-35.47372817993164
21;92.67917;-71.67916870117188
20;49.281155;-29.28115463256836
19;106.25301;-87.25301361083984
18;104.46337;-86.46337127685547
17;94.26953;-77.26953125
16;78.99538;-62.99537658691406
15;77.54274;-62.54273986816406
14;97.69568;-83.6956787109375
13;84.89375;-71.89375305175781
12;87.96902;-75.9690170288086
11;107.28894;-96.2889404296875
10;60.252537;-50.25253677368164
9;42.442944;-33.44294357299805
8;62.587082;-54.58708190917969
7;58.688305;-51.68830490112305
6;54.48269;-48.482688903808594
5;65.23472;-60.234718322753906
4;49.997105;-45.99710464477539
3;50.965343;-47.9653434753418
2;82.24753;-80.24752807617188
1;61.80341;-60.803409576416016
0;59.752846;-59.752845764160156
93;119.15418;-26.15418243408203
92;60.122375;31.87762451171875
91;91.08622;-0.08621978759765625
90;67.700264;22.29973602294922
89;110.3337;-21.333702087402344
88;79.30142;8.698577880859375
87;85.63591;1.3640899658203125
86;90.04496;-4.044960021972656
85;78.42432;6.57568359375
84;80.8766;3.1233978271484375
83;94.56134;-11.56134033203125
82;99.35962;-17.359619140625
81;87.64604;-6.6460418701171875
80;78.91664;1.0833587646484375
79;62.31876;16.68124008178711
78;77.30796;0.6920394897460938
77;70.86081;6.139190673828125
76;64.80951;11.19049072265625
75;53.600216;21.399784088134766
74;49.022846;24.977153778076172
73;53.94576;19.054241180419922
72;54.375736;17.624263763427734
71;45.931316;25.068683624267578
70;52.976814;17.02318572998047
69;46.643314;22.356685638427734
68;39.371563;28.628437042236328
67;43.523525;23.47647476196289
66;50.23112;15.768878936767578
65;43.20152;21.798480987548828
64;48.954304;15.045696258544922
63;46.612114;16.38788604736328
62;54.010807;7.989192962646484
61;48.884335;12.115665435791016
60;65.63083;-5.630828857421875
59;54.234215;4.765785217285156
58;63.104637;-5.104637145996094
57;64.526794;-7.52679443359375
56;63.104015;-7.104015350341797
55;71.09157;-16.091567993164062
54;70.13794;-16.137939453125
53;37.874447;15.125553131103516
52;53.867416;-1.8674163818359375
51;47.32462;3.6753807067871094
50;47.59093;2.409069061279297
49;56.196335;-7.1963348388671875
48;50.188118;-2.1881179809570312
47;48.040516;-1.0405158996582031
46;61.61779;-15.617790222167969
45;57.405838;-12.405838012695312
44;63.825943;-19.825942993164062
43;59.31968;-16.319679260253906
42;51.162777;-9.162776947021484
41;59.51924;-18.519241333007812
40;44.506847;-4.506847381591797
39;41.287533;-2.2875328063964844
38;40.81695;-2.8169517517089844
37;45.38078;-8.380779266357422
36;37.078938;-1.0789375305175781
35;36.176025;-1.176025390625
34;44.68664;-10.686641693115234
33;41.12257;-8.122570037841797
32;42.021984;-10.021984100341797
31;39.05749;-8.057491302490234
30;49.376877;-19.376876831054688
29;38.408253;-9.408252716064453
28;34.972763;-6.9727630615234375
27;38.76151;-11.76150894165039
26;33.97121;-7.971210479736328
25;43.429115;-18.429115295410156
24;42.011173;-18.011173248291016
23;46.07809;-23.07809066772461
22;38.40607;-16.406070709228516
21;39.514668;-18.514667510986328
20;50.18249;-30.182491302490234
19;43.004757;-24.004756927490234
18;44.828407;-26.828407287597656
17;60.966305;-43.966304779052734
16;49.962074;-33.962074279785156
15;52.59789;-37.5978889465332
14;58.36891;-44.36891174316406
13;51.015827;-38.01582717895508
12;50.610153;-38.61015319824219
11;58.75462;-47.75461959838867
10;46.700443;-36.700443267822266
9;49.922596;-40.9225959777832
8;67.02641;-59.02641296386719
7;56.253197;-49.253196716308594
6;54.618305;-48.61830520629883
5;67.67016;-62.67015838623047
4;57.90716;-53.907161712646484
3;55.965103;-52.96510314941406
2;59.32101;-57.32101058959961
1;70.97786;-69.97785949707031
0;52.849678;-52.84967803955078
93;64.20188;28.798118591308594
92;87.37457;4.62542724609375
91;69.20767;21.792327880859375
90;74.30003;15.699966430664062
89;75.64076;13.359237670898438
88;81.371315;6.628684997558594
87;94.82662;-7.826622009277344
86;68.730736;17.269264221191406
85;70.56367;14.436332702636719
84;76.04116;7.958839416503906
83;84.42335;-1.4233474731445312
82;75.81238;6.1876220703125
81;69.75891;11.2410888671875
80;61.287518;18.712482452392578
79;87.68518;-8.6851806640625
78;59.08507;18.914928436279297
77;54.81196;22.18804168701172
76;65.95326;10.046737670898438
75;57.171124;17.828876495361328
74;63.337517;10.662483215332031
73;59.347504;13.652496337890625
72;63.38087;8.619129180908203
71;76.31222;-5.312217712402344
70;55.511097;14.488903045654297
69;71.478386;-2.4783859252929688
68;47.755096;20.244903564453125
67;63.06337;3.9366302490234375
66;48.229847;17.770153045654297
65;60.70283;4.297168731689453
64;51.46977;12.530231475830078
63;50.93062;12.069381713867188
62;61.103134;0.8968658447265625
61;59.966526;1.0334739685058594
60;44.065052;15.934947967529297
59;39.906425;19.09357452392578
58;47.620365;10.379634857177734
57;45.170242;11.829757690429688
56;51.615883;4.384117126464844
55;56.728203;-1.7282028198242188
54;52.844673;1.1553268432617188
53;61.090466;-8.090465545654297
52;69.599434;-17.59943389892578
51;61.960346;-10.960346221923828
50;80.07268;-30.072677612304688
49;74.572464;-25.572463989257812
48;81.29764;-33.297637939453125
47;71.10624;-24.106239318847656
46;79.46423;-33.4642333984375
45;77.453064;-32.45306396484375
44;68.77733;-24.777328491210938
43;85.310776;-42.31077575683594
42;61.688198;-19.68819808959961
41;69.79973;-28.799728393554688
40;66.48674;-26.486740112304688
39;57.80657;-18.806568145751953
38;58.790947;-20.79094696044922
37;54.80342;-17.803421020507812
36;55.69822;-19.698219299316406
35;54.014645;-19.014644622802734
34;47.79099;-13.79098892211914
33;56.56612;-23.566120147705078
32;37.760067;-5.760066986083984
31;36.9259;-5.925899505615234
30;44.366207;-14.366207122802734
29;50.145172;-21.145172119140625
28;42.115017;-14.11501693725586
27;52.942245;-25.942245483398438
26;50.999832;-24.999832153320312
25;53.102634;-28.10263442993164
24;113.14892;-89.14891815185547
23;94.35321;-71.35321044921875
22;55.61256;-33.6125602722168
21;64.87943;-43.879432678222656
20;85.75812;-65.75811767578125
19;64.40248;-45.40248107910156
18;53.898872;-35.89887237548828
17;73.25412;-56.254119873046875
16;49.226345;-33.22634506225586
15;69.37519;-54.37519073486328
14;59.598152;-45.59815216064453
13;74.7068;-61.70680236816406
12;60.72219;-48.722190856933594
11;90.48428;-79.48428344726562
10;78.912506;-68.91250610351562
9;115.59142;-106.59142303466797
8;58.44059;-50.440589904785156
7;98.33461;-91.33460998535156
6;55.495613;-49.49561309814453
5;47.448055;-42.448055267333984
4;57.98811;-53.98810958862305
3;52.864876;-49.86487579345703
2;49.62958;-47.629581451416016
1;58.9402;-57.94020080566406
0;46.81102;-46.81101989746094
93;59.650787;33.349212646484375
92;84.960495;7.0395050048828125
91;76.96318;14.036819458007812
90;80.203125;9.796875
89;92.302246;-3.30224609375
88;86.30909;1.6909103393554688
87;92.593796;-5.5937957763671875
86;96.78471;-10.784713745117188
85;90.511444;-5.511444091796875
84;102.82166;-18.82166290283203
83;107.32443;-24.324432373046875
82;98.94824;-16.9482421875
81;74.058235;6.941764831542969
80;91.670525;-11.670524597167969
79;90.42837;-11.428367614746094
78;74.954605;3.0453948974609375
77;73.22912;3.7708816528320312
76;54.908215;21.091785430908203
75;42.83294;32.16706085205078
74;46.89623;27.103771209716797
73;60.254158;12.745841979980469
72;59.155174;12.844825744628906
71;79.45388;-8.453880310058594
70;89.24028;-19.240280151367188
69;85.86349;-16.863487243652344
68;70.77232;-2.7723236083984375
67;47.138927;19.861072540283203
66;55.425777;10.574222564697266
65;51.005344;13.99465560913086
64;49.064884;14.935115814208984
63;54.662426;8.337574005126953
62;48.85954;13.140460968017578
61;49.33495;11.665050506591797
60;51.7281;8.271900177001953
59;59.062874;-0.06287384033203125
58;53.76766;4.232341766357422
57;69.32782;-12.32781982421875
56;90.36105;-34.361053466796875
55;73.00215;-18.002151489257812
54;75.93699;-21.936988830566406
53;110.11313;-57.113128662109375
52;72.94394;-20.943939208984375
51;78.80227;-27.802268981933594
50;70.91118;-20.911178588867188
49;99.68193;-50.68193054199219
48;107.00658;-59.00657653808594
47;97.58963;-50.589630126953125
46;69.48728;-23.487281799316406
45;92.14079;-47.14079284667969
44;94.47131;-50.4713134765625
43;66.12877;-23.128768920898438
42;82.07328;-40.073280334472656
41;70.60841;-29.608413696289062
40;78.13846;-38.138458251953125
39;57.462284;-18.462284088134766
38;72.875656;-34.87565612792969
37;75.400375;-38.40037536621094
36;83.864075;-47.86407470703125
35;58.212803;-23.21280288696289
34;56.274223;-22.27422332763672
33;53.23106;-20.231060028076172
32;64.69683;-32.69683074951172
31;58.495003;-27.49500274658203
30;61.80171;-31.801708221435547
29;45.921597;-16.92159652709961
28;46.612244;-18.61224365234375
27;61.66797;-34.66796875
26;51.667965;-25.667964935302734
25;65.82224;-40.822242736816406
24;53.42614;-29.42613983154297
23;50.43;-27.43000030517578
22;55.316086;-33.31608581542969
21;92.557236;-71.55723571777344
20;73.98898;-53.988983154296875
19;76.96251;-57.96250915527344
18;58.69248;-40.69247817993164
17;74.08414;-57.084136962890625
16;66.30109;-50.30108642578125
15;54.70818;-39.70817947387695
14;62.588833;-48.58883285522461
13;67.79739;-54.797393798828125
12;48.31518;-36.315181732177734
11;50.464527;-39.46452713012695
10;68.504196;-58.50419616699219
9;61.426743;-52.42674255371094
8;52.467617;-44.46761703491211
7;48.65317;-41.65317153930664
6;51.89678;-45.89677810668945
5;47.00565;-42.00564956665039
4;56.095493;-52.09549331665039
3;48.80138;-45.8013801574707
2;54.64574;-52.6457405090332
1;71.3646;-70.3646011352539
0;84.08907;-84.08907318115234
123;59.708775;63.29122543334961
122;80.751366;41.248634338378906
121;83.21148;37.78852081298828
120;86.80653;33.19346618652344
119;84.59067;34.409332275390625
118;90.5475;27.452499389648438
117;110.997574;6.0024261474609375
116;120.68325;-4.683250427246094
115;134.41226;-19.412261962890625
114;104.66776;9.332237243652344
113;130.9134;-17.913406372070312
112;109.291245;2.7087554931640625
111;111.729355;-0.7293548583984375
110;109.065605;0.9343948364257812
109;102.18346;6.8165435791015625
108;83.441475;24.55852508544922
107;71.64995;35.35005187988281
106;54.911068;51.088932037353516
105;64.51169;40.488311767578125
104;55.79224;48.207759857177734
103;52.101192;50.898807525634766
102;52.178436;49.821563720703125
101;59.18816;41.81184005737305
100;55.16677;44.833229064941406
99;42.394493;56.605506896972656
98;45.36063;52.63936996459961
97;53.536835;43.463165283203125
96;46.26288;49.73712158203125
95;50.20718;44.79281997680664
94;47.289715;46.71028518676758
93;42.378586;50.62141418457031
92;43.04949;48.95050811767578
91;41.871964;49.12803649902344
90;50.4959;39.50410079956055
89;46.61578;42.384220123291016
88;58.63516;29.36484146118164
87;44.03358;42.9664192199707
86;50.898872;35.10112762451172
85;43.69208;41.307918548583984
84;45.914635;38.085365295410156
83;37.03027;45.969730377197266
82;47.55887;34.441131591796875
81;50.23024;30.769760131835938
80;46.538517;33.461483001708984
79;51.116394;27.88360595703125
78;57.057816;20.942184448242188
77;49.900276;27.09972381591797
76;46.68188;29.318119049072266
75;56.60857;18.391429901123047
74;51.728542;22.27145767211914
73;58.920704;14.079296112060547
72;64.4364;7.5635986328125
71;57.89651;13.10348892211914
70;50.03606;19.963939666748047
69;47.952335;21.047664642333984
68;48.0887;19.911300659179688
67;43.003147;23.99685287475586
66;52.776096;13.22390365600586
65;40.841312;24.158687591552734
64;43.570038;20.429962158203125
63;45.27132;17.728679656982422
62;78.92961;-16.929611206054688
61;97.492676;-36.49267578125
60;57.103687;2.896312713623047
59;68.33302;-9.333023071289062
58;81.3054;-23.305397033691406
57;76.15776;-19.157760620117188
56;95.34683;-39.346832275390625
55;55.94913;-0.9491310119628906
54;106.952545;-52.952545166015625
53;58.6437;-5.643699645996094
52;65.46769;-13.467689514160156
51;105.41756;-54.41755676269531
50;99.482635;-49.482635498046875
49;100.468735;-51.46873474121094
48;75.63162;-27.631622314453125
47;78.787125;-31.787124633789062
46;87.89104;-41.89103698730469
45;88.49204;-43.492042541503906
44;52.837997;-8.837997436523438
43;73.580246;-30.580245971679688
42;76.49844;-34.498443603515625
41;82.53017;-41.53016662597656
40;60.57915;-20.579151153564453
39;83.89503;-44.89502716064453
38;73.47152;-35.471519470214844
37;71.598946;-34.59894561767578
36;81.30671;-45.30670928955078
35;77.82387;-42.82386779785156
34;93.32459;-59.32459259033203
33;86.90764;-53.90763854980469
32;67.783005;-35.78300476074219
31;72.417435;-41.41743469238281
30;53.039116;-23.03911590576172
29;68.56151;-39.56150817871094
28;84.33999;-56.339988708496094
27;58.78178;-31.781780242919922
26;57.094448;-31.09444808959961
25;71.49647;-46.49646759033203
24;63.535137;-39.53513717651367
23;72.837074;-49.837074279785156
22;106.65546;-84.65545654296875
21;72.548645;-51.54864501953125
20;78.766884;-58.766883850097656
19;74.81438;-55.81437683105469
18;91.9123;-73.91230010986328
17;72.35408;-55.35408020019531
16;69.68678;-53.68678283691406
15;47.914154;-32.914154052734375
14;53.27602;-39.27602005004883
13;66.19859;-53.19859313964844
12;68.5948;-56.59480285644531
11;82.800415;-71.8004150390625
10;65.04519;-55.045188903808594
9;75.48003;-66.48002624511719
8;71.485794;-63.48579406738281
7;79.19139;-72.19139099121094
6;67.28124;-61.28124237060547
5;62.033154;-57.03315353393555
4;68.43297;-64.43296813964844
3;63.90199;-60.9019889831543
2;49.282764;-47.28276443481445
1;63.77714;-62.77714157104492
0;50.66364;-50.663639068603516
84;56.24854;27.751461029052734
83;57.24693;25.753070831298828
82;49.210403;32.78959655761719
81;47.88592;33.114078521728516
80;48.853363;31.146636962890625
79;59.970234;19.029766082763672
78;62.704407;15.29559326171875
77;75.033455;1.9665451049804688
76;76.85452;-0.854522705078125
75;59.432617;15.5673828125
74;72.007706;1.9922943115234375
73;78.966705;-5.966705322265625
72;76.63207;-4.632072448730469
71;65.54701;5.4529876708984375
70;75.74646;-5.7464599609375
69;61.789173;7.210826873779297
68;49.119854;18.880146026611328
67;56.07003;10.929969787597656
66;53.476105;12.523895263671875
65;55.000675;9.999324798583984
64;61.040775;2.9592247009277344
63;67.64622;-4.646217346191406
62;57.23893;4.761070251464844
61;69.920044;-8.9200439453125
60;63.6709;-3.6708984375
59;54.46864;4.531360626220703
58;48.619846;9.38015365600586
57;61.38619;-4.386188507080078
56;59.248764;-3.2487640380859375
55;62.254227;-7.2542266845703125
54;73.22451;-19.224510192871094
53;84.04494;-31.044937133789062
52;59.871723;-7.871723175048828
51;67.43477;-16.434768676757812
50;73.75159;-23.7515869140625
49;75.77632;-26.776321411132812
48;84.754585;-36.75458526611328
47;81.786835;-34.786834716796875
46;79.423;-33.422996520996094
45;72.315;-27.31500244140625
44;53.76266;-9.76266098022461
43;52.020416;-9.020416259765625
42;55.84486;-13.844860076904297
41;51.590874;-10.590873718261719
40;47.151554;-7.151554107666016
39;76.14196;-37.14196014404297
38;59.73995;-21.739948272705078
37;54.11265;-17.112651824951172
36;52.510574;-16.510574340820312
35;47.82002;-12.820018768310547
34;50.1255;-16.125499725341797
33;45.290287;-12.290287017822266
32;54.066345;-22.06634521484375
31;53.620224;-22.620223999023438
30;57.777416;-27.777416229248047
29;60.06407;-31.064071655273438
28;60.11797;-32.11796951293945
27;50.739742;-23.739742279052734
26;80.43933;-54.4393310546875
25;63.421223;-38.42122268676758
24;50.169506;-26.169506072998047
23;57.176098;-34.17609786987305
22;65.59099;-43.59098815917969
21;64.46068;-43.46067810058594
20;55.37622;-35.376220703125
19;45.880714;-26.880714416503906
18;61.3368;-43.33679962158203
17;49.27806;-32.27806091308594
16;41.072094;-25.072093963623047
15;50.430515;-35.43051528930664
14;60.386517;-46.38651657104492
13;50.93482;-37.934818267822266
12;55.26705;-43.267051696777344
11;55.519787;-44.5197868347168
10;51.39719;-41.39719009399414
9;55.947517;-46.94751739501953
8;57.48511;-49.485111236572266
7;58.867836;-51.867835998535156
6;59.041004;-53.0410041809082
5;49.076057;-44.07605743408203
4;44.55157;-40.551570892333984
3;48.614265;-45.61426544189453
2;49.639065;-47.63906478881836
1;54.010593;-53.01059341430664
0;53.460644;-53.46064376831055
99;62.019836;36.98016357421875
98;60.741375;37.25862503051758
97;59.546497;37.4535026550293
96;66.83187;29.168128967285156
95;84.60588;10.394119262695312
94;96.1723;-2.17230224609375
93;83.11081;9.889190673828125
92;63.59924;28.400760650634766
91;70.3628;20.63719940185547
90;82.32015;7.679847717285156
89;88.44229;0.557708740234375
88;64.84383;23.156173706054688
87;75.87131;11.128692626953125
86;51.964325;34.035675048828125
85;67.67286;17.32714080810547
84;62.068466;21.931533813476562
83;70.23534;12.764663696289062
82;53.37787;28.62213134765625
81;68.7142;12.285797119140625
80;66.32509;13.674911499023438
79;65.03712;13.962882995605469
78;55.971073;22.028926849365234
77;47.665886;29.33411407470703
76;40.393482;35.60651779174805
75;68.63344;6.3665618896484375
74;63.448517;10.551483154296875
73;61.146008;11.853992462158203
72;56.62012;15.379878997802734
71;49.224392;21.77560806274414
70;45.862038;24.137962341308594
69;45.624035;23.375965118408203
68;39.431843;28.568157196044922
67;48.363056;18.636943817138672
66;53.260742;12.7392578125
65;49.994663;15.00533676147461
64;64.10989;-0.109893798828125
63;62.813004;0.1869964599609375
62;59.214764;2.785236358642578
61;68.50273;-7.5027313232421875
60;62.76978;-2.7697792053222656
59;63.490044;-4.490043640136719
58;63.648476;-5.648475646972656
57;57.742867;-0.7428665161132812
56;58.949017;-2.949016571044922
55;79.05636;-24.056358337402344
54;63.079426;-9.079425811767578
53;65.09254;-12.092536926269531
52;68.004456;-16.00445556640625
51;65.68779;-14.687789916992188
50;63.50655;-13.506549835205078
49;61.71272;-12.712718963623047
48;72.955414;-24.955413818359375
47;80.91026;-33.91026306152344
46;75.8319;-29.83190155029297
45;59.509167;-14.509166717529297
44;57.72274;-13.722740173339844
43;44.97176;-1.9717597961425781
42;45.59923;-3.599231719970703
41;52.03075;-11.030750274658203
40;49.621033;-9.62103271484375
39;46.819283;-7.819282531738281
38;58.099518;-20.099517822265625
37;50.218243;-13.218242645263672
36;64.25863;-28.258628845214844
35;52.844738;-17.844738006591797
34;39.027622;-5.027622222900391
33;51.452084;-18.452083587646484
32;49.471725;-17.471725463867188
31;47.917507;-16.91750717163086
30;52.453053;-22.453052520751953
29;49.855495;-20.85549545288086
28;50.30701;-22.307010650634766
27;54.359108;-27.359107971191406
26;59.032455;-33.03245544433594
25;74.10753;-49.10752868652344
24;53.859566;-29.85956573486328
23;52.69001;-29.69001007080078
22;51.793472;-29.793472290039062
21;61.455143;-40.455142974853516
20;54.379673;-34.37967300415039
19;45.6032;-26.603199005126953
18;43.91196;-25.91196060180664
17;48.436962;-31.436962127685547
16;48.593052;-32.59305191040039
15;48.62747;-33.62746810913086
14;60.411716;-46.41171646118164
13;74.52641;-61.52641296386719
12;75.84161;-63.84161376953125
11;56.54868;-45.54867935180664
10;78.07263;-68.0726318359375
9;69.46684;-60.46684265136719
8;60.132538;-52.132537841796875
7;53.561413;-46.5614128112793
6;66.659546;-60.6595458984375
5;48.164318;-43.1643180847168
4;57.32945;-53.32944869995117
3;54.49288;-51.492881774902344
2;53.853344;-51.85334396362305
1;57.184208;-56.184207916259766
0;49.82078;-49.82078170776367
99;56.1013;42.89870071411133
98;66.05316;31.94683837890625
97;74.23909;22.760910034179688
96;68.66209;27.337913513183594
95;82.434845;12.565155029296875
94;67.679214;26.320785522460938
93;82.60908;10.390922546386719
92;76.176674;15.823326110839844
91;71.22054;19.779457092285156
90;67.01112;22.988876342773438
89;65.39607;23.603927612304688
88;60.75163;27.248371124267578
87;68.42699;18.573013305664062
86;60.968403;25.031597137451172
85;69.25764;15.742362976074219
84;57.915962;26.08403778076172
83;53.82735;29.172649383544922
82;48.445942;33.55405807495117
81;57.83547;23.164531707763672
80;49.024532;30.975467681884766
79;52.221806;26.778194427490234
78;56.127907;21.872093200683594
77;65.21001;11.789993286132812
76;68.71034;7.2896575927734375
75;58.34974;16.65026092529297
74;56.668365;17.331634521484375
73;54.616833;18.383167266845703
72;48.805378;23.194622039794922
71;45.785366;25.21463394165039
70;53.906796;16.093204498291016
69;65.55399;3.4460067749023438
68;73.046005;-5.0460052490234375
67;69.64357;-2.6435699462890625
66;72.65931;-6.659309387207031
65;67.64015;-2.6401519775390625
64;49.782352;14.217647552490234
63;50.377254;12.622745513916016
62;65.70034;-3.7003402709960938
61;63.344513;-2.344512939453125
60;57.458477;2.541522979736328
59;55.652912;3.347087860107422
58;63.2298;-5.229801177978516
57;56.4411;0.55889892578125
56;57.172443;-1.1724433898925781
55;49.066463;5.933536529541016
54;49.502;4.4980010986328125
53;56.462788;-3.462787628173828
52;52.469837;-0.4698371887207031
51;65.30149;-14.301490783691406
50;69.4324;-19.432403564453125
49;83.77022;-34.77021789550781
48;62.163998;-14.163997650146484
47;45.85703;1.1429710388183594
46;58.96101;-12.961009979248047
45;46.250828;-1.2508277893066406
44;50.686665;-6.686664581298828
43;49.267155;-6.267154693603516
42;65.08075;-23.08074951171875
41;61.88451;-20.884510040283203
40;63.769764;-23.769763946533203
39;49.993214;-10.993213653564453
38;49.072624;-11.072624206542969
37;51.968105;-14.96810531616211
36;59.9174;-23.917400360107422
35;54.428658;-19.42865753173828
34;43.491352;-9.491352081298828
33;47.99476;-14.994758605957031
32;40.517742;-8.517742156982422
31;50.64276;-19.64276123046875
30;48.998074;-18.99807357788086
29;45.505257;-16.50525665283203
28;48.517418;-20.517417907714844
27;48.842953;-21.842952728271484
26;46.879322;-20.879322052001953
25;45.015163;-20.01516342163086
24;42.318275;-18.318275451660156
23;39.67964;-16.679641723632812
22;40.308296;-18.30829620361328
21;43.657814;-22.657814025878906
20;43.090908;-23.09090805053711
19;41.374416;-22.37441635131836
18;38.327736;-20.327735900878906
17;39.4937;-22.493698120117188
16;51.351078;-35.351078033447266
15;46.688534;-31.688533782958984
14;49.90803;-35.90803146362305
13;50.197227;-37.197227478027344
12;43.737087;-31.73708724975586
11;44.920628;-33.92062759399414
10;46.510967;-36.51096725463867
9;47.84937;-38.849369049072266
8;46.385185;-38.38518524169922
7;43.81786;-36.8178596496582
6;44.820644;-38.82064437866211
5;48.37801;-43.37800979614258
4;46.745876;-42.74587631225586
3;50.603565;-47.60356521606445
2;47.32181;-45.32181167602539
1;49.691647;-48.691646575927734
0;55.953888;-55.953887939453125
99;51.391018;47.60898208618164
98;56.610157;41.38984298706055
97;51.415653;45.584346771240234
96;73.60994;22.390060424804688
95;60.615833;34.3841667175293
94;68.99499;25.00501251220703
93;85.25899;7.7410125732421875
92;81.499954;10.500045776367188
91;77.917206;13.082794189453125
90;80.04483;9.955169677734375
89;78.63753;10.362472534179688
88;71.63464;16.3653564453125
87;67.57864;19.421356201171875
86;77.35636;8.643638610839844
85;83.120834;1.8791656494140625
84;85.334015;-1.334014892578125
83;61.92125;21.078750610351562
82;68.28198;13.718017578125
81;70.86784;10.132156372070312
80;62.301704;17.69829559326172
79;56.99798;22.00202178955078
78;61.399807;16.60019302368164
77;58.112354;18.887645721435547
76;67.73068;8.269317626953125
75;53.02821;21.971790313720703
74;64.02005;9.979949951171875
73;73.408615;-0.4086151123046875
72;79.593765;-7.5937652587890625
71;60.39643;10.603569030761719
70;71.13369;-1.1336898803710938
69;77.16492;-8.1649169921875
68;55.265186;12.734813690185547
67;52.43411;14.56589126586914
66;63.530975;2.469024658203125
65;96.34352;-31.343521118164062
64;74.98852;-10.988517761230469
63;61.216076;1.7839241027832031
62;75.692085;-13.692085266113281
61;63.87705;-2.8770484924316406
60;63.1588;-3.1587982177734375
59;51.37471;7.6252899169921875
58;58.83101;-0.8310089111328125
57;54.014355;2.985645294189453
56;64.88861;-8.88861083984375
55;54.70041;0.299591064453125
54;56.68496;-2.6849594116210938
53;47.98822;5.01177978515625
52;64.86067;-12.860671997070312
51;58.362377;-7.362377166748047
50;74.57219;-24.572189331054688
49;54.428493;-5.428493499755859
48;48.676723;-0.6767234802246094
47;51.10645;-4.106449127197266
46;55.255806;-9.255805969238281
45;41.993507;3.0064926147460938
44;63.222427;-19.222427368164062
43;57.011703;-14.011703491210938
42;51.35837;-9.35837173461914
41;58.56771;-17.567710876464844
40;68.822044;-28.822044372558594
39;56.53032;-17.530319213867188
38;57.99446;-19.994461059570312
37;57.71458;-20.714580535888672
36;51.653103;-15.65310287475586
35;67.475204;-32.47520446777344
34;70.92639;-36.9263916015625
33;61.173183;-28.17318344116211
32;71.32578;-39.325782775878906
31;69.351494;-38.35149383544922
30;65.66401;-35.66400909423828
29;63.14676;-34.146759033203125
28;78.64986;-50.64985656738281
27;84.99611;-57.99610900878906
26;74.91698;-48.91697692871094
25;61.055553;-36.0555534362793
24;77.089294;-53.08929443359375
23;64.89642;-41.89642333984375
22;57.608902;-35.60890197753906
21;70.99628;-49.99627685546875
20;76.50929;-56.50929260253906
19;77.69883;-58.698829650878906
18;67.170944;-49.17094421386719
17;63.925194;-46.925193786621094
16;64.76676;-48.766761779785156
15;44.680027;-29.68002700805664
14;58.509266;-44.5092658996582
13;53.20425;-40.20425033569336
12;50.244167;-38.24416732788086
11;58.59684;-47.596839904785156
10;54.63957;-44.63956832885742
9;47.779247;-38.77924728393555
8;50.61847;-42.61846923828125
7;46.819195;-39.81919479370117
6;47.346584;-41.34658432006836
5;44.836773;-39.83677291870117
4;56.012165;-52.01216506958008
3;53.697025;-50.697025299072266
2;54.974583;-52.97458267211914
1;48.318123;-47.31812286376953
0;54.870285;-54.87028503417969
95;73.70101;21.298988342285156
94;101.48395;-7.48394775390625
93;98.85932;-5.859321594238281
92;103.78568;-11.785682678222656
91;113.81698;-22.816978454589844
90;87.77524;2.224761962890625
89;90.020424;-1.0204238891601562
88;83.44576;4.554237365722656
87;73.31702;13.6829833984375
86;83.26491;2.7350921630859375
85;74.15646;10.843536376953125
84;63.84925;20.15074920654297
83;68.16072;14.839279174804688
82;53.78598;28.214019775390625
81;56.852825;24.147174835205078
80;60.96631;19.03369140625
79;47.473824;31.52617645263672
78;48.738453;29.261547088623047
77;45.07619;31.923809051513672
76;41.760006;34.239994049072266
75;49.580215;25.419784545898438
74;52.41997;21.580028533935547
73;51.81767;21.182331085205078
72;66.880066;5.11993408203125
71;51.74397;19.256031036376953
70;59.50625;10.493751525878906
69;53.842175;15.157825469970703
68;63.157784;4.842216491699219
67;56.13558;10.864421844482422
66;50.77526;15.224739074707031
65;55.779423;9.220577239990234
64;49.84732;14.152679443359375
63;54.176567;8.823432922363281
62;52.775257;9.224742889404297
61;54.04031;6.959690093994141
60;53.530643;6.469356536865234
59;65.45866;-6.458656311035156
58;62.336143;-4.336143493652344
57;55.57788;1.422119140625
56;54.25452;1.7454795837402344
55;46.740345;8.259654998779297
54;46.528843;7.471157073974609
53;64.1285;-11.128501892089844
52;54.492687;-2.492687225341797
51;51.37836;-0.3783607482910156
50;54.2495;-4.249500274658203
49;45.8066;3.193401336669922
48;34.0337;13.966300964355469
47;43.736485;3.2635154724121094
46;39.439175;6.560825347900391
45;40.245094;4.754905700683594
44;40.722973;3.277027130126953
43;44.96367;-1.9636688232421875
42;45.434765;-3.434764862060547
41;48.6786;-7.678600311279297
40;45.737576;-5.737575531005859
39;52.612614;-13.612613677978516
38;52.952076;-14.952075958251953
37;41.27043;-4.2704315185546875
36;53.50611;-17.50611114501953
35;43.023613;-8.023612976074219
34;53.72601;-19.726009368896484
33;69.37471;-36.37471008300781
32;56.61087;-24.610870361328125
31;46.42902;-15.429019927978516
30;78.35445;-48.35444641113281
29;58.952297;-29.95229721069336
28;56.028225;-28.02822494506836
27;51.503323;-24.50332260131836
26;64.5001;-38.500099182128906
25;51.676918;-26.676918029785156
24;56.883858;-32.88385772705078
23;54.629116;-31.62911605834961
22;46.453262;-24.453262329101562
21;47.509014;-26.509014129638672
20;54.318226;-34.3182258605957
19;65.606476;-46.606475830078125
18;52.68861;-34.6886100769043
17;61.503567;-44.50356674194336
16;61.38574;-45.385738372802734
15;46.628628;-31.62862777709961
14;50.755077;-36.75507736206055
13;46.57597;-33.57596969604492
12;59.15697;-47.1569709777832
11;72.15559;-61.15558624267578
10;55.98357;-45.98357009887695
9;53.479527;-44.47952651977539
8;57.96069;-49.960689544677734
7;57.46795;-50.46794891357422
6;58.713203;-52.71320343017578
5;49.03222;-44.03221893310547
4;53.2818;-49.28179931640625
3;45.91936;-42.91936111450195
2;53.649776;-51.649776458740234
1;43.348904;-42.34890365600586
0;42.200565;-42.200565338134766
48;49.216145;-1.2161445617675781
47;48.004826;-1.0048255920410156
46;39.560978;6.439022064208984
45;46.227406;-1.2274055480957031
44;45.846867;-1.8468666076660156
43;51.774048;-8.7740478515625
42;59.694527;-17.69452667236328
41;48.45169;-7.451690673828125
40;50.998505;-10.998504638671875
39;46.851505;-7.851505279541016
38;42.198105;-4.1981048583984375
37;58.916615;-21.916614532470703
36;67.17225;-31.17224884033203
35;57.14496;-22.14495849609375
34;54.57623;-20.576229095458984
33;49.8287;-16.82870101928711
32;55.375267;-23.375267028808594
31;61.380543;-30.380542755126953
30;55.27821;-25.278209686279297
29;51.548;-22.54800033569336
28;53.78878;-25.788780212402344
27;58.608845;-31.608844757080078
26;61.54848;-35.54848098754883
25;68.54573;-43.54573059082031
24;55.65044;-31.650440216064453
23;46.312363;-23.312362670898438
22;53.69188;-31.691879272460938
21;52.470524;-31.470523834228516
20;59.955315;-39.95531463623047
19;51.15263;-32.15262985229492
18;49.79954;-31.799541473388672
17;35.845547;-18.84554672241211
16;46.07986;-30.07986068725586
15;46.16574;-31.165740966796875
14;42.641994;-28.64199447631836
13;46.886776;-33.886775970458984
12;47.54275;-35.54275131225586
11;49.10244;-38.102439880371094
10;57.358643;-47.358642578125
9;51.679546;-42.67954635620117
8;53.972256;-45.97225570678711
7;38.11942;-31.11941909790039
6;40.282913;-34.28291320800781
5;44.713474;-39.71347427368164
4;38.699394;-34.69939422607422
3;57.41663;-54.416629791259766
2;71.4251;-69.42510223388672
1;48.19861;-47.1986083984375
0;49.674168;-49.67416763305664
67;70.4402;-3.4402008056640625
66;71.2309;-5.230903625488281
65;72.079765;-7.079765319824219
64;84.43338;-20.433380126953125
63;75.05162;-12.051620483398438
62;101.554146;-39.55414581298828
61;111.31955;-50.319549560546875
60;92.75769;-32.7576904296875
59;92.85132;-33.851318359375
58;78.114624;-20.1146240234375
57;70.932755;-13.932754516601562
56;85.16342;-29.163421630859375
55;90.43645;-35.43644714355469
54;56.17606;-2.1760597229003906
53;80.10593;-27.105926513671875
52;69.93851;-17.938507080078125
51;80.90086;-29.900863647460938
50;61.46166;-11.461658477783203
49;51.397816;-2.397815704345703
48;59.401318;-11.401317596435547
47;54.13284;-7.132839202880859
46;56.50286;-10.502861022949219
45;56.303627;-11.303627014160156
44;63.334972;-19.334972381591797
43;47.45262;-4.4526214599609375
42;47.726208;-5.726207733154297
41;63.492863;-22.492862701416016
40;60.317036;-20.317035675048828
39;53.553875;-14.553874969482422
38;59.449284;-21.449283599853516
37;54.17699;-17.176990509033203
36;55.596134;-19.596134185791016
35;54.753704;-19.753704071044922
34;52.60573;-18.605728149414062
33;65.277435;-32.277435302734375
32;60.161396;-28.161396026611328
31;51.350323;-20.350322723388672
30;43.277973;-13.277973175048828
29;43.546932;-14.546932220458984
28;46.55811;-18.558109283447266
27;55.63303;-28.63302993774414
26;48.892376;-22.892375946044922
25;54.60786;-29.607860565185547
24;46.044437;-22.044437408447266
23;46.593784;-23.59378433227539
22;63.061283;-41.061283111572266
21;52.469513;-31.469512939453125
20;51.714985;-31.714984893798828
19;48.94634;-29.946338653564453
18;42.606064;-24.606063842773438
17;45.038006;-28.038005828857422
16;46.350224;-30.350223541259766
15;41.377666;-26.377666473388672
14;42.897945;-28.897945404052734
13;39.159573;-26.15957260131836
12;48.881527;-36.881526947021484
11;42.430653;-31.430652618408203
10;53.25729;-43.25728988647461
9;47.04902;-38.04901885986328
8;38.04459;-30.04458999633789
7;68.7348;-61.73480224609375
6;41.363926;-35.36392593383789
5;42.881573;-37.88157272338867
4;43.752403;-39.752403259277344
3;55.76745;-52.76744842529297
2;51.0093;-49.009300231933594
1;50.447834;-49.44783401489258
0;37.99548;-37.995479583740234
67;79.46776;-12.467758178710938
66;57.968754;8.031246185302734
65;76.27193;-11.271926879882812
64;79.938515;-15.938514709472656
63;71.184204;-8.1842041015625
62;105.49688;-43.49687957763672
61;101.18976;-40.18975830078125
60;93.24732;-33.24732208251953
59;79.555725;-20.55572509765625
58;95.144455;-37.14445495605469
57;87.135056;-30.135055541992188
56;92.26732;-36.26731872558594
55;96.38993;-41.389930725097656
54;83.78881;-29.78881072998047
53;81.233055;-28.233055114746094
52;70.31435;-18.314346313476562
51;68.56;-17.55999755859375
50;70.50711;-20.507110595703125
49;69.84573;-20.845733642578125
48;51.197067;-3.1970672607421875
47;61.331135;-14.331134796142578
46;56.14005;-10.14004898071289
45;72.821304;-27.821304321289062
44;60.11705;-16.117050170898438
43;49.736057;-6.736057281494141
42;49.276722;-7.276721954345703
41;65.329254;-24.329254150390625
40;62.47924;-22.47924041748047
39;61.856503;-22.856502532958984
38;59.27654;-21.276538848876953
37;53.27074;-16.270740509033203
36;44.717884;-8.717884063720703
35;64.16537;-29.165367126464844
34;56.08742;-22.087421417236328
33;61.855083;-28.855083465576172
32;50.499756;-18.499755859375
31;64.71727;-33.71726989746094
30;61.156136;-31.15613555908203
29;49.691887;-20.69188690185547
28;42.39361;-14.393608093261719
27;42.355762;-15.355762481689453
26;52.872654;-26.87265396118164
25;46.294964;-21.294963836669922
24;43.01003;-19.010028839111328
23;50.308887;-27.308887481689453
22;51.97468;-29.974681854248047
21;43.470875;-22.470874786376953
20;49.823967;-29.82396697998047
19;54.490368;-35.4903678894043
18;50.89528;-32.89527893066406
17;47.621914;-30.62191390991211
16;49.487858;-33.487857818603516
15;42.842236;-27.842235565185547
14;45.444786;-31.444786071777344
13;46.486286;-33.48628616333008
12;45.313236;-33.313236236572266
11;47.74569;-36.745689392089844
10;56.167496;-46.16749572753906
9;60.610275;-51.61027526855469
8;61.594955;-53.59495544433594
7;59.182842;-52.18284225463867
6;57.333286;-51.33328628540039
5;72.370224;-67.37022399902344
4;52.622097;-48.62209701538086
3;59.261887;-56.26188659667969
2;61.587624;-59.587623596191406
1;64.244995;-63.2449951171875
0;57.99706;-57.9970588684082
67;68.56723;-1.567230224609375
66;69.42662;-3.4266204833984375
65;74.9155;-9.915496826171875
64;61.30117;2.6988296508789062
63;78.37753;-15.377532958984375
62;92.99167;-30.991668701171875
61;74.37088;-13.370880126953125
60;91.6107;-31.610702514648438
59;73.12449;-14.124488830566406
58;99.40083;-41.40083312988281
57;88.09107;-31.09107208251953
56;87.259125;-31.259124755859375
55;89.94657;-34.946571350097656
54;96.614944;-42.61494445800781
53;80.4982;-27.498199462890625
52;68.87428;-16.874282836914062
51;74.84944;-23.849441528320312
50;70.810814;-20.810813903808594
49;50.325935;-1.3259353637695312
48;51.964672;-3.964672088623047
47;54.033978;-7.033977508544922
46;46.966415;-0.9664154052734375
45;44.78894;0.2110595703125
44;47.124775;-3.124774932861328
43;47.955036;-4.955036163330078
42;55.09369;-13.09368896484375
41;53.426723;-12.42672348022461
40;51.938656;-11.938655853271484
39;46.52277;-7.522769927978516
38;49.80539;-11.805389404296875
37;53.41142;-16.411418914794922
36;53.446793;-17.446792602539062
35;54.756348;-19.75634765625
34;48.580456;-14.580455780029297
33;48.08723;-15.087230682373047
32;50.03843;-18.038429260253906
31;48.827747;-17.827747344970703
30;60.585133;-30.585132598876953
29;57.445637;-28.445636749267578
28;50.63021;-22.630210876464844
27;66.3942;-39.394203186035156
26;50.2078;-24.207801818847656
25;49.561737;-24.561737060546875
24;52.022472;-28.022472381591797
23;56.151443;-33.15144348144531
22;62.447605;-40.44760513305664
21;50.562443;-29.562442779541016
20;47.820034;-27.82003402709961
19;56.152893;-37.15289306640625
18;61.87763;-43.877628326416016
17;57.322292;-40.32229232788086
16;51.435154;-35.43515396118164
15;45.419624;-30.41962432861328
14;49.783714;-35.783714294433594
13;50.80104;-37.80104064941406
12;45.44245;-33.44245147705078
11;45.401665;-34.40166473388672
10;47.38239;-37.382389068603516
9;50.006687;-41.00668716430664
8;42.688892;-34.68889236450195
7;48.24074;-41.24074172973633
6;44.498196;-38.49819564819336
5;38.507576;-33.50757598876953
4;39.88735;-35.88734817504883
3;42.816208;-39.81620788574219
2;42.681377;-40.68137741088867
1;39.53487;-38.53487014770508
0;43.529083;-43.529083251953125
227;44.16904;182.83095932006836
226;50.946903;175.05309677124023
225;72.03204;152.96795654296875
224;73.16498;150.83502197265625
223;87.16478;135.83522033691406
222;98.03935;123.96064758300781
221;90.239555;130.76044464111328
220;91.8926;128.1073989868164
219;91.022644;127.97735595703125
218;95.524826;122.47517395019531
217;95.11837;121.88162994384766
216;102.93602;113.06398010253906
215;93.78734;121.21266174316406
214;93.58241;120.41758728027344
213;95.74081;117.25919342041016
212;98.825905;113.1740951538086
211;93.39877;117.60122680664062
210;80.69849;129.301513671875
209;53.666042;155.33395767211914
208;55.594288;152.40571212768555
207;52.261806;154.7381935119629
206;56.290485;149.70951461791992
205;49.228245;155.77175521850586
204;53.41598;150.5840187072754
203;47.371662;155.62833786010742
202;39.83482;162.16518020629883
201;58.240593;142.75940704345703
200;68.40635;131.5936508178711
199;48.95483;150.04516983032227
198;56.785515;141.21448516845703
197;53.553555;143.4464454650879
196;61.809326;134.190673828125
195;54.585842;140.41415786743164
194;65.20358;128.79641723632812
193;54.319195;138.68080520629883
192;48.848675;143.15132522583008
191;48.21893;142.78107070922852
190;48.14196;141.85803985595703
189;46.034473;142.96552658081055
188;50.560795;137.43920516967773
187;40.730827;146.26917266845703
186;48.74652;137.25347900390625
185;53.14999;131.8500099182129
184;44.891552;139.10844802856445
183;40.675404;142.3245964050293
182;40.563824;141.43617630004883
181;42.76687;138.2331314086914
180;43.378544;136.62145614624023
179;46.113087;132.88691329956055
178;45.311474;132.68852615356445
177;42.725803;134.27419662475586
176;44.833767;131.16623306274414
175;49.925735;125.07426452636719
174;48.118896;125.881103515625
173;43.984024;129.01597595214844
172;52.975704;119.02429580688477
171;73.737114;97.26288604736328
170;52.688427;117.31157302856445
169;81.88632;87.11367797851562
168;45.1562;122.84379959106445
167;50.233543;116.7664566040039
166;44.12868;121.87131881713867
165;59.288486;105.71151351928711
164;49.354515;114.6454849243164
163;43.26415;119.7358512878418
162;60.622623;101.37737655639648
161;79.661545;81.33845520019531
160;48.831432;111.1685676574707
159;60.523743;98.47625732421875
158;48.305676;109.6943244934082
157;45.412296;111.58770370483398
156;46.850773;109.14922714233398
155;41.728573;113.27142715454102
154;42.801777;111.19822311401367
153;46.114216;106.88578414916992
152;44.08276;107.91724014282227
151;53.235073;97.76492691040039
150;53.22549;96.77450942993164
149;44.84329;104.15671157836914
148;40.53831;107.46168899536133
147;47.44949;99.55051040649414
146;37.448837;108.55116271972656
145;41.409267;103.59073257446289
144;47.739223;96.26077651977539
143;42.709305;100.29069519042969
142;39.36995;102.63005065917969
141;46.508114;94.49188613891602
140;39.94927;100.05073165893555
139;53.90092;85.09907913208008
138;54.682808;83.31719207763672
137;43.65411;93.34589004516602
136;50.85632;85.14368057250977
135;48.657;86.34299850463867
134;56.843403;77.15659713745117
133;58.403885;74.59611511230469
132;69.93619;62.063812255859375
131;43.092133;87.90786743164062
130;48.240795;81.75920486450195
129;43.11706;85.88293838500977
128;60.940742;67.05925750732422
127;38.885624;88.11437606811523
126;45.2538;80.74620056152344
125;50.598766;74.4012336730957
124;68.39707;55.602928161621094
123;56.20663;66.79336929321289
122;72.03188;49.968116760253906
121;92.00097;28.99903106689453
120;56.831112;63.168888092041016
119;74.41632;44.58367919921875
118;62.06715;55.9328498840332
117;47.53966;69.4603385925293
116;74.50307;41.49693298339844
115;64.16161;50.83838653564453
114;101.850975;12.149024963378906
113;114.605194;-1.605194091796875
112;108.178055;3.8219451904296875
111;87.72015;23.27984619140625
110;89.93851;20.061492919921875
109;101.113464;7.88653564453125
108;100.06138;7.938621520996094
107;61.564938;45.435062408447266
106;84.55621;21.44378662109375
105;83.14026;21.8597412109375
104;81.84437;22.15563201904297
103;86.69481;16.305191040039062
102;95.97179;6.0282135009765625
101;84.280334;16.71966552734375
100;116.43813;-16.438133239746094
99;117.39049;-18.390487670898438
98;106.58781;-8.587806701660156
97;130.91145;-33.91145324707031
96;66.3247;29.67530059814453
95;93.88338;1.1166229248046875
94;64.83963;29.160369873046875
93;72.798325;20.201675415039062
92;104.42044;-12.420440673828125
91;65.92107;25.078933715820312
90;78.290955;11.70904541015625
89;66.76314;22.236862182617188
88;93.998924;-5.998924255371094
87;91.73973;-4.7397308349609375
86;95.42061;-9.420608520507812
85;80.36137;4.638633728027344
84;91.937454;-7.9374542236328125
83;114.34668;-31.3466796875
82;94.53781;-12.537811279296875
81;76.39963;4.600372314453125
80;94.68567;-14.6856689453125
79;84.565926;-5.565925598144531
78;86.86199;-8.861991882324219
77;78.62819;-1.6281890869140625
76;80.30181;-4.301811218261719
75;62.932323;12.067676544189453
74;102.289536;-28.289535522460938
73;95.0087;-22.008697509765625
72;86.847015;-14.847015380859375
71;118.25224;-47.25224304199219
70;70.99838;-0.998382568359375
69;83.28363;-14.28363037109375
68;98.01699;-30.016990661621094
67;93.90357;-26.90357208251953
66;102.26564;-36.26564025878906
65;74.57688;-9.576881408691406
64;48.47878;15.521221160888672
63;52.659325;10.340675354003906
62;66.65356;-4.653556823730469
61;47.317215;13.682785034179688
60;49.19631;10.803691864013672
59;59.131084;-0.13108444213867188
58;52.782566;5.217433929443359
57;53.43498;3.565021514892578
56;45.624416;10.37558364868164
55;58.455402;-3.455402374267578
54;51.14479;2.8552093505859375
53;53.350437;-0.3504371643066406
52;70.42935;-18.429351806640625
51;64.67833;-13.678329467773438
50;59.560986;-9.560985565185547
49;41.996395;7.003604888916016
48;44.885494;3.1145057678222656
47;50.936695;-3.936695098876953
46;45.7342;0.26580047607421875
45;41.4423;3.5577011108398438
44;61.068474;-17.06847381591797
43;50.659702;-7.659702301025391
42;49.799904;-7.799903869628906
41;62.14127;-21.14126968383789
40;43.349575;-3.3495750427246094
39;39.974457;-0.974456787109375
38;36.351467;1.6485328674316406
37;41.943577;-4.943576812744141
36;49.17545;-13.17544937133789
35;44.29087;-9.290870666503906
34;42.451252;-8.451251983642578
33;46.27041;-13.270408630371094
32;40.18667;-8.186668395996094
31;50.97678;-19.97677993774414
30;34.93116;-4.931159973144531
29;39.787918;-10.787918090820312
28;45.616566;-17.616565704345703
27;41.829617;-14.82961654663086
26;41.823315;-15.823314666748047
25;39.281086;-14.281085968017578
24;44.569836;-20.569835662841797
23;41.56193;-18.561931610107422
22;41.168003;-19.16800308227539
21;39.91047;-18.91046905517578
20;70.79832;-50.798316955566406
19;44.48488;-25.484878540039062
18;44.997135;-26.997135162353516
17;60.259495;-43.25949478149414
16;58.48483;-42.48482894897461
15;57.7044;-42.70439910888672
14;68.12003;-54.120033264160156
13;83.38572;-70.3857192993164
12;47.94667;-35.94667053222656
11;47.2059;-36.20589828491211
10;63.332874;-53.3328742980957
9;51.72819;-42.72819137573242
8;40.266186;-32.26618576049805
7;38.48468;-31.48468017578125
6;34.718044;-28.71804428100586
5;55.862217;-50.86221694946289
4;46.33693;-42.33692932128906
3;45.163807;-42.1638069152832
2;45.60112;-43.60111999511719
1;58.87986;-57.879859924316406
0;39.2178;-39.21780014038086
70;46.338413;23.66158676147461
69;43.54613;25.453868865966797
68;41.835484;26.16451644897461
67;40.162632;26.83736801147461
66;39.924835;26.075164794921875
65;43.78992;21.210079193115234
64;39.409527;24.590473175048828
63;38.237026;24.76297378540039
62;40.835274;21.16472625732422
61;43.788;17.21200180053711
60;57.50588;2.494121551513672
59;68.3224;-9.322402954101562
58;52.785324;5.2146759033203125
57;45.157825;11.842174530029297
56;46.354225;9.645774841308594
55;44.857754;10.14224624633789
54;54.128735;-0.12873458862304688
53;43.422222;9.577777862548828
52;38.109135;13.890865325927734
51;47.640053;3.3599472045898438
50;42.07382;7.926181793212891
49;43.59583;5.404170989990234
48;46.751453;1.2485466003417969
47;45.0406;1.9594001770019531
46;40.622547;5.377452850341797
45;39.819386;5.180614471435547
44;35.50569;8.494308471679688
43;37.873417;5.126583099365234
42;44.640812;-2.6408119201660156
41;48.161114;-7.161113739013672
40;50.575996;-10.575996398925781
39;45.03787;-6.037868499755859
38;48.12596;-10.125961303710938
37;52.1163;-15.11629867553711
36;51.230343;-15.230342864990234
35;45.113194;-10.11319351196289
34;44.350895;-10.350894927978516
33;44.731853;-11.731853485107422
32;48.79932;-16.799320220947266
31;47.157497;-16.15749740600586
30;46.509075;-16.509075164794922
29;43.813786;-14.813785552978516
28;36.91466;-8.914661407470703
27;42.248325;-15.24832534790039
26;53.53423;-27.534229278564453
25;84.13919;-59.139190673828125
24;62.517124;-38.51712417602539
23;72.98812;-49.988121032714844
22;65.41708;-43.417083740234375
21;83.06204;-62.062042236328125
20;78.88057;-58.88056945800781
19;81.54508;-62.545082092285156
18;65.33183;-47.33183288574219
17;112.10455;-95.10455322265625
16;50.932228;-34.932228088378906
15;93.01082;-78.01081848144531
14;84.200134;-70.20013427734375
13;88.49507;-75.49507141113281
12;89.86089;-77.86089324951172
11;89.99833;-78.99832916259766
10;77.94142;-67.94142150878906
9;92.79629;-83.7962875366211
8;85.11991;-77.11991119384766
7;104.20139;-97.2013931274414
6;71.05869;-65.0586929321289
5;59.521652;-54.52165222167969
4;90.73312;-86.73312377929688
3;70.89738;-67.89737701416016
2;72.1738;-70.17379760742188
1;71.869644;-70.86964416503906
0;85.83919;-85.83918762207031
89;90.843704;-1.8437042236328125
88;70.662415;17.33758544921875
87;90.24263;-3.2426300048828125
86;84.26167;1.7383270263671875
85;123.12867;-38.12866973876953
84;100.00353;-16.00353240966797
83;104.9905;-21.990501403808594
82;77.88925;4.110748291015625
81;113.37658;-32.37657928466797
80;93.03793;-13.037933349609375
79;94.09953;-15.099533081054688
78;86.68904;-8.689041137695312
77;94.72424;-17.7242431640625
76;88.1604;-12.160400390625
75;89.88433;-14.884330749511719
74;90.63678;-16.63677978515625
73;87.227356;-14.22735595703125
72;94.81583;-22.815826416015625
71;81.005775;-10.005775451660156
70;83.49984;-13.499839782714844
69;60.47418;8.525821685791016
68;69.17531;-1.1753082275390625
67;68.94592;-1.9459228515625
66;80.120636;-14.120635986328125
65;59.79375;5.206249237060547
64;63.60007;0.3999290466308594
63;66.38592;-3.3859176635742188
62;66.3609;-4.36090087890625
61;70.226204;-9.226203918457031
60;52.807564;7.192436218261719
59;74.816795;-15.816795349121094
58;45.255722;12.744277954101562
57;52.098392;4.901607513427734
56;52.303474;3.6965255737304688
55;62.93915;-7.939151763916016
54;54.324436;-0.3244361877441406
53;53.197063;-0.19706344604492188
52;55.935097;-3.9350967407226562
51;60.655434;-9.655433654785156
50;53.2841;-3.284099578857422
49;45.62744;3.37255859375
48;44.92837;3.0716285705566406
47;52.45697;-5.45697021484375
46;60.19588;-14.195880889892578
45;50.381092;-5.381092071533203
44;62.977295;-18.977294921875
43;73.80034;-30.800338745117188
42;65.35476;-23.354759216308594
41;81.14624;-40.146240234375
40;81.23576;-41.23576354980469
39;63.695507;-24.695507049560547
38;61.619698;-23.61969757080078
37;64.23613;-27.236129760742188
36;59.142006;-23.142005920410156
35;60.82392;-25.82392120361328
34;101.35448;-67.35447692871094
33;92.3922;-59.39219665527344
32;53.741756;-21.741756439208984
31;51.383545;-20.383544921875
30;45.3873;-15.387298583984375
29;45.624252;-16.624252319335938
28;48.76273;-20.76272964477539
27;65.93184;-38.93183898925781
26;58.2699;-32.269901275634766
25;62.41114;-37.41114044189453
24;58.850807;-34.850807189941406
23;54.654236;-31.65423583984375
22;50.943134;-28.943134307861328
21;55.388973;-34.388973236083984
20;61.826675;-41.82667541503906
19;77.59195;-58.591949462890625
18;73.08211;-55.08210754394531
17;67.027695;-50.02769470214844
16;72.92818;-56.92817687988281
15;80.79065;-65.7906494140625
14;79.75598;-65.7559814453125
13;59.42885;-46.42884826660156
12;86.93944;-74.93943786621094
11;53.22457;-42.224571228027344
10;74.60199;-64.60198974609375
9;43.2307;-34.2307014465332
8;68.42212;-60.422119140625
7;53.654118;-46.654117584228516
6;60.51683;-54.51683044433594
5;41.49725;-36.497249603271484
4;53.65231;-49.65230941772461
3;45.328312;-42.328311920166016
2;50.281437;-48.281436920166016
1;53.473644;-52.4736442565918
0;55.90723;-55.907230377197266
89;80.91917;8.080833435058594
88;86.17528;1.8247222900390625
87;83.2001;3.799896240234375
86;80.09224;5.9077606201171875
85;78.11176;6.888236999511719
84;78.35208;5.647918701171875
83;88.97249;-5.9724884033203125
82;83.07419;-1.074188232421875
81;71.642746;9.357254028320312
80;80.283844;-0.283843994140625
79;92.361145;-13.36114501953125
78;97.97008;-19.970077514648438
77;72.819244;4.180755615234375
76;71.757996;4.24200439453125
75;59.395428;15.604572296142578
74;58.9105;15.089500427246094
73;65.24369;7.756309509277344
72;58.420376;13.57962417602539
71;49.681107;21.318893432617188
70;43.910652;26.08934783935547
69;41.68411;27.31589126586914
68;44.983723;23.016277313232422
67;61.43782;5.5621795654296875
66;56.307648;9.692352294921875
65;68.221886;-3.2218856811523438
64;51.97204;12.027961730957031
63;46.395058;16.604942321777344
62;51.36222;10.637779235839844
61;53.133106;7.866893768310547
60;55.112556;4.887443542480469
59;58.436684;0.5633163452148438
58;50.559963;7.440036773681641
57;47.70972;9.290279388427734
56;49.967686;6.032314300537109
55;42.25043;12.749568939208984
54;49.31581;4.6841888427734375
53;52.794674;0.20532608032226562
52;52.801258;-0.8012580871582031
51;54.24618;-3.2461814880371094
50;50.748608;-0.7486076354980469
49;49.582672;-0.582672119140625
48;44.687794;3.312206268310547
47;45.285706;1.71429443359375
46;46.25878;-0.25878143310546875
45;55.436954;-10.436954498291016
44;89.50345;-45.503448486328125
43;65.4121;-22.41210174560547
42;76.851906;-34.851905822753906
41;76.24822;-35.24822235107422
40;74.71899;-34.71898651123047
39;75.381355;-36.38135528564453
38;83.153465;-45.153465270996094
37;83.23772;-46.23771667480469
36;59.030483;-23.03048324584961
35;71.65106;-36.65106201171875
34;92.09833;-58.09832763671875
33;73.55441;-40.554412841796875
32;47.060375;-15.060375213623047
31;52.413612;-21.413612365722656
30;58.491283;-28.491283416748047
29;43.794415;-14.794414520263672
28;52.975105;-24.97510528564453
27;57.29029;-30.29029083251953
26;44.563484;-18.56348419189453
25;45.272854;-20.27285385131836
24;40.700882;-16.700881958007812
23;43.96269;-20.962688446044922
22;48.24937;-26.249370574951172
21;40.81626;-19.816261291503906
20;62.535812;-42.53581237792969
19;50.618767;-31.61876678466797
18;56.387913;-38.38791275024414
17;52.247158;-35.24715805053711
16;43.157784;-27.15778350830078
15;40.50594;-25.505939483642578
14;56.40167;-42.401668548583984
13;56.87185;-43.871849060058594
12;85.6206;-73.62059783935547
11;60.521595;-49.5215950012207
10;55.366146;-45.366146087646484
9;70.961334;-61.961334228515625
8;71.50665;-63.50665283203125
7;83.18811;-76.1881103515625
6;77.516174;-71.51617431640625
5;66.61959;-61.619590759277344
4;59.685596;-55.68559646606445
3;72.374115;-69.37411499023438
2;52.144886;-50.1448860168457
1;75.70793;-74.70793151855469
0;77.57473;-77.5747299194336
89;78.49342;10.506576538085938
88;99.98625;-11.986251831054688
87;99.136215;-12.136215209960938
86;86.5143;-0.5142974853515625
85;133.56766;-48.567657470703125
84;105.088165;-21.088165283203125
83;99.67201;-16.672012329101562
82;97.99688;-15.996879577636719
81;84.57948;-3.5794830322265625
80;95.90906;-15.9090576171875
79;100.19208;-21.19207763671875
78;111.3732;-33.373199462890625
77;96.625336;-19.625335693359375
76;90.5807;-14.580703735351562
75;73.31215;1.6878509521484375
74;83.19649;-9.196487426757812
73;80.946045;-7.946044921875
72;79.85684;-7.856842041015625
71;106.85621;-35.85620880126953
70;96.84348;-26.843482971191406
69;105.32015;-36.320152282714844
68;98.037224;-30.03722381591797
67;95.61012;-28.610122680664062
66;85.44111;-19.44110870361328
65;67.05643;-2.056427001953125
64;61.94456;2.055438995361328
63;93.13921;-30.13921356201172
62;71.91272;-9.9127197265625
61;79.62309;-18.623092651367188
60;84.28267;-24.282669067382812
59;78.3714;-19.37139892578125
58;58.557556;-0.55755615234375
57;68.29535;-11.29534912109375
56;62.362293;-6.362293243408203
55;65.12449;-10.124488830566406
54;61.83063;-7.830631256103516
53;56.380505;-3.380504608154297
52;46.84509;5.154911041259766
51;58.865967;-7.865966796875
50;56.55583;-6.555828094482422
49;40.345783;8.654216766357422
48;52.756477;-4.756477355957031
47;57.012455;-10.012454986572266
46;54.477993;-8.47799301147461
45;52.582767;-7.582767486572266
44;58.076534;-14.076534271240234
43;51.90994;-8.90993881225586
42;47.290665;-5.2906646728515625
41;53.153614;-12.153614044189453
40;55.97814;-15.978141784667969
39;49.546738;-10.546737670898438
38;52.260746;-14.260746002197266
37;49.390045;-12.390045166015625
36;41.65311;-5.653110504150391
35;44.35007;-9.35007095336914
34;45.343;-11.342998504638672
33;46.51501;-13.515010833740234
32;49.381004;-17.381004333496094
31;45.46259;-14.462589263916016
30;63.301792;-33.30179214477539
29;44.463367;-15.463367462158203
28;48.867886;-20.86788558959961
27;40.63529;-13.63528823852539
26;35.620487;-9.620487213134766
25;41.802715;-16.802715301513672
24;41.67866;-17.678661346435547
23;40.358803;-17.358802795410156
22;42.71596;-20.715961456298828
21;40.64681;-19.646808624267578
20;45.251858;-25.25185775756836
19;45.25951;-26.259510040283203
18;64.77365;-46.773651123046875
17;68.512924;-51.51292419433594
16;72.367035;-56.367034912109375
15;57.12151;-42.12150955200195
14;49.847385;-35.84738540649414
13;45.040985;-32.040985107421875
12;51.83683;-39.836830139160156
11;44.408886;-33.40888595581055
10;49.49379;-39.49378967285156
9;44.864395;-35.86439514160156
8;49.686394;-41.68639373779297
7;109.07156;-102.07156372070312
6;79.9119;-73.91190338134766
5;77.49725;-72.49725341796875
4;77.639496;-73.63949584960938
3;65.07091;-62.07090759277344
2;75.65047;-73.65046691894531
1;69.67147;-68.67147064208984
0;60.531063;-60.531063079833984
139;76.42177;62.57823181152344
138;87.73929;50.260711669921875
137;109.457924;27.542076110839844
136;100.81291;35.18708801269531
135;94.97261;40.02738952636719
134;107.467064;26.532936096191406
133;87.19086;45.80914306640625
132;115.22497;16.77503204345703
131;73.738785;57.26121520996094
130;113.46579;16.534210205078125
129;120.82444;8.175559997558594
128;83.400345;44.59965515136719
127;95.65398;31.346023559570312
126;80.29553;45.7044677734375
125;100.17872;24.82128143310547
124;94.272194;29.727806091308594
123;76.19964;46.80036163330078
122;74.56659;47.43341064453125
121;66.51579;54.48420715332031
120;62.39972;57.60028076171875
119;67.77814;51.22186279296875
118;50.50173;67.4982681274414
117;57.00634;59.99365997314453
116;56.564507;59.43549346923828
115;55.00032;59.99967956542969
114;48.601025;65.39897537231445
113;52.495842;60.50415802001953
112;50.71158;61.288421630859375
111;52.715595;58.28440475463867
110;61.60974;48.3902587890625
109;61.25687;47.74312973022461
108;53.97523;54.0247688293457
107;69.73018;37.26982116699219
106;49.368008;56.63199234008789
105;63.89967;41.1003303527832
104;91.216415;12.783584594726562
103;65.64548;37.354522705078125
102;72.55698;29.443023681640625
101;88.65602;12.343978881835938
100;72.42647;27.573532104492188
99;61.681366;37.318634033203125
98;78.3554;19.64459991455078
97;91.36821;5.6317901611328125
96;59.624508;36.375492095947266
95;66.875305;28.12469482421875
94;66.68172;27.318283081054688
93;73.613144;19.386856079101562
92;71.94849;20.051513671875
91;65.46263;25.537368774414062
90;55.503056;34.496944427490234
89;51.58643;37.413570404052734
88;59.287033;28.712966918945312
87;53.175694;33.82430648803711
86;47.59815;38.401851654052734
85;53.329575;31.670425415039062
84;44.889137;39.110862731933594
83;45.458553;37.541446685791016
82;44.090446;37.90955352783203
81;46.33005;34.66994857788086
80;50.344616;29.655384063720703
79;39.778923;39.22107696533203
78;40.297554;37.70244598388672
77;40.460255;36.53974533081055
76;40.386124;35.61387634277344
75;43.474346;31.525653839111328
74;46.673054;27.326946258544922
73;40.898243;32.10175704956055
72;43.564915;28.43508529663086
71;45.513447;25.486553192138672
70;43.234356;26.765644073486328
69;47.727894;21.272106170654297
68;43.40063;24.599369049072266
67;48.1318;18.86819839477539
66;41.400734;24.599266052246094
65;42.40731;22.592689514160156
64;45.907887;18.092113494873047
63;47.401955;15.598045349121094
62;54.155777;7.8442230224609375
61;42.044838;18.955162048339844
60;52.420807;7.579193115234375
59;69.08717;-10.087173461914062
58;55.297886;2.7021141052246094
57;58.98045;-1.9804496765136719
56;56.203037;-0.20303726196289062
55;44.56687;10.433128356933594
54;41.682854;12.317146301269531
53;65.52022;-12.520217895507812
52;78.28389;-26.283889770507812
51;60.208645;-9.20864486694336
50;91.19856;-41.19856262207031
49;86.085846;-37.085845947265625
48;80.997894;-32.997894287109375
47;114.62242;-67.62242126464844
46;129.43422;-83.43421936035156
45;119.81996;-74.81996154785156
44;103.37329;-59.373291015625
43;97.46184;-54.46183776855469
42;110.75049;-68.75048828125
41;105.49897;-64.49897003173828
40;103.61775;-63.61775207519531
39;117.16897;-78.1689682006836
38;84.67656;-46.67655944824219
37;73.009315;-36.009315490722656
36;104.6353;-68.63529968261719
35;117.674225;-82.67422485351562
34;108.68382;-74.68382263183594
33;109.44429;-76.44429016113281
32;65.94801;-33.94801330566406
31;53.518845;-22.518844604492188
30;74.67523;-44.67523193359375
29;54.167538;-25.167537689208984
28;53.53367;-25.533668518066406
27;61.890076;-34.89007568359375
26;52.38958;-26.38957977294922
25;48.77168;-23.771678924560547
24;50.177708;-26.17770767211914
23;50.6766;-27.67660140991211
22;41.33078;-19.330780029296875
21;36.946056;-15.946056365966797
20;46.96279;-26.962791442871094
19;50.114098;-31.114097595214844
18;69.91545;-51.91545104980469
17;60.83757;-43.83757019042969
16;54.31222;-38.31222152709961
15;58.952217;-43.95221710205078
14;58.667313;-44.66731262207031
13;69.21665;-56.216651916503906
12;68.83945;-56.839447021484375
11;63.000866;-52.0008659362793
10;47.569073;-37.56907272338867
9;63.59396;-54.59395980834961
8;49.252613;-41.25261306762695
7;45.49984;-38.499839782714844
6;57.253033;-51.25303268432617
5;61.407448;-56.407447814941406
4;64.77105;-60.77104949951172
3;53.85189;-50.851890563964844
2;60.57726;-58.5772590637207
1;48.57767;-47.57767105102539
0;68.3432;-68.34320068359375
