Real;Predicted;Error
79;52.8;26.200000000000003
78;49.29;28.71
77;48.648;28.351999999999997
76;50.83;25.17
75;44.782;30.218000000000004
74;50.764;23.235999999999997
73;47.67;25.33
72;48.884;23.116
71;46.194;24.805999999999997
70;43.452;26.548000000000002
69;46.244;22.756
68;49.206;18.793999999999997
67;48.716;18.284
66;53.38;12.619999999999997
65;51.722;13.277999999999999
64;54.622;9.378
63;56.538;6.462000000000003
62;57.132;4.868000000000002
61;56.13;4.869999999999997
60;57.324;2.676000000000002
59;50.284;8.716000000000001
58;51.928;6.072000000000003
57;52.734;4.265999999999998
56;47.726;8.274000000000001
55;49.99;5.009999999999998
54;50.926;3.073999999999998
53;44.67;8.329999999999998
52;50.812;1.1880000000000024
51;52.652;-1.652000000000001
50;51.63;-1.6300000000000026
49;48.69;0.3100000000000023
48;48.768;-0.7680000000000007
47;48.422;-1.421999999999997
46;46.41;-0.4099999999999966
45;46.856;-1.8560000000000016
44;44.63;-0.6300000000000026
43;43.492;-0.49199999999999733
42;42.514;-0.5140000000000029
41;41.436;-0.43599999999999994
40;41.228;-1.2280000000000015
39;39.958;-0.9579999999999984
38;39.15;-1.1499999999999986
37;37.5;-0.5
36;35.994;0.006000000000000227
35;33.576;1.4239999999999995
34;32.33;1.6700000000000017
33;31.704;1.2959999999999994
32;30.844;1.1559999999999988
31;30.308;0.6920000000000002
30;30.074;-0.07400000000000162
29;28.37;0.629999999999999
28;27.068;0.9319999999999986
27;28.348;-1.347999999999999
26;25.96;0.03999999999999915
25;25.098;-0.09799999999999898
24;26.244;-2.2439999999999998
23;19.71;3.289999999999999
22;20.14;1.8599999999999994
21;22.15;-1.1499999999999986
20;26.934;-6.934000000000001
19;22.484;-3.4840000000000018
18;20.62;-2.620000000000001
17;27.142;-10.142
16;24.214;-8.213999999999999
15;24.268;-9.268
14;23.498;-9.498000000000001
13;22.37;-9.370000000000001
12;21.816;-9.815999999999999
11;23.19;-12.190000000000001
10;20.8;-10.8
9;19.274;-10.274000000000001
8;17.256;-9.256
7;17.018;-10.018
6;16.744;-10.744
5;16.79;-11.79
4;15.68;-11.68
3;13.154;-10.154
2;13.482;-11.482
1;12.74;-11.74
0;13.56;-13.56
99;63.104;35.896
98;72.856;25.144000000000005
97;78.434;18.566000000000003
96;83.908;12.091999999999999
95;84.268;10.732
94;86.028;7.971999999999994
93;85.978;7.022000000000006
92;84.174;7.825999999999993
91;83.416;7.584000000000003
90;82.294;7.706000000000003
89;79.57;9.430000000000007
88;77.314;10.686000000000007
87;75.85;11.150000000000006
86;73.302;12.697999999999993
85;71.634;13.366
84;69.746;14.254000000000005
83;70.054;12.945999999999998
82;69.09;12.909999999999997
81;67.602;13.397999999999996
80;64.808;15.191999999999993
79;65.798;13.201999999999998
78;64.016;13.983999999999995
77;61.6;15.399999999999999
76;60.746;15.253999999999998
75;63.754;11.246000000000002
74;63.614;10.386000000000003
73;62.802;10.198
72;62.224;9.776000000000003
71;61.342;9.658000000000001
70;62.208;7.792000000000002
69;63.22;5.780000000000001
68;62.722;5.277999999999999
67;62.246;4.753999999999998
66;59.264;6.735999999999997
65;57.986;7.014000000000003
64;55.612;8.387999999999998
63;56.154;6.8459999999999965
62;55.442;6.558
61;55.384;5.616
60;52.18;7.82
59;48.792;10.207999999999998
58;49.62;8.380000000000003
57;46.926;10.073999999999998
56;45.898;10.101999999999997
55;44.614;10.386000000000003
54;43.478;10.521999999999998
53;43.262;9.738
52;42.722;9.277999999999999
51;42.06;8.939999999999998
50;39.836;10.164000000000001
49;39.114;9.886000000000003
48;37.52;10.479999999999997
47;35.65;11.350000000000001
46;36.302;9.698
45;36.858;8.142000000000003
44;37.744;6.256
43;37.252;5.7479999999999976
42;36.454;5.545999999999999
41;36.19;4.810000000000002
40;34.978;5.0219999999999985
39;33.554;5.445999999999998
38;34.37;3.6300000000000026
37;32.352;4.648000000000003
36;31.682;4.318000000000001
35;31.556;3.443999999999999
34;29.732;4.268000000000001
33;30.184;2.815999999999999
32;28.762;3.2379999999999995
31;28.726;2.274000000000001
30;28.93;1.0700000000000003
29;28.302;0.6980000000000004
28;28.212;-0.21199999999999974
27;27.164;-0.16400000000000148
26;26.178;-0.17800000000000082
25;25.754;-0.7540000000000013
24;26.75;-2.75
23;23.568;-0.5680000000000014
22;28.158;-6.158000000000001
21;22.752;-1.751999999999999
20;22.426;-2.4259999999999984
19;21.244;-2.2439999999999998
18;19.778;-1.7779999999999987
17;18.24;-1.2399999999999984
16;16.778;-0.7779999999999987
15;17.016;-2.0159999999999982
14;15.974;-1.9740000000000002
13;14.994;-1.9939999999999998
12;14.072;-2.071999999999999
11;13.268;-2.2680000000000007
10;15.34;-5.34
9;12.98;-3.9800000000000004
8;13.308;-5.308
7;11.688;-4.688000000000001
6;9.066;-3.0660000000000007
5;7.338;-2.338
4;9.058;-5.058
3;9.108;-6.1080000000000005
2;5.012;-3.0119999999999996
1;5.162;-4.162
0;5.12;-5.12
99;82.266;16.733999999999995
98;84.504;13.495999999999995
97;85.186;11.813999999999993
96;91.256;4.744
95;91.198;3.8020000000000067
94;88.794;5.206000000000003
93;89.716;3.284000000000006
92;89.646;2.353999999999999
91;91.974;-0.9740000000000038
90;96.912;-6.912000000000006
89;92.07;-3.069999999999993
88;93.048;-5.048000000000002
87;97.806;-10.805999999999997
86;89.566;-3.5660000000000025
85;88.986;-3.986000000000004
84;88.046;-4.0460000000000065
83;90.382;-7.382000000000005
82;87.66;-5.659999999999997
81;76.678;4.322000000000003
80;82.458;-2.4579999999999984
79;73.85;5.150000000000006
78;81.612;-3.6119999999999948
77;84.54;-7.540000000000006
76;84.008;-8.007999999999996
75;69.784;5.215999999999994
74;74.416;-0.4159999999999968
73;82.622;-9.622
72;79.818;-7.817999999999998
71;74.062;-3.0619999999999976
70;113.424;-43.42400000000001
69;72.608;-3.608000000000004
68;66.588;1.4120000000000061
67;89.854;-22.854
66;73.676;-7.676000000000002
65;73.212;-8.212000000000003
64;82.572;-18.572000000000003
63;75.88;-12.879999999999995
62;73.056;-11.055999999999997
61;63.932;-2.932000000000002
60;77.068;-17.067999999999998
59;65.7;-6.700000000000003
58;61.806;-3.8059999999999974
57;73.316;-16.316000000000003
56;68.354;-12.354
55;74.796;-19.796000000000006
54;75.298;-21.298000000000002
53;67.512;-14.512
52;64.858;-12.858000000000004
51;64.314;-13.313999999999993
50;61.294;-11.293999999999997
49;53.912;-4.911999999999999
48;58.682;-10.682000000000002
47;74.622;-27.622
46;65.15;-19.150000000000006
45;56.85;-11.850000000000001
44;53.7;-9.700000000000003
43;58.42;-15.420000000000002
42;68.282;-26.281999999999996
41;55.144;-14.143999999999998
40;48.452;-8.451999999999998
39;49.358;-10.357999999999997
38;51.74;-13.740000000000002
37;55.876;-18.875999999999998
36;54.028;-18.028
35;54.162;-19.162
34;50.146;-16.146
33;44.256;-11.256
32;43.914;-11.914000000000001
31;41.362;-10.362000000000002
30;37.792;-7.792000000000002
29;39.786;-10.786000000000001
28;34.692;-6.692
27;30.308;-3.308
26;37.884;-11.884
25;30.436;-5.436
24;31.566;-7.565999999999999
23;29.604;-6.603999999999999
22;26.164;-4.1640000000000015
21;24.718;-3.718
20;24.012;-4.0120000000000005
19;25.42;-6.420000000000002
18;25.102;-7.102
17;19.756;-2.7560000000000002
16;20.794;-4.7940000000000005
15;18.096;-3.096
14;26.272;-12.271999999999998
13;19.882;-6.8820000000000014
12;18.446;-6.4460000000000015
11;18.15;-7.149999999999999
10;18.824;-8.824000000000002
9;17.234;-8.234000000000002
8;20.494;-12.494
7;27.988;-20.988
6;30.33;-24.33
5;32.01;-27.009999999999998
4;34.322;-30.322000000000003
3;42.7;-39.7
2;51.86;-49.86
1;84.874;-83.874
0;92.598;-92.598
99;102.576;-3.5759999999999934
98;102.858;-4.858000000000004
97;101.91;-4.909999999999997
96;98.872;-2.872
95;96.808;-1.808000000000007
94;97.676;-3.676000000000002
93;95.67;-2.6700000000000017
92;94.666;-2.665999999999997
91;93.322;-2.3220000000000027
90;93.18;-3.180000000000007
89;95.398;-6.397999999999996
88;89.86;-1.8599999999999994
87;89.952;-2.951999999999998
86;90.568;-4.567999999999998
85;89.062;-4.061999999999998
84;89.44;-5.439999999999998
83;86.994;-3.9939999999999998
82;85.94;-3.9399999999999977
81;86.372;-5.372
80;85.032;-5.0319999999999965
79;81.668;-2.6680000000000064
78;80.312;-2.3119999999999976
77;79.806;-2.8059999999999974
76;79.702;-3.701999999999998
75;79.41;-4.409999999999997
74;75.726;-1.725999999999999
73;75.634;-2.6340000000000003
72;78.306;-6.305999999999997
71;75.124;-4.123999999999995
70;68.684;1.3160000000000025
69;69.504;-0.5040000000000049
68;68.072;-0.07200000000000273
67;71.212;-4.212000000000003
66;67.912;-1.9120000000000061
65;68.05;-3.049999999999997
64;65.11;-1.1099999999999994
63;66.124;-3.1239999999999952
62;64.274;-2.274000000000001
61;64.704;-3.7039999999999935
60;63.58;-3.5799999999999983
59;63.272;-4.2719999999999985
58;63.076;-5.0760000000000005
57;61.642;-4.642000000000003
56;60.87;-4.869999999999997
55;60.51;-5.509999999999998
54;57.192;-3.192
53;56.382;-3.381999999999998
52;55.39;-3.3900000000000006
51;56.398;-5.398000000000003
50;52.996;-2.996000000000002
49;51.848;-2.847999999999999
48;49.08;-1.0799999999999983
47;47.864;-0.8639999999999972
46;47.06;-1.0600000000000023
45;46.028;-1.0279999999999987
44;44.756;-0.7560000000000002
43;44.368;-1.368000000000002
42;43.636;-1.6360000000000028
41;41.892;-0.892000000000003
40;41.076;-1.0760000000000005
39;39.18;-0.17999999999999972
38;38.674;-0.6739999999999995
37;36.684;0.3160000000000025
36;36.732;-0.7319999999999993
35;35.296;-0.2959999999999994
34;33.72;0.28000000000000114
33;32.942;0.05799999999999983
32;32.442;-0.44200000000000017
31;35.944;-4.944000000000003
30;30.126;-0.12600000000000122
29;30.124;-1.1239999999999988
28;35.564;-7.564
27;33.866;-6.866
26;24.99;1.0100000000000016
25;24.618;0.38200000000000145
24;25.356;-1.3560000000000016
23;25.124;-2.1239999999999988
22;24.254;-2.2540000000000013
21;22.448;-1.4480000000000004
20;23.116;-3.1159999999999997
19;21.706;-2.7059999999999995
18;19.438;-1.4379999999999988
17;20.362;-3.3619999999999983
16;17.254;-1.2540000000000013
15;15.542;-0.5419999999999998
14;14.624;-0.6240000000000006
13;13.856;-0.8559999999999999
12;12.974;-0.9740000000000002
11;11.382;-0.3819999999999997
10;10.866;-0.8659999999999997
9;9.482;-0.4819999999999993
8;8.316;-0.3160000000000007
7;7.102;-0.10200000000000031
6;6.686;-0.6859999999999999
5;5.94;-0.9400000000000004
4;5.03;-1.0300000000000002
3;4.046;-1.0460000000000003
2;3.216;-1.2160000000000002
1;6.098;-5.098
0;4.906;-4.906
90;65.016;24.983999999999995
89;78.418;10.581999999999994
88;83.552;4.447999999999993
87;85.666;1.3340000000000032
86;85.356;0.6440000000000055
85;84.062;0.9380000000000024
84;83.212;0.7879999999999967
83;82.554;0.44599999999999795
82;80.988;1.0120000000000005
81;80.364;0.6359999999999957
80;79.426;0.5739999999999981
79;78.54;0.45999999999999375
78;77.488;0.5120000000000005
77;76.758;0.24200000000000443
76;75.794;0.20600000000000307
75;74.556;0.4440000000000026
74;73.472;0.5280000000000058
73;72.838;0.16200000000000614
72;71.602;0.39799999999999613
71;71.02;-0.01999999999999602
70;70.024;-0.02400000000000091
69;68.854;0.1460000000000008
68;68.016;-0.016000000000005343
67;66.902;0.09799999999999898
66;65.982;0.018000000000000682
65;64.994;0.006000000000000227
64;64.012;-0.012000000000000455
63;62.852;0.14800000000000324
62;61.992;0.008000000000002672
61;61.036;-0.036000000000001364
60;60.01;-0.00999999999999801
59;58.886;0.11399999999999721
58;58.012;-0.012000000000000455
57;57.012;-0.012000000000000455
56;56.004;-0.003999999999997783
55;55.002;-0.0020000000000024443
54;54.002;-0.0020000000000024443
53;53.0;0.0
52;52.0;0.0
51;51.0;0.0
50;50.0;0.0
49;49.0;0.0
48;47.998;0.0020000000000024443
47;47.002;-0.0020000000000024443
46;46.0;0.0
45;45.0;0.0
44;44.0;0.0
43;43.0;0.0
42;42.0;0.0
41;41.0;0.0
40;40.0;0.0
39;39.0;0.0
38;38.0;0.0
37;37.0;0.0
36;36.0;0.0
35;35.0;0.0
34;34.0;0.0
33;33.0;0.0
32;32.0;0.0
31;31.0;0.0
30;30.0;0.0
29;29.0;0.0
28;28.0;0.0
27;27.0;0.0
26;26.0;0.0
25;25.0;0.0
24;24.0;0.0
23;23.0;0.0
22;22.0;0.0
21;21.0;0.0
20;20.0;0.0
19;19.0;0.0
18;18.0;0.0
17;17.0;0.0
16;16.0;0.0
15;15.0;0.0
14;14.0;0.0
13;13.0;0.0
12;12.0;0.0
11;11.0;0.0
10;10.0;0.0
9;9.0;0.0
8;8.0;0.0
7;7.0;0.0
6;6.0;0.0
5;5.0;0.0
4;4.0;0.0
3;3.0;0.0
2;2.0;0.0
1;1.0;0.0
0;0.0;0.0
44;57.114;-13.113999999999997
43;56.862;-13.862000000000002
42;62.508;-20.508000000000003
41;62.052;-21.052
40;62.048;-22.048000000000002
39;61.23;-22.229999999999997
38;59.004;-21.003999999999998
37;55.042;-18.042
36;55.504;-19.503999999999998
35;54.478;-19.478
34;51.17;-17.17
33;53.768;-20.768
32;55.808;-23.808
31;45.79;-14.79
30;49.64;-19.64
29;57.782;-28.781999999999996
28;54.73;-26.729999999999997
27;48.094;-21.094
26;28.38;-2.379999999999999
25;31.878;-6.878
24;28.174;-4.1739999999999995
23;24.932;-1.9319999999999986
22;25.332;-3.3320000000000007
21;24.96;-3.960000000000001
20;24.212;-4.212
19;14.8;4.199999999999999
18;16.594;1.4059999999999988
17;20.486;-3.4860000000000007
16;17.746;-1.7459999999999987
15;17.918;-2.9179999999999993
14;18.244;-4.244
13;18.166;-5.166
12;15.174;-3.1739999999999995
11;13.422;-2.4220000000000006
10;13.844;-3.8439999999999994
9;8.548;0.45199999999999996
8;5.836;2.1639999999999997
7;8.18;-1.1799999999999997
6;10.542;-4.542
5;12.58;-7.58
4;11.41;-7.41
3;10.642;-7.6419999999999995
2;9.736;-7.736000000000001
1;9.072;-8.072
0;8.638;-8.638
73;68.788;4.212000000000003
72;70.218;1.7819999999999965
71;71.678;-0.6779999999999973
70;70.31;-0.3100000000000023
69;70.088;-1.0879999999999939
68;69.344;-1.343999999999994
67;68.414;-1.4140000000000015
66;67.742;-1.7420000000000044
65;67.184;-2.1839999999999975
64;65.842;-1.8419999999999987
63;64.918;-1.9180000000000064
62;63.36;-1.3599999999999994
61;62.422;-1.421999999999997
60;60.406;-0.4059999999999988
59;60.174;-1.1739999999999995
58;58.982;-0.9819999999999993
57;57.934;-0.9339999999999975
56;56.026;-0.026000000000003354
55;55.15;-0.14999999999999858
54;54.006;-0.006000000000000227
53;53.754;-0.7539999999999978
52;52.826;-0.8260000000000005
51;51.464;-0.46399999999999864
50;50.168;-0.16799999999999926
49;49.852;-0.8519999999999968
48;49.592;-1.5919999999999987
47;48.806;-1.8059999999999974
46;46.528;-0.5279999999999987
45;41.542;3.4579999999999984
44;32.196;11.804000000000002
43;31.452;11.547999999999998
42;25.15;16.85
41;26.206;14.794
40;34.154;5.8459999999999965
39;31.672;7.327999999999999
38;24.212;13.788
37;39.478;-2.4780000000000015
36;35.722;0.2779999999999987
35;37.034;-2.033999999999999
34;40.454;-6.454000000000001
33;35.864;-2.863999999999997
32;33.162;-1.161999999999999
31;35.926;-4.926000000000002
30;31.178;-1.1780000000000008
29;33.042;-4.042000000000002
28;28.684;-0.684000000000001
27;26.456;0.5440000000000005
26;27.204;-1.2040000000000006
25;23.826;1.1739999999999995
24;23.52;0.4800000000000004
23;23.684;-0.684000000000001
22;21.176;0.8240000000000016
21;20.992;0.007999999999999119
20;22.466;-2.466000000000001
19;22.862;-3.8619999999999983
18;18.794;-0.7940000000000005
17;16.518;0.4819999999999993
16;16.278;-0.2779999999999987
15;10.658;4.3420000000000005
14;14.814;-0.8140000000000001
13;13.904;-0.9039999999999999
12;12.136;-0.13599999999999923
11;8.58;2.42
10;10.648;-0.6479999999999997
9;9.926;-0.9260000000000002
8;5.798;2.202
7;8.656;-1.6560000000000006
6;8.35;-2.3499999999999996
5;8.632;-3.6319999999999997
4;9.5;-5.5
3;11.998;-8.998
2;11.56;-9.56
1;9.424;-8.424
0;9.264;-9.264
73;69.76;3.239999999999995
72;70.552;1.4479999999999933
71;71.186;-0.18600000000000705
70;70.85;-0.8499999999999943
69;70.668;-1.6680000000000064
68;69.46;-1.4599999999999937
67;68.124;-1.1239999999999952
66;67.858;-1.858000000000004
65;66.072;-1.0720000000000027
64;66.398;-2.397999999999996
63;65.372;-2.372
62;65.522;-3.5220000000000056
61;62.06;-1.0600000000000023
60;62.074;-2.073999999999998
59;59.654;-0.6540000000000035
58;57.96;0.03999999999999915
57;56.672;0.32800000000000296
56;55.712;0.2879999999999967
55;55.162;-0.16199999999999903
54;52.926;1.073999999999998
53;53.432;-0.43200000000000216
52;51.578;0.42199999999999704
51;50.65;0.3500000000000014
50;49.01;0.990000000000002
49;49.188;-0.1880000000000024
48;47.288;0.7120000000000033
47;46.648;0.35199999999999676
46;45.496;0.5039999999999978
45;42.186;2.814
44;35.19;8.810000000000002
43;36.604;6.396000000000001
42;34.518;7.481999999999999
41;32.832;8.168
40;32.386;7.613999999999997
39;31.926;7.074000000000002
38;29.558;8.442
37;29.368;7.6320000000000014
36;27.55;8.45
35;26.928;8.072
34;25.64;8.36
33;27.116;5.884
32;25.638;6.361999999999998
31;25.938;5.062000000000001
30;24.634;5.366
29;22.756;6.244
28;21.206;6.7940000000000005
27;21.292;5.707999999999998
26;22.334;3.6660000000000004
25;20.746;4.254000000000001
24;24.372;-0.3719999999999999
23;20.584;2.4160000000000004
22;20.28;1.7199999999999989
21;20.86;0.14000000000000057
20;23.628;-3.628
19;19.272;-0.27199999999999847
18;17.808;0.19200000000000017
17;22.788;-5.788
16;20.658;-4.658000000000001
15;18.67;-3.6700000000000017
14;13.724;0.2759999999999998
13;15.48;-2.4800000000000004
12;14.122;-2.122
11;13.252;-2.2520000000000007
10;11.236;-1.2360000000000007
9;12.362;-3.362
8;13.344;-5.343999999999999
7;11.516;-4.516
6;11.38;-5.380000000000001
5;12.534;-7.534000000000001
4;13.246;-9.246
3;11.154;-8.154
2;9.086;-7.086
1;9.682;-8.682
0;8.648;-8.648
73;75.28;-2.280000000000001
72;75.188;-3.1880000000000024
71;74.326;-3.3259999999999934
70;73.578;-3.578000000000003
69;72.248;-3.2480000000000047
68;71.994;-3.9939999999999998
67;70.182;-3.182000000000002
66;69.7;-3.700000000000003
65;69.91;-4.909999999999997
64;68.866;-4.866
63;68.33;-5.329999999999998
62;66.572;-4.572000000000003
61;65.676;-4.676000000000002
60;62.942;-2.942
59;61.264;-2.264000000000003
58;60.368;-2.368000000000002
57;59.952;-2.951999999999998
56;56.856;-0.8560000000000016
55;55.798;-0.7980000000000018
54;56.532;-2.5319999999999965
53;56.944;-3.9440000000000026
52;56.04;-4.039999999999999
51;55.212;-4.212000000000003
50;53.866;-3.8659999999999997
49;53.332;-4.332000000000001
48;54.352;-6.351999999999997
47;53.382;-6.381999999999998
46;53.896;-7.896000000000001
45;59.46;-14.46
44;61.474;-17.473999999999997
43;63.77;-20.770000000000003
42;60.298;-18.298000000000002
41;55.498;-14.497999999999998
40;53.5;-13.5
39;62.952;-23.951999999999998
38;52.702;-14.701999999999998
37;81.462;-44.462
36;75.54;-39.540000000000006
35;51.252;-16.252000000000002
34;60.476;-26.476
33;43.998;-10.997999999999998
32;45.514;-13.514000000000003
31;47.062;-16.061999999999998
30;43.308;-13.308
29;39.678;-10.677999999999997
28;44.32;-16.32
27;40.496;-13.496000000000002
26;39.236;-13.235999999999997
25;40.314;-15.314
24;42.638;-18.637999999999998
23;35.512;-12.512
22;36.296;-14.296
21;40.116;-19.116
20;72.458;-52.458
19;51.972;-32.972
18;37.114;-19.113999999999997
17;48.088;-31.088
16;137.59;-121.59
15;133.756;-118.756
14;91.494;-77.494
13;33.876;-20.875999999999998
12;60.304;-48.304
11;57.634;-46.634
10;162.194;-152.194
9;121.448;-112.448
8;177.132;-169.132
7;124.48;-117.48
6;85.908;-79.908
5;132.386;-127.386
4;119.658;-115.658
3;152.918;-149.918
2;144.46;-142.46
1;160.79;-159.79
0;147.772;-147.772
203;167.38;35.620000000000005
202;184.732;17.268
201;193.528;7.472000000000008
200;182.478;17.52199999999999
199;178.202;20.798000000000002
198;190.352;7.647999999999996
197;191.272;5.728000000000009
196;193.246;2.7539999999999907
195;190.77;4.22999999999999
194;190.862;3.1380000000000052
193;178.01;14.990000000000009
192;173.99;18.00999999999999
191;176.004;14.99600000000001
190;164.848;25.151999999999987
189;174.446;14.554000000000002
188;180.58;7.4199999999999875
187;181.246;5.753999999999991
186;181.176;4.824000000000012
185;177.254;7.746000000000009
184;180.01;3.990000000000009
183;177.818;5.181999999999988
182;171.796;10.204000000000008
181;170.934;10.066000000000003
180;172.026;7.9739999999999895
179;172.336;6.663999999999987
178;169.148;8.852000000000004
177;166.384;10.616000000000014
176;161.61;14.389999999999986
175;149.606;25.394000000000005
174;142.3;31.69999999999999
173;130.9;42.099999999999994
172;143.524;28.476
171;136.664;34.33600000000001
170;127.104;42.896
169;139.396;29.604000000000013
168;131.624;36.376000000000005
167;141.956;25.04400000000001
166;136.212;29.78800000000001
165;132.486;32.51400000000001
164;133.574;30.425999999999988
163;130.01;32.99000000000001
162;136.114;25.885999999999996
161;127.992;33.007999999999996
160;135.168;24.831999999999994
159;140.984;18.01599999999999
158;130.572;27.427999999999997
157;136.182;20.818000000000012
156;132.704;23.295999999999992
155;133.444;21.55600000000001
154;134.75;19.25
153;125.47;27.53
152;130.85;21.150000000000006
151;134.206;16.79400000000001
150;131.196;18.804000000000002
149;137.612;11.388000000000005
148;129.964;18.036
147;137.318;9.681999999999988
146;135.324;10.675999999999988
145;129.01;15.990000000000009
144;127.86;16.14
143;133.942;9.057999999999993
142;132.902;9.098000000000013
141;127.7;13.299999999999997
140;132.838;7.162000000000006
139;124.624;14.376000000000005
138;125.562;12.438000000000002
137;128.05;8.949999999999989
136;128.714;7.286000000000001
135;129.02;5.97999999999999
134;123.446;10.554000000000002
133;114.316;18.683999999999997
132;117.62;14.379999999999995
131;111.278;19.721999999999994
130;99.682;30.317999999999998
129;108.364;20.635999999999996
128;101.256;26.744
127;105.432;21.567999999999998
126;106.226;19.774
125;107.26;17.739999999999995
124;108.21;15.790000000000006
123;105.984;17.016000000000005
122;105.098;16.902
121;105.048;15.951999999999998
120;103.518;16.482
119;101.066;17.933999999999997
118;101.708;16.292
117;98.2;18.799999999999997
116;97.268;18.732
115;100.686;14.313999999999993
114;102.544;11.456000000000003
113;102.394;10.605999999999995
112;101.506;10.494
111;102.742;8.257999999999996
110;102.024;7.975999999999999
109;99.86;9.14
108;99.218;8.781999999999996
107;102.264;4.736000000000004
106;100.134;5.866
105;97.566;7.4339999999999975
104;96.252;7.748000000000005
103;94.81;8.189999999999998
102;92.382;9.617999999999995
101;91.474;9.525999999999996
100;87.186;12.813999999999993
99;85.348;13.652000000000001
98;87.27;10.730000000000004
97;85.906;11.093999999999994
96;87.558;8.441999999999993
95;84.504;10.495999999999995
94;86.142;7.858000000000004
93;85.95;7.049999999999997
92;85.474;6.525999999999996
91;88.152;2.847999999999999
90;84.27;5.730000000000004
89;85.692;3.308000000000007
88;87.53;0.46999999999999886
87;85.81;1.1899999999999977
86;86.0;0.0
85;85.0;0.0
84;84.0;0.0
83;83.0;0.0
82;82.0;0.0
81;81.0;0.0
80;80.0;0.0
79;79.0;0.0
78;78.0;0.0
77;77.0;0.0
76;76.0;0.0
75;75.0;0.0
74;74.0;0.0
73;73.0;0.0
72;72.0;0.0
71;71.0;0.0
70;70.0;0.0
69;69.0;0.0
68;68.0;0.0
67;67.0;0.0
66;66.0;0.0
65;65.0;0.0
64;64.0;0.0
63;63.0;0.0
62;62.0;0.0
61;61.0;0.0
60;60.0;0.0
59;59.0;0.0
58;58.0;0.0
57;57.0;0.0
56;56.0;0.0
55;55.0;0.0
54;54.0;0.0
53;53.0;0.0
52;52.0;0.0
51;51.0;0.0
50;50.0;0.0
49;49.0;0.0
48;48.0;0.0
47;46.998;0.0020000000000024443
46;46.0;0.0
45;45.0;0.0
44;44.0;0.0
43;43.0;0.0
42;42.0;0.0
41;41.0;0.0
40;40.0;0.0
39;39.0;0.0
38;38.0;0.0
37;37.0;0.0
36;36.0;0.0
35;35.0;0.0
34;34.0;0.0
33;33.0;0.0
32;32.0;0.0
31;31.0;0.0
30;30.0;0.0
29;29.0;0.0
28;28.0;0.0
27;27.0;0.0
26;26.0;0.0
25;25.0;0.0
24;24.0;0.0
23;23.0;0.0
22;22.0;0.0
21;21.0;0.0
20;20.0;0.0
19;19.0;0.0
18;18.0;0.0
17;17.0;0.0
16;16.0;0.0
15;15.0;0.0
14;14.0;0.0
13;13.0;0.0
12;12.0;0.0
11;11.0;0.0
10;10.0;0.0
9;9.0;0.0
8;8.0;0.0
7;7.0;0.0
6;6.0;0.0
5;5.0;0.0
4;4.0;0.0
3;3.0;0.0
2;2.0;0.0
1;1.0;0.0
0;0.0;0.0
97;79.86;17.14
96;79.516;16.483999999999995
95;79.924;15.075999999999993
94;78.124;15.876000000000005
93;73.906;19.093999999999994
92;73.39;18.61
91;77.498;13.501999999999995
90;75.346;14.653999999999996
89;74.406;14.593999999999994
88;72.308;15.691999999999993
87;72.514;14.486000000000004
86;72.478;13.522000000000006
85;73.018;11.982
84;72.824;11.176000000000002
83;71.96;11.040000000000006
82;71.45;10.549999999999997
81;74.602;6.397999999999996
80;69.382;10.617999999999995
79;69.516;9.483999999999995
78;71.172;6.828000000000003
77;71.648;5.352000000000004
76;67.304;8.695999999999998
75;65.182;9.817999999999998
74;67.004;6.995999999999995
73;68.994;4.006
72;65.018;6.981999999999999
71;65.52;5.480000000000004
70;64.446;5.554000000000002
69;64.442;4.558000000000007
68;60.734;7.265999999999998
67;63.358;3.642000000000003
66;63.618;2.381999999999998
65;61.984;3.0159999999999982
64;60.594;3.405999999999999
63;58.272;4.7280000000000015
62;63.092;-1.0919999999999987
61;58.148;2.8519999999999968
60;57.518;2.4819999999999993
59;60.562;-1.5619999999999976
58;56.602;1.3980000000000032
57;50.738;6.2620000000000005
56;53.702;2.298000000000002
55;53.828;1.171999999999997
54;48.52;5.479999999999997
53;60.302;-7.302
52;48.726;3.274000000000001
51;46.452;4.548000000000002
50;48.81;1.1899999999999977
49;63.72;-14.719999999999999
48;46.456;1.543999999999997
47;44.8;2.200000000000003
46;43.026;2.9739999999999966
45;45.796;-0.7959999999999994
44;44.914;-0.9140000000000015
43;43.068;-0.06799999999999784
42;42.0;0.0
41;39.59;1.4099999999999966
40;37.734;2.2659999999999982
39;37.618;1.381999999999998
38;37.746;0.2539999999999978
37;36.15;0.8500000000000014
36;35.334;0.6659999999999968
35;35.944;-0.9440000000000026
34;33.918;0.08200000000000074
33;34.212;-1.2120000000000033
32;31.93;0.07000000000000028
31;30.79;0.21000000000000085
30;29.53;0.46999999999999886
29;29.568;-0.5680000000000014
28;37.41;-9.409999999999997
27;27.716;-0.7160000000000011
26;29.054;-3.0539999999999985
25;25.522;-0.5219999999999985
24;24.418;-0.41799999999999926
23;24.094;-1.0940000000000012
22;33.042;-11.042000000000002
21;22.08;-1.0799999999999983
20;21.022;-1.0219999999999985
19;19.292;-0.2920000000000016
18;18.27;-0.2699999999999996
17;16.82;0.17999999999999972
16;16.178;-0.17800000000000082
15;14.728;0.27200000000000024
14;13.962;0.038000000000000256
13;13.912;-0.9120000000000008
12;12.216;-0.2159999999999993
11;12.336;-1.3360000000000003
10;11.982;-1.9819999999999993
9;9.16;-0.16000000000000014
8;9.802;-1.8019999999999996
7;9.678;-2.678000000000001
6;7.434;-1.4340000000000002
5;8.208;-3.208
4;6.656;-2.6559999999999997
3;6.516;-3.516
2;5.014;-3.0140000000000002
1;6.73;-5.73
0;6.684;-6.684
99;95.032;3.9680000000000035
98;95.056;2.9440000000000026
97;91.91;5.090000000000003
96;94.378;1.6219999999999999
95;92.342;2.6580000000000013
94;91.742;2.2579999999999956
93;91.042;1.9579999999999984
92;90.392;1.608000000000004
91;87.78;3.219999999999999
90;88.246;1.7540000000000049
89;87.02;1.980000000000004
88;86.238;1.7620000000000005
87;85.104;1.8960000000000008
86;84.318;1.6820000000000022
85;83.142;1.858000000000004
84;80.356;3.6440000000000055
83;79.858;3.141999999999996
82;78.58;3.4200000000000017
81;79.028;1.9719999999999942
80;76.308;3.691999999999993
79;76.234;2.7660000000000053
78;75.252;2.7480000000000047
77;74.766;2.2339999999999947
76;72.536;3.4639999999999986
75;70.374;4.626000000000005
74;67.586;6.4140000000000015
73;64.926;8.073999999999998
72;63.592;8.408000000000001
71;61.284;9.716000000000001
70;57.412;12.588000000000001
69;56.882;12.118000000000002
68;59.732;8.268
67;56.854;10.146
66;43.992;22.008000000000003
65;53.034;11.966000000000001
64;50.798;13.201999999999998
63;53.88;9.119999999999997
62;53.882;8.118000000000002
61;55.724;5.276000000000003
60;54.036;5.963999999999999
59;54.108;4.892000000000003
58;41.852;16.148000000000003
57;52.528;4.472000000000001
56;45.398;10.601999999999997
55;41.08;13.920000000000002
54;44.194;9.805999999999997
53;52.344;0.6559999999999988
52;44.0;8.0
51;50.922;0.07800000000000296
50;44.99;5.009999999999998
49;47.594;1.4059999999999988
48;48.02;-0.020000000000003126
47;47.61;-0.6099999999999994
46;47.406;-1.4059999999999988
45;45.77;-0.7700000000000031
44;44.81;-0.8100000000000023
43;43.08;-0.0799999999999983
42;44.932;-2.932000000000002
41;48.886;-7.886000000000003
40;40.238;-0.23799999999999955
39;49.778;-10.777999999999999
38;45.274;-7.274000000000001
37;39.858;-2.857999999999997
36;40.606;-4.606000000000002
35;49.918;-14.918
34;43.564;-9.564
33;45.912;-12.911999999999999
32;33.564;-1.564
31;38.57;-7.57
30;32.036;-2.0360000000000014
29;31.542;-2.5420000000000016
28;30.234;-2.2340000000000018
27;28.304;-1.3039999999999985
26;29.176;-3.1759999999999984
25;24.762;0.23799999999999955
24;23.616;0.38400000000000034
23;24.62;-1.620000000000001
22;22.032;-0.03200000000000003
21;21.248;-0.2480000000000011
20;20.082;-0.08200000000000074
19;19.386;-0.38599999999999923
18;18.228;-0.22800000000000153
17;17.088;-0.08800000000000097
16;15.844;0.15600000000000058
15;14.378;0.6219999999999999
14;13.348;0.6519999999999992
13;11.664;1.3360000000000003
12;10.762;1.2379999999999995
11;10.416;0.5839999999999996
10;9.872;0.1280000000000001
9;10.194;-1.1940000000000008
8;10.694;-2.694000000000001
7;9.136;-2.1359999999999992
6;9.152;-3.1519999999999992
5;8.854;-3.853999999999999
4;8.844;-4.843999999999999
3;10.18;-7.18
2;9.172;-7.172000000000001
1;18.668;-17.668
0;21.132;-21.132
99;79.3;19.700000000000003
98;87.248;10.751999999999995
97;92.242;4.757999999999996
96;92.638;3.3619999999999948
95;92.516;2.4839999999999947
94;90.888;3.1119999999999948
93;91.626;1.3739999999999952
92;88.102;3.897999999999996
91;87.024;3.975999999999999
90;87.536;2.4639999999999986
89;85.42;3.5799999999999983
88;84.762;3.2379999999999995
87;83.9;3.0999999999999943
86;81.902;4.097999999999999
85;81.718;3.2819999999999965
84;81.366;2.6340000000000003
83;80.494;2.5060000000000002
82;79.21;2.7900000000000063
81;78.94;2.0600000000000023
80;74.982;5.018000000000001
79;75.286;3.7139999999999986
78;71.946;6.054000000000002
77;73.372;3.628
76;72.174;3.8259999999999934
75;70.928;4.072000000000003
74;70.484;3.5160000000000053
73;67.108;5.891999999999996
72;66.37;5.6299999999999955
71;65.654;5.346000000000004
70;56.948;13.052
69;67.114;1.8859999999999957
68;68.026;-0.02599999999999625
67;64.546;2.4539999999999935
66;59.77;6.229999999999997
65;59.37;5.630000000000003
64;59.322;4.677999999999997
63;58.178;4.822000000000003
62;56.916;5.084000000000003
61;66.422;-5.421999999999997
60;58.344;1.6559999999999988
59;56.422;2.578000000000003
58;54.46;3.539999999999999
57;54.712;2.2879999999999967
56;56.222;-0.2220000000000013
55;57.542;-2.5420000000000016
54;52.194;1.8059999999999974
53;54.678;-1.6779999999999973
52;61.142;-9.142000000000003
51;51.876;-0.8759999999999977
50;54.436;-4.436
49;50.336;-1.3359999999999985
48;48.04;-0.03999999999999915
47;47.62;-0.6199999999999974
46;47.104;-1.1039999999999992
45;45.536;-0.5360000000000014
44;45.288;-1.2879999999999967
43;48.544;-5.543999999999997
42;46.356;-4.356000000000002
41;46.21;-5.210000000000001
40;42.858;-2.857999999999997
39;43.268;-4.268000000000001
38;40.884;-2.8840000000000003
37;41.048;-4.048000000000002
36;38.442;-2.442
35;38.894;-3.8939999999999984
34;35.912;-1.911999999999999
33;34.096;-1.0959999999999965
32;33.02;-1.0200000000000031
31;32.672;-1.671999999999997
30;32.388;-2.387999999999998
29;32.11;-3.1099999999999994
28;30.748;-2.748000000000001
27;27.634;-0.6340000000000003
26;28.152;-2.152000000000001
25;27.296;-2.2959999999999994
24;24.914;-0.9140000000000015
23;24.408;-1.4080000000000013
22;25.302;-3.3019999999999996
21;22.202;-1.2020000000000017
20;21.47;-1.4699999999999989
19;21.26;-2.2600000000000016
18;19.026;-1.0259999999999998
17;18.748;-1.748000000000001
16;17.7;-1.6999999999999993
15;16.976;-1.975999999999999
14;14.854;-0.8539999999999992
13;14.006;-1.0060000000000002
12;14.306;-2.305999999999999
11;12.816;-1.8160000000000007
10;13.806;-3.805999999999999
9;14.568;-5.568
8;13.294;-5.2940000000000005
7;16.368;-9.367999999999999
6;18.35;-12.350000000000001
5;13.516;-8.516
4;14.232;-10.232
3;13.192;-10.192
2;14.778;-12.778
1;25.13;-24.13
0;27.804;-27.804
99;92.672;6.328000000000003
98;93.33;4.670000000000002
97;99.202;-2.201999999999998
96;98.812;-2.8119999999999976
95;95.686;-0.686000000000007
94;94.782;-0.7819999999999965
93;93.524;-0.5240000000000009
92;92.556;-0.5559999999999974
91;91.586;-0.5859999999999985
90;90.118;-0.117999999999995
89;88.984;0.016000000000005343
88;90.198;-2.1979999999999933
87;88.954;-1.9539999999999935
86;87.432;-1.4320000000000022
85;85.472;-0.4719999999999942
84;83.898;0.10200000000000387
83;84.17;-1.1700000000000017
82;83.234;-1.2339999999999947
81;83.518;-2.5180000000000007
80;79.946;0.054000000000002046
79;79.486;-0.4860000000000042
78;76.49;1.5100000000000051
77;76.322;0.6779999999999973
76;75.976;0.02400000000000091
75;73.248;1.7519999999999953
74;72.816;1.1839999999999975
73;71.352;1.6479999999999961
72;64.976;7.024000000000001
71;66.496;4.504000000000005
70;65.216;4.784000000000006
69;65.44;3.5600000000000023
68;65.278;2.721999999999994
67;65.582;1.4180000000000064
66;64.73;1.269999999999996
65;64.006;0.9939999999999998
64;61.164;2.8359999999999985
63;62.756;0.24399999999999977
62;58.486;3.514000000000003
61;57.064;3.936
60;58.892;1.107999999999997
59;58.458;0.5420000000000016
58;58.188;-0.1880000000000024
57;56.444;0.5559999999999974
56;56.928;-0.9279999999999973
55;56.536;-1.5360000000000014
54;56.238;-2.2379999999999995
53;55.818;-2.817999999999998
52;56.842;-4.841999999999999
51;53.066;-2.0660000000000025
50;53.304;-3.304000000000002
49;51.134;-2.1340000000000003
48;49.3;-1.2999999999999972
47;47.48;-0.4799999999999969
46;46.822;-0.8220000000000027
45;45.042;-0.04200000000000159
44;43.536;0.46399999999999864
43;47.584;-4.584000000000003
42;44.632;-2.631999999999998
41;43.394;-2.3939999999999984
40;41.17;-1.1700000000000017
39;43.616;-4.616
38;45.234;-7.234000000000002
37;38.704;-1.7040000000000006
36;40.432;-4.432000000000002
35;36.354;-1.3539999999999992
34;34.966;-0.9660000000000011
33;33.466;-0.4660000000000011
32;33.69;-1.6899999999999977
31;31.736;-0.7360000000000007
30;33.052;-3.0519999999999996
29;31.354;-2.353999999999999
28;32.16;-4.159999999999997
27;29.736;-2.7360000000000007
26;27.032;-1.032
25;26.006;-1.0060000000000002
24;25.252;-1.251999999999999
23;25.526;-2.526
22;25.124;-3.1239999999999988
21;24.938;-3.937999999999999
20;21.118;-1.1179999999999986
19;20.934;-1.934000000000001
18;18.898;-0.8979999999999997
17;17.914;-0.9140000000000015
16;16.894;-0.8939999999999984
15;16.002;-1.001999999999999
14;15.278;-1.2780000000000005
13;13.356;-0.35599999999999987
12;12.332;-0.33200000000000074
11;10.496;0.5039999999999996
10;10.826;-0.8260000000000005
9;9.588;-0.5879999999999992
8;8.474;-0.4740000000000002
7;9.262;-2.2620000000000005
6;11.19;-5.1899999999999995
5;14.532;-9.532
4;16.244;-12.244
3;18.192;-15.192
2;14.72;-12.72
1;16.804;-15.803999999999998
0;31.334;-31.334
72;47.268;24.732
71;55.172;15.828000000000003
70;59.604;10.396
69;59.774;9.225999999999999
68;60.768;7.231999999999999
67;62.732;4.268000000000001
66;63.388;2.612000000000002
65;63.766;1.2340000000000018
64;62.242;1.7580000000000027
63;62.216;0.7839999999999989
62;60.528;1.4720000000000013
61;60.194;0.8059999999999974
60;59.094;0.9059999999999988
59;57.368;1.631999999999998
58;56.448;1.5519999999999996
57;55.748;1.2520000000000024
56;56.01;-0.00999999999999801
55;54.998;0.0020000000000024443
54;53.998;0.0020000000000024443
53;53.0;0.0
52;52.004;-0.003999999999997783
51;50.894;0.10600000000000165
50;50.002;-0.0020000000000024443
49;48.996;0.003999999999997783
48;48.002;-0.0020000000000024443
47;46.994;0.006000000000000227
46;46.002;-0.0020000000000024443
45;45.0;0.0
44;44.002;-0.0020000000000024443
43;43.0;0.0
42;42.0;0.0
41;41.0;0.0
40;40.0;0.0
39;39.0;0.0
38;38.0;0.0
37;37.0;0.0
36;36.0;0.0
35;35.0;0.0
34;34.0;0.0
33;33.0;0.0
32;32.0;0.0
31;31.0;0.0
30;30.0;0.0
29;29.0;0.0
28;28.0;0.0
27;27.0;0.0
26;26.0;0.0
25;25.0;0.0
24;24.0;0.0
23;23.0;0.0
22;22.0;0.0
21;21.0;0.0
20;20.0;0.0
19;19.0;0.0
18;18.0;0.0
17;17.0;0.0
16;16.0;0.0
15;15.0;0.0
14;14.0;0.0
13;13.0;0.0
12;12.0;0.0
11;11.0;0.0
10;10.0;0.0
9;9.0;0.0
8;8.0;0.0
7;7.0;0.0
6;6.0;0.0
5;5.0;0.0
4;4.0;0.0
3;3.0;0.0
2;2.0;0.0
1;1.0;0.0
0;0.0;0.0
66;69.396;-3.396000000000001
65;73.512;-8.512
64;69.004;-5.004000000000005
63;68.894;-5.8940000000000055
62;72.446;-10.445999999999998
61;71.108;-10.108000000000004
60;66.616;-6.616
59;68.766;-9.766000000000005
58;71.824;-13.823999999999998
57;69.108;-12.108000000000004
56;67.9;-11.900000000000006
55;67.176;-12.176000000000002
54;63.752;-9.752000000000002
53;63.454;-10.454
52;61.448;-9.448
51;62.874;-11.874000000000002
50;64.532;-14.531999999999996
49;62.316;-13.316000000000003
48;62.86;-14.86
47;61.778;-14.777999999999999
46;60.226;-14.225999999999999
45;58.458;-13.457999999999998
44;54.522;-10.521999999999998
43;48.856;-5.856000000000002
42;52.78;-10.780000000000001
41;54.562;-13.561999999999998
40;47.604;-7.603999999999999
39;46.604;-7.603999999999999
38;46.478;-8.478000000000002
37;49.046;-12.046
36;49.35;-13.350000000000001
35;49.86;-14.86
34;47.746;-13.746000000000002
33;44.02;-11.020000000000003
32;40.064;-8.064
31;41.874;-10.874000000000002
30;38.412;-8.411999999999999
29;37.686;-8.686
28;32.422;-4.421999999999997
27;31.104;-4.103999999999999
26;30.514;-4.513999999999999
25;20.044;4.9559999999999995
24;26.178;-2.178000000000001
23;24.772;-1.7719999999999985
22;29.368;-7.3679999999999986
21;22.424;-1.4239999999999995
20;17.164;2.8359999999999985
19;13.576;5.4239999999999995
18;14.634;3.3659999999999997
17;14.256;2.7439999999999998
16;12.712;3.2880000000000003
15;10.716;4.284000000000001
14;12.028;1.9719999999999995
13;12.184;0.8160000000000007
12;9.652;2.3480000000000008
11;8.676;2.324
10;7.526;2.474
9;7.508;1.492
8;6.812;1.1879999999999997
7;6.452;0.548
6;6.012;-0.011999999999999567
5;6.358;-1.3579999999999997
4;6.206;-2.2060000000000004
3;5.842;-2.8419999999999996
2;5.58;-3.58
1;4.77;-3.7699999999999996
0;4.868;-4.868
95;89.442;5.558000000000007
94;91.182;2.817999999999998
93;92.78;0.21999999999999886
92;91.492;0.5079999999999956
91;91.81;-0.8100000000000023
90;90.784;-0.784000000000006
89;88.318;0.6820000000000022
88;88.884;-0.8840000000000003
87;87.544;-0.5439999999999969
86;86.572;-0.5720000000000027
85;85.054;-0.054000000000002046
84;84.53;-0.5300000000000011
83;83.786;-0.7860000000000014
82;83.382;-1.382000000000005
81;81.568;-0.5679999999999978
80;79.502;0.49800000000000466
79;77.186;1.813999999999993
78;77.182;0.8179999999999978
77;77.018;-0.018000000000000682
76;75.854;0.1460000000000008
75;74.916;0.08400000000000318
74;73.474;0.5259999999999962
73;73.124;-0.12399999999999523
72;73.13;-1.1299999999999955
71;73.352;-2.352000000000004
70;73.27;-3.269999999999996
69;72.5;-3.5
68;71.176;-3.176000000000002
67;65.884;1.1159999999999997
66;67.052;-1.0520000000000067
65;62.97;2.030000000000001
64;48.96;15.04
63;52.118;10.881999999999998
62;52.626;9.374000000000002
61;60.296;0.7040000000000006
60;52.302;7.698
59;57.932;1.0679999999999978
58;55.818;2.182000000000002
57;57.328;-0.32800000000000296
56;50.62;5.380000000000003
55;55.428;-0.42799999999999727
54;50.908;3.0919999999999987
53;56.674;-3.6739999999999995
52;48.662;3.338000000000001
51;55.292;-4.292000000000002
50;51.094;-1.0940000000000012
49;47.362;1.6379999999999981
48;53.53;-5.530000000000001
47;52.37;-5.369999999999997
46;51.688;-5.688000000000002
45;46.354;-1.3539999999999992
44;47.464;-3.4639999999999986
43;51.63;-8.630000000000003
42;52.888;-10.887999999999998
41;47.056;-6.055999999999997
40;50.3;-10.299999999999997
39;38.82;0.17999999999999972
38;51.524;-13.524000000000001
37;42.496;-5.496000000000002
36;50.69;-14.689999999999998
35;39.05;-4.049999999999997
34;37.47;-3.469999999999999
33;37.868;-4.868000000000002
32;30.6;1.3999999999999986
31;25.932;5.068000000000001
30;34.586;-4.5859999999999985
29;37.28;-8.280000000000001
28;26.842;1.1580000000000013
27;22.688;4.312000000000001
26;20.444;5.556000000000001
25;18.31;6.690000000000001
24;15.382;8.618
23;18.202;4.797999999999998
22;15.518;6.481999999999999
21;15.636;5.364000000000001
20;14.686;5.314
19;14.62;4.380000000000001
18;12.598;5.401999999999999
17;11.358;5.6419999999999995
16;10.592;5.4079999999999995
15;11.34;3.66
14;11.406;2.5939999999999994
13;9.192;3.808
12;9.56;2.4399999999999995
11;8.464;2.5359999999999996
10;7.044;2.9560000000000004
9;6.582;2.418
8;6.016;1.984
7;7.304;-0.30400000000000027
6;7.222;-1.2220000000000004
5;5.948;-0.9480000000000004
4;6.924;-2.9240000000000004
3;5.738;-2.7380000000000004
2;5.874;-3.8739999999999997
1;12.614;-11.614
0;7.908;-7.908
95;86.934;8.066000000000003
94;90.964;3.0360000000000014
93;89.776;3.2240000000000038
92;88.85;3.1500000000000057
91;88.744;2.2560000000000002
90;88.692;1.308000000000007
89;88.212;0.7879999999999967
88;85.264;2.736000000000004
87;88.3;-1.2999999999999972
86;87.864;-1.8640000000000043
85;86.992;-1.9920000000000044
84;85.692;-1.691999999999993
83;84.19;-1.1899999999999977
82;82.768;-0.7680000000000007
81;81.502;-0.5019999999999953
80;80.384;-0.38400000000000034
79;78.878;0.12199999999999989
78;77.216;0.784000000000006
77;75.514;1.4860000000000042
76;74.958;1.0420000000000016
75;74.38;0.6200000000000045
74;73.216;0.784000000000006
73;72.974;0.02599999999999625
72;71.72;0.28000000000000114
71;71.658;-0.6580000000000013
70;72.192;-2.191999999999993
69;69.862;-0.8619999999999948
68;66.428;1.5720000000000027
67;58.516;8.484000000000002
66;16.446;49.554
65;34.852;30.148000000000003
64;26.39;37.61
63;44.424;18.576
62;47.742;14.258000000000003
61;54.624;6.375999999999998
60;63.402;-3.402000000000001
59;68.484;-9.483999999999995
58;69.398;-11.397999999999996
57;65.1;-8.099999999999994
56;67.076;-11.075999999999993
55;60.092;-5.091999999999999
54;53.766;0.23400000000000176
53;60.042;-7.042000000000002
52;61.26;-9.259999999999998
51;61.51;-10.509999999999998
50;63.524;-13.524000000000001
49;65.984;-16.983999999999995
48;61.826;-13.826
47;65.07;-18.069999999999993
46;64.896;-18.896
45;60.514;-15.514000000000003
44;59.688;-15.688000000000002
43;52.238;-9.238
42;44.22;-2.219999999999999
41;50.41;-9.409999999999997
40;45.298;-5.298000000000002
39;45.194;-6.194000000000003
38;42.0;-4.0
37;38.036;-1.0360000000000014
36;36.944;-0.9440000000000026
35;47.286;-12.286000000000001
34;40.948;-6.948
33;38.546;-5.545999999999999
32;47.05;-15.049999999999997
31;68.616;-37.616
30;78.116;-48.116
29;61.46;-32.46
28;48.522;-20.522
27;59.884;-32.884
26;40.596;-14.595999999999997
25;60.45;-35.45
24;90.992;-66.992
23;55.952;-32.952
22;70.414;-48.414
21;69.922;-48.922
20;118.378;-98.378
19;83.422;-64.422
18;94.306;-76.306
17;82.024;-65.024
16;90.526;-74.526
15;92.062;-77.062
14;91.118;-77.118
13;93.976;-80.976
12;97.6;-85.6
11;116.324;-105.324
10;116.538;-106.538
9;120.37;-111.37
8;119.244;-111.244
7;120.188;-113.188
6;123.254;-117.254
5;128.128;-123.12799999999999
4;125.472;-121.472
3;129.332;-126.332
2;137.008;-135.008
1;136.306;-135.306
0;134.878;-134.878
95;104.144;-9.144000000000005
94;98.446;-4.445999999999998
93;91.486;1.5139999999999958
92;90.928;1.0720000000000027
91;87.624;3.3760000000000048
90;84.812;5.188000000000002
89;88.074;0.9260000000000019
88;87.36;0.6400000000000006
87;85.746;1.2540000000000049
86;85.21;0.7900000000000063
85;84.564;0.43600000000000705
84;83.128;0.8719999999999999
83;82.466;0.534000000000006
82;81.132;0.867999999999995
81;80.326;0.6740000000000066
80;80.094;-0.09399999999999409
79;78.642;0.3580000000000041
78;77.714;0.28600000000000136
77;76.368;0.632000000000005
76;75.218;0.7819999999999965
75;73.382;1.617999999999995
74;72.62;1.3799999999999955
73;71.418;1.5819999999999936
72;70.07;1.9300000000000068
71;70.284;0.715999999999994
70;67.266;2.7339999999999947
69;65.426;3.573999999999998
68;61.382;6.618000000000002
67;52.87;14.130000000000003
66;23.632;42.367999999999995
65;20.098;44.902
64;27.924;36.076
63;42.916;20.084000000000003
62;52.014;9.985999999999997
61;52.592;8.408000000000001
60;51.958;8.042000000000002
59;52.64;6.359999999999999
58;54.048;3.951999999999998
57;65.648;-8.647999999999996
56;67.396;-11.396
55;64.416;-9.415999999999997
54;64.426;-10.426000000000002
53;61.38;-8.380000000000003
52;60.196;-8.195999999999998
51;61.27;-10.270000000000003
50;60.708;-10.707999999999998
49;65.538;-16.537999999999997
48;62.236;-14.235999999999997
47;60.208;-13.207999999999998
46;55.326;-9.326
45;56.906;-11.905999999999999
44;48.514;-4.514000000000003
43;46.616;-3.6159999999999997
42;51.508;-9.508000000000003
41;45.252;-4.2520000000000024
40;49.228;-9.228000000000002
39;49.738;-10.738
38;46.498;-8.497999999999998
37;47.084;-10.084000000000003
36;45.434;-9.433999999999997
35;46.8;-11.799999999999997
34;53.356;-19.356
33;44.248;-11.247999999999998
32;44.872;-12.872
31;47.186;-16.186
30;52.384;-22.384
29;62.766;-33.766
28;89.384;-61.384
27;82.756;-55.756
26;83.044;-57.044
25;86.378;-61.378
24;78.01;-54.010000000000005
23;71.844;-48.843999999999994
22;73.216;-51.215999999999994
21;74.876;-53.876000000000005
20;78.166;-58.166
19;80.928;-61.928
18;79.006;-61.006
17;79.154;-62.153999999999996
16;83.874;-67.874
15;76.852;-61.852000000000004
14;75.648;-61.647999999999996
13;74.776;-61.775999999999996
12;73.274;-61.274
11;73.31;-62.31
10;78.834;-68.834
9;84.326;-75.326
8;78.716;-70.716
7;84.962;-77.962
6;91.274;-85.274
5;82.65;-77.65
4;91.002;-87.002
3;89.782;-86.782
2;88.93;-86.93
1;88.468;-87.468
0;92.432;-92.432
115;96.222;18.778000000000006
114;93.936;20.063999999999993
113;93.574;19.426000000000002
112;89.646;22.354
111;97.728;13.272000000000006
110;110.018;-0.018000000000000682
109;108.18;0.8199999999999932
108;105.694;2.3059999999999974
107;105.27;1.730000000000004
106;105.142;0.8580000000000041
105;104.588;0.41200000000000614
104;103.622;0.3780000000000001
103;102.926;0.07399999999999807
102;101.946;0.054000000000002046
101;100.8;0.20000000000000284
100;99.912;0.08799999999999386
99;98.79;0.20999999999999375
98;97.708;0.2920000000000016
97;96.534;0.465999999999994
96;95.584;0.4159999999999968
95;94.506;0.4939999999999998
94;92.936;1.063999999999993
93;90.864;2.1359999999999957
92;90.188;1.8119999999999976
91;87.042;3.9579999999999984
90;83.212;6.787999999999997
89;77.486;11.513999999999996
88;71.016;16.983999999999995
87;55.53;31.47
86;30.036;55.964
85;28.996;56.004000000000005
84;22.406;61.594
83;19.476;63.524
82;30.674;51.326
81;40.124;40.876
80;38.736;41.264
79;44.322;34.678
78;63.036;14.963999999999999
77;66.61;10.39
76;67.158;8.841999999999999
75;68.866;6.134
74;66.094;7.906000000000006
73;70.41;2.5900000000000034
72;68.234;3.7660000000000053
71;70.264;0.7360000000000042
70;68.812;1.1880000000000024
69;66.686;2.313999999999993
68;66.994;1.0060000000000002
67;65.822;1.1779999999999973
66;65.35;0.6500000000000057
65;63.164;1.8359999999999985
64;61.874;2.1259999999999977
63;61.61;1.3900000000000006
62;59.874;2.1259999999999977
61;58.026;2.9739999999999966
60;58.034;1.966000000000001
59;58.618;0.3819999999999979
58;57.096;0.9040000000000035
57;55.928;1.0720000000000027
56;56.024;-0.02400000000000091
55;54.904;0.09599999999999653
54;54.0;0.0
53;53.034;-0.03399999999999892
52;52.024;-0.02400000000000091
51;51.102;-0.10199999999999676
50;49.98;0.020000000000003126
49;49.028;-0.027999999999998693
48;48.104;-0.1039999999999992
47;46.978;0.021999999999998465
46;46.05;-0.04999999999999716
45;45.016;-0.015999999999998238
44;44.034;-0.03399999999999892
43;43.028;-0.027999999999998693
42;42.0;0.0
41;41.0;0.0
40;40.0;0.0
39;39.0;0.0
38;38.0;0.0
37;37.0;0.0
36;36.0;0.0
35;35.0;0.0
34;34.0;0.0
33;33.0;0.0
32;32.0;0.0
31;31.0;0.0
30;30.0;0.0
29;29.0;0.0
28;28.0;0.0
27;27.0;0.0
26;26.0;0.0
25;25.0;0.0
24;24.0;0.0
23;23.0;0.0
22;22.0;0.0
21;21.0;0.0
20;20.0;0.0
19;19.0;0.0
18;18.0;0.0
17;17.0;0.0
16;16.0;0.0
15;15.0;0.0
14;14.0;0.0
13;13.0;0.0
12;12.0;0.0
11;11.0;0.0
10;10.0;0.0
9;9.0;0.0
8;8.0;0.0
7;7.0;0.0
6;6.0;0.0
5;5.0;0.0
4;4.0;0.0
3;3.0;0.0
2;2.0;0.0
1;1.0;0.0
0;0.0;0.0
78;64.804;13.195999999999998
77;68.048;8.951999999999998
76;68.778;7.221999999999994
75;60.624;14.375999999999998
74;51.614;22.386000000000003
73;56.266;16.734
72;62.156;9.844000000000001
71;52.644;18.356
70;46.424;23.576
69;54.296;14.704
68;45.664;22.336
67;44.788;22.212000000000003
66;51.498;14.502000000000002
65;46.014;18.985999999999997
64;47.784;16.216
63;54.026;8.973999999999997
62;50.686;11.314
61;53.836;7.1640000000000015
60;51.788;8.212000000000003
59;53.67;5.329999999999998
58;52.948;5.052
57;53.072;3.9279999999999973
56;53.928;2.0720000000000027
55;53.38;1.6199999999999974
54;52.64;1.3599999999999994
53;50.956;2.043999999999997
52;52.214;-0.21399999999999864
51;49.392;1.607999999999997
50;51.32;-1.3200000000000003
49;46.132;2.868000000000002
48;47.108;0.892000000000003
47;45.616;1.3840000000000003
46;48.938;-2.9380000000000024
45;45.076;-0.07600000000000051
44;46.404;-2.4040000000000035
43;44.092;-1.0919999999999987
42;44.584;-2.584000000000003
41;43.65;-2.6499999999999986
40;40.996;-0.9960000000000022
39;40.074;-1.073999999999998
38;38.74;-0.740000000000002
37;38.91;-1.9099999999999966
36;36.158;-0.15800000000000125
35;34.316;0.6839999999999975
34;33.372;0.6280000000000001
33;32.454;0.5459999999999994
32;31.03;0.9699999999999989
31;30.338;0.661999999999999
30;29.182;0.8180000000000014
29;28.322;0.6780000000000008
28;27.71;0.28999999999999915
27;26.648;0.3520000000000003
26;25.816;0.18400000000000105
25;24.466;0.5339999999999989
24;23.298;0.7020000000000017
23;22.806;0.19399999999999906
22;24.76;-2.7600000000000016
21;21.524;-0.5240000000000009
20;28.626;-8.626000000000001
19;24.854;-5.853999999999999
18;25.104;-7.103999999999999
17;19.636;-2.6359999999999992
16;24.858;-8.858
15;18.334;-3.3339999999999996
14;25.424;-11.424
13;19.654;-6.654
12;25.856;-13.856000000000002
11;27.83;-16.83
10;27.678;-17.678
9;28.532;-19.532
8;28.102;-20.102
7;26.818;-19.818
6;26.804;-20.804
5;23.634;-18.634
4;28.074;-24.074
3;25.44;-22.44
2;26.254;-24.254
1;25.974;-24.974
0;25.082;-25.082
99;67.376;31.623999999999995
98;74.468;23.531999999999996
97;85.274;11.725999999999999
96;86.29;9.709999999999994
95;87.802;7.197999999999993
94;87.4;6.599999999999994
93;86.454;6.5460000000000065
92;85.162;6.837999999999994
91;81.936;9.063999999999993
90;83.066;6.9339999999999975
89;81.814;7.186000000000007
88;82.41;5.590000000000003
87;80.052;6.947999999999993
86;78.414;7.5859999999999985
85;76.962;8.037999999999997
84;76.624;7.376000000000005
83;75.32;7.680000000000007
82;74.706;7.293999999999997
81;73.132;7.867999999999995
80;70.618;9.382000000000005
79;70.904;8.096000000000004
78;68.874;9.126000000000005
77;66.618;10.382000000000005
76;65.004;10.995999999999995
75;64.128;10.872
74;62.2;11.799999999999997
73;64.0;9.0
72;63.644;8.356000000000002
71;61.382;9.618000000000002
70;63.136;6.863999999999997
69;62.954;6.045999999999999
68;60.762;7.2379999999999995
67;61.038;5.962000000000003
66;61.76;4.240000000000002
65;61.05;3.950000000000003
64;61.056;2.9440000000000026
63;58.36;4.640000000000001
62;57.764;4.235999999999997
61;56.708;4.292000000000002
60;56.22;3.780000000000001
59;53.102;5.898000000000003
58;49.424;8.576
57;46.296;10.704
56;44.744;11.256
55;43.746;11.253999999999998
54;38.944;15.055999999999997
53;37.95;15.049999999999997
52;38.838;13.161999999999999
51;39.84;11.159999999999997
50;37.912;12.088000000000001
49;39.176;9.823999999999998
48;37.946;10.054000000000002
47;37.91;9.090000000000003
46;38.12;7.880000000000003
45;38.574;6.426000000000002
44;38.326;5.6739999999999995
43;37.972;5.027999999999999
42;37.698;4.302
41;35.868;5.131999999999998
40;33.834;6.165999999999997
39;35.404;3.5959999999999965
38;34.39;3.6099999999999994
37;33.748;3.2520000000000024
36;31.786;4.213999999999999
35;31.938;3.062000000000001
34;31.252;2.748000000000001
33;31.198;1.8019999999999996
32;29.806;2.193999999999999
31;29.08;1.9200000000000017
30;28.96;1.0399999999999991
29;27.496;1.5040000000000013
28;27.208;0.7920000000000016
27;26.238;0.7620000000000005
26;25.464;0.5360000000000014
25;24.582;0.41799999999999926
24;23.144;0.8560000000000016
23;21.954;1.0459999999999994
22;20.88;1.120000000000001
21;20.586;0.4140000000000015
20;19.612;0.3880000000000017
19;18.894;0.10600000000000165
18;19.618;-1.6179999999999986
17;17.18;-0.17999999999999972
16;16.382;-0.38200000000000145
15;17.172;-2.1720000000000006
14;18.762;-4.7620000000000005
13;13.556;-0.5559999999999992
12;13.78;-1.7799999999999994
11;15.452;-4.452
10;10.862;-0.8620000000000001
9;12.16;-3.16
8;11.0;-3.0
7;8.2;-1.1999999999999993
6;7.546;-1.5460000000000003
5;7.69;-2.6900000000000004
4;7.772;-3.7720000000000002
3;7.522;-4.522
2;8.328;-6.327999999999999
1;13.72;-12.72
0;6.918;-6.918
99;82.346;16.653999999999996
98;79.652;18.348
97;121.308;-24.308000000000007
96;94.978;1.0220000000000056
95;95.338;-0.33799999999999386
94;100.75;-6.75
93;97.876;-4.876000000000005
92;91.208;0.7920000000000016
91;93.612;-2.6119999999999948
90;91.778;-1.7780000000000058
89;92.524;-3.524000000000001
88;91.252;-3.2519999999999953
87;87.104;-0.1039999999999992
86;91.958;-5.957999999999998
85;87.646;-2.646000000000001
84;89.18;-5.180000000000007
83;88.486;-5.486000000000004
82;87.132;-5.132000000000005
81;86.4;-5.400000000000006
80;84.926;-4.926000000000002
79;83.852;-4.852000000000004
78;94.884;-16.884
77;82.11;-5.109999999999999
76;87.538;-11.537999999999997
75;75.148;-0.14799999999999613
74;74.524;-0.5240000000000009
73;69.4;3.5999999999999943
72;83.384;-11.384
71;101.718;-30.718000000000004
70;84.496;-14.495999999999995
69;75.902;-6.902000000000001
68;105.896;-37.896
67;78.846;-11.846000000000004
66;74.152;-8.152000000000001
65;86.87;-21.870000000000005
64;87.014;-23.013999999999996
63;85.952;-22.951999999999998
62;71.182;-9.182000000000002
61;88.402;-27.402
60;105.586;-45.586
59;76.876;-17.876000000000005
58;118.532;-60.532
57;103.136;-46.135999999999996
56;77.066;-21.066000000000003
55;104.71;-49.709999999999994
54;84.144;-30.144000000000005
53;77.772;-24.772000000000006
52;69.314;-17.313999999999993
51;80.848;-29.848
50;71.752;-21.751999999999995
49;81.752;-32.751999999999995
48;82.624;-34.623999999999995
47;70.574;-23.573999999999998
46;70.828;-24.828000000000003
45;67.888;-22.888000000000005
44;63.77;-19.770000000000003
43;60.002;-17.002000000000002
42;65.908;-23.908
41;57.554;-16.554000000000002
40;51.824;-11.823999999999998
39;51.274;-12.274000000000001
38;48.826;-10.826
37;46.83;-9.829999999999998
36;45.484;-9.484000000000002
35;47.868;-12.868000000000002
34;44.894;-10.893999999999998
33;51.038;-18.037999999999997
32;47.668;-15.668
31;40.858;-9.857999999999997
30;38.746;-8.746000000000002
29;36.708;-7.707999999999998
28;36.774;-8.774000000000001
27;58.88;-31.880000000000003
26;67.358;-41.358000000000004
25;41.404;-16.404000000000003
24;54.612;-30.612000000000002
23;40.744;-17.744
22;36.968;-14.968000000000004
21;36.864;-15.863999999999997
20;44.316;-24.316000000000003
19;30.374;-11.373999999999999
18;30.056;-12.056000000000001
17;35.962;-18.962000000000003
16;26.718;-10.718
15;34.524;-19.524
14;23.484;-9.484000000000002
13;26.342;-13.341999999999999
12;19.586;-7.5859999999999985
11;23.172;-12.172
10;24.418;-14.418
9;20.23;-11.23
8;16.74;-8.739999999999998
7;18.626;-11.626000000000001
6;23.022;-17.022
5;25.344;-20.344
4;39.094;-35.094
3;49.104;-46.104
2;50.168;-48.168
1;70.7;-69.7
0;111.5;-111.5
99;108.064;-9.063999999999993
98;105.298;-7.298000000000002
97;101.834;-4.834000000000003
96;99.17;-3.1700000000000017
95;101.316;-6.3160000000000025
94;97.22;-3.219999999999999
93;96.604;-3.603999999999999
92;94.82;-2.819999999999993
91;91.95;-0.9500000000000028
90;94.342;-4.341999999999999
89;92.73;-3.730000000000004
88;89.748;-1.7480000000000047
87;89.524;-2.524000000000001
86;88.068;-2.067999999999998
85;87.128;-2.128
84;86.796;-2.7960000000000065
83;84.646;-1.6460000000000008
82;86.182;-4.182000000000002
81;86.048;-5.048000000000002
80;82.714;-2.7139999999999986
79;86.518;-7.518000000000001
78;80.004;-2.004000000000005
77;78.896;-1.8960000000000008
76;79.528;-3.528000000000006
75;80.862;-5.861999999999995
74;78.148;-4.147999999999996
73;81.186;-8.186000000000007
72;73.61;-1.6099999999999994
71;77.688;-6.688000000000002
70;67.8;2.200000000000003
69;67.664;1.3359999999999985
68;66.892;1.108000000000004
67;65.876;1.1239999999999952
66;65.456;0.5439999999999969
65;65.116;-0.11599999999999966
64;66.3;-2.299999999999997
63;63.208;-0.2079999999999984
62;61.462;0.5379999999999967
61;61.678;-0.6779999999999973
60;61.692;-1.6920000000000002
59;60.498;-1.4979999999999976
58;60.864;-2.863999999999997
57;57.792;-0.7920000000000016
56;56.97;-0.9699999999999989
55;55.858;-0.857999999999997
54;53.71;0.28999999999999915
53;59.556;-6.555999999999997
52;56.788;-4.787999999999997
51;60.664;-9.664000000000001
50;56.448;-6.448
49;54.36;-5.359999999999999
48;51.148;-3.1480000000000032
47;52.424;-5.4239999999999995
46;52.636;-6.636000000000003
45;47.104;-2.103999999999999
44;45.906;-1.9059999999999988
43;45.592;-2.5919999999999987
42;42.842;-0.8419999999999987
41;42.576;-1.5760000000000005
40;40.576;-0.5760000000000005
39;40.646;-1.6460000000000008
38;39.286;-1.2860000000000014
37;37.808;-0.8079999999999998
36;36.442;-0.44200000000000017
35;35.586;-0.5859999999999985
34;34.712;-0.7120000000000033
33;33.56;-0.5600000000000023
32;32.446;-0.44599999999999795
31;31.252;-0.2519999999999989
30;30.272;-0.27199999999999847
29;28.932;0.06800000000000139
28;28.398;-0.3979999999999997
27;26.686;0.31400000000000006
26;25.492;0.5079999999999991
25;25.216;-0.21600000000000108
24;24.686;-0.6859999999999999
23;24.778;-1.7779999999999987
22;25.39;-3.3900000000000006
21;20.742;0.2579999999999991
20;19.886;0.11400000000000077
19;19.13;-0.129999999999999
18;20.844;-2.844000000000001
17;19.664;-2.6640000000000015
16;18.364;-2.3640000000000008
15;23.858;-8.858
14;21.466;-7.466000000000001
13;18.118;-5.1179999999999986
12;14.416;-2.4160000000000004
11;12.442;-1.4420000000000002
10;10.396;-0.3960000000000008
9;8.786;0.2140000000000004
8;9.056;-1.0559999999999992
7;7.614;-0.6139999999999999
6;7.116;-1.1159999999999997
5;6.592;-1.5919999999999996
4;5.77;-1.7699999999999996
3;4.818;-1.8179999999999996
2;4.228;-2.2279999999999998
1;4.1;-3.0999999999999996
0;6.388;-6.388
91;64.472;26.528000000000006
90;77.112;12.888000000000005
89;82.134;6.866
88;83.962;4.037999999999997
87;86.204;0.7960000000000065
86;85.708;0.2920000000000016
85;84.576;0.4240000000000066
84;83.68;0.3199999999999932
83;82.684;0.3160000000000025
82;81.598;0.402000000000001
81;80.548;0.4519999999999982
80;79.956;0.04399999999999693
79;78.94;0.060000000000002274
78;77.762;0.23799999999999955
77;76.588;0.41200000000000614
76;75.444;0.5559999999999974
75;74.726;0.2740000000000009
74;73.788;0.2120000000000033
73;72.57;0.4300000000000068
72;71.76;0.23999999999999488
71;71.032;-0.031999999999996476
70;70.03;-0.030000000000001137
69;68.902;0.09799999999999898
68;68.032;-0.031999999999996476
67;66.982;0.018000000000000682
66;65.864;0.13599999999999568
65;64.93;0.06999999999999318
64;64.002;-0.001999999999995339
63;62.936;0.06400000000000006
62;62.096;-0.09599999999999653
61;61.104;-0.1039999999999992
60;60.072;-0.07200000000000273
59;59.016;-0.015999999999998238
58;58.018;-0.018000000000000682
57;57.01;-0.00999999999999801
56;56.004;-0.003999999999997783
55;55.002;-0.0020000000000024443
54;54.002;-0.0020000000000024443
53;53.0;0.0
52;52.0;0.0
51;51.002;-0.0020000000000024443
50;50.0;0.0
49;49.0;0.0
48;47.998;0.0020000000000024443
47;47.0;0.0
46;46.0;0.0
45;45.0;0.0
44;44.0;0.0
43;43.0;0.0
42;42.0;0.0
41;41.0;0.0
40;40.0;0.0
39;39.0;0.0
38;38.0;0.0
37;37.0;0.0
36;36.0;0.0
35;35.0;0.0
34;34.0;0.0
33;33.0;0.0
32;32.0;0.0
31;31.0;0.0
30;30.0;0.0
29;29.0;0.0
28;28.0;0.0
27;27.0;0.0
26;26.0;0.0
25;25.0;0.0
24;24.0;0.0
23;23.0;0.0
22;22.0;0.0
21;21.0;0.0
20;20.0;0.0
19;19.0;0.0
18;18.0;0.0
17;17.0;0.0
16;16.0;0.0
15;15.0;0.0
14;14.0;0.0
13;13.0;0.0
12;12.0;0.0
11;11.0;0.0
10;10.0;0.0
9;9.0;0.0
8;8.0;0.0
7;7.0;0.0
6;6.0;0.0
5;5.0;0.0
4;4.0;0.0
3;3.0;0.0
2;2.0;0.0
1;1.0;0.0
0;0.0;0.0
56;79.058;-23.058000000000007
55;72.226;-17.226
54;72.5;-18.5
53;69.75;-16.75
52;64.17;-12.170000000000002
51;59.73;-8.729999999999997
50;59.784;-9.783999999999999
49;61.64;-12.64
48;63.142;-15.142000000000003
47;62.05;-15.049999999999997
46;61.716;-15.716000000000001
45;64.518;-19.518
44;63.042;-19.042
43;62.528;-19.528
42;64.708;-22.708
41;61.022;-20.022
40;59.88;-19.880000000000003
39;58.48;-19.479999999999997
38;57.44;-19.439999999999998
37;55.112;-18.112000000000002
36;56.61;-20.61
35;52.24;-17.240000000000002
34;44.442;-10.442
33;49.766;-16.766
32;49.002;-17.002000000000002
31;47.372;-16.372
30;34.178;-4.177999999999997
29;40.992;-11.991999999999997
28;37.946;-9.945999999999998
27;33.068;-6.067999999999998
26;27.292;-1.2920000000000016
25;27.38;-2.379999999999999
24;25.334;-1.3339999999999996
23;22.272;0.7280000000000015
22;19.726;2.274000000000001
21;17.684;3.315999999999999
20;17.812;2.187999999999999
19;29.966;-10.966000000000001
18;17.416;0.5839999999999996
17;13.522;3.4779999999999998
16;14.118;1.8819999999999997
15;13.808;1.1920000000000002
14;13.74;0.2599999999999998
13;10.738;2.2620000000000005
12;11.994;0.006000000000000227
11;10.32;0.6799999999999997
10;13.218;-3.218
9;13.418;-4.417999999999999
8;8.856;-0.8559999999999999
7;10.826;-3.8260000000000005
6;12.438;-6.438000000000001
5;11.174;-6.1739999999999995
4;11.262;-7.2620000000000005
3;10.62;-7.619999999999999
2;10.844;-8.844
1;12.25;-11.25
0;9.028;-9.028
85;82.482;2.5180000000000007
84;83.52;0.480000000000004
83;83.82;-0.8199999999999932
82;83.746;-1.7459999999999951
81;83.042;-2.0420000000000016
80;82.216;-2.215999999999994
79;81.354;-2.353999999999999
78;80.284;-2.284000000000006
77;78.848;-1.847999999999999
76;77.962;-1.9620000000000033
75;76.168;-1.1680000000000064
74;74.718;-0.7180000000000035
73;74.902;-1.902000000000001
72;73.514;-1.5139999999999958
71;72.574;-1.573999999999998
70;71.048;-1.0480000000000018
69;69.072;-0.07200000000000273
68;68.422;-0.42199999999999704
67;67.452;-0.4519999999999982
66;66.488;-0.48799999999999955
65;65.996;-0.9959999999999951
64;65.006;-1.0060000000000002
63;63.574;-0.5739999999999981
62;61.97;0.030000000000001137
61;61.016;-0.015999999999998238
60;58.178;1.8220000000000027
59;58.362;0.6379999999999981
58;55.722;2.2779999999999987
57;51.078;5.921999999999997
56;31.282;24.718
55;38.476;16.524
54;36.304;17.695999999999998
53;42.25;10.75
52;39.176;12.823999999999998
51;39.142;11.857999999999997
50;48.098;1.902000000000001
49;45.14;3.8599999999999994
48;43.932;4.067999999999998
47;44.546;2.4540000000000006
46;52.344;-6.344000000000001
45;45.28;-0.28000000000000114
44;49.892;-5.892000000000003
43;46.728;-3.7280000000000015
42;43.836;-1.8359999999999985
41;41.266;-0.26599999999999824
40;37.592;2.4080000000000013
39;35.29;3.710000000000001
38;36.902;1.097999999999999
37;37.496;-0.4960000000000022
36;37.078;-1.078000000000003
35;36.01;-1.009999999999998
34;37.422;-3.421999999999997
33;34.588;-1.588000000000001
32;34.794;-2.793999999999997
31;33.81;-2.8100000000000023
30;29.244;0.7560000000000002
29;32.646;-3.646000000000001
28;25.522;2.4780000000000015
27;16.708;10.292000000000002
26;23.248;2.751999999999999
25;16.882;8.117999999999999
24;21.056;2.943999999999999
23;21.28;1.7199999999999989
22;27.438;-5.437999999999999
21;15.72;5.279999999999999
20;23.144;-3.1439999999999984
19;16.228;2.7719999999999985
18;13.836;4.164
17;11.212;5.788
16;9.24;6.76
15;8.642;6.3580000000000005
14;13.718;0.28200000000000003
13;11.828;1.1720000000000006
12;15.154;-3.154
11;16.946;-5.9460000000000015
10;13.13;-3.130000000000001
9;8.556;0.44400000000000084
8;9.768;-1.7680000000000007
7;11.388;-4.388
6;11.092;-5.0920000000000005
5;9.898;-4.898
4;12.52;-8.52
3;11.652;-8.652
2;9.582;-7.582000000000001
1;8.824;-7.824
0;7.776;-7.776
85;84.21;0.7900000000000063
84;84.08;-0.0799999999999983
83;82.686;0.31399999999999295
82;82.28;-0.28000000000000114
81;81.39;-0.39000000000000057
80;80.416;-0.4159999999999968
79;80.996;-1.9959999999999951
78;79.516;-1.5160000000000053
77;78.502;-1.5019999999999953
76;76.928;-0.9279999999999973
75;75.192;-0.19199999999999307
74;74.582;-0.5819999999999936
73;73.41;-0.4099999999999966
72;72.568;-0.5679999999999978
71;70.866;0.13400000000000034
70;70.704;-0.7039999999999935
69;68.044;0.9560000000000031
68;68.238;-0.23799999999999955
67;66.6;0.4000000000000057
66;65.666;0.3340000000000032
65;64.67;0.3299999999999983
64;63.79;0.21000000000000085
63;63.06;-0.060000000000002274
62;61.212;0.7879999999999967
61;59.888;1.1120000000000019
60;59.314;0.6859999999999999
59;58.968;0.031999999999996476
58;57.576;0.4239999999999995
57;55.242;1.7580000000000027
56;25.824;30.176
55;35.054;19.945999999999998
54;32.26;21.740000000000002
53;32.006;20.994
52;32.222;19.778
51;30.144;20.856
50;29.858;20.142
49;22.64;26.36
48;24.086;23.914
47;28.152;18.848
46;32.034;13.966000000000001
45;32.918;12.082
44;34.922;9.078000000000003
43;34.33;8.670000000000002
42;37.936;4.064
41;36.512;4.4879999999999995
40;30.524;9.475999999999999
39;29.794;9.206
38;31.23;6.77
37;33.564;3.436
36;34.24;1.759999999999998
35;34.282;0.7180000000000035
34;30.682;3.3180000000000014
33;31.126;1.8739999999999988
32;33.242;-1.2419999999999973
31;33.144;-2.1439999999999984
30;35.432;-5.432000000000002
29;33.072;-4.072000000000003
28;29.46;-1.4600000000000009
27;32.984;-5.984000000000002
26;33.33;-7.329999999999998
25;30.768;-5.768000000000001
24;30.412;-6.411999999999999
23;26.044;-3.0440000000000005
22;26.148;-4.148
21;27.04;-6.039999999999999
20;23.462;-3.4619999999999997
19;23.218;-4.218
18;20.96;-2.960000000000001
17;14.978;2.0220000000000002
16;19.876;-3.8760000000000012
15;16.576;-1.5760000000000005
14;16.836;-2.8359999999999985
13;21.524;-8.524000000000001
12;13.606;-1.6059999999999999
11;20.548;-9.547999999999998
10;23.656;-13.655999999999999
9;39.456;-30.456000000000003
8;36.134;-28.134
7;34.268;-27.268
6;26.86;-20.86
5;35.176;-30.176000000000002
4;41.096;-37.096
3;26.644;-23.644
2;29.304;-27.304
1;29.336;-28.336
0;26.538;-26.538
85;78.266;6.733999999999995
84;80.82;3.180000000000007
83;84.104;-1.1039999999999992
82;82.678;-0.6779999999999973
81;82.676;-1.676000000000002
80;79.94;0.060000000000002274
79;78.836;0.16400000000000148
78;78.046;-0.04600000000000648
77;77.08;-0.0799999999999983
76;76.67;-0.6700000000000017
75;75.346;-0.34600000000000364
74;74.244;-0.24399999999999977
73;72.656;0.3439999999999941
72;71.748;0.25199999999999534
71;71.402;-0.402000000000001
70;70.144;-0.14400000000000546
69;69.484;-0.48399999999999466
68;71.042;-3.0420000000000016
67;67.364;-0.3640000000000043
66;66.354;-0.3539999999999992
65;65.798;-0.7980000000000018
64;64.214;-0.21399999999999864
63;63.064;-0.06400000000000006
62;62.48;-0.4799999999999969
61;61.466;-0.4660000000000011
60;59.866;0.13400000000000034
59;58.996;0.003999999999997783
58;55.796;2.2040000000000006
57;50.898;6.101999999999997
56;36.062;19.938000000000002
55;39.174;15.826
54;37.102;16.898000000000003
53;37.26;15.740000000000002
52;33.442;18.558
51;32.628;18.372
50;31.646;18.354
49;30.304;18.696
48;28.444;19.556
47;28.292;18.708
46;26.444;19.556
45;24.992;20.008
44;24.904;19.096
43;25.124;17.876
42;22.986;19.014
41;23.274;17.726
40;22.918;17.082
39;22.826;16.174
38;20.872;17.128
37;21.67;15.329999999999998
36;19.052;16.948
35;19.29;15.71
34;17.898;16.102
33;18.426;14.574000000000002
32;16.502;15.498000000000001
31;16.01;14.989999999999998
30;19.264;10.736
29;15.78;13.22
28;18.38;9.620000000000001
27;18.284;8.716000000000001
26;19.568;6.431999999999999
25;29.192;-4.192
24;31.93;-7.93
23;35.484;-12.484000000000002
22;50.572;-28.572000000000003
21;68.27;-47.269999999999996
20;65.57;-45.56999999999999
19;53.806;-34.806
18;58.056;-40.056
17;63.79;-46.79
16;70.836;-54.836
15;81.74;-66.74
14;92.468;-78.468
13;86.614;-73.614
12;86.204;-74.204
11;100.302;-89.302
10;79.076;-69.076
9;63.592;-54.592
8;58.666;-50.666
7;80.876;-73.876
6;76.244;-70.244
5;86.516;-81.516
4;110.812;-106.812
3;120.53;-117.53
2;141.172;-139.172
1;142.62;-141.62
0;142.08;-142.08
155;122.238;32.762
154;125.834;28.165999999999997
153;128.658;24.342000000000013
152;127.136;24.864000000000004
151;133.742;17.25800000000001
150;124.66;25.340000000000003
149;118.084;30.915999999999997
148;114.618;33.382000000000005
147;125.822;21.177999999999997
146;126.294;19.706000000000003
145;137.444;7.556000000000012
144;134.692;9.307999999999993
143;129.36;13.639999999999986
142;133.766;8.234000000000009
141;128.358;12.641999999999996
140;126.228;13.772000000000006
139;119.702;19.298000000000002
138;127.182;10.817999999999998
137;124.546;12.453999999999994
136;133.466;2.533999999999992
135;129.214;5.786000000000001
134;129.54;4.460000000000008
133;128.058;4.942000000000007
132;124.936;7.063999999999993
131;121.686;9.313999999999993
130;116.962;13.037999999999997
129;111.75;17.25
128;98.874;29.126000000000005
127;88.24;38.760000000000005
126;60.324;65.676
125;62.932;62.068
124;61.52;62.48
123;61.98;61.02
122;60.922;61.078
121;60.574;60.426
120;59.486;60.514
119;59.638;59.362
118;54.688;63.312
117;55.484;61.516
116;56.056;59.944
115;56.114;58.886
114;54.502;59.498
113;54.464;58.536
112;56.264;55.736
111;54.63;56.37
110;51.612;58.388
109;46.794;62.206
108;49.19;58.81
107;39.738;67.262
106;43.674;62.326
105;47.432;57.568
104;53.082;50.918
103;54.726;48.274
102;56.078;45.922
101;48.944;52.056
100;45.874;54.126
99;61.204;37.796
98;69.35;28.650000000000006
97;71.934;25.066000000000003
96;77.302;18.697999999999993
95;72.798;22.201999999999998
94;66.984;27.016000000000005
93;77.772;15.227999999999994
92;75.878;16.122
91;78.84;12.159999999999997
90;76.962;13.037999999999997
89;75.512;13.488
88;77.792;10.207999999999998
87;78.546;8.453999999999994
86;81.352;4.647999999999996
85;81.384;3.6159999999999997
84;80.268;3.7319999999999993
83;74.96;8.040000000000006
82;65.174;16.825999999999993
81;63.392;17.607999999999997
80;62.48;17.520000000000003
79;60.656;18.344
78;52.064;25.936
77;43.906;33.094
76;52.71;23.29
75;63.076;11.924
74;62.866;11.134
73;49.062;23.938000000000002
72;48.446;23.554000000000002
71;58.156;12.844000000000001
70;62.21;7.789999999999999
69;62.912;6.088000000000001
68;65.048;2.951999999999998
67;65.198;1.8020000000000067
66;65.36;0.6400000000000006
65;64.626;0.3739999999999952
64;63.506;0.4939999999999998
63;62.998;0.0020000000000024443
62;61.882;0.1180000000000021
61;61.014;-0.014000000000002899
60;59.98;0.020000000000003126
59;58.986;0.014000000000002899
58;57.986;0.014000000000002899
57;57.006;-0.006000000000000227
56;55.996;0.003999999999997783
55;55.022;-0.021999999999998465
54;54.012;-0.012000000000000455
53;53.012;-0.012000000000000455
52;51.998;0.0020000000000024443
51;51.0;0.0
50;50.0;0.0
49;49.0;0.0
48;48.0;0.0
47;47.0;0.0
46;46.0;0.0
45;45.0;0.0
44;44.0;0.0
43;43.0;0.0
42;42.0;0.0
41;41.0;0.0
40;40.0;0.0
39;39.0;0.0
38;38.0;0.0
37;37.0;0.0
36;36.0;0.0
35;35.0;0.0
34;34.0;0.0
33;33.0;0.0
32;32.0;0.0
31;31.0;0.0
30;30.0;0.0
29;29.0;0.0
28;28.0;0.0
27;27.0;0.0
26;26.0;0.0
25;25.0;0.0
24;24.0;0.0
23;23.0;0.0
22;22.0;0.0
21;21.0;0.0
20;20.0;0.0
19;19.0;0.0
18;18.0;0.0
17;17.0;0.0
16;16.0;0.0
15;15.0;0.0
14;14.0;0.0
13;13.0;0.0
12;12.0;0.0
11;11.0;0.0
10;10.0;0.0
9;9.0;0.0
8;8.0;0.0
7;7.0;0.0
6;6.0;0.0
5;5.0;0.0
4;4.0;0.0
3;3.0;0.0
2;2.0;0.0
1;1.0;0.0
0;0.0;0.0
98;82.658;15.341999999999999
97;84.41;12.590000000000003
96;83.018;12.982
95;74.158;20.842
94;79.644;14.355999999999995
93;80.156;12.843999999999994
92;82.342;9.658000000000001
91;79.802;11.197999999999993
90;80.198;9.802000000000007
89;78.726;10.274000000000001
88;77.37;10.629999999999995
87;76.79;10.209999999999994
86;80.754;5.245999999999995
85;74.154;10.846000000000004
84;73.044;10.956000000000003
83;80.988;2.0120000000000005
82;70.782;11.218000000000004
81;73.258;7.742000000000004
80;80.192;-0.19199999999999307
79;71.916;7.084000000000003
78;76.658;1.3419999999999987
77;69.098;7.902000000000001
76;73.922;2.078000000000003
75;67.408;7.591999999999999
74;70.804;3.195999999999998
73;67.558;5.441999999999993
72;68.316;3.6839999999999975
71;67.92;3.0799999999999983
70;67.274;2.725999999999999
69;65.87;3.1299999999999955
68;64.848;3.152000000000001
67;63.544;3.456000000000003
66;62.07;3.9299999999999997
65;60.88;4.119999999999997
64;59.516;4.484000000000002
63;58.614;4.386000000000003
62;58.174;3.8260000000000005
61;63.382;-2.381999999999998
60;51.786;8.213999999999999
59;54.156;4.844000000000001
58;56.442;1.5579999999999998
57;51.032;5.9680000000000035
56;55.952;0.04800000000000182
55;50.45;4.549999999999997
54;51.33;2.6700000000000017
53;50.634;2.3659999999999997
52;50.78;1.2199999999999989
51;47.15;3.8500000000000014
50;44.616;5.384
49;44.754;4.246000000000002
48;47.244;0.7560000000000002
47;45.154;1.8459999999999965
46;42.486;3.514000000000003
45;40.782;4.2180000000000035
44;38.096;5.9040000000000035
43;40.618;2.381999999999998
42;36.112;5.887999999999998
41;34.162;6.838000000000001
40;37.45;2.549999999999997
39;37.172;1.828000000000003
38;39.74;-1.740000000000002
37;36.454;0.5459999999999994
36;33.418;2.5820000000000007
35;34.85;0.14999999999999858
34;32.91;1.0900000000000034
33;31.39;1.6099999999999994
32;29.644;2.3560000000000016
31;30.524;0.4759999999999991
30;31.318;-1.3180000000000014
29;28.108;0.8919999999999995
28;27.308;0.6920000000000002
27;27.368;-0.36799999999999855
26;25.172;0.8279999999999994
25;23.904;1.096
24;23.506;0.4939999999999998
23;23.286;-0.28600000000000136
22;21.242;0.7579999999999991
21;20.586;0.4140000000000015
20;19.818;0.1819999999999986
19;19.788;-0.7880000000000003
18;17.544;0.4559999999999995
17;15.998;1.0020000000000007
16;15.018;0.9819999999999993
15;14.414;0.5860000000000003
14;13.154;0.8460000000000001
13;12.696;0.30400000000000027
12;12.058;-0.05799999999999983
11;9.772;1.2279999999999998
10;10.574;-0.5739999999999998
9;10.154;-1.154
8;9.934;-1.9339999999999993
7;8.518;-1.5180000000000007
6;8.582;-2.5820000000000007
5;8.256;-3.2560000000000002
4;8.738;-4.7379999999999995
3;7.614;-4.614
2;7.992;-5.992
1;7.866;-6.866
0;8.498;-8.498
99;94.812;4.188000000000002
98;95.238;2.7620000000000005
97;94.662;2.337999999999994
96;93.726;2.274000000000001
95;92.852;2.147999999999996
94;91.292;2.7079999999999984
93;91.086;1.9140000000000015
92;90.486;1.5139999999999958
91;89.288;1.7120000000000033
90;87.76;2.239999999999995
89;87.172;1.828000000000003
88;86.022;1.9779999999999944
87;85.352;1.6479999999999961
86;82.818;3.182000000000002
85;82.52;2.480000000000004
84;78.818;5.182000000000002
83;78.778;4.221999999999994
82;77.488;4.5120000000000005
81;77.524;3.475999999999999
80;75.852;4.147999999999996
79;75.016;3.9839999999999947
78;72.866;5.134
77;72.852;4.147999999999996
76;70.156;5.843999999999994
75;69.138;5.861999999999995
74;70.97;3.030000000000001
73;67.198;5.802000000000007
72;65.754;6.245999999999995
71;62.494;8.506
70;52.722;17.278
69;53.468;15.531999999999996
68;56.062;11.938000000000002
67;46.128;20.872
66;52.562;13.438000000000002
65;51.942;13.058
64;51.276;12.723999999999997
63;52.546;10.454
62;53.478;8.521999999999998
61;50.256;10.744
60;51.744;8.256
59;51.472;7.527999999999999
58;51.126;6.874000000000002
57;50.594;6.405999999999999
56;50.982;5.018000000000001
55;46.44;8.560000000000002
54;50.012;3.9879999999999995
53;48.038;4.962000000000003
52;46.826;5.1739999999999995
51;47.416;3.584000000000003
50;51.262;-1.2620000000000005
49;53.56;-4.560000000000002
48;44.846;3.1540000000000035
47;51.156;-4.155999999999999
46;42.148;3.8519999999999968
45;40.278;4.722000000000001
44;48.914;-4.9140000000000015
43;39.906;3.094000000000001
42;40.628;1.3719999999999999
41;37.552;3.4480000000000004
40;49.586;-9.585999999999999
39;38.856;0.14399999999999835
38;39.028;-1.0279999999999987
37;36.948;0.0519999999999996
36;35.018;0.9819999999999993
35;33.064;1.936
34;32.9;1.1000000000000014
33;46.156;-13.155999999999999
32;34.028;-2.0279999999999987
31;31.742;-0.7420000000000009
30;30.936;-0.9359999999999999
29;33.88;-4.880000000000003
28;29.06;-1.0599999999999987
27;26.976;0.02400000000000091
26;25.73;0.2699999999999996
25;24.78;0.21999999999999886
24;24.03;-0.030000000000001137
23;23.84;-0.8399999999999999
22;22.396;-0.3960000000000008
21;20.75;0.25
20;19.73;0.2699999999999996
19;19.714;-0.7139999999999986
18;18.852;-0.8520000000000003
17;17.788;-0.7880000000000003
16;15.612;0.3879999999999999
15;15.67;-0.6699999999999999
14;14.768;-0.7680000000000007
13;15.076;-2.0760000000000005
12;13.284;-1.2840000000000007
11;11.268;-0.2680000000000007
10;12.418;-2.4179999999999993
9;10.67;-1.67
8;10.118;-2.1180000000000003
7;10.488;-3.4879999999999995
6;9.666;-3.6660000000000004
5;9.744;-4.744
4;9.58;-5.58
3;10.016;-7.016
2;12.57;-10.57
1;16.77;-15.77
0;19.328;-19.328
99;73.918;25.081999999999994
98;87.744;10.256
97;92.3;4.700000000000003
96;93.924;2.0759999999999934
95;92.62;2.3799999999999955
94;91.46;2.5400000000000063
93;91.958;1.0420000000000016
92;90.274;1.725999999999999
91;89.786;1.2139999999999986
90;84.886;5.114000000000004
89;85.456;3.543999999999997
88;83.99;4.010000000000005
87;83.366;3.6340000000000003
86;82.758;3.2420000000000044
85;81.444;3.5559999999999974
84;80.448;3.5520000000000067
83;79.608;3.391999999999996
82;77.592;4.408000000000001
81;77.616;3.3840000000000003
80;76.97;3.030000000000001
79;77.05;1.9500000000000028
78;75.566;2.4339999999999975
77;74.438;2.5619999999999976
76;73.144;2.8559999999999945
75;71.274;3.725999999999999
74;68.492;5.507999999999996
73;66.99;6.010000000000005
72;66.042;5.957999999999998
71;61.138;9.862000000000002
70;60.494;9.506
69;57.676;11.323999999999998
68;68.68;-0.6800000000000068
67;65.282;1.7180000000000035
66;60.928;5.072000000000003
65;57.652;7.347999999999999
64;72.194;-8.194000000000003
63;61.742;1.2580000000000027
62;61.264;0.7359999999999971
61;56.122;4.878
60;56.666;3.334000000000003
59;57.346;1.6540000000000035
58;55.812;2.1880000000000024
57;51.078;5.921999999999997
56;51.652;4.347999999999999
55;55.554;-0.554000000000002
54;52.336;1.6640000000000015
53;52.716;0.2839999999999989
52;51.77;0.22999999999999687
51;53.068;-2.067999999999998
50;48.026;1.9739999999999966
49;51.518;-2.5180000000000007
48;46.826;1.1739999999999995
47;47.462;-0.4620000000000033
46;52.674;-6.6739999999999995
45;47.632;-2.631999999999998
44;46.822;-2.8220000000000027
43;47.88;-4.880000000000003
42;44.128;-2.128
41;46.842;-5.841999999999999
40;49.3;-9.299999999999997
39;42.478;-3.4780000000000015
38;40.372;-2.372
37;42.95;-5.950000000000003
36;39.822;-3.8220000000000027
35;38.82;-3.8200000000000003
34;37.676;-3.676000000000002
33;35.606;-2.6060000000000016
32;33.196;-1.195999999999998
31;33.806;-2.8059999999999974
30;33.5;-3.5
29;30.686;-1.686
28;32.48;-4.479999999999997
27;28.844;-1.8440000000000012
26;27.692;-1.6920000000000002
25;27.962;-2.9619999999999997
24;26.832;-2.8320000000000007
23;24.45;-1.4499999999999993
22;23.202;-1.2020000000000017
21;24.962;-3.9619999999999997
20;23.524;-3.524000000000001
19;21.312;-2.312000000000001
18;21.612;-3.6119999999999983
17;19.652;-2.652000000000001
16;16.628;-0.6280000000000001
15;16.756;-1.7560000000000002
14;15.572;-1.5719999999999992
13;13.734;-0.734
12;16.112;-4.111999999999998
11;16.916;-5.916
10;19.752;-9.751999999999999
9;19.156;-10.155999999999999
8;14.49;-6.49
7;11.538;-4.538
6;10.736;-4.736000000000001
5;9.172;-4.172000000000001
4;12.936;-8.936
3;18.068;-15.068000000000001
2;19.076;-17.076
1;22.954;-21.954
0;29.184;-29.184
99;70.564;28.436000000000007
98;88.1;9.900000000000006
97;97.138;-0.13800000000000523
96;95.796;0.20399999999999352
95;96.24;-1.2399999999999949
94;94.962;-0.9620000000000033
93;93.476;-0.4759999999999991
92;89.952;2.048000000000002
91;92.056;-1.0559999999999974
90;90.444;-0.4440000000000026
89;89.452;-0.4519999999999982
88;89.9;-1.9000000000000057
87;86.69;0.3100000000000023
86;85.646;0.3539999999999992
85;82.634;2.3659999999999997
84;84.094;-0.09399999999999409
83;81.87;1.1299999999999955
82;80.616;1.3840000000000003
81;78.362;2.6380000000000052
80;78.298;1.7019999999999982
79;78.344;0.6560000000000059
78;77.38;0.6200000000000045
77;78.322;-1.3220000000000027
76;73.79;2.2099999999999937
75;72.498;2.5019999999999953
74;69.53;4.469999999999999
73;70.996;2.004000000000005
72;62.166;9.834000000000003
71;66.024;4.975999999999999
70;66.482;3.5180000000000007
69;64.546;4.4539999999999935
68;57.982;10.018
67;59.444;7.555999999999997
66;59.672;6.328000000000003
65;60.374;4.625999999999998
64;57.85;6.149999999999999
63;58.716;4.283999999999999
62;58.89;3.1099999999999994
61;60.554;0.44599999999999795
60;60.092;-0.09199999999999875
59;60.054;-1.054000000000002
58;59.836;-1.8359999999999985
57;58.912;-1.911999999999999
56;59.056;-3.0559999999999974
55;58.408;-3.4080000000000013
54;55.46;-1.4600000000000009
53;54.876;-1.8759999999999977
52;55.198;-3.1980000000000004
51;53.05;-2.049999999999997
50;52.82;-2.8200000000000003
49;50.102;-1.1019999999999968
48;48.716;-0.7160000000000011
47;45.91;1.0900000000000034
46;45.506;0.4939999999999998
45;44.692;0.30799999999999983
44;46.746;-2.746000000000002
43;47.782;-4.7819999999999965
42;45.558;-3.558
41;43.124;-2.1240000000000023
40;39.892;0.10799999999999699
39;39.81;-0.8100000000000023
38;40.378;-2.378
37;39.878;-2.878
36;35.872;0.1280000000000001
35;36.408;-1.4080000000000013
34;34.648;-0.6480000000000032
33;34.674;-1.6739999999999995
32;32.884;-0.8840000000000003
31;32.272;-1.2719999999999985
30;30.138;-0.13800000000000168
29;30.466;-1.466000000000001
28;33.724;-5.723999999999997
27;29.108;-2.1080000000000005
26;29.278;-3.2779999999999987
25;26.458;-1.4579999999999984
24;25.402;-1.402000000000001
23;23.882;-0.8820000000000014
22;22.636;-0.6359999999999992
21;19.756;1.2439999999999998
20;22.15;-2.1499999999999986
19;21.458;-2.4579999999999984
18;19.534;-1.533999999999999
17;18.982;-1.9819999999999993
16;16.77;-0.7699999999999996
15;17.24;-2.2399999999999984
14;14.496;-0.49600000000000044
13;14.13;-1.1300000000000008
12;12.394;-0.39400000000000013
11;11.708;-0.7080000000000002
10;12.282;-2.282
9;10.044;-1.0440000000000005
8;9.234;-1.234
7;10.128;-3.128
6;10.822;-4.821999999999999
5;11.09;-6.09
4;17.77;-13.77
3;16.302;-13.302
2;16.56;-14.559999999999999
1;28.62;-27.62
0;30.36;-30.36
71;49.472;21.528
70;57.972;12.027999999999999
69;61.528;7.472000000000001
68;56.59;11.409999999999997
67;58.254;8.746000000000002
66;63.256;2.7439999999999998
65;61.816;3.1839999999999975
64;59.846;4.1540000000000035
63;60.776;2.2239999999999966
62;61.288;0.7120000000000033
61;59.652;1.347999999999999
60;59.732;0.2680000000000007
59;58.44;0.5600000000000023
58;58.366;-0.36599999999999966
57;57.226;-0.2259999999999991
56;56.242;-0.24199999999999733
55;55.004;-0.003999999999997783
54;54.03;-0.030000000000001137
53;53.01;-0.00999999999999801
52;52.002;-0.0020000000000024443
51;51.0;0.0
50;49.994;0.006000000000000227
49;49.002;-0.0020000000000024443
48;48.03;-0.030000000000001137
47;47.004;-0.003999999999997783
46;45.932;0.06799999999999784
45;45.0;0.0
44;44.004;-0.003999999999997783
43;43.0;0.0
42;41.998;0.0020000000000024443
41;41.002;-0.0020000000000024443
40;40.0;0.0
39;39.0;0.0
38;38.0;0.0
37;37.0;0.0
36;36.0;0.0
35;35.0;0.0
34;34.0;0.0
33;33.0;0.0
32;32.0;0.0
31;31.0;0.0
30;30.0;0.0
29;29.0;0.0
28;28.0;0.0
27;27.0;0.0
26;26.0;0.0
25;25.0;0.0
24;24.0;0.0
23;23.0;0.0
22;22.0;0.0
21;21.0;0.0
20;20.0;0.0
19;19.0;0.0
18;18.0;0.0
17;17.0;0.0
16;16.0;0.0
15;15.0;0.0
14;14.0;0.0
13;13.0;0.0
12;12.0;0.0
11;11.0;0.0
10;10.0;0.0
9;9.0;0.0
8;8.0;0.0
7;7.0;0.0
6;6.0;0.0
5;5.0;0.0
4;4.0;0.0
3;3.0;0.0
2;2.0;0.0
1;1.0;0.0
0;0.0;0.0
26;68.582;-42.581999999999994
25;70.198;-45.19799999999999
24;68.646;-44.646
23;69.5;-46.5
22;60.136;-38.136
21;49.126;-28.125999999999998
20;45.154;-25.154000000000003
19;38.572;-19.572000000000003
18;39.936;-21.936
17;38.398;-21.398000000000003
16;38.95;-22.950000000000003
15;30.272;-15.271999999999998
14;20.458;-6.457999999999998
13;17.27;-4.27
12;17.858;-5.8580000000000005
11;18.304;-7.3039999999999985
10;14.038;-4.038
9;11.486;-2.4860000000000007
8;10.832;-2.8320000000000007
7;7.614;-0.6139999999999999
6;7.518;-1.5179999999999998
5;6.366;-1.3659999999999997
4;6.242;-2.242
3;6.32;-3.3200000000000003
2;6.668;-4.668
1;6.756;-5.756
0;10.488;-10.488
55;47.922;7.078000000000003
54;50.054;3.945999999999998
53;50.07;2.9299999999999997
52;50.288;1.7120000000000033
51;50.808;0.19200000000000017
50;50.022;-0.021999999999998465
49;48.32;0.6799999999999997
48;50.948;-2.9480000000000004
47;50.75;-3.75
46;49.644;-3.6439999999999984
45;46.586;-1.5859999999999985
44;45.9;-1.8999999999999986
43;46.21;-3.210000000000001
42;45.408;-3.4080000000000013
41;44.974;-3.9739999999999966
40;44.332;-4.332000000000001
39;43.832;-4.832000000000001
38;45.22;-7.219999999999999
37;42.228;-5.2280000000000015
36;44.194;-8.194000000000003
35;40.422;-5.421999999999997
34;39.036;-5.036000000000001
33;39.068;-6.067999999999998
32;35.24;-3.240000000000002
31;33.634;-2.6340000000000003
30;30.978;-0.9780000000000015
29;30.928;-1.9280000000000008
28;30.708;-2.7079999999999984
27;28.07;-1.0700000000000003
26;18.162;7.838000000000001
25;16.804;8.196000000000002
24;15.446;8.554
23;14.324;8.676
22;13.486;8.514
21;12.576;8.424
20;12.43;7.57
19;11.356;7.644
18;9.95;8.05
17;9.0;8.0
16;8.966;7.034000000000001
15;7.802;7.198
14;6.748;7.252
13;6.764;6.236
12;6.178;5.822
11;6.536;4.464
10;5.48;4.52
9;6.308;2.692
8;5.73;2.2699999999999996
7;4.564;2.436
6;3.964;2.036
5;4.218;0.782
4;4.556;-0.556
3;5.7;-2.7
2;5.946;-3.9459999999999997
1;6.394;-5.394
0;5.734;-5.734
55;33.556;21.444000000000003
54;53.758;0.24199999999999733
53;46.262;6.7379999999999995
52;41.998;10.002000000000002
51;43.388;7.612000000000002
50;53.818;-3.817999999999998
49;55.02;-6.020000000000003
48;57.852;-9.851999999999997
47;59.748;-12.747999999999998
46;56.008;-10.008000000000003
45;57.42;-12.420000000000002
44;56.458;-12.457999999999998
43;54.29;-11.29
42;56.694;-14.694000000000003
41;64.198;-23.197999999999993
40;59.236;-19.235999999999997
39;56.126;-17.125999999999998
38;58.092;-20.092
37;50.678;-13.677999999999997
36;54.786;-18.786
35;49.894;-14.893999999999998
34;54.832;-20.832
33;46.908;-13.908000000000001
32;46.002;-14.002000000000002
31;46.11;-15.11
30;43.864;-13.863999999999997
29;37.966;-8.966000000000001
28;39.052;-11.052
27;45.844;-18.844
26;60.824;-34.824
25;59.36;-34.36
24;51.38;-27.380000000000003
23;49.302;-26.302
22;53.658;-31.658
21;47.28;-26.28
20;42.398;-22.398000000000003
19;38.004;-19.003999999999998
18;41.086;-23.086
17;33.806;-16.805999999999997
16;36.424;-20.424
15;21.734;-6.734000000000002
14;27.664;-13.664000000000001
13;18.39;-5.390000000000001
12;18.766;-6.765999999999998
11;15.186;-4.186
10;14.378;-4.378
9;9.504;-0.5039999999999996
8;8.572;-0.5719999999999992
7;9.058;-2.058
6;5.524;0.476
5;5.47;-0.46999999999999975
4;5.556;-1.556
3;6.53;-3.5300000000000002
2;7.312;-5.312
1;7.552;-6.552
0;8.678;-8.678
55;34.988;20.012
54;50.574;3.426000000000002
53;39.184;13.816000000000003
52;41.794;10.206000000000003
51;49.588;1.411999999999999
50;60.182;-10.182000000000002
49;47.856;1.1439999999999984
48;51.99;-3.990000000000002
47;51.554;-4.554000000000002
46;47.504;-1.5039999999999978
45;47.618;-2.618000000000002
44;54.672;-10.671999999999997
43;52.474;-9.473999999999997
42;44.224;-2.2239999999999966
41;47.216;-6.216000000000001
40;48.01;-8.009999999999998
39;44.978;-5.9780000000000015
38;41.99;-3.990000000000002
37;43.762;-6.7620000000000005
36;49.084;-13.084000000000003
35;47.41;-12.409999999999997
34;34.396;-0.3960000000000008
33;57.476;-24.476
32;39.004;-7.003999999999998
31;42.554;-11.554000000000002
30;41.196;-11.195999999999998
29;54.454;-25.454
28;73.106;-45.105999999999995
27;45.87;-18.869999999999997
26;22.622;3.378
25;22.438;2.562000000000001
24;26.77;-2.7699999999999996
23;32.642;-9.642000000000003
22;35.386;-13.386000000000003
21;28.052;-7.052
20;19.292;0.7079999999999984
19;14.568;4.432
18;16.442;1.5579999999999998
17;15.624;1.3759999999999994
16;13.852;2.1479999999999997
15;14.57;0.4299999999999997
14;12.948;1.0519999999999996
13;15.504;-2.5039999999999996
12;14.578;-2.5779999999999994
11;15.234;-4.234
10;15.808;-5.808
9;23.9;-14.899999999999999
8;34.976;-26.976
7;69.7;-62.7
6;96.714;-90.714
5;111.92;-106.92
4;160.942;-156.942
3;190.304;-187.304
2;212.55;-210.55
1;223.566;-222.566
0;263.344;-263.344
275;240.126;34.873999999999995
274;204.112;69.888
273;204.498;68.50200000000001
272;165.99;106.00999999999999
271;144.232;126.768
270;147.484;122.51599999999999
269;158.25;110.75
268;162.214;105.786
267;185.198;81.80199999999999
266;149.956;116.04400000000001
265;175.884;89.11600000000001
264;152.278;111.72200000000001
263;161.2;101.80000000000001
262;166.212;95.78800000000001
261;169.022;91.97800000000001
260;190.808;69.19200000000001
259;174.658;84.34200000000001
258;180.602;77.398
257;200.018;56.982
256;173.726;82.274
255;205.31;49.69
254;211.472;42.52799999999999
253;220.938;32.06200000000001
252;216.416;35.584
251;221.424;29.575999999999993
250;219.164;30.836000000000013
249;210.71;38.28999999999999
248;211.124;36.876000000000005
247;206.88;40.120000000000005
246;66.316;179.684
245;64.16;180.84
244;61.422;182.578
243;61.974;181.026
242;71.374;170.626
241;82.754;158.24599999999998
240;58.106;181.894
239;78.908;160.09199999999998
238;90.092;147.90800000000002
237;116.588;120.412
236;162.008;73.99199999999999
235;158.738;76.262
234;167.898;66.102
233;178.268;54.732
232;206.536;25.464
231;219.274;11.725999999999999
230;221.698;8.301999999999992
229;224.628;4.372000000000014
228;226.04;1.960000000000008
227;226.41;0.5900000000000034
226;227.806;-1.8060000000000116
225;224.89;0.11000000000001364
224;224.284;-0.2839999999999918
223;220.9;2.0999999999999943
222;214.658;7.342000000000013
221;216.322;4.677999999999997
220;217.658;2.342000000000013
219;213.89;5.110000000000014
218;214.604;3.3959999999999866
217;216.228;0.7719999999999914
216;209.948;6.0519999999999925
215;206.476;8.524000000000001
214;210.424;3.5759999999999934
213;205.996;7.003999999999991
212;203.974;8.02600000000001
211;197.208;13.792000000000002
210;173.612;36.388000000000005
209;174.24;34.75999999999999
208;171.372;36.627999999999986
207;177.804;29.195999999999998
206;176.806;29.19399999999999
205;186.566;18.433999999999997
204;183.82;20.180000000000007
203;180.722;22.27799999999999
202;172.972;29.02799999999999
201;145.928;55.072
200;110.472;89.528
199;158.014;40.98599999999999
198;117.656;80.344
197;111.452;85.548
196;80.924;115.076
195;68.558;126.442
194;68.716;125.284
193;74.958;118.042
192;67.638;124.362
191;52.662;138.338
190;56.53;133.47
189;53.32;135.68
188;55.128;132.872
187;65.956;121.044
186;59.344;126.656
185;77.224;107.776
184;82.692;101.308
183;88.34;94.66
182;116.63;65.37
181;119.628;61.372
180;115.956;64.044
179;114.622;64.378
178;137.622;40.377999999999986
177;148.67;28.330000000000013
176;158.106;17.894000000000005
175;161.47;13.530000000000001
174;161.798;12.201999999999998
173;163.214;9.786000000000001
172;167.032;4.967999999999989
171;166.162;4.837999999999994
170;166.89;3.1100000000000136
169;165.754;3.2460000000000093
168;165.454;2.5459999999999923
167;163.936;3.063999999999993
166;161.836;4.163999999999987
165;161.554;3.445999999999998
164;162.638;1.3619999999999948
163;160.836;2.1639999999999873
162;161.268;0.7319999999999993
161;159.542;1.4579999999999984
160;158.928;1.0720000000000027
159;158.53;0.46999999999999886
158;158.166;-0.16599999999999682
157;155.862;1.1380000000000052
156;156.062;-0.06200000000001182
155;154.72;0.28000000000000114
154;153.718;0.2820000000000107
153;153.01;-0.009999999999990905
152;152.016;-0.015999999999991132
151;151.002;-0.0020000000000095497
150;150.002;-0.0020000000000095497
149;149.0;0.0
148;148.002;-0.0020000000000095497
147;147.002;-0.0020000000000095497
146;146.002;-0.0020000000000095497
145;145.004;-0.003999999999990678
144;144.002;-0.0020000000000095497
143;143.0;0.0
142;142.0;0.0
141;141.0;0.0
140;139.998;0.0020000000000095497
139;139.0;0.0
138;138.0;0.0
137;137.0;0.0
136;136.0;0.0
135;135.0;0.0
134;134.0;0.0
133;133.0;0.0
132;132.0;0.0
131;131.004;-0.003999999999990678
130;130.0;0.0
129;129.0;0.0
128;128.0;0.0
127;127.0;0.0
126;126.002;-0.001999999999995339
125;125.0;0.0
124;123.998;0.001999999999995339
123;123.0;0.0
122;122.0;0.0
121;120.998;0.001999999999995339
120;120.0;0.0
119;119.002;-0.001999999999995339
118;118.0;0.0
117;117.0;0.0
116;116.002;-0.001999999999995339
115;115.0;0.0
114;113.998;0.001999999999995339
113;113.004;-0.0040000000000048885
112;111.772;0.22799999999999443
111;110.778;0.2219999999999942
110;109.996;0.0040000000000048885
109;109.0;0.0
108;108.01;-0.010000000000005116
107;107.0;0.0
106;106.0;0.0
105;105.0;0.0
104;104.004;-0.0040000000000048885
103;103.0;0.0
102;102.0;0.0
101;101.0;0.0
100;100.002;-0.001999999999995339
99;99.0;0.0
98;98.0;0.0
97;97.0;0.0
96;95.808;0.19199999999999307
95;95.0;0.0
94;94.002;-0.001999999999995339
93;93.0;0.0
92;92.002;-0.001999999999995339
91;91.0;0.0
90;90.002;-0.001999999999995339
89;89.002;-0.001999999999995339
88;88.0;0.0
87;87.0;0.0
86;86.0;0.0
85;85.0;0.0
84;84.0;0.0
83;83.0;0.0
82;82.0;0.0
81;81.0;0.0
80;80.0;0.0
79;79.0;0.0
78;78.0;0.0
77;77.0;0.0
76;76.0;0.0
75;75.0;0.0
74;74.0;0.0
73;73.0;0.0
72;72.0;0.0
71;71.0;0.0
70;70.0;0.0
69;69.0;0.0
68;68.0;0.0
67;67.0;0.0
66;66.0;0.0
65;65.0;0.0
64;64.0;0.0
63;63.0;0.0
62;62.0;0.0
61;61.0;0.0
60;60.0;0.0
59;59.0;0.0
58;58.0;0.0
57;57.0;0.0
56;56.0;0.0
55;55.0;0.0
54;54.0;0.0
53;53.0;0.0
52;52.0;0.0
51;51.0;0.0
50;50.0;0.0
49;49.0;0.0
48;48.0;0.0
47;47.0;0.0
46;46.0;0.0
45;45.0;0.0
44;44.0;0.0
43;43.0;0.0
42;42.0;0.0
41;41.0;0.0
40;40.0;0.0
39;39.0;0.0
38;38.0;0.0
37;37.0;0.0
36;36.0;0.0
35;35.0;0.0
34;34.0;0.0
33;33.0;0.0
32;32.0;0.0
31;31.0;0.0
30;30.0;0.0
29;29.0;0.0
28;28.0;0.0
27;27.0;0.0
26;26.0;0.0
25;25.0;0.0
24;24.0;0.0
23;23.0;0.0
22;22.0;0.0
21;21.0;0.0
20;20.0;0.0
19;19.0;0.0
18;18.0;0.0
17;17.0;0.0
16;16.0;0.0
15;15.0;0.0
14;14.0;0.0
13;13.0;0.0
12;12.0;0.0
11;11.0;0.0
10;10.0;0.0
9;9.0;0.0
8;8.0;0.0
7;7.0;0.0
6;6.0;0.0
5;5.0;0.0
4;4.0;0.0
3;3.0;0.0
2;2.0;0.0
1;1.0;0.0
0;0.0;0.0
64;68.558;-4.558000000000007
63;73.002;-10.001999999999995
62;69.174;-7.174000000000007
61;67.776;-6.775999999999996
60;68.346;-8.346000000000004
59;66.794;-7.793999999999997
58;67.784;-9.784000000000006
57;64.966;-7.965999999999994
56;68.024;-12.024000000000001
55;65.514;-10.513999999999996
54;62.674;-8.674
53;62.086;-9.085999999999999
52;63.438;-11.438000000000002
51;60.482;-9.482
50;60.126;-10.125999999999998
49;62.45;-13.450000000000003
48;62.318;-14.317999999999998
47;62.296;-15.296
46;61.414;-15.414000000000001
45;60.57;-15.57
44;59.548;-15.548000000000002
43;58.618;-15.618000000000002
42;55.942;-13.942
41;56.02;-15.020000000000003
40;52.854;-12.854
39;52.786;-13.786000000000001
38;49.302;-11.302
37;49.214;-12.213999999999999
36;41.078;-5.078000000000003
35;43.976;-8.975999999999999
34;43.842;-9.841999999999999
33;39.784;-6.783999999999999
32;42.266;-10.265999999999998
31;38.418;-7.417999999999999
30;33.166;-3.165999999999997
29;35.48;-6.479999999999997
28;26.272;1.7280000000000015
27;28.674;-1.6739999999999995
26;27.906;-1.9059999999999988
25;20.794;4.2059999999999995
24;27.568;-3.5680000000000014
23;23.62;-0.620000000000001
22;21.866;0.13400000000000034
21;19.71;1.2899999999999991
20;20.6;-0.6000000000000014
19;17.836;1.1640000000000015
18;20.972;-2.9720000000000013
17;17.322;-0.3219999999999992
16;14.228;1.7720000000000002
15;14.45;0.5500000000000007
14;14.398;-0.3979999999999997
13;13.234;-0.23399999999999999
12;12.344;-0.3439999999999994
11;10.756;0.24399999999999977
10;8.71;1.2899999999999991
9;8.128;0.8719999999999999
8;7.11;0.8899999999999997
7;6.616;0.38400000000000034
6;6.168;-0.16800000000000015
5;6.02;-1.0199999999999996
4;5.186;-1.186
3;5.63;-2.63
2;5.606;-3.606
1;5.396;-4.396
0;5.504;-5.504
93;91.764;1.2360000000000042
92;90.636;1.3640000000000043
91;90.18;0.8199999999999932
90;90.306;-0.3059999999999974
89;91.132;-2.132000000000005
88;88.488;-0.48799999999999955
87;87.6;-0.5999999999999943
86;88.07;-2.069999999999993
85;85.264;-0.2639999999999958
84;84.464;-0.46399999999999864
83;83.208;-0.2079999999999984
82;82.456;-0.45600000000000307
81;81.89;-0.8900000000000006
80;81.6;-1.5999999999999943
79;79.702;-0.7019999999999982
78;77.812;0.1880000000000024
77;75.474;1.5259999999999962
76;75.018;0.9819999999999993
75;75.552;-0.5520000000000067
74;73.662;0.33799999999999386
73;73.262;-0.26200000000000045
72;72.078;-0.07800000000000296
71;70.65;0.3499999999999943
70;69.376;0.6239999999999952
69;67.912;1.0879999999999939
68;68.944;-0.9440000000000026
67;68.71;-1.7099999999999937
66;69.388;-3.3880000000000052
65;63.412;1.588000000000001
64;61.308;2.692
63;59.84;3.1599999999999966
62;60.884;1.1159999999999997
61;62.994;-1.9939999999999998
60;59.668;0.33200000000000074
59;56.662;2.338000000000001
58;54.844;3.155999999999999
57;59.772;-2.7719999999999985
56;51.13;4.869999999999997
55;55.22;-0.21999999999999886
54;52.322;1.6779999999999973
53;50.014;2.985999999999997
52;56.68;-4.68
51;54.704;-3.7040000000000006
50;51.274;-1.274000000000001
49;52.318;-3.317999999999998
48;53.144;-5.143999999999998
47;47.254;-0.2539999999999978
46;49.674;-3.6739999999999995
45;52.95;-7.950000000000003
44;50.3;-6.299999999999997
43;42.502;0.49799999999999756
42;46.086;-4.0859999999999985
41;44.674;-3.6739999999999995
40;39.272;0.7280000000000015
39;43.562;-4.561999999999998
38;47.228;-9.228000000000002
37;41.596;-4.5959999999999965
36;48.666;-12.665999999999997
35;42.95;-7.950000000000003
34;33.874;0.12599999999999767
33;31.198;1.8019999999999996
32;31.916;0.08399999999999963
31;36.326;-5.3260000000000005
30;29.666;0.33399999999999963
29;27.492;1.5079999999999991
28;19.052;8.948
27;29.272;-2.2719999999999985
26;23.104;2.896000000000001
25;32.076;-7.0760000000000005
24;23.314;0.6859999999999999
23;13.992;9.008
22;19.116;2.8840000000000003
21;19.43;1.5700000000000003
20;11.152;8.848
19;12.018;6.981999999999999
18;17.08;0.9200000000000017
17;15.7;1.3000000000000007
16;11.87;4.130000000000001
15;9.71;5.289999999999999
14;9.154;4.846
13;8.148;4.852
12;9.856;2.144
11;10.474;0.5259999999999998
10;8.042;1.9580000000000002
9;6.834;2.1660000000000004
8;7.02;0.9800000000000004
7;6.244;0.7560000000000002
6;5.898;0.10200000000000031
5;8.226;-3.226000000000001
4;6.274;-2.274
3;6.628;-3.628
2;7.914;-5.914
1;5.92;-4.92
0;4.334;-4.334
93;88.124;4.876000000000005
92;88.198;3.8020000000000067
91;89.292;1.7079999999999984
90;87.35;2.6500000000000057
89;88.284;0.715999999999994
88;87.84;0.1599999999999966
87;86.602;0.39799999999999613
86;82.382;3.617999999999995
85;87.106;-2.1059999999999945
84;85.754;-1.7540000000000049
83;83.39;-0.39000000000000057
82;84.49;-2.489999999999995
81;83.796;-2.7960000000000065
80;82.822;-2.8220000000000027
79;81.688;-2.6880000000000024
78;80.684;-2.6839999999999975
77;79.464;-2.4639999999999986
76;78.178;-2.1779999999999973
75;76.42;-1.4200000000000017
74;75.544;-1.543999999999997
73;74.608;-1.608000000000004
72;73.598;-1.597999999999999
71;72.994;-1.9939999999999998
70;72.018;-2.0180000000000007
69;71.374;-2.3739999999999952
68;70.026;-2.0259999999999962
67;69.906;-2.906000000000006
66;67.58;-1.5799999999999983
65;65.03;-0.030000000000001137
64;24.438;39.562
63;25.482;37.518
62;33.744;28.256
61;26.012;34.988
60;28.866;31.134
59;31.582;27.418
58;40.848;17.152
57;35.06;21.939999999999998
56;42.558;13.442
55;48.74;6.259999999999998
54;49.064;4.936
53;47.226;5.774000000000001
52;54.574;-2.573999999999998
51;56.436;-5.436
50;64.436;-14.436000000000007
49;57.598;-8.597999999999999
48;54.774;-6.774000000000001
47;55.816;-8.816000000000003
46;56.864;-10.863999999999997
45;56.412;-11.411999999999999
44;55.784;-11.783999999999999
43;58.404;-15.404000000000003
42;51.316;-9.316000000000003
41;52.512;-11.512
40;52.284;-12.283999999999999
39;51.206;-12.206000000000003
38;49.316;-11.316000000000003
37;53.442;-16.442
36;51.308;-15.308
35;53.658;-18.658
34;47.588;-13.588000000000001
33;47.738;-14.738
32;40.546;-8.546
31;35.978;-4.9780000000000015
30;37.664;-7.6640000000000015
29;42.932;-13.932000000000002
28;33.82;-5.82
27;34.026;-7.026000000000003
26;34.046;-8.046
25;39.614;-14.613999999999997
24;51.648;-27.648000000000003
23;87.922;-64.922
22;88.83;-66.83
21;94.894;-73.894
20;82.712;-62.712
19;69.782;-50.782
18;56.72;-38.72
17;55.494;-38.494
16;63.356;-47.356
15;44.08;-29.08
14;47.13;-33.13
13;60.112;-47.112
12;59.412;-47.412
11;69.57;-58.56999999999999
10;69.598;-59.598
9;69.84;-60.84
8;74.83;-66.83
7;65.888;-58.888000000000005
6;76.63;-70.63
5;84.628;-79.628
4;91.558;-87.558
3;99.344;-96.344
2;96.724;-94.724
1;98.602;-97.602
0;109.218;-109.218
93;95.874;-2.8739999999999952
92;90.488;1.5120000000000005
91;89.646;1.3539999999999992
90;88.44;1.5600000000000023
89;87.454;1.5460000000000065
88;86.276;1.7240000000000038
87;85.358;1.641999999999996
86;84.566;1.4339999999999975
85;83.716;1.284000000000006
84;82.53;1.4699999999999989
83;81.6;1.4000000000000057
82;80.9;1.0999999999999943
81;80.65;0.3499999999999943
80;79.624;0.3760000000000048
79;78.226;0.7740000000000009
78;77.468;0.5319999999999965
77;76.748;0.25199999999999534
76;75.32;0.6800000000000068
75;74.32;0.6800000000000068
74;73.524;0.4759999999999991
73;71.956;1.043999999999997
72;70.782;1.2180000000000035
71;69.986;1.0139999999999958
70;68.776;1.2240000000000038
69;68.164;0.8359999999999985
68;67.208;0.7920000000000016
67;64.88;2.1200000000000045
66;61.668;4.332000000000001
65;56.47;8.530000000000001
64;29.736;34.263999999999996
63;29.488;33.512
62;31.596;30.404
61;27.568;33.432
60;26.942;33.058
59;27.796;31.204
58;29.246;28.754
57;30.094;26.906
56;38.85;17.15
55;28.556;26.444
54;47.886;6.113999999999997
53;48.26;4.740000000000002
52;47.958;4.042000000000002
51;57.664;-6.6640000000000015
50;53.834;-3.834000000000003
49;64.554;-15.554000000000002
48;58.678;-10.677999999999997
47;55.252;-8.252000000000002
46;54.394;-8.393999999999998
45;54.718;-9.718000000000004
44;61.43;-17.43
43;58.182;-15.182000000000002
42;57.626;-15.625999999999998
41;56.478;-15.478000000000002
40;55.766;-15.765999999999998
39;57.998;-18.997999999999998
38;49.274;-11.274000000000001
37;45.172;-8.171999999999997
36;52.34;-16.340000000000003
35;44.298;-9.298000000000002
34;47.966;-13.966000000000001
33;52.722;-19.722
32;41.38;-9.380000000000003
31;46.988;-15.988
30;40.21;-10.21
29;45.618;-16.618000000000002
28;42.474;-14.473999999999997
27;55.542;-28.542
26;53.392;-27.392000000000003
25;74.514;-49.513999999999996
24;64.126;-40.126000000000005
23;71.256;-48.256
22;87.346;-65.346
21;75.796;-54.79600000000001
20;73.36;-53.36
19;81.94;-62.94
18;68.804;-50.804
17;78.12;-61.120000000000005
16;80.926;-64.926
15;87.024;-72.024
14;83.238;-69.238
13;84.95;-71.95
12;78.264;-66.264
11;84.38;-73.38
10;75.662;-65.662
9;70.196;-61.196
8;78.742;-70.742
7;74.56;-67.56
6;92.388;-86.388
5;105.974;-100.974
4;100.79;-96.79
3;105.446;-102.446
2;109.374;-107.374
1;115.188;-114.188
0;108.224;-108.224
123;108.528;14.471999999999994
122;111.83;10.170000000000002
121;112.614;8.385999999999996
120;112.422;7.578000000000003
119;112.768;6.231999999999999
118;111.63;6.3700000000000045
117;110.956;6.043999999999997
116;112.736;3.263999999999996
115;113.42;1.5799999999999983
114;111.036;2.9639999999999986
113;108.912;4.087999999999994
112;109.602;2.397999999999996
111;110.502;0.49800000000000466
110;109.948;0.05200000000000671
109;109.04;-0.04000000000000625
108;107.822;0.17799999999999727
107;106.546;0.4539999999999935
106;105.584;0.4159999999999968
105;104.846;0.15399999999999636
104;103.692;0.30800000000000693
103;102.948;0.05200000000000671
102;101.61;0.39000000000000057
101;100.022;0.9779999999999944
100;98.808;1.191999999999993
99;96.292;2.7079999999999984
98;92.69;5.310000000000002
97;86.268;10.732
96;82.71;13.290000000000006
95;73.946;21.054000000000002
94;56.212;37.788
93;55.122;37.878
92;51.164;40.836
91;45.702;45.298
90;50.934;39.066
89;40.784;48.216
88;44.784;43.216
87;43.114;43.886
86;36.802;49.198
85;38.326;46.674
84;39.942;44.058
83;31.884;51.116
82;39.482;42.518
81;44.01;36.99
80;51.796;28.204
79;59.448;19.552
78;71.272;6.727999999999994
77;70.118;6.882000000000005
76;74.106;1.8940000000000055
75;71.652;3.347999999999999
74;71.248;2.7519999999999953
73;71.066;1.9339999999999975
72;68.566;3.4339999999999975
71;69.792;1.2079999999999984
70;67.666;2.334000000000003
69;67.46;1.5400000000000063
68;66.366;1.6340000000000003
67;66.12;0.8799999999999955
66;65.236;0.7639999999999958
65;64.762;0.23799999999999955
64;63.65;0.3500000000000014
63;62.022;0.9780000000000015
62;61.088;0.911999999999999
61;60.618;0.3819999999999979
60;59.296;0.7040000000000006
59;58.016;0.9840000000000018
58;57.448;0.5519999999999996
57;56.462;0.5379999999999967
56;56.5;-0.5
55;54.874;0.12599999999999767
54;54.086;-0.08599999999999852
53;52.904;0.09599999999999653
52;52.034;-0.03399999999999892
51;50.974;0.026000000000003354
50;49.916;0.08400000000000318
49;49.032;-0.031999999999996476
48;48.026;-0.026000000000003354
47;47.004;-0.003999999999997783
46;46.01;-0.00999999999999801
45;45.002;-0.0020000000000024443
44;44.0;0.0
43;43.0;0.0
42;42.0;0.0
41;41.0;0.0
40;40.0;0.0
39;39.0;0.0
38;38.0;0.0
37;37.0;0.0
36;36.0;0.0
35;35.0;0.0
34;34.0;0.0
33;33.0;0.0
32;32.0;0.0
31;31.0;0.0
30;30.0;0.0
29;29.0;0.0
28;28.0;0.0
27;27.0;0.0
26;26.0;0.0
25;25.0;0.0
24;24.0;0.0
23;23.0;0.0
22;22.0;0.0
21;21.0;0.0
20;20.0;0.0
19;19.0;0.0
18;18.0;0.0
17;17.0;0.0
16;16.0;0.0
15;15.0;0.0
14;14.0;0.0
13;13.0;0.0
12;12.0;0.0
11;11.0;0.0
10;10.0;0.0
9;9.0;0.0
8;8.0;0.0
7;7.0;0.0
6;6.0;0.0
5;5.0;0.0
4;4.0;0.0
3;3.0;0.0
2;2.0;0.0
1;1.0;0.0
0;0.0;0.0
34;48.656;-14.655999999999999
33;47.506;-14.506
32;50.5;-18.5
31;48.95;-17.950000000000003
30;48.17;-18.17
29;47.296;-18.296
28;44.842;-16.842
27;47.536;-20.536
26;47.698;-21.698
25;42.942;-17.942
24;42.956;-18.956000000000003
23;47.124;-24.124000000000002
22;31.804;-9.803999999999998
21;42.466;-21.466
20;37.95;-17.950000000000003
19;26.37;-7.370000000000001
18;24.836;-6.8359999999999985
17;23.79;-6.789999999999999
16;23.458;-7.457999999999998
15;24.468;-9.468
14;23.502;-9.501999999999999
13;22.83;-9.829999999999998
12;20.396;-8.396
11;20.782;-9.782
10;10.208;-0.20800000000000018
9;8.304;0.6959999999999997
8;12.574;-4.574
7;10.94;-3.9399999999999995
6;11.162;-5.162000000000001
5;7.232;-2.232
4;3.936;0.06400000000000006
3;5.84;-2.84
2;6.444;-4.444
1;6.298;-5.298
0;6.308;-6.308
63;59.37;3.6300000000000026
62;59.368;2.631999999999998
61;59.236;1.764000000000003
60;59.51;0.490000000000002
59;58.538;0.4620000000000033
58;57.992;0.008000000000002672
57;56.888;0.11200000000000188
56;55.524;0.4759999999999991
55;54.804;0.19599999999999795
54;55.784;-1.783999999999999
53;53.772;-0.7719999999999985
52;52.854;-0.8539999999999992
51;53.154;-2.1540000000000035
50;50.794;-0.7939999999999969
49;49.324;-0.32399999999999807
48;48.542;-0.5420000000000016
47;47.56;-0.5600000000000023
46;45.948;0.0519999999999996
45;45.804;-0.804000000000002
44;45.538;-1.5379999999999967
43;43.774;-0.7740000000000009
42;42.444;-0.4440000000000026
41;41.664;-0.6640000000000015
40;40.626;-0.6259999999999977
39;40.242;-1.2419999999999973
38;38.598;-0.597999999999999
37;38.51;-1.509999999999998
36;37.518;-1.5180000000000007
35;35.124;-0.12400000000000233
34;22.988;11.012
33;24.042;8.957999999999998
32;22.874;9.126000000000001
31;21.15;9.850000000000001
30;17.722;12.277999999999999
29;19.622;9.378
28;16.178;11.822
27;16.982;10.018
26;13.822;12.178
25;16.08;8.920000000000002
24;17.156;6.844000000000001
23;17.036;5.963999999999999
22;15.388;6.612
21;16.198;4.802
20;19.134;0.8659999999999997
19;20.204;-1.2040000000000006
18;18.258;-0.2579999999999991
17;17.734;-0.7340000000000018
16;17.684;-1.684000000000001
15;16.806;-1.806000000000001
14;16.562;-2.562000000000001
13;10.556;2.444000000000001
12;8.72;3.2799999999999994
11;13.962;-2.9619999999999997
10;8.86;1.1400000000000006
9;10.978;-1.9779999999999998
8;9.404;-1.404
7;8.614;-1.6140000000000008
6;10.44;-4.4399999999999995
5;9.55;-4.550000000000001
4;8.408;-4.4079999999999995
3;6.762;-3.7619999999999996
2;5.128;-3.128
1;6.22;-5.22
0;5.478;-5.478
63;58.41;4.590000000000003
62;62.214;-0.21399999999999864
61;61.464;-0.46399999999999864
60;60.836;-0.8359999999999985
59;60.124;-1.1240000000000023
58;58.818;-0.8179999999999978
57;57.086;-0.08599999999999852
56;56.31;-0.3100000000000023
55;55.574;-0.5739999999999981
54;55.914;-1.9140000000000015
53;55.936;-2.936
52;53.796;-1.7959999999999994
51;53.96;-2.960000000000001
50;55.462;-5.462000000000003
49;55.518;-6.518000000000001
48;53.274;-5.274000000000001
47;51.634;-4.634
46;48.908;-2.9080000000000013
45;46.87;-1.8699999999999974
44;45.898;-1.8980000000000032
43;44.946;-1.945999999999998
42;44.564;-2.564
41;43.162;-2.161999999999999
40;41.874;-1.8740000000000023
39;40.86;-1.8599999999999994
38;40.632;-2.631999999999998
37;40.408;-3.4080000000000013
36;40.366;-4.366
35;39.532;-4.5319999999999965
34;40.224;-6.223999999999997
33;38.898;-5.898000000000003
32;39.108;-7.107999999999997
31;37.172;-6.171999999999997
30;36.088;-6.088000000000001
29;36.894;-7.893999999999998
28;32.508;-4.508000000000003
27;31.322;-4.321999999999999
26;31.368;-5.3679999999999986
25;32.33;-7.329999999999998
24;31.306;-7.306000000000001
23;30.806;-7.806000000000001
22;27.506;-5.506
21;25.828;-4.827999999999999
20;23.41;-3.41
19;21.778;-2.7779999999999987
18;18.82;-0.8200000000000003
17;17.89;-0.8900000000000006
16;16.794;-0.7940000000000005
15;17.128;-2.128
14;15.924;-1.9239999999999995
13;15.362;-2.362
12;13.538;-1.5380000000000003
11;12.778;-1.7780000000000005
10;8.796;1.2040000000000006
9;7.558;1.4420000000000002
8;9.024;-1.0239999999999991
7;9.126;-2.1259999999999994
6;8.408;-2.4079999999999995
5;5.06;-0.05999999999999961
4;5.756;-1.7560000000000002
3;7.376;-4.376
2;8.432;-6.432
1;7.736;-6.736
0;7.344;-7.344
63;54.428;8.572000000000003
62;56.06;5.939999999999998
61;56.814;4.186
60;58.872;1.1280000000000001
59;58.172;0.828000000000003
58;53.996;4.003999999999998
57;55.918;1.0820000000000007
56;61.712;-5.712000000000003
55;58.428;-3.4279999999999973
54;55.974;-1.9739999999999966
53;54.358;-1.357999999999997
52;53.554;-1.554000000000002
51;53.674;-2.6739999999999995
50;50.618;-0.6180000000000021
49;48.91;0.09000000000000341
48;47.36;0.6400000000000006
47;46.338;0.661999999999999
46;45.032;0.9680000000000035
45;44.866;0.13400000000000034
44;45.25;-1.25
43;43.514;-0.5140000000000029
42;45.006;-3.0060000000000002
41;44.322;-3.3220000000000027
40;43.308;-3.308
39;44.598;-5.597999999999999
38;42.896;-4.896000000000001
37;45.314;-8.314
36;43.114;-7.113999999999997
35;45.504;-10.503999999999998
34;48.946;-14.945999999999998
33;35.552;-2.5519999999999996
32;31.076;0.9239999999999995
31;38.468;-7.4680000000000035
30;30.048;-0.047999999999998266
29;28.92;0.0799999999999983
28;28.22;-0.21999999999999886
27;29.058;-2.058
26;27.596;-1.596
25;26.584;-1.5839999999999996
24;24.246;-0.24599999999999866
23;25.948;-2.9480000000000004
22;23.696;-1.6960000000000015
21;22.234;-1.2340000000000018
20;21.158;-1.1580000000000013
19;20.966;-1.966000000000001
18;18.612;-0.6119999999999983
17;19.382;-2.3820000000000014
16;20.676;-4.675999999999998
15;23.99;-8.989999999999998
14;24.048;-10.047999999999998
13;25.298;-12.297999999999998
12;27.06;-15.059999999999999
11;33.458;-22.458
10;40.588;-30.588
9;45.996;-36.996
8;73.996;-65.996
7;96.636;-89.636
6;141.358;-135.358
5;170.644;-165.644
4;181.874;-177.874
3;185.286;-182.286
2;209.864;-207.864
1;195.21;-194.21
0;189.792;-189.792
243;176.164;66.83600000000001
242;188.56;53.44
241;187.15;53.849999999999994
240;198.67;41.33000000000001
239;194.93;44.06999999999999
238;197.744;40.256
237;203.966;33.03399999999999
236;209.374;26.626000000000005
235;219.94;15.060000000000002
234;220.662;13.337999999999994
233;222.012;10.988
232;222.252;9.74799999999999
231;222.844;8.156000000000006
230;225.106;4.8940000000000055
229;223.012;5.9879999999999995
228;217.502;10.49799999999999
227;219.506;7.494
226;216.868;9.132000000000005
225;213.012;11.988
224;214.454;9.545999999999992
223;217.128;5.872000000000014
222;217.64;4.360000000000014
221;212.338;8.662000000000006
220;212.822;7.177999999999997
219;216.838;2.162000000000006
218;215.12;2.8799999999999955
217;214.868;2.132000000000005
216;209.1;6.900000000000006
215;198.878;16.122000000000014
214;83.41;130.59
213;92.766;120.234
212;100.524;111.476
211;85.544;125.456
210;90.362;119.638
209;91.384;117.616
208;73.188;134.812
207;105.292;101.708
206;69.462;136.538
205;90.12;114.88
204;125.162;78.838
203;119.326;83.674
202;124.574;77.426
201;130.158;70.84200000000001
200;132.984;67.01599999999999
199;135.254;63.74600000000001
198;136.05;61.94999999999999
197;149.294;47.70599999999999
196;157.85;38.150000000000006
195;174.268;20.732
194;183.612;10.388000000000005
193;175.642;17.358000000000004
192;171.032;20.96799999999999
191;186.222;4.777999999999992
190;184.606;5.3940000000000055
189;182.516;6.484000000000009
188;181.038;6.961999999999989
187;177.704;9.295999999999992
186;177.434;8.566000000000003
185;178.042;6.957999999999998
184;181.254;2.7460000000000093
183;178.234;4.765999999999991
182;175.164;6.836000000000013
181;167.516;13.484000000000009
180;170.048;9.951999999999998
179;156.378;22.622000000000014
178;167.662;10.337999999999994
177;162.432;14.568000000000012
176;164.122;11.877999999999986
175;168.016;6.984000000000009
174;164.298;9.701999999999998
173;154.956;18.04400000000001
172;153.332;18.668000000000006
171;160.072;10.927999999999997
170;159.41;10.590000000000003
169;160.298;8.701999999999998
168;160.508;7.49199999999999
167;154.404;12.596000000000004
166;142.044;23.95599999999999
165;142.176;22.824000000000012
164;143.376;20.623999999999995
163;138.624;24.376000000000005
162;142.224;19.77600000000001
161;134.356;26.644000000000005
160;98.04;61.959999999999994
159;106.42;52.58
158;112.586;45.414
157;120.27;36.730000000000004
156;117.138;38.861999999999995
155;117.488;37.512
154;112.692;41.30800000000001
153;102.964;50.036
152;100.036;51.964
151;91.858;59.141999999999996
150;93.844;56.156000000000006
149;88.634;60.366
148;82.332;65.668
147;95.102;51.897999999999996
146;95.654;50.346000000000004
145;88.94;56.06
144;90.584;53.416
143;87.526;55.474000000000004
142;91.882;50.117999999999995
141;86.152;54.848
140;83.492;56.507999999999996
139;100.148;38.852000000000004
138;108.11;29.89
137;116.806;20.194000000000003
136;123.712;12.287999999999997
135;124.236;10.763999999999996
134;128.206;5.794000000000011
133;127.074;5.926000000000002
132;128.57;3.430000000000007
131;127.16;3.8400000000000034
130;127.148;2.852000000000004
129;126.316;2.6839999999999975
128;125.228;2.7720000000000056
127;124.39;2.6099999999999994
126;124.204;1.7960000000000065
125;122.534;2.465999999999994
124;122.154;1.8460000000000036
123;122.648;0.35200000000000387
122;121.758;0.24200000000000443
121;120.992;0.007999999999995566
120;120.0;0.0
119;119.002;-0.001999999999995339
118;118.0;0.0
117;116.998;0.001999999999995339
116;116.002;-0.001999999999995339
115;115.0;0.0
114;113.998;0.001999999999995339
113;113.002;-0.001999999999995339
112;112.002;-0.001999999999995339
111;111.0;0.0
110;109.782;0.21800000000000352
109;108.998;0.001999999999995339
108;107.786;0.21399999999999864
107;106.802;0.1979999999999933
106;105.794;0.20600000000000307
105;105.012;-0.012000000000000455
104;104.004;-0.0040000000000048885
103;102.996;0.0040000000000048885
102;102.006;-0.006000000000000227
101;101.002;-0.001999999999995339
100;100.002;-0.001999999999995339
99;99.0;0.0
98;98.0;0.0
97;97.0;0.0
96;96.0;0.0
95;95.0;0.0
94;94.0;0.0
93;93.0;0.0
92;92.0;0.0
91;91.0;0.0
90;90.0;0.0
89;89.0;0.0
88;88.0;0.0
87;87.0;0.0
86;86.0;0.0
85;85.0;0.0
84;84.0;0.0
83;83.0;0.0
82;82.0;0.0
81;81.0;0.0
80;80.0;0.0
79;79.0;0.0
78;78.0;0.0
77;77.0;0.0
76;76.0;0.0
75;75.0;0.0
74;74.0;0.0
73;73.0;0.0
72;72.0;0.0
71;71.0;0.0
70;70.0;0.0
69;69.0;0.0
68;68.0;0.0
67;67.0;0.0
66;66.0;0.0
65;65.0;0.0
64;64.0;0.0
63;63.0;0.0
62;62.0;0.0
61;61.0;0.0
60;60.0;0.0
59;59.0;0.0
58;58.0;0.0
57;57.0;0.0
56;56.0;0.0
55;55.0;0.0
54;54.0;0.0
53;53.0;0.0
52;52.0;0.0
51;51.0;0.0
50;50.0;0.0
49;49.0;0.0
48;48.0;0.0
47;47.0;0.0
46;46.0;0.0
45;45.0;0.0
44;44.0;0.0
43;43.0;0.0
42;42.0;0.0
41;41.0;0.0
40;40.0;0.0
39;39.0;0.0
38;38.0;0.0
37;37.0;0.0
36;36.0;0.0
35;35.0;0.0
34;34.0;0.0
33;33.0;0.0
32;32.0;0.0
31;31.0;0.0
30;30.0;0.0
29;29.0;0.0
28;28.0;0.0
27;27.0;0.0
26;26.0;0.0
25;25.0;0.0
24;24.0;0.0
23;23.0;0.0
22;22.0;0.0
21;21.0;0.0
20;20.0;0.0
19;19.0;0.0
18;18.0;0.0
17;17.0;0.0
16;16.0;0.0
15;15.0;0.0
14;14.0;0.0
13;13.0;0.0
12;12.0;0.0
11;11.0;0.0
10;10.0;0.0
9;9.0;0.0
8;8.0;0.0
7;7.0;0.0
6;6.0;0.0
5;5.0;0.0
4;4.0;0.0
3;3.0;0.0
2;2.0;0.0
1;1.0;0.0
0;0.0;0.0
94;78.234;15.766000000000005
93;76.154;16.846000000000004
92;74.878;17.122
91;74.948;16.052000000000007
90;73.83;16.17
89;72.298;16.701999999999998
88;72.212;15.787999999999997
87;70.04;16.959999999999994
86;69.02;16.980000000000004
85;67.496;17.504000000000005
84;63.066;20.933999999999997
83;63.502;19.497999999999998
82;65.228;16.772000000000006
81;65.686;15.313999999999993
80;62.558;17.442
79;62.188;16.811999999999998
78;63.55;14.450000000000003
77;62.666;14.334000000000003
76;60.378;15.622
75;61.002;13.997999999999998
74;57.49;16.509999999999998
73;56.672;16.328000000000003
72;55.8;16.200000000000003
71;55.07;15.93
70;52.388;17.612000000000002
69;51.14;17.86
68;52.714;15.286000000000001
67;53.444;13.555999999999997
66;51.264;14.735999999999997
65;54.964;10.036000000000001
64;55.418;8.582
63;57.268;5.731999999999999
62;51.684;10.316000000000003
61;52.812;8.188000000000002
60;51.386;8.613999999999997
59;53.554;5.445999999999998
58;53.474;4.526000000000003
57;54.116;2.8840000000000003
56;52.66;3.3400000000000034
55;54.376;0.6240000000000023
54;50.614;3.386000000000003
53;53.06;-0.060000000000002274
52;52.668;-0.6679999999999993
51;50.824;0.17600000000000193
50;50.29;-0.28999999999999915
49;53.2;-4.200000000000003
48;52.754;-4.753999999999998
47;50.68;-3.6799999999999997
46;48.302;-2.3019999999999996
45;41.44;3.5600000000000023
44;47.998;-3.9979999999999976
43;45.598;-2.597999999999999
42;42.092;-0.09199999999999875
41;43.404;-2.4040000000000035
40;41.936;-1.936
39;43.812;-4.811999999999998
38;41.164;-3.1640000000000015
37;37.588;-0.588000000000001
36;36.21;-0.21000000000000085
35;33.67;1.3299999999999983
34;33.786;0.21399999999999864
33;38.106;-5.106000000000002
32;32.488;-0.48799999999999955
31;40.78;-9.780000000000001
30;31.576;-1.5760000000000005
29;32.73;-3.729999999999997
28;29.532;-1.532
27;28.244;-1.2439999999999998
26;27.13;-1.129999999999999
25;34.924;-9.924
24;25.446;-1.4460000000000015
23;24.494;-1.4939999999999998
22;28.758;-6.757999999999999
21;21.944;-0.9439999999999991
20;21.464;-1.4639999999999986
19;22.858;-3.8580000000000005
18;21.092;-3.0919999999999987
17;33.216;-16.216
16;18.294;-2.2940000000000005
15;32.324;-17.323999999999998
14;15.83;-1.83
13;19.96;-6.960000000000001
12;14.266;-2.266
11;13.874;-2.8740000000000006
10;19.99;-9.989999999999998
9;11.166;-2.1660000000000004
8;10.476;-2.476000000000001
7;10.906;-3.9060000000000006
6;7.994;-1.9939999999999998
5;10.924;-5.9239999999999995
4;9.52;-5.52
3;9.566;-6.566000000000001
2;7.686;-5.686
1;7.676;-6.676
0;8.428;-8.428
99;92.688;6.311999999999998
98;94.742;3.2579999999999956
97;93.318;3.682000000000002
96;92.818;3.182000000000002
95;91.712;3.2879999999999967
94;91.534;2.465999999999994
93;90.84;2.1599999999999966
92;89.752;2.2480000000000047
91;89.01;1.9899999999999949
90;88.504;1.4959999999999951
89;87.41;1.5900000000000034
88;86.598;1.402000000000001
87;85.474;1.5259999999999962
86;84.526;1.4740000000000038
85;83.548;1.4519999999999982
84;82.882;1.117999999999995
83;81.698;1.3020000000000067
82;80.524;1.475999999999999
81;79.342;1.6580000000000013
80;78.974;1.0259999999999962
79;77.966;1.034000000000006
78;76.606;1.3940000000000055
77;75.584;1.4159999999999968
76;74.974;1.0259999999999962
75;74.064;0.936000000000007
74;72.5;1.5
73;71.334;1.6659999999999968
72;69.178;2.8220000000000027
71;68.492;2.5079999999999956
70;61.842;8.158000000000001
69;64.038;4.962000000000003
68;63.45;4.549999999999997
67;61.324;5.676000000000002
66;61.716;4.283999999999999
65;62.856;2.1439999999999984
64;62.176;1.823999999999998
63;60.284;2.716000000000001
62;58.7;3.299999999999997
61;59.148;1.8519999999999968
60;55.336;4.6640000000000015
59;57.32;1.6799999999999997
58;55.96;2.039999999999999
57;56.194;0.8059999999999974
56;53.758;2.2419999999999973
55;54.756;0.24399999999999977
54;53.124;0.8759999999999977
53;52.066;0.9339999999999975
52;50.738;1.2620000000000005
51;49.74;1.259999999999998
50;49.394;0.6060000000000016
49;49.324;-0.32399999999999807
48;46.152;1.847999999999999
47;47.488;-0.48799999999999955
46;46.394;-0.39399999999999835
45;45.66;-0.6599999999999966
44;44.664;-0.6640000000000015
43;45.176;-2.176000000000002
42;42.396;-0.3960000000000008
41;41.816;-0.8160000000000025
40;40.828;-0.828000000000003
39;39.816;-0.8160000000000025
38;39.48;-1.4799999999999969
37;38.474;-1.4739999999999966
36;36.38;-0.38000000000000256
35;36.078;-1.078000000000003
34;36.114;-2.113999999999997
33;34.01;-1.009999999999998
32;32.542;-0.5420000000000016
31;32.0;-1.0
30;31.442;-1.4420000000000002
29;29.754;-0.7540000000000013
28;29.492;-1.4920000000000009
27;28.776;-1.7759999999999998
26;26.796;-0.7959999999999994
25;29.126;-4.126000000000001
24;27.01;-3.0100000000000016
23;25.292;-2.2920000000000016
22;24.712;-2.7119999999999997
21;22.298;-1.2979999999999983
20;20.214;-0.21399999999999864
19;20.646;-1.6460000000000008
18;19.942;-1.9420000000000002
17;18.734;-1.7340000000000018
16;18.146;-2.146000000000001
15;16.942;-1.9420000000000002
14;15.596;-1.596
13;14.572;-1.5719999999999992
12;13.098;-1.0980000000000008
11;12.036;-1.0359999999999996
10;11.94;-1.9399999999999995
9;10.054;-1.0540000000000003
8;10.144;-2.144
7;10.122;-3.122
6;10.166;-4.166
5;9.874;-4.8740000000000006
4;10.754;-6.754
3;13.756;-10.756
2;10.684;-8.684
1;10.666;-9.666
0;10.048;-10.048
99;83.746;15.254000000000005
98;93.956;4.043999999999997
97;94.498;2.5019999999999953
96;91.424;4.575999999999993
95;91.696;3.304000000000002
94;91.068;2.932000000000002
93;89.234;3.7660000000000053
92;90.678;1.3220000000000027
91;89.6;1.4000000000000057
90;89.26;0.7399999999999949
89;88.282;0.7180000000000035
88;86.672;1.328000000000003
87;85.836;1.1640000000000015
86;84.524;1.475999999999999
85;83.634;1.3659999999999997
84;82.678;1.3220000000000027
83;82.054;0.945999999999998
82;80.55;1.4500000000000028
81;79.788;1.2120000000000033
80;78.288;1.7120000000000033
79;76.452;2.548000000000002
78;75.462;2.5379999999999967
77;74.634;2.3659999999999997
76;74.46;1.5400000000000063
75;72.538;2.4620000000000033
74;72.626;1.3739999999999952
73;71.146;1.8539999999999992
72;68.376;3.6239999999999952
71;69.252;1.7480000000000047
70;66.896;3.103999999999999
69;69.938;-0.9380000000000024
68;68.908;-0.9080000000000013
67;64.854;2.146000000000001
66;65.456;0.5439999999999969
65;63.6;1.3999999999999986
64;62.402;1.597999999999999
63;61.912;1.088000000000001
62;61.962;0.0379999999999967
61;59.928;1.0720000000000027
60;59.118;0.8819999999999979
59;58.466;0.5339999999999989
58;56.678;1.3220000000000027
57;58.356;-1.3560000000000016
56;55.586;0.4140000000000015
55;59.43;-4.43
54;55.84;-1.8400000000000034
53;54.346;-1.3459999999999965
52;53.914;-1.9140000000000015
51;53.364;-2.363999999999997
50;52.404;-2.4040000000000035
49;52.678;-3.6779999999999973
48;51.262;-3.2620000000000005
47;50.02;-3.020000000000003
46;49.978;-3.9780000000000015
45;49.07;-4.07
44;47.736;-3.735999999999997
43;45.396;-2.396000000000001
42;45.446;-3.445999999999998
41;50.692;-9.692
40;45.964;-5.963999999999999
39;47.602;-8.601999999999997
38;40.562;-2.5619999999999976
37;40.238;-3.2379999999999995
36;45.236;-9.235999999999997
35;39.98;-4.979999999999997
34;41.968;-7.9680000000000035
33;43.838;-10.838000000000001
32;50.072;-18.072000000000003
31;42.174;-11.174
30;38.972;-8.972000000000001
29;41.264;-12.264000000000003
28;46.478;-18.478
27;30.634;-3.6340000000000003
26;34.17;-8.170000000000002
25;40.718;-15.718000000000004
24;39.81;-15.810000000000002
23;47.054;-24.054000000000002
22;37.35;-15.350000000000001
21;36.104;-15.104
20;30.296;-10.296
19;30.942;-11.942
18;32.34;-14.340000000000003
17;28.142;-11.142
16;30.642;-14.642
15;29.096;-14.096
14;27.87;-13.870000000000001
13;22.812;-9.812000000000001
12;18.828;-6.827999999999999
11;18.0;-7.0
10;28.942;-18.942
9;16.568;-7.568000000000001
8;13.43;-5.43
7;13.734;-6.734
6;11.828;-5.827999999999999
5;13.818;-8.818
4;13.332;-9.332
3;14.814;-11.814
2;15.818;-13.818
1;16.486;-15.486
0;31.734;-31.734
99;90.02;8.980000000000004
98;84.924;13.075999999999993
97;88.772;8.227999999999994
96;86.182;9.817999999999998
95;89.928;5.072000000000003
94;97.462;-3.4620000000000033
93;92.262;0.7379999999999995
92;89.388;2.6119999999999948
91;82.802;8.197999999999993
90;87.13;2.8700000000000045
89;85.088;3.912000000000006
88;82.274;5.725999999999999
87;79.558;7.441999999999993
86;82.422;3.578000000000003
85;82.898;2.102000000000004
84;82.7;1.2999999999999972
83;86.022;-3.0220000000000056
82;80.886;1.1140000000000043
81;79.916;1.0840000000000032
80;82.358;-2.358000000000004
79;79.57;-0.5699999999999932
78;77.854;0.1460000000000008
77;78.432;-1.4320000000000022
76;76.516;-0.5160000000000053
75;74.794;0.20600000000000307
74;74.764;-0.7639999999999958
73;74.678;-1.6779999999999973
72;72.602;-0.6020000000000039
71;69.642;1.358000000000004
70;67.16;2.8400000000000034
69;69.048;-0.04800000000000182
68;67.31;0.6899999999999977
67;69.598;-2.597999999999999
66;69.154;-3.1539999999999964
65;80.05;-15.049999999999997
64;64.286;-0.28600000000000136
63;63.584;-0.5840000000000032
62;63.23;-1.2299999999999969
61;62.816;-1.8160000000000025
60;62.844;-2.844000000000001
59;61.446;-2.445999999999998
58;60.066;-2.0660000000000025
57;59.196;-2.195999999999998
56;58.316;-2.3160000000000025
55;57.432;-2.432000000000002
54;56.93;-2.9299999999999997
53;54.094;-1.0940000000000012
52;53.47;-1.4699999999999989
51;53.53;-2.530000000000001
50;51.324;-1.323999999999998
49;50.616;-1.6159999999999997
48;51.39;-3.3900000000000006
47;50.918;-3.9179999999999993
46;50.34;-4.340000000000003
45;48.71;-3.710000000000001
44;47.28;-3.280000000000001
43;46.174;-3.1739999999999995
42;43.32;-1.3200000000000003
41;44.196;-3.195999999999998
40;42.94;-2.9399999999999977
39;41.114;-2.113999999999997
38;40.702;-2.701999999999998
37;39.35;-2.3500000000000014
36;40.72;-4.719999999999999
35;38.11;-3.1099999999999994
34;37.052;-3.0519999999999996
33;38.106;-5.106000000000002
32;34.108;-2.107999999999997
31;34.29;-3.289999999999999
30;34.368;-4.368000000000002
29;31.222;-2.2220000000000013
28;35.036;-7.036000000000001
27;32.188;-5.188000000000002
26;29.122;-3.122
25;31.77;-6.77
24;31.286;-7.286000000000001
23;26.194;-3.193999999999999
22;24.616;-2.6159999999999997
21;26.202;-5.202000000000002
20;25.342;-5.341999999999999
19;22.674;-3.6739999999999995
18;19.53;-1.5300000000000011
17;17.82;-0.8200000000000003
16;17.278;-1.2779999999999987
15;18.538;-3.5380000000000003
14;18.738;-4.7379999999999995
13;15.232;-2.2319999999999993
12;14.76;-2.76
11;15.146;-4.146000000000001
10;13.176;-3.176
9;10.484;-1.484
8;9.866;-1.8659999999999997
7;8.748;-1.7479999999999993
6;11.09;-5.09
5;8.572;-3.571999999999999
4;14.258;-10.258
3;19.542;-16.542
2;26.734;-24.734
1;37.392;-36.392
0;38.852;-38.852
75;53.226;21.774
74;59.916;14.084000000000003
73;64.002;8.998000000000005
72;66.902;5.097999999999999
71;68.76;2.239999999999995
70;68.406;1.593999999999994
69;68.55;0.45000000000000284
68;66.996;1.0040000000000049
67;66.678;0.32200000000000273
66;66.04;-0.04000000000000625
65;64.774;0.2259999999999991
64;64.016;-0.016000000000005343
63;62.884;0.11599999999999966
62;61.9;0.10000000000000142
61;60.986;0.014000000000002899
60;59.964;0.036000000000001364
59;58.964;0.036000000000001364
58;57.996;0.003999999999997783
57;57.016;-0.015999999999998238
56;56.02;-0.020000000000003126
55;54.998;0.0020000000000024443
54;53.998;0.0020000000000024443
53;53.004;-0.003999999999997783
52;51.998;0.0020000000000024443
51;50.99;0.00999999999999801
50;50.0;0.0
49;49.0;0.0
48;48.0;0.0
47;47.006;-0.006000000000000227
46;46.0;0.0
45;45.0;0.0
44;44.0;0.0
43;43.004;-0.003999999999997783
42;42.0;0.0
41;41.0;0.0
40;40.0;0.0
39;39.0;0.0
38;38.0;0.0
37;37.0;0.0
36;36.0;0.0
35;35.0;0.0
34;34.0;0.0
33;33.0;0.0
32;32.0;0.0
31;31.0;0.0
30;30.0;0.0
29;29.0;0.0
28;28.0;0.0
27;27.0;0.0
26;26.0;0.0
25;25.0;0.0
24;24.0;0.0
23;23.0;0.0
22;22.0;0.0
21;21.0;0.0
20;20.0;0.0
19;19.0;0.0
18;18.0;0.0
17;17.0;0.0
16;16.0;0.0
15;15.0;0.0
14;14.0;0.0
13;13.0;0.0
12;12.0;0.0
11;11.0;0.0
10;10.0;0.0
9;9.0;0.0
8;8.0;0.0
7;7.0;0.0
6;6.0;0.0
5;5.0;0.0
4;4.0;0.0
3;3.0;0.0
2;2.0;0.0
1;1.0;0.0
0;0.0;0.0
87;61.282;25.718000000000004
86;62.116;23.884
85;58.164;26.836
84;55.6;28.4
83;52.724;30.276000000000003
82;54.784;27.216
81;51.794;29.206000000000003
80;56.614;23.386000000000003
79;56.328;22.671999999999997
78;54.542;23.458
77;51.51;25.490000000000002
76;51.37;24.630000000000003
75;54.606;20.394
74;51.932;22.067999999999998
73;52.862;20.137999999999998
72;54.974;17.026000000000003
71;51.228;19.772
70;54.784;15.216000000000001
69;41.43;27.57
68;42.324;25.676000000000002
67;53.21;13.79
66;52.806;13.194000000000003
65;52.548;12.451999999999998
64;48.518;15.482
63;53.072;9.927999999999997
62;50.506;11.494
61;53.284;7.716000000000001
60;52.0;8.0
59;50.856;8.143999999999998
58;47.126;10.874000000000002
57;49.638;7.362000000000002
56;49.76;6.240000000000002
55;47.438;7.561999999999998
54;48.996;5.003999999999998
53;50.356;2.6439999999999984
52;50.198;1.8019999999999996
51;50.044;0.9560000000000031
50;47.658;2.3419999999999987
49;49.366;-0.36599999999999966
48;46.772;1.2280000000000015
47;46.64;0.35999999999999943
46;46.792;-0.7920000000000016
45;44.07;0.9299999999999997
44;45.578;-1.578000000000003
43;44.116;-1.1159999999999997
42;41.454;0.5459999999999994
41;41.426;-0.42600000000000193
40;39.852;0.14800000000000324
39;40.824;-1.823999999999998
38;38.038;-0.0379999999999967
37;37.846;-0.8459999999999965
36;37.158;-1.1580000000000013
35;37.39;-2.3900000000000006
34;34.232;-0.23199999999999932
33;33.23;-0.22999999999999687
32;32.59;-0.5900000000000034
31;32.158;-1.1580000000000013
30;31.036;-1.0360000000000014
29;30.006;-1.0060000000000002
28;28.816;-0.815999999999999
27;28.654;-1.654
26;26.836;-0.8359999999999985
25;25.54;-0.5399999999999991
24;24.88;-0.879999999999999
23;23.516;-0.5159999999999982
22;22.186;-0.18599999999999994
21;21.188;-0.18799999999999883
20;20.252;-0.2519999999999989
19;19.048;-0.047999999999998266
18;18.678;-0.6780000000000008
17;17.076;-0.07600000000000051
16;16.86;-0.8599999999999994
15;15.436;-0.43599999999999994
14;15.598;-1.5980000000000008
13;14.908;-1.9079999999999995
12;14.136;-2.1359999999999992
11;12.194;-1.1940000000000008
10;11.944;-1.9440000000000008
9;10.292;-1.2919999999999998
8;9.44;-1.4399999999999995
7;8.544;-1.5440000000000005
6;6.504;-0.5039999999999996
5;6.332;-1.3319999999999999
4;7.194;-3.194
3;7.324;-4.324
2;10.7;-8.7
1;6.668;-5.668
0;20.284;-20.284
99;91.638;7.361999999999995
98;92.132;5.867999999999995
97;92.266;4.733999999999995
96;91.718;4.2819999999999965
95;89.688;5.311999999999998
94;89.17;4.829999999999998
93;88.418;4.581999999999994
92;89.51;2.489999999999995
91;88.73;2.269999999999996
90;85.134;4.866
89;84.028;4.971999999999994
88;85.898;2.102000000000004
87;83.224;3.7759999999999962
86;83.81;2.1899999999999977
85;81.478;3.5220000000000056
84;79.56;4.439999999999998
83;77.176;5.823999999999998
82;75.596;6.403999999999996
81;76.914;4.0859999999999985
80;76.086;3.9140000000000015
79;76.24;2.760000000000005
78;75.154;2.8460000000000036
77;71.794;5.206000000000003
76;73.268;2.7319999999999993
75;73.062;1.9380000000000024
74;71.504;2.495999999999995
73;69.322;3.6779999999999973
72;66.654;5.346000000000004
71;64.78;6.219999999999999
70;65.418;4.581999999999994
69;63.808;5.192
68;64.356;3.6440000000000055
67;57.638;9.362000000000002
66;60.434;5.5660000000000025
65;60.994;4.006
64;63.24;0.759999999999998
63;60.716;2.283999999999999
62;58.832;3.1679999999999993
61;59.05;1.9500000000000028
60;58.46;1.5399999999999991
59;56.94;2.0600000000000023
58;54.354;3.646000000000001
57;54.508;2.4919999999999973
56;54.742;1.2580000000000027
55;54.112;0.8879999999999981
54;53.968;0.031999999999996476
53;52.738;0.26200000000000045
52;45.694;6.305999999999997
51;50.072;0.9279999999999973
50;50.08;-0.0799999999999983
49;49.954;-0.9540000000000006
48;48.784;-0.7839999999999989
47;46.472;0.5279999999999987
46;44.432;1.5679999999999978
45;43.84;1.1599999999999966
44;44.688;-0.6880000000000024
43;43.856;-0.8560000000000016
42;42.758;-0.7580000000000027
41;42.414;-1.4140000000000015
40;40.904;-0.9040000000000035
39;39.888;-0.8879999999999981
38;39.716;-1.716000000000001
37;38.322;-1.3220000000000027
36;36.776;-0.7760000000000034
35;36.146;-1.1460000000000008
34;34.946;-0.945999999999998
33;35.986;-2.985999999999997
32;34.362;-2.362000000000002
31;32.198;-1.1980000000000004
30;31.03;-1.0300000000000011
29;30.396;-1.3960000000000008
28;29.21;-1.2100000000000009
27;29.474;-2.474
26;26.902;-0.902000000000001
25;27.642;-2.6419999999999995
24;26.398;-2.3979999999999997
23;26.644;-3.6439999999999984
22;25.354;-3.353999999999999
21;24.932;-3.9319999999999986
20;23.92;-3.9200000000000017
19;25.92;-6.920000000000002
18;24.862;-6.861999999999998
17;22.534;-5.533999999999999
16;28.072;-12.072
15;22.544;-7.5440000000000005
14;21.29;-7.289999999999999
13;24.676;-11.675999999999998
12;19.958;-7.957999999999998
11;19.308;-8.308
10;16.16;-6.16
9;15.098;-6.098000000000001
8;16.606;-8.606000000000002
7;13.966;-6.965999999999999
6;14.446;-8.446
5;23.268;-18.268
4;17.38;-13.379999999999999
3;18.026;-15.026
2;16.656;-14.655999999999999
1;13.644;-12.644
0;21.152;-21.152
99;89.068;9.932000000000002
98;95.57;2.430000000000007
97;95.1;1.9000000000000057
96;94.478;1.5220000000000056
95;92.766;2.2339999999999947
94;92.992;1.0079999999999956
93;91.692;1.308000000000007
92;89.986;2.013999999999996
91;88.232;2.7680000000000007
90;88.248;1.7519999999999953
89;86.89;2.1099999999999994
88;86.134;1.8659999999999997
87;85.33;1.6700000000000017
86;82.496;3.504000000000005
85;80.132;4.867999999999995
84;81.282;2.7180000000000035
83;78.384;4.616
82;77.958;4.042000000000002
81;78.368;2.632000000000005
80;75.132;4.867999999999995
79;75.314;3.686000000000007
78;73.186;4.813999999999993
77;73.594;3.406000000000006
76;73.78;2.219999999999999
75;71.228;3.7720000000000056
74;72.18;1.8199999999999932
73;71.09;1.9099999999999966
72;70.274;1.725999999999999
71;70.274;0.7259999999999991
70;69.416;0.5840000000000032
69;80.17;-11.170000000000002
68;74.202;-6.201999999999998
67;71.996;-4.995999999999995
66;66.942;-0.9419999999999931
65;74.276;-9.275999999999996
64;68.492;-4.492000000000004
63;76.16;-13.159999999999997
62;66.326;-4.325999999999993
61;62.794;-1.793999999999997
60;60.356;-0.35600000000000165
59;60.406;-1.4059999999999988
58;69.736;-11.736000000000004
57;50.246;6.753999999999998
56;52.808;3.192
55;64.082;-9.081999999999994
54;51.06;2.9399999999999977
53;51.676;1.323999999999998
52;50.656;1.3440000000000012
51;55.056;-4.055999999999997
50;49.648;0.35199999999999676
49;49.64;-0.6400000000000006
48;46.766;1.2340000000000018
47;45.002;1.9979999999999976
46;48.904;-2.9040000000000035
45;45.29;-0.28999999999999915
44;44.772;-0.7719999999999985
43;44.352;-1.3519999999999968
42;44.796;-2.7959999999999994
41;43.938;-2.9380000000000024
40;43.844;-3.844000000000001
39;42.108;-3.107999999999997
38;41.16;-3.1599999999999966
37;40.608;-3.607999999999997
36;38.914;-2.9140000000000015
35;38.382;-3.381999999999998
34;38.322;-4.322000000000003
33;36.298;-3.298000000000002
32;35.928;-3.9279999999999973
31;33.786;-2.7860000000000014
30;32.572;-2.5720000000000027
29;31.086;-2.0859999999999985
28;30.03;-2.030000000000001
27;28.956;-1.9559999999999995
26;31.31;-5.309999999999999
25;28.944;-3.943999999999999
24;27.6;-3.6000000000000014
23;26.768;-3.7680000000000007
22;26.43;-4.43
21;25.664;-4.6640000000000015
20;23.99;-3.9899999999999984
19;23.566;-4.565999999999999
18;22.8;-4.800000000000001
17;21.736;-4.736000000000001
16;21.756;-5.756
15;21.138;-6.138000000000002
14;19.42;-5.420000000000002
13;19.198;-6.198
12;18.262;-6.2620000000000005
11;17.33;-6.329999999999998
10;15.53;-5.529999999999999
9;14.352;-5.352
8;13.77;-5.77
7;13.654;-6.654
6;12.324;-6.324
5;12.442;-7.442
4;12.936;-8.936
3;13.942;-10.942
2;15.038;-13.038
1;14.618;-13.618
0;13.892;-13.892
99;105.384;-6.384
98;98.762;-0.7620000000000005
97;100.658;-3.6580000000000013
96;98.436;-2.436000000000007
95;95.196;-0.19599999999999795
94;97.372;-3.372
93;95.25;-2.25
92;93.302;-1.3020000000000067
91;94.374;-3.3739999999999952
90;92.356;-2.3559999999999945
89;90.472;-1.4719999999999942
88;89.938;-1.9380000000000024
87;91.492;-4.492000000000004
86;88.316;-2.3160000000000025
85;87.122;-2.122
84;85.322;-1.3220000000000027
83;84.98;-1.980000000000004
82;85.404;-3.4039999999999964
81;86.492;-5.492000000000004
80;85.178;-5.177999999999997
79;82.896;-3.896000000000001
78;83.27;-5.269999999999996
77;85.374;-8.373999999999995
76;85.89;-9.89
75;87.588;-12.587999999999994
74;86.634;-12.634
73;95.134;-22.134
72;97.638;-25.638000000000005
71;105.414;-34.414
70;84.178;-14.177999999999997
69;97.914;-28.914
68;98.25;-30.25
67;83.746;-16.745999999999995
66;100.972;-34.971999999999994
65;102.13;-37.129999999999995
64;89.336;-25.336
63;99.634;-36.634
62;104.23;-42.230000000000004
61;91.69;-30.689999999999998
60;95.836;-35.836
59;96.238;-37.238
58;104.668;-46.668000000000006
57;86.782;-29.781999999999996
56;86.272;-30.272000000000006
55;81.59;-26.590000000000003
54;89.062;-35.062
53;83.566;-30.566000000000003
52;77.094;-25.093999999999994
51;78.414;-27.414
50;88.196;-38.196
49;88.262;-39.262
48;84.544;-36.544
47;83.732;-36.732
46;82.718;-36.718
45;75.498;-30.498000000000005
44;74.572;-30.572000000000003
43;73.148;-30.147999999999996
42;72.76;-30.760000000000005
41;68.958;-27.958
40;70.572;-30.572000000000003
39;71.248;-32.248000000000005
38;64.2;-26.200000000000003
37;64.932;-27.932000000000002
36;60.152;-24.152
35;56.71;-21.71
34;54.842;-20.842
33;53.184;-20.183999999999997
32;50.35;-18.35
31;51.418;-20.418
30;47.728;-17.728
29;45.27;-16.270000000000003
28;42.038;-14.037999999999997
27;40.372;-13.372
26;41.556;-15.555999999999997
25;42.02;-17.020000000000003
24;37.576;-13.576
23;34.73;-11.729999999999997
22;35.91;-13.909999999999997
21;36.068;-15.067999999999998
20;32.08;-12.079999999999998
19;28.854;-9.854
18;29.64;-11.64
17;30.02;-13.02
16;28.68;-12.68
15;30.946;-15.946000000000002
14;28.732;-14.732
13;33.208;-20.208
12;31.114;-19.114
11;38.184;-27.183999999999997
10;29.538;-19.538
9;26.402;-17.402
8;34.184;-26.183999999999997
7;25.246;-18.246
6;31.222;-25.222
5;41.668;-36.668
4;34.678;-30.677999999999997
3;35.956;-32.956
2;35.776;-33.776
1;33.376;-32.376
0;33.548;-33.548
82;71.126;10.873999999999995
81;73.178;7.822000000000003
80;76.08;3.9200000000000017
79;74.702;4.298000000000002
78;75.27;2.730000000000004
77;75.554;1.445999999999998
76;75.896;0.1039999999999992
75;74.72;0.28000000000000114
74;73.528;0.4719999999999942
73;73.012;-0.012000000000000455
72;72.008;-0.007999999999995566
71;70.876;0.12399999999999523
70;69.738;0.26200000000000045
69;68.836;0.16400000000000148
68;67.97;0.030000000000001137
67;66.864;0.13599999999999568
66;66.036;-0.036000000000001364
65;65.032;-0.031999999999996476
64;64.014;-0.013999999999995794
63;63.018;-0.018000000000000682
62;61.988;0.012000000000000455
61;60.92;0.0799999999999983
60;60.082;-0.08200000000000074
59;59.038;-0.0379999999999967
58;58.02;-0.020000000000003126
57;56.81;0.18999999999999773
56;56.014;-0.014000000000002899
55;55.002;-0.0020000000000024443
54;53.994;0.006000000000000227
53;53.006;-0.006000000000000227
52;52.0;0.0
51;50.998;0.0020000000000024443
50;50.0;0.0
49;49.0;0.0
48;48.0;0.0
47;47.002;-0.0020000000000024443
46;46.004;-0.003999999999997783
45;45.0;0.0
44;44.0;0.0
43;43.0;0.0
42;42.0;0.0
41;41.002;-0.0020000000000024443
40;40.0;0.0
39;39.0;0.0
38;38.0;0.0
37;37.0;0.0
36;36.0;0.0
35;35.0;0.0
34;34.0;0.0
33;33.0;0.0
32;32.0;0.0
31;31.0;0.0
30;30.0;0.0
29;29.0;0.0
28;28.0;0.0
27;27.0;0.0
26;26.0;0.0
25;25.0;0.0
24;24.0;0.0
23;23.0;0.0
22;22.0;0.0
21;21.0;0.0
20;20.0;0.0
19;19.0;0.0
18;18.0;0.0
17;17.0;0.0
16;16.0;0.0
15;15.0;0.0
14;14.0;0.0
13;13.0;0.0
12;12.0;0.0
11;11.0;0.0
10;10.0;0.0
9;9.0;0.0
8;8.0;0.0
7;7.0;0.0
6;6.0;0.0
5;5.0;0.0
4;4.0;0.0
3;3.0;0.0
2;2.0;0.0
1;1.0;0.0
0;0.0;0.0
93;79.084;13.915999999999997
92;78.542;13.457999999999998
91;80.094;10.906000000000006
90;77.08;12.920000000000002
89;76.284;12.715999999999994
88;72.498;15.501999999999995
87;70.6;16.400000000000006
86;68.848;17.152
85;68.854;16.146
84;65.984;18.016000000000005
83;67.274;15.725999999999999
82;67.966;14.034000000000006
81;63.498;17.502000000000002
80;61.994;18.006
79;65.806;13.194000000000003
78;63.188;14.811999999999998
77;58.286;18.714
76;61.392;14.607999999999997
75;58.854;16.146
74;58.182;15.817999999999998
73;57.018;15.982
72;54.382;17.618000000000002
71;51.502;19.497999999999998
70;48.562;21.438000000000002
69;47.186;21.814
68;54.838;13.161999999999999
67;49.476;17.524
66;50.446;15.554000000000002
65;50.68;14.32
64;55.934;8.066000000000003
63;50.502;12.497999999999998
62;46.718;15.281999999999996
61;54.392;6.607999999999997
60;53.538;6.462000000000003
59;55.988;3.0120000000000005
58;55.938;2.0619999999999976
57;54.864;2.136000000000003
56;49.164;6.8359999999999985
55;51.594;3.405999999999999
54;54.482;-0.4819999999999993
53;52.068;0.9320000000000022
52;47.414;4.5859999999999985
51;48.684;2.3160000000000025
50;50.766;-0.7659999999999982
49;48.19;0.8100000000000023
48;49.398;-1.3980000000000032
47;51.042;-4.042000000000002
46;45.004;0.9960000000000022
45;51.08;-6.079999999999998
44;46.364;-2.363999999999997
43;49.922;-6.921999999999997
42;44.888;-2.887999999999998
41;41.838;-0.838000000000001
40;44.412;-4.411999999999999
39;43.306;-4.305999999999997
38;39.62;-1.6199999999999974
37;42.194;-5.194000000000003
36;35.212;0.7879999999999967
35;37.868;-2.868000000000002
34;37.232;-3.2319999999999993
33;36.2;-3.200000000000003
32;35.39;-3.3900000000000006
31;33.984;-2.9840000000000018
30;33.256;-3.2560000000000002
29;31.456;-2.4559999999999995
28;34.43;-6.43
27;29.336;-2.3359999999999985
26;26.804;-0.8039999999999985
25;27.466;-2.466000000000001
24;29.068;-5.068000000000001
23;35.168;-12.168
22;30.098;-8.097999999999999
21;32.714;-11.713999999999999
20;21.572;-1.5719999999999992
19;23.628;-4.628
18;22.174;-4.1739999999999995
17;32.408;-15.408000000000001
16;19.414;-3.4140000000000015
15;19.16;-4.16
14;20.876;-6.876000000000001
13;14.964;-1.9640000000000004
12;38.148;-26.148000000000003
11;13.668;-2.6679999999999993
10;12.47;-2.4700000000000006
9;16.652;-7.652000000000001
8;11.324;-3.324
7;31.004;-24.004
6;12.946;-6.946
5;20.052;-15.052
4;6.638;-2.638
3;10.198;-7.198
2;11.302;-9.302
1;23.444;-22.444
0;8.044;-8.044
99;89.818;9.182000000000002
98;89.422;8.578000000000003
97;89.78;7.219999999999999
96;89.58;6.420000000000002
95;88.448;6.552000000000007
94;86.2;7.799999999999997
93;85.322;7.677999999999997
92;83.812;8.188000000000002
91;84.238;6.7620000000000005
90;83.368;6.632000000000005
89;83.608;5.391999999999996
88;83.244;4.756
87;82.498;4.501999999999995
86;82.372;3.628
85;81.516;3.4839999999999947
84;81.54;2.4599999999999937
83;80.222;2.778000000000006
82;80.34;1.6599999999999966
81;79.592;1.4080000000000013
80;78.212;1.7879999999999967
79;77.166;1.8340000000000032
78;76.446;1.554000000000002
77;75.468;1.5319999999999965
76;72.806;3.1940000000000026
75;73.364;1.6359999999999957
74;72.686;1.313999999999993
73;71.804;1.195999999999998
72;69.884;2.1159999999999997
71;66.206;4.793999999999997
70;62.306;7.694000000000003
69;63.168;5.832000000000001
68;65.952;2.048000000000002
67;65.348;1.652000000000001
66;64.87;1.1299999999999955
65;63.686;1.314
64;60.312;3.6880000000000024
63;62.042;0.9579999999999984
62;61.14;0.8599999999999994
61;60.126;0.8740000000000023
60;59.368;0.6319999999999979
59;57.6;1.3999999999999986
58;57.368;0.6319999999999979
57;56.27;0.7299999999999969
56;54.608;1.392000000000003
55;54.762;0.23799999999999955
54;53.9;0.10000000000000142
53;52.566;0.4339999999999975
52;50.832;1.1679999999999993
51;50.082;0.9179999999999993
50;49.02;0.9799999999999969
49;48.504;0.4960000000000022
48;47.68;0.3200000000000003
47;46.098;0.902000000000001
46;45.166;0.8340000000000032
45;44.142;0.857999999999997
44;43.834;0.16599999999999682
43;42.748;0.25200000000000244
42;41.906;0.0940000000000012
41;40.554;0.44599999999999795
40;39.44;0.5600000000000023
39;38.158;0.8419999999999987
38;37.27;0.7299999999999969
37;36.406;0.5940000000000012
36;35.716;0.2839999999999989
35;35.226;-0.2259999999999991
34;34.876;-0.8759999999999977
33;33.362;-0.3620000000000019
32;31.858;0.14199999999999946
31;31.2;-0.1999999999999993
30;31.196;-1.1960000000000015
29;30.426;-1.4259999999999984
28;29.036;-1.0360000000000014
27;28.098;-1.097999999999999
26;26.278;-0.2779999999999987
25;25.862;-0.8619999999999983
24;24.806;-0.8060000000000009
23;23.132;-0.13200000000000145
22;21.584;0.41600000000000037
21;21.204;-0.20400000000000063
20;19.928;0.07199999999999918
19;18.786;0.21399999999999864
18;18.062;-0.062000000000001165
17;17.168;-0.16799999999999926
16;15.872;0.1280000000000001
15;15.338;-0.3379999999999992
14;15.196;-1.1959999999999997
13;13.778;-0.7780000000000005
12;11.748;0.25200000000000067
11;10.184;0.8160000000000007
10;9.582;0.41799999999999926
9;8.31;0.6899999999999995
8;8.27;-0.2699999999999996
7;7.984;-0.984
6;7.146;-1.146
5;6.852;-1.8520000000000003
4;8.902;-4.901999999999999
3;6.18;-3.1799999999999997
2;7.478;-5.478
1;6.744;-5.744
0;7.04;-7.04
99;79.32;19.680000000000007
98;73.228;24.772000000000006
97;92.036;4.963999999999999
96;92.504;3.495999999999995
95;89.28;5.719999999999999
94;91.202;2.798000000000002
93;90.706;2.293999999999997
92;90.68;1.3199999999999932
91;89.0;2.0
90;88.78;1.2199999999999989
89;88.564;0.43600000000000705
88;86.844;1.156000000000006
87;86.314;0.686000000000007
86;84.7;1.2999999999999972
85;83.774;1.225999999999999
84;83.1;0.9000000000000057
83;81.552;1.4479999999999933
82;80.69;1.3100000000000023
81;79.248;1.7519999999999953
80;78.738;1.2620000000000005
79;77.884;1.1159999999999997
78;76.77;1.230000000000004
77;75.666;1.3340000000000032
76;75.616;0.38400000000000034
75;74.04;0.9599999999999937
74;72.638;1.3619999999999948
73;75.054;-2.054000000000002
72;70.626;1.3739999999999952
71;69.154;1.8460000000000036
70;69.9;0.09999999999999432
69;67.152;1.847999999999999
68;66.896;1.1039999999999992
67;65.09;1.9099999999999966
66;64.786;1.2139999999999986
65;62.74;2.259999999999998
64;62.412;1.588000000000001
63;61.7;1.2999999999999972
62;61.724;0.27600000000000335
61;62.572;-1.5720000000000027
60;60.524;-0.5240000000000009
59;58.76;0.240000000000002
58;59.516;-1.5159999999999982
57;60.548;-3.548000000000002
56;56.22;-0.21999999999999886
55;54.812;0.1880000000000024
54;54.132;-0.1319999999999979
53;52.002;0.9979999999999976
52;51.472;0.5279999999999987
51;51.244;-0.24399999999999977
50;50.896;-0.8960000000000008
49;53.008;-4.008000000000003
48;51.28;-3.280000000000001
47;49.26;-2.259999999999998
46;49.24;-3.240000000000002
45;45.7;-0.7000000000000028
44;47.514;-3.514000000000003
43;45.438;-2.4380000000000024
42;49.516;-7.515999999999998
41;42.818;-1.8179999999999978
40;42.764;-2.764000000000003
39;45.602;-6.601999999999997
38;44.622;-6.622
37;40.132;-3.131999999999998
36;38.722;-2.7220000000000013
35;43.452;-8.451999999999998
34;41.978;-7.9780000000000015
33;43.93;-10.93
32;43.612;-11.612000000000002
31;49.15;-18.15
30;38.918;-8.918
29;47.28;-18.28
28;45.004;-17.003999999999998
27;42.02;-15.020000000000003
26;31.608;-5.6080000000000005
25;33.282;-8.281999999999996
24;36.114;-12.113999999999997
23;35.906;-12.905999999999999
22;32.062;-10.061999999999998
21;27.974;-6.974
20;26.846;-6.846
19;36.974;-17.973999999999997
18;37.878;-19.878
17;30.098;-13.097999999999999
16;27.358;-11.358
15;26.446;-11.446000000000002
14;24.1;-10.100000000000001
13;21.462;-8.462
12;19.272;-7.2719999999999985
11;15.72;-4.720000000000001
10;16.052;-6.052
9;26.532;-17.532
8;14.974;-6.974
7;18.108;-11.108
6;13.756;-7.756
5;15.112;-10.112
4;10.628;-6.628
3;10.872;-7.872
2;14.268;-12.268
1;17.334;-16.334
0;22.946;-22.946
99;77.68;21.319999999999993
98;92.006;5.994
97;97.566;-0.5660000000000025
96;91.39;4.609999999999999
95;96.476;-1.475999999999999
94;88.486;5.513999999999996
93;92.548;0.4519999999999982
92;94.436;-2.436000000000007
91;92.882;-1.882000000000005
90;96.118;-6.117999999999995
89;89.288;-0.2879999999999967
88;89.006;-1.0060000000000002
87;80.092;6.908000000000001
86;79.814;6.186000000000007
85;83.85;1.1500000000000057
84;82.98;1.019999999999996
83;79.108;3.891999999999996
82;84.524;-2.524000000000001
81;79.21;1.7900000000000063
80;77.818;2.182000000000002
79;73.472;5.528000000000006
78;76.458;1.5420000000000016
77;78.048;-1.0480000000000018
76;77.616;-1.6159999999999997
75;75.16;-0.1599999999999966
74;72.48;1.519999999999996
73;71.96;1.0400000000000063
72;70.13;1.8700000000000045
71;70.466;0.534000000000006
70;70.414;-0.4140000000000015
69;71.41;-2.4099999999999966
68;74.714;-6.713999999999999
67;69.062;-2.0619999999999976
66;78.096;-12.096000000000004
65;66.476;-1.475999999999999
64;67.924;-3.9240000000000066
63;78.894;-15.894000000000005
62;64.626;-2.6260000000000048
61;66.144;-5.1440000000000055
60;62.406;-2.405999999999999
59;61.334;-2.334000000000003
58;60.624;-2.6240000000000023
57;61.358;-4.357999999999997
56;63.836;-7.8359999999999985
55;60.514;-5.514000000000003
54;57.502;-3.5020000000000024
53;56.976;-3.975999999999999
52;54.784;-2.783999999999999
51;52.78;-1.7800000000000011
50;54.144;-4.143999999999998
49;53.726;-4.725999999999999
48;52.88;-4.880000000000003
47;50.308;-3.308
46;48.256;-2.2560000000000002
45;47.562;-2.5619999999999976
44;47.7;-3.700000000000003
43;47.464;-4.463999999999999
42;45.252;-3.2520000000000024
41;43.392;-2.392000000000003
40;41.948;-1.9480000000000004
39;42.34;-3.3400000000000034
38;40.098;-2.097999999999999
37;43.07;-6.07
36;46.468;-10.468000000000004
35;39.598;-4.597999999999999
34;40.154;-6.1540000000000035
33;39.914;-6.9140000000000015
32;37.126;-5.125999999999998
31;33.998;-2.9979999999999976
30;33.91;-3.9099999999999966
29;32.998;-3.9979999999999976
28;32.278;-4.277999999999999
27;38.252;-11.252000000000002
26;35.852;-9.851999999999997
25;30.298;-5.297999999999998
24;26.546;-2.5459999999999994
23;28.232;-5.231999999999999
22;25.624;-3.6239999999999988
21;30.966;-9.966000000000001
20;33.132;-13.131999999999998
19;23.978;-4.9780000000000015
18;22.94;-4.940000000000001
17;19.678;-2.678000000000001
16;17.472;-1.4720000000000013
15;17.098;-2.097999999999999
14;18.514;-4.513999999999999
13;17.562;-4.562000000000001
12;16.932;-4.931999999999999
11;27.918;-16.918
10;15.222;-5.2219999999999995
9;12.378;-3.378
8;10.808;-2.808
7;10.238;-3.2379999999999995
6;14.94;-8.94
5;13.34;-8.34
4;11.326;-7.3260000000000005
3;15.96;-12.96
2;25.096;-23.096
1;37.23;-36.23
0;50.932;-50.932
76;64.7;11.299999999999997
75;66.92;8.079999999999998
74;70.402;3.597999999999999
73;71.784;1.215999999999994
72;70.106;1.8940000000000055
71;69.932;1.0679999999999978
70;69.492;0.5079999999999956
69;67.958;1.0420000000000016
68;67.664;0.3359999999999985
67;66.494;0.5060000000000002
66;65.898;0.10200000000000387
65;64.906;0.09399999999999409
64;63.778;0.2220000000000013
63;62.94;0.060000000000002274
62;61.832;0.16799999999999926
61;60.95;0.04999999999999716
60;59.964;0.036000000000001364
59;58.99;0.00999999999999801
58;57.922;0.07800000000000296
57;57.052;-0.0519999999999996
56;56.004;-0.003999999999997783
55;54.996;0.003999999999997783
54;53.998;0.0020000000000024443
53;53.004;-0.003999999999997783
52;52.0;0.0
51;51.0;0.0
50;50.0;0.0
49;49.002;-0.0020000000000024443
48;48.0;0.0
47;47.0;0.0
46;46.0;0.0
45;45.0;0.0
44;44.0;0.0
43;43.0;0.0
42;42.0;0.0
41;41.0;0.0
40;40.0;0.0
39;39.0;0.0
38;38.0;0.0
37;37.0;0.0
36;36.0;0.0
35;35.0;0.0
34;34.0;0.0
33;33.0;0.0
32;32.0;0.0
31;31.0;0.0
30;30.0;0.0
29;29.0;0.0
28;28.0;0.0
27;27.0;0.0
26;26.0;0.0
25;25.0;0.0
24;24.0;0.0
23;23.0;0.0
22;22.0;0.0
21;21.0;0.0
20;20.0;0.0
19;19.0;0.0
18;18.0;0.0
17;17.0;0.0
16;16.0;0.0
15;15.0;0.0
14;14.0;0.0
13;13.0;0.0
12;12.0;0.0
11;11.0;0.0
10;10.0;0.0
9;9.0;0.0
8;8.0;0.0
7;7.0;0.0
6;6.0;0.0
5;5.0;0.0
4;4.0;0.0
3;3.0;0.0
2;2.0;0.0
1;1.0;0.0
0;0.0;0.0
40;59.76;-19.759999999999998
39;60.312;-21.311999999999998
38;59.276;-21.276000000000003
37;57.324;-20.323999999999998
36;57.324;-21.323999999999998
35;58.162;-23.162
34;55.046;-21.046
33;55.018;-22.018
32;55.174;-23.174
31;56.786;-25.786
30;52.844;-22.844
29;53.456;-24.456000000000003
28;51.22;-23.22
27;49.646;-22.646
26;48.262;-22.262
25;46.36;-21.36
24;42.574;-18.573999999999998
23;41.822;-18.822000000000003
22;43.444;-21.444000000000003
21;44.898;-23.898000000000003
20;40.38;-20.380000000000003
19;34.134;-15.134
18;21.178;-3.178000000000001
17;22.248;-5.248000000000001
16;19.882;-3.8820000000000014
15;18.27;-3.2699999999999996
14;16.324;-2.3240000000000016
13;13.782;-0.782
12;13.826;-1.8260000000000005
11;13.622;-2.622
10;8.012;1.9879999999999995
9;7.9;1.0999999999999996
8;8.618;-0.6180000000000003
7;10.054;-3.0540000000000003
6;5.36;0.6399999999999997
5;5.556;-0.556
4;6.622;-2.622
3;9.288;-6.288
2;8.434;-6.433999999999999
1;7.156;-6.156
0;9.78;-9.78
69;61.728;7.2719999999999985
68;58.938;9.061999999999998
67;59.328;7.671999999999997
66;60.242;5.758000000000003
65;66.112;-1.1119999999999948
64;65.182;-1.1820000000000022
63;63.824;-0.8239999999999981
62;62.458;-0.4579999999999984
61;62.218;-1.2180000000000035
60;60.95;-0.9500000000000028
59;59.82;-0.8200000000000003
58;58.53;-0.5300000000000011
57;57.176;-0.17600000000000193
56;56.464;-0.46399999999999864
55;54.808;0.19200000000000017
54;54.482;-0.4819999999999993
53;53.09;-0.09000000000000341
52;52.762;-0.7620000000000005
51;51.676;-0.6760000000000019
50;50.86;-0.8599999999999994
49;49.444;-0.4440000000000026
48;49.118;-1.118000000000002
47;47.806;-0.8059999999999974
46;47.164;-1.1640000000000015
45;46.108;-1.107999999999997
44;45.452;-1.4519999999999982
43;44.672;-1.671999999999997
42;43.174;-1.1739999999999995
41;41.434;-0.4339999999999975
40;32.32;7.68
39;35.664;3.3359999999999985
38;30.582;7.417999999999999
37;29.362;7.638000000000002
36;33.692;2.308
35;28.818;6.181999999999999
34;29.208;4.792000000000002
33;30.54;2.460000000000001
32;28.736;3.2639999999999993
31;27.752;3.248000000000001
30;34.596;-4.5959999999999965
29;30.984;-1.9840000000000018
28;27.598;0.402000000000001
27;31.1;-4.100000000000001
26;30.804;-4.8039999999999985
25;25.462;-0.46199999999999974
24;28.196;-4.1960000000000015
23;25.128;-2.128
22;23.864;-1.8640000000000008
21;22.94;-1.9400000000000013
20;20.158;-0.15800000000000125
19;19.31;-0.3099999999999987
18;19.372;-1.3719999999999999
17;18.572;-1.5719999999999992
16;16.25;-0.25
15;15.884;-0.8840000000000003
14;12.292;1.7080000000000002
13;11.108;1.8919999999999995
12;10.352;1.6479999999999997
11;9.56;1.4399999999999995
10;8.564;1.436
9;10.526;-1.5259999999999998
8;10.518;-2.5180000000000007
7;7.014;-0.014000000000000234
6;9.052;-3.0519999999999996
5;5.418;-0.41800000000000015
4;7.252;-3.252
3;9.074;-6.074
2;7.644;-5.644
1;6.622;-5.622
0;8.364;-8.364
69;65.46;3.5400000000000063
68;65.928;2.0720000000000027
67;66.3;0.7000000000000028
66;66.25;-0.25
65;66.456;-1.456000000000003
64;65.814;-1.813999999999993
63;65.288;-2.2879999999999967
62;64.202;-2.201999999999998
61;62.398;-1.3980000000000032
60;61.164;-1.1640000000000015
59;60.364;-1.3639999999999972
58;59.448;-1.4480000000000004
57;58.64;-1.6400000000000006
56;57.748;-1.7479999999999976
55;55.272;-0.27199999999999847
54;55.388;-1.3879999999999981
53;54.264;-1.264000000000003
52;53.312;-1.3119999999999976
51;51.7;-0.7000000000000028
50;50.904;-0.9040000000000035
49;50.036;-1.0360000000000014
48;49.16;-1.1599999999999966
47;47.814;-0.8140000000000001
46;46.77;-0.7700000000000031
45;45.906;-0.9059999999999988
44;44.532;-0.5319999999999965
43;44.396;-1.3960000000000008
42;43.074;-1.073999999999998
41;41.472;-0.4720000000000013
40;39.484;0.5159999999999982
39;37.264;1.735999999999997
38;35.99;2.009999999999998
37;36.266;0.7340000000000018
36;34.338;1.661999999999999
35;33.214;1.7860000000000014
34;34.16;-0.1599999999999966
33;32.294;0.7060000000000031
32;30.822;1.1780000000000008
31;30.198;0.8019999999999996
30;28.974;1.0259999999999998
29;27.92;1.0799999999999983
28;27.506;0.4939999999999998
27;25.136;1.8640000000000008
26;23.662;2.338000000000001
25;24.04;0.9600000000000009
24;22.94;1.0599999999999987
23;22.062;0.9379999999999988
22;21.45;0.5500000000000007
21;19.42;1.5799999999999983
20;17.642;2.3580000000000005
19;17.382;1.6179999999999986
18;18.266;-0.26599999999999824
17;15.55;1.4499999999999993
16;13.152;2.8480000000000008
15;12.268;2.7319999999999993
14;11.116;2.8840000000000003
13;10.316;2.6839999999999993
12;9.41;2.59
11;8.078;2.9220000000000006
10;10.2;-0.1999999999999993
9;9.792;-0.7919999999999998
8;9.962;-1.9619999999999997
7;11.38;-4.380000000000001
6;8.916;-2.9160000000000004
5;13.386;-8.386
4;11.924;-7.9239999999999995
3;9.488;-6.4879999999999995
2;10.374;-8.374
1;10.054;-9.054
0;10.358;-10.358
69;62.072;6.927999999999997
68;70.632;-2.632000000000005
67;71.238;-4.2379999999999995
66;71.984;-5.983999999999995
65;77.404;-12.403999999999996
64;73.806;-9.805999999999997
63;74.446;-11.445999999999998
62;71.72;-9.719999999999999
61;70.676;-9.676000000000002
60;69.396;-9.396
59;67.188;-8.188000000000002
58;65.554;-7.554000000000002
57;65.13;-8.129999999999995
56;63.262;-7.2620000000000005
55;62.402;-7.402000000000001
54;59.616;-5.616
53;59.064;-6.064
52;57.396;-5.396000000000001
51;56.722;-5.722000000000001
50;53.238;-3.2379999999999995
49;52.64;-3.6400000000000006
48;47.854;0.1460000000000008
47;47.224;-0.22399999999999665
46;49.26;-3.259999999999998
45;45.032;-0.031999999999996476
44;44.828;-0.828000000000003
43;44.334;-1.3340000000000032
42;45.972;-3.9720000000000013
41;46.802;-5.802
40;41.27;-1.2700000000000031
39;45.13;-6.130000000000003
38;45.352;-7.351999999999997
37;51.108;-14.107999999999997
36;52.806;-16.805999999999997
35;52.64;-17.64
34;59.412;-25.412
33;56.608;-23.607999999999997
32;50.5;-18.5
31;43.024;-12.024000000000001
30;50.722;-20.722
29;52.728;-23.728
28;50.062;-22.061999999999998
27;47.988;-20.988
26;44.274;-18.274
25;40.822;-15.822000000000003
24;38.626;-14.625999999999998
23;40.426;-17.426000000000002
22;35.496;-13.496000000000002
21;33.944;-12.944000000000003
20;39.892;-19.892000000000003
19;42.142;-23.142000000000003
18;41.414;-23.414
17;40.672;-23.671999999999997
16;40.024;-24.024
15;46.662;-31.662
14;47.18;-33.18
13;52.774;-39.774
12;87.136;-75.136
11;111.984;-100.984
10;116.314;-106.314
9;133.844;-124.844
8;143.746;-135.746
7;180.904;-173.904
6;169.786;-163.786
5;163.06;-158.06
4;116.332;-112.332
3;123.53;-120.53
2;120.174;-118.174
1;191.714;-190.714
0;187.552;-187.552
219;193.17;25.830000000000013
218;199.538;18.46199999999999
217;193.392;23.608000000000004
216;204.722;11.277999999999992
215;208.716;6.283999999999992
214;204.928;9.072000000000003
213;201.456;11.544000000000011
212;201.378;10.622000000000014
211;206.126;4.873999999999995
210;206.342;3.657999999999987
209;203.316;5.6839999999999975
208;202.592;5.407999999999987
207;202.324;4.675999999999988
206;201.18;4.819999999999993
205;199.08;5.9199999999999875
204;199.438;4.562000000000012
203;197.256;5.744
202;197.15;4.849999999999994
201;193.96;7.039999999999992
200;196.684;3.3160000000000025
199;194.218;4.782000000000011
198;194.33;3.6699999999999875
197;188.944;8.056000000000012
196;191.572;4.427999999999997
195;190.816;4.1839999999999975
194;187.254;6.746000000000009
193;183.388;9.611999999999995
192;179.858;12.141999999999996
191;170.644;20.355999999999995
190;132.028;57.97200000000001
189;154.388;34.611999999999995
188;165.09;22.909999999999997
187;157.45;29.55000000000001
186;167.308;18.692000000000007
185;162.044;22.95599999999999
184;163.854;20.145999999999987
183;156.452;26.548000000000002
182;158.21;23.789999999999992
181;161.664;19.336000000000013
180;167.662;12.337999999999994
179;167.816;11.183999999999997
178;159.062;18.937999999999988
177;167.788;9.211999999999989
176;162.54;13.460000000000008
175;167.912;7.087999999999994
174;161.714;12.286000000000001
173;166.252;6.7479999999999905
172;160.35;11.650000000000006
171;166.772;4.228000000000009
170;161.97;8.030000000000001
169;160.262;8.738
168;159.282;8.71799999999999
167;161.524;5.475999999999999
166;160.146;5.854000000000013
165;160.714;4.286000000000001
164;157.112;6.888000000000005
163;155.974;7.0260000000000105
162;157.796;4.204000000000008
161;153.278;7.722000000000008
160;153.426;6.574000000000012
159;151.386;7.614000000000004
158;152.562;5.437999999999988
157;144.696;12.304000000000002
156;150.82;5.180000000000007
155;150.69;4.310000000000002
154;145.354;8.645999999999987
153;142.554;10.445999999999998
152;144.2;7.800000000000011
151;146.714;4.286000000000001
150;143.462;6.538000000000011
149;143.744;5.256
148;140.94;7.060000000000002
147;135.69;11.310000000000002
146;130.62;15.379999999999995
145;135.172;9.828000000000003
144;129.194;14.806000000000012
143;130.192;12.807999999999993
142;128.094;13.906000000000006
141;128.7;12.300000000000011
140;127.15;12.849999999999994
139;121.178;17.822000000000003
138;111.858;26.141999999999996
137;110.18;26.819999999999993
136;102.194;33.806
135;100.498;34.501999999999995
134;102.292;31.708
133;95.374;37.626000000000005
132;86.744;45.256
131;81.874;49.126000000000005
130;85.732;44.268
129;77.176;51.824
128;80.606;47.394000000000005
127;82.1;44.900000000000006
126;83.122;42.878
125;88.678;36.322
124;87.524;36.476
123;77.73;45.269999999999996
122;76.444;45.556
121;82.022;38.977999999999994
120;78.666;41.334
119;76.874;42.126000000000005
118;81.074;36.926
117;84.49;32.510000000000005
116;79.026;36.974000000000004
115;80.838;34.162000000000006
114;77.464;36.536
113;76.582;36.418000000000006
112;75.474;36.525999999999996
111;75.784;35.215999999999994
110;71.426;38.574
109;67.446;41.554
108;69.434;38.566
107;70.118;36.882000000000005
106;77.724;28.275999999999996
105;93.03;11.969999999999999
104;97.226;6.774000000000001
103;102.576;0.4240000000000066
102;102.026;-0.02599999999999625
101;101.0;0.0
100;100.0;0.0
99;99.0;0.0
98;98.0;0.0
97;97.0;0.0
96;96.0;0.0
95;95.0;0.0
94;94.0;0.0
93;93.0;0.0
92;92.0;0.0
91;91.0;0.0
90;89.998;0.001999999999995339
89;89.0;0.0
88;88.0;0.0
87;87.0;0.0
86;86.0;0.0
85;85.0;0.0
84;84.0;0.0
83;83.0;0.0
82;82.0;0.0
81;81.0;0.0
80;80.0;0.0
79;79.0;0.0
78;78.0;0.0
77;77.0;0.0
76;76.0;0.0
75;75.0;0.0
74;74.0;0.0
73;73.0;0.0
72;72.0;0.0
71;71.0;0.0
70;70.0;0.0
69;69.0;0.0
68;68.0;0.0
67;67.0;0.0
66;66.0;0.0
65;65.0;0.0
64;64.0;0.0
63;63.0;0.0
62;62.0;0.0
61;61.0;0.0
60;60.0;0.0
59;59.0;0.0
58;58.0;0.0
57;57.0;0.0
56;56.0;0.0
55;55.0;0.0
54;54.0;0.0
53;53.0;0.0
52;52.0;0.0
51;51.0;0.0
50;50.0;0.0
49;49.0;0.0
48;48.0;0.0
47;47.0;0.0
46;46.0;0.0
45;45.0;0.0
44;44.0;0.0
43;43.0;0.0
42;42.0;0.0
41;41.0;0.0
40;40.0;0.0
39;39.0;0.0
38;38.0;0.0
37;37.0;0.0
36;36.0;0.0
35;35.0;0.0
34;34.0;0.0
33;33.0;0.0
32;32.0;0.0
31;31.0;0.0
30;30.0;0.0
29;29.0;0.0
28;28.0;0.0
27;27.0;0.0
26;26.0;0.0
25;25.0;0.0
24;24.0;0.0
23;23.0;0.0
22;22.0;0.0
21;21.0;0.0
20;20.0;0.0
19;19.0;0.0
18;18.0;0.0
17;17.0;0.0
16;16.0;0.0
15;15.0;0.0
14;14.0;0.0
13;13.0;0.0
12;12.0;0.0
11;11.0;0.0
10;10.0;0.0
9;9.0;0.0
8;8.0;0.0
7;7.0;0.0
6;6.0;0.0
5;5.0;0.0
4;4.0;0.0
3;3.0;0.0
2;2.0;0.0
1;1.0;0.0
0;0.0;0.0
82;54.938;27.061999999999998
81;57.622;23.378
80;57.406;22.594
79;56.91;22.090000000000003
78;56.112;21.887999999999998
77;54.49;22.509999999999998
76;59.08;16.92
75;55.442;19.558
74;54.85;19.15
73;55.268;17.732
72;54.998;17.002000000000002
71;53.304;17.695999999999998
70;52.594;17.406
69;58.42;10.579999999999998
68;57.878;10.122
67;56.778;10.222000000000001
66;55.538;10.462000000000003
65;52.596;12.404000000000003
64;51.072;12.927999999999997
63;55.01;7.990000000000002
62;54.134;7.866
61;54.168;6.832000000000001
60;52.366;7.634
59;53.634;5.366
58;52.64;5.359999999999999
57;53.288;3.7120000000000033
56;49.922;6.078000000000003
55;52.82;2.1799999999999997
54;50.496;3.503999999999998
53;50.112;2.887999999999998
52;48.178;3.8220000000000027
51;50.852;0.14800000000000324
50;48.69;1.3100000000000023
49;49.588;-0.588000000000001
48;48.84;-0.8400000000000034
47;47.03;-0.030000000000001137
46;47.266;-1.2659999999999982
45;47.304;-2.304000000000002
44;46.106;-2.1060000000000016
43;45.76;-2.759999999999998
42;43.994;-1.9939999999999998
41;43.898;-2.8980000000000032
40;41.084;-1.0840000000000032
39;39.4;-0.3999999999999986
38;37.62;0.38000000000000256
37;36.684;0.3160000000000025
36;35.748;0.25200000000000244
35;34.704;0.2959999999999994
34;33.944;0.055999999999997385
33;32.456;0.5439999999999969
32;31.402;0.597999999999999
31;30.892;0.10800000000000054
30;29.796;0.20400000000000063
29;28.812;0.18799999999999883
28;27.26;0.7399999999999984
27;26.178;0.8219999999999992
26;25.112;0.8880000000000017
25;24.508;0.4920000000000009
24;24.392;-0.39199999999999946
23;23.084;-0.08399999999999963
22;25.018;-3.0180000000000007
21;23.412;-2.411999999999999
20;20.118;-0.11799999999999855
19;22.728;-3.7280000000000015
18;25.99;-7.989999999999998
17;16.688;0.31200000000000117
16;16.7;-0.6999999999999993
15;17.896;-2.896000000000001
14;19.024;-5.024000000000001
13;30.048;-17.048
12;20.352;-8.352
11;24.19;-13.190000000000001
10;17.196;-7.1960000000000015
9;23.44;-14.440000000000001
8;21.75;-13.75
7;20.85;-13.850000000000001
6;25.51;-19.51
5;22.72;-17.72
4;17.192;-13.192
3;17.566;-14.565999999999999
2;16.056;-14.056000000000001
1;22.456;-21.456
0;23.022;-23.022
99;80.786;18.214
98;89.968;8.031999999999996
97;91.494;5.506
96;90.344;5.656000000000006
95;87.73;7.269999999999996
94;88.566;5.4339999999999975
93;87.414;5.5859999999999985
92;84.302;7.697999999999993
91;84.756;6.244
90;86.422;3.578000000000003
89;84.804;4.195999999999998
88;84.674;3.3259999999999934
87;84.17;2.8299999999999983
86;83.38;2.6200000000000045
85;81.602;3.397999999999996
84;81.74;2.260000000000005
83;80.368;2.632000000000005
82;79.52;2.480000000000004
81;78.894;2.1059999999999945
80;78.422;1.578000000000003
79;76.432;2.567999999999998
78;75.87;2.1299999999999955
77;74.62;2.3799999999999955
76;73.884;2.1159999999999997
75;73.034;1.965999999999994
74;72.058;1.941999999999993
73;70.406;2.593999999999994
72;68.494;3.5060000000000002
71;66.45;4.549999999999997
70;63.782;6.2180000000000035
69;63.62;5.380000000000003
68;62.892;5.107999999999997
67;62.554;4.445999999999998
66;62.794;3.206000000000003
65;62.996;2.003999999999998
64;63.478;0.5219999999999985
63;62.168;0.8320000000000007
62;60.026;1.9739999999999966
61;59.93;1.0700000000000003
60;59.512;0.48799999999999955
59;57.152;1.847999999999999
58;56.812;1.1880000000000024
57;56.592;0.40800000000000125
56;52.144;3.8560000000000016
55;51.566;3.4339999999999975
54;51.954;2.0459999999999994
53;50.358;2.642000000000003
52;49.41;2.5900000000000034
51;50.32;0.6799999999999997
50;49.99;0.00999999999999801
49;47.642;1.357999999999997
48;47.866;0.13400000000000034
47;45.146;1.8539999999999992
46;44.338;1.661999999999999
45;43.588;1.411999999999999
44;43.056;0.9440000000000026
43;42.3;0.7000000000000028
42;41.686;0.31400000000000006
41;40.974;0.026000000000003354
40;40.17;-0.1700000000000017
39;39.28;-0.28000000000000114
38;38.184;-0.1839999999999975
37;37.798;-0.7980000000000018
36;37.27;-1.2700000000000031
35;36.232;-1.2319999999999993
34;35.63;-1.6300000000000026
33;34.334;-1.3340000000000032
32;33.64;-1.6400000000000006
31;33.972;-2.9720000000000013
30;32.42;-2.4200000000000017
29;30.916;-1.9160000000000004
28;29.846;-1.846
27;28.782;-1.782
26;29.146;-3.146000000000001
25;27.76;-2.7600000000000016
24;28.34;-4.34
23;26.824;-3.8240000000000016
22;25.564;-3.564
21;25.858;-4.8580000000000005
20;24.888;-4.888000000000002
19;24.698;-5.698
18;24.324;-6.324000000000002
17;23.532;-6.532
16;21.776;-5.776
15;19.706;-4.7059999999999995
14;21.034;-7.033999999999999
13;21.036;-8.036000000000001
12;18.014;-6.013999999999999
11;17.282;-6.282
10;18.2;-8.2
9;23.958;-14.957999999999998
8;20.136;-12.136
7;21.708;-14.707999999999998
6;20.34;-14.34
5;21.132;-16.132
4;19.63;-15.629999999999999
3;16.038;-13.038
2;15.918;-13.918
1;16.93;-15.93
0;17.366;-17.366
99;80.1;18.900000000000006
98;86.494;11.506
97;90.398;6.602000000000004
96;91.492;4.507999999999996
95;91.936;3.063999999999993
94;91.014;2.986000000000004
93;95.12;-2.1200000000000045
92;89.794;2.206000000000003
91;88.302;2.6979999999999933
90;89.14;0.8599999999999994
89;86.486;2.513999999999996
88;86.918;1.0819999999999936
87;87.344;-0.3439999999999941
86;84.034;1.965999999999994
85;82.922;2.078000000000003
84;83.718;0.2819999999999965
83;81.194;1.8059999999999974
82;81.424;0.5759999999999934
81;79.876;1.1239999999999952
80;80.754;-0.7540000000000049
79;77.978;1.0220000000000056
78;77.384;0.6159999999999997
77;76.438;0.5619999999999976
76;75.05;0.9500000000000028
75;74.854;0.1460000000000008
74;73.702;0.2980000000000018
73;72.754;0.2459999999999951
72;71.45;0.5499999999999972
71;72.192;-1.191999999999993
70;57.116;12.884
69;61.398;7.601999999999997
68;64.702;3.298000000000002
67;64.74;2.260000000000005
66;62.814;3.186
65;62.018;2.9819999999999993
64;61.074;2.926000000000002
63;59.814;3.186
62;59.052;2.9480000000000004
61;58.754;2.246000000000002
60;57.102;2.8980000000000032
59;57.26;1.740000000000002
58;56.1;1.8999999999999986
57;55.174;1.8260000000000005
56;54.46;1.5399999999999991
55;52.704;2.2959999999999994
54;51.596;2.4040000000000035
53;52.494;0.5060000000000002
52;50.954;1.0459999999999994
51;50.334;0.6659999999999968
50;47.89;2.1099999999999994
49;48.572;0.42799999999999727
48;47.508;0.49199999999999733
47;46.532;0.4680000000000035
46;45.752;0.24799999999999756
45;45.508;-0.5080000000000027
44;47.37;-3.3699999999999974
43;47.796;-4.795999999999999
42;44.03;-2.030000000000001
41;42.726;-1.725999999999999
40;40.618;-0.6180000000000021
39;38.496;0.5039999999999978
38;38.844;-0.8440000000000012
37;40.278;-3.2779999999999987
36;38.934;-2.9339999999999975
35;39.298;-4.298000000000002
34;36.47;-2.469999999999999
33;35.028;-2.0279999999999987
32;35.264;-3.264000000000003
31;35.756;-4.756
30;34.476;-4.475999999999999
29;33.512;-4.5120000000000005
28;31.194;-3.193999999999999
27;28.408;-1.4080000000000013
26;29.02;-3.0199999999999996
25;26.066;-1.065999999999999
24;32.316;-8.316000000000003
23;30.51;-7.510000000000002
22;26.038;-4.038
21;35.7;-14.700000000000003
20;32.11;-12.11
19;26.152;-7.152000000000001
18;22.016;-4.015999999999998
17;24.124;-7.123999999999999
16;24.286;-8.286000000000001
15;23.21;-8.21
14;20.134;-6.134
13;23.202;-10.202000000000002
12;16.286;-4.286000000000001
11;24.0;-13.0
10;21.146;-11.146
9;15.592;-6.5920000000000005
8;25.274;-17.274
7;20.978;-13.978000000000002
6;16.512;-10.512
5;26.978;-21.978
4;15.58;-11.58
3;16.78;-13.780000000000001
2;14.016;-12.016
1;18.906;-17.906
0;23.614;-23.614
99;98.242;0.7579999999999956
98;111.448;-13.447999999999993
97;104.642;-7.641999999999996
96;102.988;-6.9879999999999995
95;99.238;-4.2379999999999995
94;98.104;-4.103999999999999
93;97.262;-4.2620000000000005
92;94.254;-2.254000000000005
91;94.768;-3.7680000000000007
90;92.146;-2.146000000000001
89;93.248;-4.248000000000005
88;90.906;-2.906000000000006
87;90.248;-3.2480000000000047
86;91.748;-5.748000000000005
85;87.844;-2.843999999999994
84;87.394;-3.3940000000000055
83;88.51;-5.510000000000005
82;86.34;-4.340000000000003
81;83.498;-2.4980000000000047
80;84.146;-4.146000000000001
79;81.634;-2.6340000000000003
78;79.776;-1.7759999999999962
77;79.308;-2.308000000000007
76;77.314;-1.313999999999993
75;75.952;-0.9519999999999982
74;76.242;-2.2420000000000044
73;74.116;-1.1159999999999997
72;75.746;-3.745999999999995
71;78.14;-7.140000000000001
70;82.944;-12.944000000000003
69;78.702;-9.701999999999998
68;72.504;-4.504000000000005
67;72.852;-5.852000000000004
66;69.216;-3.215999999999994
65;69.354;-4.353999999999999
64;68.614;-4.614000000000004
63;67.848;-4.847999999999999
62;65.148;-3.147999999999996
61;66.622;-5.622
60;62.478;-2.4780000000000015
59;60.284;-1.283999999999999
58;60.586;-2.5859999999999985
57;59.77;-2.770000000000003
56;57.106;-1.1060000000000016
55;57.226;-2.225999999999999
54;55.416;-1.4159999999999968
53;54.682;-1.6820000000000022
52;53.086;-1.0859999999999985
51;51.972;-0.9720000000000013
50;50.942;-0.9420000000000002
49;50.182;-1.1820000000000022
48;49.312;-1.3119999999999976
47;48.322;-1.3220000000000027
46;46.622;-0.6219999999999999
45;45.746;-0.7460000000000022
44;44.488;-0.48799999999999955
43;43.758;-0.7580000000000027
42;41.794;0.20600000000000307
41;41.31;-0.3100000000000023
40;39.574;0.42600000000000193
39;38.774;0.2259999999999991
38;38.07;-0.07000000000000028
37;36.796;0.20400000000000063
36;35.85;0.14999999999999858
35;34.856;0.14399999999999835
34;34.69;-0.6899999999999977
33;32.828;0.17199999999999704
32;32.13;-0.13000000000000256
31;30.626;0.3739999999999988
30;29.928;0.07199999999999918
29;28.67;0.3299999999999983
28;27.734;0.26599999999999824
27;27.158;-0.15800000000000125
26;25.862;0.13800000000000168
25;24.826;0.1739999999999995
24;23.428;0.5719999999999992
23;22.638;0.3619999999999983
22;21.348;0.652000000000001
21;20.642;0.35800000000000054
20;20.144;-0.14399999999999835
19;23.69;-4.690000000000001
18;21.134;-3.1340000000000003
17;19.192;-2.192
16;15.97;0.02999999999999936
15;16.724;-1.7240000000000002
14;17.864;-3.8640000000000008
13;14.906;-1.9060000000000006
12;11.906;0.09399999999999942
11;11.464;-0.4640000000000004
10;12.064;-2.064
9;9.666;-0.6660000000000004
8;9.034;-1.0340000000000007
7;8.206;-1.2059999999999995
6;5.616;0.38400000000000034
5;5.84;-0.8399999999999999
4;5.414;-1.4139999999999997
3;4.322;-1.322
2;3.23;-1.23
1;3.978;-2.978
0;5.804;-5.804
87;83.858;3.141999999999996
86;85.368;0.632000000000005
85;84.754;0.2459999999999951
84;83.92;0.0799999999999983
83;82.886;0.11400000000000432
82;81.856;0.14400000000000546
81;81.006;-0.006000000000000227
80;79.704;0.2960000000000065
79;78.53;0.46999999999999886
78;77.84;0.1599999999999966
77;77.0;0.0
76;76.018;-0.018000000000000682
75;74.844;0.1560000000000059
74;72.93;1.0699999999999932
73;72.998;0.001999999999995339
72;72.01;-0.010000000000005116
71;70.84;0.1599999999999966
70;69.874;0.12600000000000477
69;69.002;-0.001999999999995339
68;67.848;0.15200000000000102
67;66.998;0.001999999999995339
66;65.998;0.001999999999995339
65;65.006;-0.006000000000000227
64;63.988;0.012000000000000455
63;62.984;0.015999999999998238
62;61.986;0.014000000000002899
61;60.982;0.018000000000000682
60;59.982;0.018000000000000682
59;59.32;-0.3200000000000003
58;57.586;0.4140000000000015
57;57.33;-0.3299999999999983
56;55.82;0.17999999999999972
55;55.082;-0.08200000000000074
54;54.006;-0.006000000000000227
53;53.0;0.0
52;52.018;-0.018000000000000682
51;51.0;0.0
50;50.0;0.0
49;49.0;0.0
48;47.998;0.0020000000000024443
47;47.018;-0.018000000000000682
46;46.0;0.0
45;45.0;0.0
44;44.0;0.0
43;43.0;0.0
42;42.0;0.0
41;41.0;0.0
40;40.0;0.0
39;39.0;0.0
38;38.0;0.0
37;37.0;0.0
36;36.0;0.0
35;35.0;0.0
34;34.0;0.0
33;33.0;0.0
32;32.0;0.0
31;31.0;0.0
30;30.0;0.0
29;29.0;0.0
28;28.0;0.0
27;27.0;0.0
26;26.0;0.0
25;25.0;0.0
24;24.0;0.0
23;23.0;0.0
22;22.0;0.0
21;21.0;0.0
20;20.0;0.0
19;19.0;0.0
18;18.0;0.0
17;17.0;0.0
16;16.0;0.0
15;15.0;0.0
14;14.0;0.0
13;13.0;0.0
12;12.0;0.0
11;11.0;0.0
10;10.0;0.0
9;9.0;0.0
8;8.0;0.0
7;7.0;0.0
6;6.0;0.0
5;5.0;0.0
4;4.0;0.0
3;3.0;0.0
2;2.0;0.0
1;1.0;0.0
0;0.0;0.0
28;65.274;-37.274
27;57.006;-30.006
26;58.124;-32.124
25;51.886;-26.886000000000003
24;50.73;-26.729999999999997
23;48.178;-25.177999999999997
22;42.608;-20.607999999999997
21;40.878;-19.878
20;33.376;-13.375999999999998
19;33.332;-14.332
18;28.446;-10.446000000000002
17;33.312;-16.311999999999998
16;24.554;-8.553999999999998
15;28.662;-13.661999999999999
14;22.88;-8.879999999999999
13;19.656;-6.655999999999999
12;15.274;-3.273999999999999
11;14.536;-3.5359999999999996
10;12.154;-2.154
9;9.95;-0.9499999999999993
8;10.966;-2.9659999999999993
7;8.242;-1.2420000000000009
6;8.78;-2.7799999999999994
5;10.348;-5.348000000000001
4;9.884;-5.884
3;10.34;-7.34
2;10.774;-8.774
1;8.058;-7.058
0;9.338;-9.338
57;49.464;7.536000000000001
56;53.186;2.814
55;53.272;1.7280000000000015
54;54.128;-0.1280000000000001
53;53.498;-0.49799999999999756
52;52.766;-0.7659999999999982
51;52.45;-1.4500000000000028
50;51.262;-1.2620000000000005
49;50.374;-1.3740000000000023
48;49.622;-1.6219999999999999
47;49.426;-2.426000000000002
46;47.92;-1.9200000000000017
45;46.514;-1.514000000000003
44;45.68;-1.6799999999999997
43;45.152;-2.152000000000001
42;46.316;-4.3160000000000025
41;45.736;-4.735999999999997
40;45.268;-5.268000000000001
39;43.712;-4.712000000000003
38;42.43;-4.43
37;41.4;-4.399999999999999
36;37.662;-1.661999999999999
35;36.606;-1.6060000000000016
34;34.62;-0.6199999999999974
33;33.38;-0.38000000000000256
32;33.078;-1.078000000000003
31;32.804;-1.804000000000002
30;32.702;-2.701999999999998
29;29.268;-0.2680000000000007
28;15.926;12.074
27;14.828;12.172
26;13.91;12.09
25;12.714;12.286
24;13.298;10.702
23;11.474;11.526
22;10.31;11.69
21;9.316;11.684
20;8.134;11.866
19;8.13;10.87
18;8.464;9.536
17;6.396;10.604
16;7.166;8.834
15;6.4;8.6
14;6.31;7.69
13;6.97;6.03
12;6.324;5.676
11;6.388;4.612
10;6.64;3.3600000000000003
9;6.384;2.6159999999999997
8;6.268;1.7320000000000002
7;6.872;0.1280000000000001
6;7.252;-1.2519999999999998
5;7.312;-2.3120000000000003
4;7.332;-3.332
3;6.408;-3.4080000000000004
2;6.238;-4.238
1;6.02;-5.02
0;5.866;-5.866
57;42.736;14.264000000000003
56;48.442;7.558
55;51.55;3.450000000000003
54;59.908;-5.908000000000001
53;60.908;-7.908000000000001
52;59.304;-7.304000000000002
51;60.794;-9.793999999999997
50;59.958;-9.957999999999998
49;59.87;-10.869999999999997
48;59.848;-11.847999999999999
47;58.08;-11.079999999999998
46;58.51;-12.509999999999998
45;57.48;-12.479999999999997
44;56.87;-12.869999999999997
43;56.288;-13.287999999999997
42;55.742;-13.741999999999997
41;54.972;-13.972000000000001
40;56.252;-16.252000000000002
39;54.788;-15.787999999999997
38;55.798;-17.798000000000002
37;52.78;-15.780000000000001
36;43.17;-7.170000000000002
35;41.476;-6.475999999999999
34;39.568;-5.567999999999998
33;38.276;-5.276000000000003
32;37.882;-5.881999999999998
31;36.476;-5.475999999999999
30;37.962;-7.962000000000003
29;44.222;-15.222000000000001
28;57.684;-29.683999999999997
27;55.718;-28.718000000000004
26;55.222;-29.222
25;53.662;-28.662
24;49.284;-25.284
23;46.218;-23.218000000000004
22;49.964;-27.964
21;46.91;-25.909999999999997
20;36.77;-16.770000000000003
19;31.864;-12.864
18;37.588;-19.588
17;36.612;-19.612000000000002
16;22.546;-6.545999999999999
15;20.004;-5.004000000000001
14;15.364;-1.3640000000000008
13;17.86;-4.859999999999999
12;13.24;-1.2400000000000002
11;9.782;1.218
10;7.596;2.404
9;7.916;1.0839999999999996
8;8.302;-0.3019999999999996
7;7.202;-0.20199999999999996
6;7.224;-1.2240000000000002
5;7.406;-2.4059999999999997
4;8.13;-4.130000000000001
3;8.706;-5.7059999999999995
2;9.42;-7.42
1;5.878;-4.878
0;6.748;-6.748
57;39.204;17.796
56;42.014;13.985999999999997
55;46.188;8.811999999999998
54;48.824;5.176000000000002
53;49.456;3.543999999999997
52;51.692;0.30799999999999983
51;51.928;-0.9279999999999973
50;51.47;-1.4699999999999989
49;50.15;-1.1499999999999986
48;49.538;-1.5379999999999967
47;49.146;-2.146000000000001
46;47.798;-1.7980000000000018
45;47.336;-2.3359999999999985
44;46.45;-2.450000000000003
43;45.634;-2.6340000000000003
42;44.626;-2.6259999999999977
41;43.902;-2.902000000000001
40;43.32;-3.3200000000000003
39;42.696;-3.695999999999998
38;42.306;-4.305999999999997
37;41.242;-4.241999999999997
36;41.992;-5.991999999999997
35;42.364;-7.363999999999997
34;49.298;-15.298000000000002
33;53.466;-20.466
32;52.338;-20.338
31;67.388;-36.388000000000005
30;61.136;-31.136000000000003
29;55.4;-26.4
28;38.822;-10.822000000000003
27;33.886;-6.886000000000003
26;34.564;-8.564
25;24.124;0.8760000000000012
24;24.958;-0.9579999999999984
23;21.412;1.588000000000001
22;23.552;-1.5519999999999996
21;24.812;-3.812000000000001
20;20.974;-0.9740000000000002
19;22.524;-3.524000000000001
18;22.766;-4.765999999999998
17;23.402;-6.402000000000001
16;30.468;-14.468
15;27.92;-12.920000000000002
14;30.082;-16.082
13;29.268;-16.268
12;27.964;-15.963999999999999
11;82.502;-71.502
10;98.564;-88.564
9;99.504;-90.504
8;64.738;-56.738
7;34.608;-27.607999999999997
6;80.492;-74.492
5;207.706;-202.706
4;218.23;-214.23
3;134.144;-131.144
2;221.41;-219.41
1;145.658;-144.658
0;128.658;-128.658
267;156.484;110.51599999999999
266;193.594;72.406
265;166.968;98.03200000000001
264;179.268;84.732
263;199.206;63.79400000000001
262;213.474;48.52600000000001
261;219.48;41.52000000000001
260;220.118;39.882000000000005
259;209.25;49.75
258;203.424;54.57599999999999
257;202.242;54.75800000000001
256;204.126;51.873999999999995
255;205.928;49.072
254;202.76;51.24000000000001
253;201.146;51.85400000000001
252;196.824;55.17599999999999
251;189.788;61.21199999999999
250;196.128;53.872000000000014
249;203.226;45.774
248;200.852;47.147999999999996
247;196.486;50.51400000000001
246;203.8;42.19999999999999
245;189.564;55.43600000000001
244;180.648;63.352000000000004
243;196.79;46.21000000000001
242;184.056;57.94399999999999
241;207.524;33.476
240;216.906;23.093999999999994
239;216.698;22.301999999999992
238;72.43;165.57
237;47.768;189.232
236;49.628;186.372
235;57.38;177.62
234;63.854;170.14600000000002
233;79.21;153.79000000000002
232;96.424;135.576
231;84.726;146.274
230;79.634;150.36599999999999
229;111.014;117.986
228;133.422;94.578
227;185.436;41.56399999999999
226;206.71;19.289999999999992
225;212.75;12.25
224;202.732;21.268
223;208.364;14.635999999999996
222;213.93;8.069999999999993
221;214.706;6.294000000000011
220;211.936;8.063999999999993
219;213.826;5.174000000000007
218;210.142;7.858000000000004
217;210.102;6.897999999999996
216;212.984;3.015999999999991
215;210.088;4.912000000000006
214;209.784;4.216000000000008
213;206.912;6.087999999999994
212;201.192;10.807999999999993
211;203.906;7.093999999999994
210;195.844;14.156000000000006
209;198.702;10.298000000000002
208;197.284;10.716000000000008
207;191.512;15.488
206;193.63;12.370000000000005
205;187.81;17.189999999999998
204;182.912;21.087999999999994
203;166.378;36.622000000000014
202;183.012;18.988
201;181.564;19.436000000000007
200;179.534;20.466000000000008
199;170.654;28.346000000000004
198;166.612;31.388000000000005
197;170.502;26.49799999999999
196;164.024;31.976
195;168.4;26.599999999999994
194;148.286;45.714
193;95.482;97.518
192;151.896;40.10400000000001
191;122.548;68.452
190;85.56;104.44
189;103.254;85.746
188;70.75;117.25
187;54.104;132.89600000000002
186;59.496;126.50399999999999
185;45.158;139.84199999999998
184;46.14;137.86
183;44.358;138.642
182;48.496;133.504
181;49.616;131.38400000000001
180;56.15;123.85
179;56.13;122.87
178;58.816;119.184
177;72.484;104.516
176;86.304;89.696
175;92.7;82.3
174;95.104;78.896
173;96.298;76.702
172;94.816;77.184
171;111.276;59.724000000000004
170;123.378;46.622
169;143.992;25.00800000000001
168;152.304;15.695999999999998
167;159.406;7.593999999999994
166;160.048;5.951999999999998
165;161.118;3.882000000000005
164;159.736;4.26400000000001
163;160.526;2.4739999999999895
162;160.028;1.9720000000000084
161;157.586;3.4139999999999873
160;157.192;2.8079999999999927
159;157.484;1.5159999999999911
158;153.974;4.0260000000000105
157;154.898;2.102000000000004
156;154.694;1.3060000000000116
155;152.718;2.2820000000000107
154;154.09;-0.09000000000000341
153;152.744;0.2560000000000002
152;152.122;-0.1220000000000141
151;150.716;0.2839999999999918
150;150.006;-0.006000000000000227
149;149.002;-0.0020000000000095497
148;148.002;-0.0020000000000095497
147;147.002;-0.0020000000000095497
146;145.998;0.0020000000000095497
145;145.002;-0.0020000000000095497
144;144.004;-0.003999999999990678
143;143.0;0.0
142;142.0;0.0
141;141.0;0.0
140;140.0;0.0
139;139.0;0.0
138;138.0;0.0
137;137.004;-0.003999999999990678
136;135.728;0.27199999999999136
135;134.732;0.2680000000000007
134;133.732;0.2680000000000007
133;133.002;-0.0020000000000095497
132;131.998;0.0020000000000095497
131;131.002;-0.0020000000000095497
130;130.0;0.0
129;129.0;0.0
128;128.0;0.0
127;127.0;0.0
126;126.002;-0.001999999999995339
125;125.0;0.0
124;123.998;0.001999999999995339
123;123.0;0.0
122;122.0;0.0
121;120.998;0.001999999999995339
120;119.996;0.0040000000000048885
119;119.002;-0.001999999999995339
118;118.0;0.0
117;117.0;0.0
116;116.0;0.0
115;115.0;0.0
114;113.996;0.0040000000000048885
113;113.002;-0.001999999999995339
112;112.0;0.0
111;110.994;0.006000000000000227
110;109.994;0.006000000000000227
109;108.996;0.0040000000000048885
108;107.792;0.2079999999999984
107;106.788;0.2120000000000033
106;106.002;-0.001999999999995339
105;104.99;0.010000000000005116
104;103.588;0.41200000000000614
103;102.794;0.20600000000000307
102;102.024;-0.02400000000000091
101;101.006;-0.006000000000000227
100;99.996;0.0040000000000048885
99;98.82;0.18000000000000682
98;98.008;-0.007999999999995566
97;96.814;0.18600000000000705
96;95.998;0.001999999999995339
95;95.0;0.0
94;94.0;0.0
93;93.0;0.0
92;91.994;0.006000000000000227
91;91.0;0.0
90;90.002;-0.001999999999995339
89;89.0;0.0
88;87.998;0.001999999999995339
87;87.002;-0.001999999999995339
86;86.0;0.0
85;85.0;0.0
84;84.0;0.0
83;83.0;0.0
82;82.0;0.0
81;81.0;0.0
80;80.0;0.0
79;79.0;0.0
78;78.0;0.0
77;77.0;0.0
76;76.0;0.0
75;75.0;0.0
74;74.0;0.0
73;73.0;0.0
72;72.0;0.0
71;71.0;0.0
70;70.0;0.0
69;69.0;0.0
68;68.0;0.0
67;67.0;0.0
66;66.0;0.0
65;65.0;0.0
64;64.0;0.0
63;63.0;0.0
62;62.0;0.0
61;61.0;0.0
60;60.0;0.0
59;59.0;0.0
58;58.0;0.0
57;57.0;0.0
56;56.0;0.0
55;55.0;0.0
54;54.0;0.0
53;53.0;0.0
52;52.0;0.0
51;51.0;0.0
50;50.0;0.0
49;49.0;0.0
48;48.0;0.0
47;47.0;0.0
46;46.0;0.0
45;45.0;0.0
44;44.0;0.0
43;43.0;0.0
42;42.0;0.0
41;41.0;0.0
40;40.0;0.0
39;39.0;0.0
38;38.0;0.0
37;37.0;0.0
36;36.0;0.0
35;35.0;0.0
34;34.0;0.0
33;33.0;0.0
32;32.0;0.0
31;31.0;0.0
30;30.0;0.0
29;29.0;0.0
28;28.0;0.0
27;27.0;0.0
26;26.0;0.0
25;25.0;0.0
24;24.0;0.0
23;23.0;0.0
22;22.0;0.0
21;21.0;0.0
20;20.0;0.0
19;19.0;0.0
18;18.0;0.0
17;17.0;0.0
16;16.0;0.0
15;15.0;0.0
14;14.0;0.0
13;13.0;0.0
12;12.0;0.0
11;11.0;0.0
10;10.0;0.0
9;9.0;0.0
8;8.0;0.0
7;7.0;0.0
6;6.0;0.0
5;5.0;0.0
4;4.0;0.0
3;3.0;0.0
2;2.0;0.0
1;1.0;0.0
0;0.0;0.0
85;72.954;12.046000000000006
84;72.412;11.587999999999994
83;73.606;9.394000000000005
82;73.462;8.537999999999997
81;71.912;9.087999999999994
80;73.684;6.3160000000000025
79;71.298;7.701999999999998
78;72.09;5.909999999999997
77;67.034;9.965999999999994
76;65.144;10.855999999999995
75;60.616;14.384
74;59.772;14.228000000000002
73;62.788;10.212000000000003
72;60.666;11.334000000000003
71;56.864;14.136000000000003
70;57.528;12.472000000000001
69;56.434;12.566000000000003
68;58.312;9.688000000000002
67;59.154;7.8459999999999965
66;58.744;7.256
65;58.96;6.039999999999999
64;58.176;5.823999999999998
63;55.12;7.880000000000003
62;53.296;8.704
61;53.416;7.584000000000003
60;53.836;6.1640000000000015
59;51.838;7.161999999999999
58;54.532;3.4680000000000035
57;47.09;9.909999999999997
56;39.864;16.136000000000003
55;52.32;2.6799999999999997
54;51.648;2.3519999999999968
53;51.048;1.9519999999999982
52;52.336;-0.3359999999999985
51;51.188;-0.1880000000000024
50;47.234;2.7659999999999982
49;49.912;-0.911999999999999
48;48.238;-0.23799999999999955
47;47.5;-0.5
46;45.092;0.9080000000000013
45;46.44;-1.4399999999999977
44;41.96;2.039999999999999
43;36.57;6.43
42;43.76;-1.759999999999998
41;42.796;-1.7959999999999994
40;43.75;-3.75
39;40.832;-1.8320000000000007
38;39.574;-1.573999999999998
37;39.758;-2.7580000000000027
36;37.456;-1.456000000000003
35;35.894;-0.8939999999999984
34;35.214;-1.2139999999999986
33;34.336;-1.3359999999999985
32;33.02;-1.0200000000000031
31;31.51;-0.5100000000000016
30;30.78;-0.7800000000000011
29;30.78;-1.7800000000000011
28;29.188;-1.1879999999999988
27;28.258;-1.2579999999999991
26;25.91;0.08999999999999986
25;24.9;0.10000000000000142
24;24.588;-0.588000000000001
23;23.19;-0.19000000000000128
22;23.076;-1.0760000000000005
21;23.218;-2.218
20;21.13;-1.129999999999999
19;19.584;-0.5839999999999996
18;18.708;-0.7079999999999984
17;18.26;-1.2600000000000016
16;19.486;-3.4860000000000007
15;17.828;-2.8279999999999994
14;15.9;-1.9000000000000004
13;14.118;-1.1180000000000003
12;15.004;-3.0039999999999996
11;13.344;-2.3439999999999994
10;11.9;-1.9000000000000004
9;10.182;-1.1820000000000004
8;8.76;-0.7599999999999998
7;8.204;-1.2040000000000006
6;8.782;-2.782
5;10.992;-5.992000000000001
4;6.71;-2.71
3;7.02;-4.02
2;5.598;-3.598
1;7.258;-6.258
0;13.558;-13.558
99;95.134;3.8659999999999997
98;96.478;1.5220000000000056
97;93.18;3.819999999999993
96;92.916;3.084000000000003
95;93.458;1.5420000000000016
94;92.082;1.9180000000000064
93;91.5;1.5
92;90.866;1.1340000000000003
91;89.164;1.8359999999999985
90;88.562;1.4380000000000024
89;87.626;1.3739999999999952
88;86.49;1.5100000000000051
87;84.094;2.906000000000006
86;84.192;1.808000000000007
85;83.258;1.7420000000000044
84;81.606;2.3940000000000055
83;80.164;2.8359999999999985
82;80.84;1.1599999999999966
81;77.712;3.2879999999999967
80;78.124;1.8760000000000048
79;75.744;3.2560000000000002
78;76.418;1.5819999999999936
77;76.186;0.813999999999993
76;73.226;2.774000000000001
75;73.76;1.2399999999999949
74;72.14;1.8599999999999994
73;70.51;2.489999999999995
72;69.33;2.6700000000000017
71;66.466;4.534000000000006
70;66.674;3.3259999999999934
69;66.894;2.1059999999999945
68;66.17;1.8299999999999983
67;66.62;0.37999999999999545
66;65.988;0.012000000000000455
65;63.434;1.5660000000000025
64;62.518;1.4819999999999993
63;60.66;2.3400000000000034
62;61.274;0.7259999999999991
61;60.42;0.5799999999999983
60;59.324;0.6760000000000019
59;58.834;0.16599999999999682
58;57.308;0.6920000000000002
57;56.908;0.09199999999999875
56;55.942;0.05799999999999983
55;54.242;0.7580000000000027
54;53.778;0.2220000000000013
53;52.69;0.3100000000000023
52;51.036;0.9639999999999986
51;50.052;0.9480000000000004
50;49.534;0.4660000000000011
49;48.32;0.6799999999999997
48;47.9;0.10000000000000142
47;46.36;0.6400000000000006
46;44.882;1.118000000000002
45;44.87;0.13000000000000256
44;44.728;-0.7280000000000015
43;42.38;0.6199999999999974
42;38.436;3.564
41;40.208;0.7920000000000016
40;39.892;0.10799999999999699
39;40.024;-1.024000000000001
38;39.83;-1.8299999999999983
37;38.052;-1.0519999999999996
36;42.232;-6.231999999999999
35;41.91;-6.909999999999997
34;38.074;-4.073999999999998
33;36.616;-3.6159999999999997
32;38.96;-6.960000000000001
31;37.934;-6.9339999999999975
30;41.24;-11.240000000000002
29;34.804;-5.804000000000002
28;33.096;-5.0959999999999965
27;31.934;-4.934000000000001
26;33.074;-7.073999999999998
25;32.506;-7.506
24;33.508;-9.508000000000003
23;30.576;-7.5760000000000005
22;25.27;-3.2699999999999996
21;24.424;-3.4239999999999995
20;23.896;-3.896000000000001
19;23.436;-4.436
18;23.872;-5.872
17;25.278;-8.277999999999999
16;22.486;-6.486000000000001
15;22.664;-7.6640000000000015
14;24.83;-10.829999999999998
13;23.262;-10.262
12;22.02;-10.02
11;21.076;-10.076
10;20.52;-10.52
9;19.222;-10.222000000000001
8;23.944;-15.943999999999999
7;19.802;-12.802
6;19.65;-13.649999999999999
5;21.158;-16.158
4;20.486;-16.486
3;21.088;-18.088
2;22.182;-20.182
1;24.51;-23.51
0;23.888;-23.888
99;95.784;3.215999999999994
98;96.38;1.6200000000000045
97;96.364;0.6359999999999957
96;95.614;0.3859999999999957
95;94.592;0.40800000000000125
94;93.352;0.6479999999999961
93;92.404;0.5960000000000036
92;91.556;0.4440000000000026
91;90.62;0.37999999999999545
90;89.786;0.21399999999999864
89;88.108;0.8919999999999959
88;86.366;1.6340000000000003
87;86.282;0.7180000000000035
86;85.306;0.6940000000000026
85;83.536;1.4639999999999986
84;83.146;0.8539999999999992
83;82.504;0.4959999999999951
82;81.268;0.7319999999999993
81;79.402;1.597999999999999
80;79.174;0.8259999999999934
79;78.456;0.5439999999999969
78;77.248;0.7519999999999953
77;75.812;1.1880000000000024
76;74.71;1.2900000000000063
75;74.132;0.867999999999995
74;73.46;0.5400000000000063
73;72.228;0.7720000000000056
72;71.004;0.9959999999999951
71;68.346;2.6539999999999964
70;55.294;14.706000000000003
69;50.216;18.784
68;55.424;12.576
67;52.026;14.973999999999997
66;58.134;7.866
65;55.538;9.462000000000003
64;59.12;4.880000000000003
63;59.336;3.6640000000000015
62;55.676;6.323999999999998
61;62.828;-1.828000000000003
60;56.33;3.6700000000000017
59;53.892;5.107999999999997
58;56.508;1.4919999999999973
57;57.366;-0.36599999999999966
56;56.746;-0.7460000000000022
55;51.562;3.4380000000000024
54;50.318;3.682000000000002
53;51.162;1.838000000000001
52;47.014;4.985999999999997
51;47.64;3.3599999999999994
50;45.738;4.2620000000000005
49;45.382;3.618000000000002
48;43.65;4.350000000000001
47;43.99;3.009999999999998
46;43.67;2.3299999999999983
45;42.932;2.067999999999998
44;50.324;-6.323999999999998
43;39.236;3.764000000000003
42;38.306;3.6940000000000026
41;45.938;-4.938000000000002
40;40.41;-0.4099999999999966
39;39.358;-0.357999999999997
38;37.534;0.4660000000000011
37;36.864;0.13600000000000279
36;34.718;1.2819999999999965
35;35.898;-0.8980000000000032
34;35.01;-1.009999999999998
33;33.642;-0.642000000000003
32;32.654;-0.6540000000000035
31;31.916;-0.9160000000000004
30;32.632;-2.631999999999998
29;31.188;-2.187999999999999
28;30.278;-2.2779999999999987
27;33.164;-6.1640000000000015
26;29.376;-3.3760000000000012
25;27.862;-2.8619999999999983
24;27.736;-3.7360000000000007
23;26.704;-3.7040000000000006
22;27.122;-5.122
21;30.054;-9.053999999999998
20;24.678;-4.678000000000001
19;23.968;-4.968
18;22.12;-4.120000000000001
17;21.464;-4.463999999999999
16;21.942;-5.942
15;21.508;-6.507999999999999
14;19.062;-5.062000000000001
13;18.166;-5.166
12;17.698;-5.698
11;16.18;-5.18
10;15.512;-5.5120000000000005
9;14.16;-5.16
8;13.962;-5.962
7;12.042;-5.042
6;12.11;-6.109999999999999
5;9.36;-4.359999999999999
4;8.284;-4.284000000000001
3;7.75;-4.75
2;7.686;-5.686
1;8.208;-7.208
0;8.492;-8.492
99;106.72;-7.719999999999999
98;106.472;-8.471999999999994
97;101.814;-4.813999999999993
96;101.292;-5.292000000000002
95;99.408;-4.408000000000001
94;97.872;-3.872
93;96.078;-3.078000000000003
92;94.7;-2.700000000000003
91;92.032;-1.0319999999999965
90;91.804;-1.804000000000002
89;91.864;-2.8640000000000043
88;91.568;-3.567999999999998
87;88.922;-1.921999999999997
86;88.396;-2.396000000000001
85;86.19;-1.1899999999999977
84;85.468;-1.4680000000000035
83;85.37;-2.3700000000000045
82;84.26;-2.260000000000005
81;83.684;-2.6839999999999975
80;82.128;-2.128
79;81.852;-2.852000000000004
78;80.128;-2.128
77;79.524;-2.524000000000001
76;81.006;-5.006
75;82.374;-7.373999999999995
74;81.706;-7.706000000000003
73;83.886;-10.885999999999996
72;82.428;-10.427999999999997
71;89.476;-18.476
70;75.746;-5.745999999999995
69;77.864;-8.864000000000004
68;74.596;-6.596000000000004
67;75.94;-8.939999999999998
66;71.066;-5.0660000000000025
65;66.71;-1.7099999999999937
64;67.236;-3.236000000000004
63;64.598;-1.597999999999999
62;65.406;-3.406000000000006
61;67.502;-6.501999999999995
60;73.73;-13.730000000000004
59;76.418;-17.418000000000006
58;60.8;-2.799999999999997
57;62.222;-5.222000000000001
56;66.902;-10.902000000000001
55;59.846;-4.8459999999999965
54;66.976;-12.975999999999999
53;65.758;-12.757999999999996
52;55.24;-3.240000000000002
51;61.52;-10.520000000000003
50;63.258;-13.258000000000003
49;60.424;-11.424
48;60.692;-12.692
47;51.476;-4.475999999999999
46;52.592;-6.591999999999999
45;49.734;-4.734000000000002
44;51.94;-7.939999999999998
43;50.938;-7.938000000000002
42;50.594;-8.594000000000001
41;55.258;-14.258000000000003
40;53.55;-13.549999999999997
39;53.574;-14.573999999999998
38;48.844;-10.844000000000001
37;42.372;-5.372
36;42.072;-6.072000000000003
35;48.486;-13.485999999999997
34;45.704;-11.704
33;47.028;-14.027999999999999
32;47.636;-15.636000000000003
31;42.926;-11.926000000000002
30;40.506;-10.506
29;35.828;-6.828000000000003
28;32.89;-4.890000000000001
27;30.968;-3.968
26;29.372;-3.372
25;29.924;-4.9239999999999995
24;28.094;-4.094000000000001
23;27.01;-4.010000000000002
22;27.18;-5.18
21;24.978;-3.9780000000000015
20;22.74;-2.7399999999999984
19;21.102;-2.1020000000000003
18;20.432;-2.4319999999999986
17;18.474;-1.4740000000000002
16;18.1;-2.1000000000000014
15;16.686;-1.686
14;16.478;-2.4780000000000015
13;16.016;-3.0159999999999982
12;15.09;-3.09
11;12.532;-1.532
10;10.822;-0.8219999999999992
9;10.098;-1.0980000000000008
8;9.67;-1.67
7;8.388;-1.388
6;9.404;-3.404
5;11.864;-6.864000000000001
4;10.482;-6.481999999999999
3;11.322;-8.322
2;13.874;-11.874
1;12.36;-11.36
0;13.122;-13.122
84;67.174;16.825999999999993
83;79.772;3.2279999999999944
82;67.654;14.346000000000004
81;70.666;10.334000000000003
80;77.006;2.9939999999999998
79;78.242;0.7579999999999956
78;75.592;2.4080000000000013
77;76.564;0.43600000000000705
76;75.718;0.2819999999999965
75;75.086;-0.08599999999999852
74;73.922;0.07800000000000296
73;72.502;0.49800000000000466
72;71.88;0.12000000000000455
71;70.99;0.010000000000005116
70;70.014;-0.013999999999995794
69;68.944;0.055999999999997385
68;68.152;-0.15200000000000102
67;66.984;0.016000000000005343
66;66.002;-0.001999999999995339
65;65.02;-0.01999999999999602
64;64.194;-0.19400000000000261
63;62.98;0.020000000000003126
62;62.01;-0.00999999999999801
61;60.988;0.012000000000000455
60;59.886;0.11399999999999721
59;58.776;0.22399999999999665
58;57.178;0.8220000000000027
57;56.98;0.020000000000003126
56;55.846;0.15400000000000347
55;54.904;0.09599999999999653
54;54.0;0.0
53;53.002;-0.0020000000000024443
52;52.002;-0.0020000000000024443
51;51.0;0.0
50;50.0;0.0
49;49.0;0.0
48;48.0;0.0
47;47.002;-0.0020000000000024443
46;46.004;-0.003999999999997783
45;45.0;0.0
44;44.0;0.0
43;43.0;0.0
42;42.0;0.0
41;41.0;0.0
40;40.0;0.0
39;39.0;0.0
38;38.0;0.0
37;37.0;0.0
36;36.0;0.0
35;35.0;0.0
34;34.0;0.0
33;33.0;0.0
32;32.0;0.0
31;31.0;0.0
30;30.0;0.0
29;29.0;0.0
28;28.0;0.0
27;27.0;0.0
26;26.0;0.0
25;25.0;0.0
24;24.0;0.0
23;23.0;0.0
22;22.0;0.0
21;21.0;0.0
20;20.0;0.0
19;19.0;0.0
18;18.0;0.0
17;17.0;0.0
16;16.0;0.0
15;15.0;0.0
14;14.0;0.0
13;13.0;0.0
12;12.0;0.0
11;11.0;0.0
10;10.0;0.0
9;9.0;0.0
8;8.0;0.0
7;7.0;0.0
6;6.0;0.0
5;5.0;0.0
4;4.0;0.0
3;3.0;0.0
2;2.0;0.0
1;1.0;0.0
0;0.0;0.0
58;72.342;-14.341999999999999
57;70.608;-13.608000000000004
56;68.816;-12.816000000000003
55;71.658;-16.658
54;69.72;-15.719999999999999
53;67.896;-14.896
52;73.052;-21.052000000000007
51;69.614;-18.614000000000004
50;71.75;-21.75
49;75.134;-26.134
48;73.762;-25.762
47;72.146;-25.146
46;73.472;-27.471999999999994
45;69.384;-24.384
44;68.094;-24.093999999999994
43;67.626;-24.626000000000005
42;63.72;-21.72
41;66.042;-25.042
40;59.46;-19.46
39;57.888;-18.887999999999998
38;55.244;-17.244
37;56.872;-19.872
36;47.866;-11.866
35;41.25;-6.25
34;50.346;-16.345999999999997
33;41.696;-8.695999999999998
32;49.178;-17.177999999999997
31;48.572;-17.572000000000003
30;40.386;-10.386000000000003
29;34.286;-5.286000000000001
28;36.942;-8.942
27;34.574;-7.573999999999998
26;32.076;-6.0760000000000005
25;26.656;-1.6559999999999988
24;26.46;-2.460000000000001
23;23.002;-0.0019999999999988916
22;20.31;1.6900000000000013
21;20.864;0.13599999999999923
20;22.454;-2.4540000000000006
19;17.722;1.2779999999999987
18;13.592;4.4079999999999995
17;17.046;-0.045999999999999375
16;11.612;4.388
15;12.074;2.926
14;13.384;0.6159999999999997
13;15.684;-2.6839999999999993
12;12.482;-0.4819999999999993
11;16.106;-5.106000000000002
10;15.398;-5.398
9;16.614;-7.614000000000001
8;14.516;-6.516
7;13.142;-6.1419999999999995
6;10.306;-4.305999999999999
5;9.438;-4.438000000000001
4;10.01;-6.01
3;13.198;-10.198
2;12.318;-10.318
1;9.928;-8.928
0;8.59;-8.59
87;85.584;1.4159999999999968
86;85.94;0.060000000000002274
85;86.934;-1.9339999999999975
84;85.176;-1.176000000000002
83;84.804;-1.804000000000002
82;84.298;-2.298000000000002
81;83.118;-2.117999999999995
80;82.76;-2.760000000000005
79;81.214;-2.2139999999999986
78;80.116;-2.1159999999999997
77;79.454;-2.4539999999999935
76;78.388;-2.3880000000000052
75;77.488;-2.4879999999999995
74;76.456;-2.456000000000003
73;74.276;-1.2759999999999962
72;73.182;-1.1820000000000022
71;71.686;-0.686000000000007
70;70.778;-0.7780000000000058
69;69.956;-0.9560000000000031
68;69.152;-1.152000000000001
67;68.286;-1.2860000000000014
66;66.958;-0.9579999999999984
65;66.134;-1.1340000000000003
64;63.152;0.847999999999999
63;63.282;-0.2819999999999965
62;61.59;0.4099999999999966
61;61.136;-0.13600000000000279
60;58.874;1.1259999999999977
59;53.294;5.706000000000003
58;20.582;37.418
57;23.458;33.542
56;50.452;5.548000000000002
55;42.73;12.270000000000003
54;47.812;6.188000000000002
53;46.696;6.304000000000002
52;47.528;4.472000000000001
51;47.97;3.030000000000001
50;47.544;2.456000000000003
49;46.162;2.838000000000001
48;53.634;-5.634
47;47.502;-0.5020000000000024
46;51.336;-5.3359999999999985
45;45.908;-0.9080000000000013
44;43.414;0.5859999999999985
43;46.98;-3.979999999999997
42;40.292;1.7079999999999984
41;43.714;-2.7139999999999986
40;41.964;-1.9639999999999986
39;44.568;-5.567999999999998
38;43.968;-5.9680000000000035
37;45.02;-8.020000000000003
36;40.964;-4.963999999999999
35;40.472;-5.472000000000001
34;37.37;-3.3699999999999974
33;34.49;-1.490000000000002
32;34.876;-2.8759999999999977
31;36.928;-5.927999999999997
30;33.636;-3.636000000000003
29;30.49;-1.4899999999999984
28;32.712;-4.712000000000003
27;19.406;7.594000000000001
26;24.46;1.5399999999999991
25;23.616;1.3840000000000003
24;29.744;-5.744
23;23.456;-0.4559999999999995
22;17.72;4.280000000000001
21;17.32;3.6799999999999997
20;11.494;8.506
19;11.568;7.432
18;7.9;10.1
17;8.452;8.548
16;9.448;6.552
15;11.172;3.8279999999999994
14;11.268;2.7319999999999993
13;15.484;-2.484
12;10.356;1.6440000000000001
11;12.644;-1.6440000000000001
10;10.124;-0.12400000000000055
9;11.31;-2.3100000000000005
8;11.686;-3.686
7;12.914;-5.914
6;13.536;-7.536
5;13.434;-8.434
4;11.97;-7.970000000000001
3;10.51;-7.51
2;10.018;-8.018
1;9.062;-8.062
0;7.568;-7.568
87;86.418;0.5819999999999936
86;87.42;-1.4200000000000017
85;86.452;-1.4519999999999982
84;85.46;-1.4599999999999937
83;85.248;-2.2480000000000047
82;85.204;-3.2039999999999935
81;83.314;-2.313999999999993
80;82.018;-2.0180000000000007
79;80.958;-1.9579999999999984
78;80.402;-2.402000000000001
77;79.348;-2.347999999999999
76;77.918;-1.9180000000000064
75;77.626;-2.6260000000000048
74;76.532;-2.5319999999999965
73;74.878;-1.8780000000000001
72;73.748;-1.7480000000000047
71;71.698;-0.6979999999999933
70;71.044;-1.043999999999997
69;70.198;-1.1979999999999933
68;69.262;-1.2620000000000005
67;68.87;-1.8700000000000045
66;67.38;-1.3799999999999955
65;66.634;-1.6340000000000003
64;65.038;-1.0379999999999967
63;64.196;-1.195999999999998
62;63.596;-1.5959999999999965
61;62.816;-1.8160000000000025
60;62.092;-2.0919999999999987
59;59.036;-0.036000000000001364
58;34.562;23.438000000000002
57;32.012;24.988
56;37.734;18.266
55;34.436;20.564
54;36.85;17.15
53;39.752;13.247999999999998
52;37.468;14.531999999999996
51;39.546;11.454
50;40.388;9.612000000000002
49;38.808;10.192
48;41.516;6.484000000000002
47;42.564;4.436
46;40.558;5.442
45;39.324;5.676000000000002
44;37.424;6.5760000000000005
43;43.624;-0.6240000000000023
42;41.416;0.5840000000000032
41;41.704;-0.7040000000000006
40;38.668;1.3320000000000007
39;38.486;0.5140000000000029
38;34.784;3.216000000000001
37;35.3;1.7000000000000028
36;38.42;-2.4200000000000017
35;37.234;-2.2340000000000018
34;35.46;-1.4600000000000009
33;33.864;-0.8639999999999972
32;36.618;-4.618000000000002
31;36.488;-5.4879999999999995
30;35.37;-5.369999999999997
29;38.536;-9.536000000000001
28;33.456;-5.456000000000003
27;36.032;-9.031999999999996
26;33.374;-7.374000000000002
25;30.442;-5.442
24;29.602;-5.602
23;28.394;-5.393999999999998
22;26.106;-4.106000000000002
21;26.718;-5.718
20;26.316;-6.315999999999999
19;23.076;-4.0760000000000005
18;29.514;-11.514
17;28.288;-11.288
16;31.76;-15.760000000000002
15;31.976;-16.976
14;50.958;-36.958
13;45.51;-32.51
12;36.254;-24.253999999999998
11;28.852;-17.852
10;25.38;-15.379999999999999
9;32.602;-23.601999999999997
8;31.188;-23.188
7;32.096;-25.095999999999997
6;28.418;-22.418
5;34.026;-29.026000000000003
4;33.062;-29.061999999999998
3;29.544;-26.544
2;18.584;-16.584
1;16.704;-15.704
0;16.85;-16.85
87;74.336;12.664000000000001
86;84.496;1.5040000000000049
85;84.902;0.09799999999999898
84;85.012;-1.0120000000000005
83;84.49;-1.4899999999999949
82;83.762;-1.7620000000000005
81;83.6;-2.5999999999999943
80;82.64;-2.6400000000000006
79;81.514;-2.513999999999996
78;80.378;-2.378
77;77.79;-0.7900000000000063
76;76.766;-0.7660000000000053
75;75.936;-0.936000000000007
74;74.678;-0.6779999999999973
73;74.242;-1.2420000000000044
72;72.594;-0.5939999999999941
71;72.232;-1.2319999999999993
70;71.954;-1.9539999999999935
69;70.706;-1.706000000000003
68;69.2;-1.2000000000000028
67;68.396;-1.3960000000000008
66;66.974;-0.9740000000000038
65;65.778;-0.7780000000000058
64;65.114;-1.1140000000000043
63;64.876;-1.8760000000000048
62;63.518;-1.5180000000000007
61;61.998;-0.9979999999999976
60;63.706;-3.706000000000003
59;53.07;5.93
58;34.718;23.281999999999996
57;38.744;18.256
56;44.294;11.706000000000003
55;29.338;25.662
54;32.224;21.776000000000003
53;37.544;15.456000000000003
52;32.266;19.734
51;30.528;20.472
50;29.12;20.88
49;27.966;21.034
48;28.242;19.758
47;28.916;18.084
46;27.144;18.856
45;22.622;22.378
44;20.366;23.634
43;17.836;25.164
42;17.446;24.554
41;12.046;28.954
40;14.698;25.302
39;19.45;19.55
38;18.956;19.044
37;22.526;14.474
36;24.004;11.995999999999999
35;18.828;16.172
34;18.622;15.378
33;23.694;9.306000000000001
32;29.682;2.3180000000000014
31;30.214;0.7860000000000014
30;34.704;-4.704000000000001
29;37.96;-8.96
28;42.188;-14.188000000000002
27;42.808;-15.808
26;51.838;-25.838
25;50.312;-25.311999999999998
24;51.116;-27.116
23;43.936;-20.936
22;46.286;-24.286
21;59.426;-38.426
20;57.224;-37.224
19;81.728;-62.727999999999994
18;84.224;-66.224
17;137.324;-120.32400000000001
16;120.334;-104.334
15;103.252;-88.252
14;92.864;-78.864
13;93.288;-80.288
12;87.702;-75.702
11;89.726;-78.726
10;80.492;-70.492
9;81.504;-72.504
8;97.118;-89.118
7;89.264;-82.264
6;103.918;-97.918
5;116.27;-111.27
4;115.618;-111.618
3;116.832;-113.832
2;105.578;-103.578
1;99.852;-98.852
0;100.198;-100.198
147;97.032;49.968
146;109.844;36.156000000000006
145;118.99;26.010000000000005
144;112.756;31.244
143;110.768;32.232
142;120.598;21.402
141;126.29;14.709999999999994
140;120.888;19.111999999999995
139;127.308;11.691999999999993
138;128.006;9.994
137;125.782;11.218000000000004
136;121.324;14.676000000000002
135;123.304;11.695999999999998
134;121.952;12.048000000000002
133;127.532;5.4680000000000035
132;125.426;6.573999999999998
131;128.894;2.1059999999999945
130;127.71;2.2900000000000063
129;128.408;0.592000000000013
128;127.446;0.554000000000002
127;126.014;0.9860000000000042
126;124.954;1.0460000000000065
125;121.528;3.471999999999994
124;119.64;4.359999999999999
123;116.188;6.811999999999998
122;112.064;9.936000000000007
121;105.048;15.951999999999998
120;94.588;25.412000000000006
119;82.202;36.798
118;51.908;66.092
117;51.068;65.932
116;47.988;68.012
115;49.744;65.256
114;51.66;62.34
113;47.718;65.282
112;48.952;63.048
111;49.482;61.518
110;46.866;63.134
109;51.266;57.734
108;50.05;57.95
107;51.7;55.3
106;41.2;64.8
105;40.622;64.378
104;37.226;66.774
103;41.126;61.874
102;42.83;59.17
101;47.116;53.884
100;43.822;56.178
99;46.41;52.59
98;49.402;48.598
97;47.552;49.448
96;53.644;42.356
95;49.232;45.768
94;57.694;36.306
93;50.146;42.854
92;46.116;45.884
91;47.39;43.61
90;62.152;27.848
89;64.11;24.89
88;61.524;26.476
87;65.572;21.427999999999997
86;53.804;32.196
85;66.494;18.506
84;69.06;14.939999999999998
83;68.242;14.757999999999996
82;64.808;17.191999999999993
81;73.5;7.5
80;70.2;9.799999999999997
79;69.574;9.426000000000002
78;67.134;10.866
77;63.064;13.936
76;54.99;21.009999999999998
75;53.228;21.772
74;53.208;20.792
73;53.504;19.496000000000002
72;48.32;23.68
71;52.02;18.979999999999997
70;57.314;12.686
69;60.54;8.46
68;58.906;9.094000000000001
67;58.22;8.780000000000001
66;60.46;5.539999999999999
65;56.636;8.363999999999997
64;58.37;5.630000000000003
63;61.786;1.2139999999999986
62;60.222;1.7779999999999987
61;60.788;0.2120000000000033
60;59.874;0.12599999999999767
59;58.984;0.015999999999998238
58;58.006;-0.006000000000000227
57;56.988;0.012000000000000455
56;55.99;0.00999999999999801
55;55.0;0.0
54;54.0;0.0
53;52.91;0.09000000000000341
52;52.016;-0.015999999999998238
51;50.998;0.0020000000000024443
50;50.02;-0.020000000000003126
49;48.996;0.003999999999997783
48;47.92;0.0799999999999983
47;47.0;0.0
46;46.002;-0.0020000000000024443
45;45.0;0.0
44;44.0;0.0
43;43.0;0.0
42;42.0;0.0
41;41.0;0.0
40;40.0;0.0
39;39.0;0.0
38;38.0;0.0
37;37.0;0.0
36;36.0;0.0
35;35.0;0.0
34;34.0;0.0
33;33.0;0.0
32;32.0;0.0
31;31.0;0.0
30;30.0;0.0
29;29.0;0.0
28;28.0;0.0
27;27.0;0.0
26;26.0;0.0
25;25.0;0.0
24;24.0;0.0
23;23.0;0.0
22;22.0;0.0
21;21.0;0.0
20;20.0;0.0
19;19.0;0.0
18;18.0;0.0
17;17.0;0.0
16;16.0;0.0
15;15.0;0.0
14;14.0;0.0
13;13.0;0.0
12;12.0;0.0
11;11.0;0.0
10;10.0;0.0
9;9.0;0.0
8;8.0;0.0
7;7.0;0.0
6;6.0;0.0
5;5.0;0.0
4;4.0;0.0
3;3.0;0.0
2;2.0;0.0
1;1.0;0.0
0;0.0;0.0
