Real;Predicted;Error
93;40.810783;52.18921661376953
92;29.000809;62.99919128417969
91;36.80028;54.1997184753418
90;40.899654;49.100345611572266
89;48.088776;40.911224365234375
88;45.4055;42.59450149536133
87;45.21438;41.785621643066406
86;40.467007;45.53299331665039
85;36.618538;48.38146209716797
84;35.6134;48.386600494384766
83;35.939335;47.060665130615234
82;30.727531;51.27246856689453
81;35.207462;45.792537689208984
80;39.00829;40.9917106628418
79;35.7318;43.2681999206543
78;33.34671;44.653289794921875
77;50.525703;26.47429656982422
76;43.311005;32.688995361328125
75;45.87927;29.120731353759766
74;39.62026;34.37974166870117
73;45.651085;27.348915100097656
72;39.704292;32.29570770263672
71;40.84256;30.157440185546875
70;42.288624;27.711376190185547
69;50.63667;18.363330841064453
68;40.511086;27.488914489746094
67;40.57497;26.425029754638672
66;38.58161;27.41838836669922
65;49.561607;15.438392639160156
64;53.516155;10.483844757080078
63;57.021458;5.978542327880859
62;60.403763;1.5962371826171875
61;62.768806;-1.7688064575195312
60;68.81277;-8.812767028808594
59;57.315277;1.684722900390625
58;60.476704;-2.476703643798828
57;59.84606;-2.8460617065429688
56;64.30479;-8.304786682128906
55;64.28537;-9.285369873046875
54;53.86787;0.13212966918945312
53;55.173656;-2.173656463623047
52;57.334953;-5.334953308105469
51;60.076942;-9.076942443847656
50;66.586624;-16.586624145507812
49;57.810284;-8.810283660888672
48;56.96489;-8.964889526367188
47;60.60474;-13.604740142822266
46;74.39327;-28.393272399902344
45;72.818504;-27.818504333496094
44;79.862144;-35.862144470214844
43;60.283916;-17.283916473388672
42;65.25721;-23.25720977783203
41;67.12831;-26.128311157226562
40;56.515255;-16.515254974365234
39;77.4275;-38.42749786376953
38;68.56414;-30.56414031982422
37;73.35524;-36.35523986816406
36;80.72315;-44.72315216064453
35;73.399994;-38.399993896484375
34;83.23031;-49.230308532714844
33;66.204575;-33.20457458496094
32;69.34343;-37.34342956542969
31;85.988014;-54.988014221191406
30;67.527016;-37.527015686035156
29;64.233315;-35.233314514160156
28;61.867374;-33.867374420166016
27;58.40464;-31.404640197753906
26;56.431366;-30.431365966796875
25;61.03091;-36.03091049194336
24;56.002544;-32.00254440307617
23;58.73138;-35.731380462646484
22;62.801888;-40.80188751220703
21;56.31619;-35.31618881225586
20;62.802795;-42.80279541015625
19;61.56011;-42.56010818481445
18;62.82804;-44.828041076660156
17;57.15986;-40.15985870361328
16;63.437286;-47.437286376953125
15;56.247257;-41.247257232666016
14;57.659412;-43.6594123840332
13;62.699726;-49.69972610473633
12;60.759632;-48.7596321105957
11;57.197216;-46.19721603393555
10;54.606773;-44.606773376464844
9;45.982372;-36.98237228393555
8;56.0035;-48.003501892089844
7;54.524063;-47.52406311035156
6;51.98379;-45.98379135131836
5;51.60378;-46.60377883911133
4;52.762764;-48.76276397705078
3;51.697586;-48.69758605957031
2;54.041107;-52.041107177734375
1;49.858032;-48.8580322265625
0;53.24539;-53.245391845703125
99;91.15479;7.845207214355469
98;85.90289;12.09710693359375
97;96.2565;0.743499755859375
96;111.2238;-15.223800659179688
95;101.07165;-6.071647644042969
94;87.4011;6.598899841308594
93;98.218735;-5.2187347412109375
92;95.290565;-3.2905654907226562
91;93.33124;-2.33123779296875
90;98.46272;-8.462722778320312
89;93.56015;-4.560150146484375
88;101.04035;-13.040351867675781
87;89.8686;-2.8685989379882812
86;82.65307;3.3469314575195312
85;116.80578;-31.80577850341797
84;89.92152;-5.921516418457031
83;94.02081;-11.02081298828125
82;74.249756;7.750244140625
81;56.221546;24.778453826904297
80;36.79467;43.20532989501953
79;51.692787;27.307212829589844
78;39.66809;38.3319091796875
77;29.40056;47.59943962097168
76;26.601559;49.398441314697266
75;17.723433;57.276567459106445
74;19.513292;54.48670768737793
73;35.691048;37.30895233154297
72;26.714222;45.2857780456543
71;26.126785;44.87321472167969
70;29.103733;40.89626693725586
69;38.160744;30.839256286621094
68;34.3612;33.63880157470703
67;32.453636;34.546363830566406
66;31.735706;34.2642936706543
65;28.83392;36.166080474853516
64;39.143295;24.856704711914062
63;38.53208;24.467918395996094
62;30.327951;31.672048568725586
61;40.87764;20.122360229492188
60;33.55179;26.448211669921875
59;36.98661;22.013389587402344
58;49.258385;8.741615295410156
57;49.418434;7.581565856933594
56;38.533474;17.46652603149414
55;52.37781;2.6221885681152344
54;36.544632;17.455368041992188
53;37.18133;15.818668365478516
52;29.0264;22.973600387573242
51;30.367682;20.6323184967041
50;39.380787;10.619213104248047
49;37.91129;11.08871078491211
48;45.04722;2.9527816772460938
47;47.561634;-0.5616340637207031
46;46.688683;-0.6886825561523438
45;47.10973;-2.109729766845703
44;53.228157;-9.228157043457031
43;50.984173;-7.984172821044922
42;51.81479;-9.814788818359375
41;52.92808;-11.928081512451172
40;58.84267;-18.842670440673828
39;59.85382;-20.85382080078125
38;54.60783;-16.607830047607422
37;58.644657;-21.644657135009766
36;61.093925;-25.09392547607422
35;53.09071;-18.090709686279297
34;60.414833;-26.414833068847656
33;59.395905;-26.395904541015625
32;60.791622;-28.791622161865234
31;60.7517;-29.75170135498047
30;63.37148;-33.37147903442383
29;71.95924;-42.95924377441406
28;62.33685;-34.336849212646484
27;58.918762;-31.91876220703125
26;63.897762;-37.897762298583984
25;64.4214;-39.42140197753906
24;62.32289;-38.32289123535156
23;56.01244;-33.0124397277832
22;50.48697;-28.486968994140625
21;59.676083;-38.676082611083984
20;61.016056;-41.016056060791016
19;65.45227;-46.4522705078125
18;55.084297;-37.08429718017578
17;62.74075;-45.74074935913086
16;61.45021;-45.45021057128906
15;70.56372;-55.563720703125
14;55.954044;-41.954044342041016
13;57.544422;-44.5444221496582
12;64.06022;-52.060218811035156
11;56.694527;-45.69452667236328
10;63.856365;-53.85636520385742
9;61.4606;-52.460601806640625
8;63.773407;-55.773406982421875
7;75.00197;-68.00196838378906
6;67.84477;-61.84477233886719
5;62.087193;-57.08719253540039
4;56.521885;-52.52188491821289
3;52.411484;-49.41148376464844
2;53.773674;-51.77367401123047
1;60.960163;-59.96016311645508
0;57.18409;-57.18408966064453
99;89.38126;9.618736267089844
98;98.81471;-0.8147125244140625
97;104.433624;-7.433624267578125
96;99.17092;-3.1709213256835938
95;92.51093;2.4890670776367188
94;100.07795;-6.077949523925781
93;96.58016;-3.5801620483398438
92;92.276985;-0.27698516845703125
91;96.16154;-5.161537170410156
90;92.61155;-2.6115493774414062
89;97.46678;-8.466781616210938
88;101.66999;-13.669990539550781
87;100.0931;-13.093101501464844
86;86.515945;-0.5159454345703125
85;92.494774;-7.494773864746094
84;79.42538;4.574623107910156
83;76.9319;6.0680999755859375
82;82.642654;-0.6426544189453125
81;76.28125;4.71875
80;36.821945;43.17805480957031
79;27.223356;51.77664375305176
78;24.242012;53.75798797607422
77;31.637611;45.362388610839844
76;36.971275;39.028724670410156
75;33.72815;41.2718505859375
74;27.43623;46.56377029418945
73;44.322586;28.677413940429688
72;30.789001;41.21099853515625
71;41.40526;29.594741821289062
70;28.386734;41.61326599121094
69;44.207623;24.792377471923828
68;34.153202;33.846797943115234
67;35.945225;31.05477523803711
66;33.850277;32.149723052978516
65;33.757305;31.242694854736328
64;21.364807;42.63519287109375
63;24.077993;38.922006607055664
62;42.428425;19.571575164794922
61;40.555836;20.444164276123047
60;27.949974;32.050025939941406
59;42.79764;16.20235824584961
58;51.261116;6.738883972167969
57;46.431087;10.568912506103516
56;47.166424;8.833576202392578
55;47.33701;7.662990570068359
54;44.728794;9.27120590209961
53;48.971928;4.028072357177734
52;48.725636;3.274364471435547
51;41.361713;9.638286590576172
50;46.321507;3.6784934997558594
49;50.738907;-1.7389068603515625
48;44.707733;3.292266845703125
47;65.26073;-18.260726928710938
46;53.462566;-7.462566375732422
45;50.51736;-5.517360687255859
44;63.154606;-19.154605865478516
43;64.39955;-21.399551391601562
42;66.52151;-24.521507263183594
41;62.498436;-21.498435974121094
40;62.459812;-22.45981216430664
39;65.40926;-26.409263610839844
38;57.21488;-19.214881896972656
37;61.070587;-24.070587158203125
36;62.118828;-26.11882781982422
35;52.58955;-17.589550018310547
34;56.753338;-22.753337860107422
33;54.434807;-21.43480682373047
32;62.376053;-30.376052856445312
31;62.428238;-31.428237915039062
30;67.13469;-37.13468933105469
29;65.92682;-36.92681884765625
28;64.13956;-36.139556884765625
27;66.3773;-39.377296447753906
26;59.437202;-33.43720245361328
25;72.47346;-47.47345733642578
24;66.11241;-42.11241149902344
23;64.13472;-41.13471984863281
22;62.285835;-40.28583526611328
21;72.27218;-51.272178649902344
20;64.29578;-44.2957763671875
19;61.370937;-42.37093734741211
18;67.92215;-49.922149658203125
17;64.301346;-47.30134582519531
16;56.35661;-40.35660934448242
15;68.351105;-53.351104736328125
14;60.066517;-46.0665168762207
13;55.471558;-42.4715576171875
12;72.10418;-60.10417938232422
11;75.31805;-64.31804656982422
10;57.735363;-47.7353630065918
9;72.27352;-63.273521423339844
8;73.50733;-65.50733184814453
7;62.598705;-55.59870529174805
6;61.16438;-55.16437911987305
5;63.028442;-58.0284423828125
4;52.800304;-48.8003044128418
3;56.936153;-53.936153411865234
2;57.381527;-55.381526947021484
1;51.942944;-50.94294357299805
0;48.814983;-48.81498336791992
99;85.135506;13.864494323730469
98;104.0067;-6.0066986083984375
97;90.68756;6.31243896484375
96;88.73012;7.2698822021484375
95;95.42478;-0.42478179931640625
94;96.34215;-2.3421478271484375
93;98.59408;-5.594078063964844
92;97.307045;-5.307044982910156
91;96.272095;-5.2720947265625
90;80.24521;9.754791259765625
89;84.51864;4.481361389160156
88;88.68647;-0.6864700317382812
87;76.41456;10.585441589355469
86;87.289345;-1.2893447875976562
85;80.04977;4.950233459472656
84;68.265686;15.73431396484375
83;68.30893;14.691070556640625
82;64.94465;17.05535125732422
81;53.747097;27.25290298461914
80;41.690647;38.30935287475586
79;36.940704;42.059295654296875
78;30.999369;47.00063133239746
77;39.49666;37.50334167480469
76;32.71612;43.283878326416016
75;38.623226;36.376773834228516
74;30.99189;43.00811004638672
73;35.752167;37.247833251953125
72;34.23921;37.76079177856445
71;32.853462;38.14653778076172
70;43.13363;26.866371154785156
69;27.565973;41.43402671813965
68;39.94272;28.057281494140625
67;24.713509;42.28649139404297
66;38.747597;27.252403259277344
65;43.123215;21.876785278320312
64;50.266994;13.73300552368164
63;35.312107;27.68789291381836
62;38.504646;23.49535369873047
61;46.746826;14.253173828125
60;55.024826;4.9751739501953125
59;45.619972;13.380027770996094
58;39.930367;18.06963348388672
57;58.49798;-1.4979782104492188
56;46.292477;9.707523345947266
55;42.363934;12.636066436767578
54;66.73525;-12.735252380371094
53;53.471313;-0.4713134765625
52;74.86568;-22.865676879882812
51;68.51477;-17.5147705078125
50;41.518208;8.481792449951172
49;35.455944;13.544055938720703
48;38.87484;9.125160217285156
47;53.386143;-6.386142730712891
46;45.62653;0.3734703063964844
45;54.04748;-9.047481536865234
44;59.355804;-15.355804443359375
43;56.894657;-13.894657135009766
42;54.570347;-12.57034683227539
41;50.6827;-9.682701110839844
40;54.22796;-14.227958679199219
39;58.357475;-19.35747528076172
38;57.250473;-19.250473022460938
37;54.616325;-17.61632537841797
36;55.163544;-19.163543701171875
35;65.564674;-30.564674377441406
34;57.09921;-23.09920883178711
33;68.45132;-35.451316833496094
32;66.537186;-34.53718566894531
31;60.278847;-29.278846740722656
30;58.503075;-28.503074645996094
29;67.12307;-38.123069763183594
28;60.425995;-32.425994873046875
27;55.925674;-28.925674438476562
26;60.804516;-34.80451583862305
25;62.339836;-37.33983612060547
24;64.005806;-40.00580596923828
23;67.98404;-44.984039306640625
22;65.53848;-43.538482666015625
21;65.563354;-44.5633544921875
20;68.22669;-48.22669219970703
19;64.988945;-45.98894500732422
18;59.261528;-41.26152801513672
17;69.07308;-52.073081970214844
16;63.235703;-47.23570251464844
15;60.595715;-45.5957145690918
14;59.6393;-45.63930130004883
13;57.62671;-44.626708984375
12;59.104675;-47.10467529296875
11;59.32888;-48.328880310058594
10;53.1011;-43.10110092163086
9;61.607857;-52.60785675048828
8;56.2658;-48.26580047607422
7;52.081963;-45.08196258544922
6;60.087475;-54.08747482299805
5;61.48015;-56.48014831542969
4;55.215424;-51.215423583984375
3;57.174126;-54.17412567138672
2;56.52858;-54.52857971191406
1;56.82018;-55.8201789855957
0;59.818817;-59.818817138671875
86;83.289795;2.710205078125
85;92.60927;-7.6092681884765625
84;95.23377;-11.233772277832031
83;94.40481;-11.404808044433594
82;81.99148;0.00852203369140625
81;108.57679;-27.57678985595703
80;96.079994;-16.079994201660156
79;94.41444;-15.414436340332031
78;101.40281;-23.402809143066406
77;101.62995;-24.62995147705078
76;94.8622;-18.862197875976562
75;88.02441;-13.024406433105469
74;83.61773;-9.617729187011719
73;86.28135;-13.281349182128906
72;85.499664;-13.499664306640625
71;71.714455;-0.7144546508789062
70;77.653625;-7.65362548828125
69;62.08099;6.919010162353516
68;58.793766;9.206233978271484
67;34.362797;32.637203216552734
66;46.929913;19.070087432861328
65;32.586037;32.413963317871094
64;42.29207;21.707931518554688
63;32.828938;30.171062469482422
62;24.396193;37.60380744934082
61;25.54513;35.45487022399902
60;35.14822;24.85177993774414
59;30.930704;28.06929588317871
58;36.512623;21.487377166748047
57;31.899227;25.100772857666016
56;33.624153;22.37584686279297
55;29.20949;25.790510177612305
54;32.02585;21.974151611328125
53;24.772343;28.227657318115234
52;41.282856;10.717144012451172
51;37.145897;13.854103088378906
50;56.545822;-6.5458221435546875
49;32.79577;16.20423126220703
48;55.756626;-7.756626129150391
47;40.139072;6.860927581787109
46;60.750694;-14.750694274902344
45;61.82436;-16.824359893798828
44;60.305973;-16.305973052978516
43;28.559137;14.440862655639648
42;60.48794;-18.48794174194336
41;35.089783;5.91021728515625
40;41.342274;-1.3422737121582031
39;40.31571;-1.3157081604003906
38;44.48139;-6.481391906738281
37;28.919613;8.080387115478516
36;47.892155;-11.892154693603516
35;43.375633;-8.375633239746094
34;49.788395;-15.788394927978516
33;58.859924;-25.85992431640625
32;59.177925;-27.17792510986328
31;56.106613;-25.106613159179688
30;56.37771;-26.377708435058594
29;61.179707;-32.17970657348633
28;62.09777;-34.09777069091797
27;58.875507;-31.875507354736328
26;63.080173;-37.08017349243164
25;60.392906;-35.392906188964844
24;59.002598;-35.00259780883789
23;58.480865;-35.480865478515625
22;53.925625;-31.92562484741211
21;54.354015;-33.3540153503418
20;61.78898;-41.788978576660156
19;55.562366;-36.5623664855957
18;60.15789;-42.15789031982422
17;64.55242;-47.55242156982422
16;59.843708;-43.84370803833008
15;61.68921;-46.689208984375
14;64.42113;-50.42112731933594
13;62.264057;-49.26405715942383
12;57.889397;-45.88939666748047
11;59.657314;-48.65731430053711
10;66.974304;-56.97430419921875
9;62.545826;-53.54582595825195
8;60.828175;-52.82817459106445
7;60.87272;-53.872718811035156
6;64.775085;-58.77508544921875
5;62.356895;-57.356895446777344
4;59.969975;-55.969974517822266
3;57.67841;-54.678409576416016
2;54.788578;-52.788578033447266
1;50.903244;-49.90324401855469
0;50.37256;-50.37255859375
50;65.43402;-15.43402099609375
49;57.68843;-8.688430786132812
48;56.918457;-8.91845703125
47;53.64152;-6.641521453857422
46;45.554214;0.4457855224609375
45;49.85122;-4.851219177246094
44;28.000893;15.999107360839844
43;24.26403;18.73596954345703
42;32.146458;9.85354232788086
41;38.997623;2.0023765563964844
40;27.749933;12.250066757202148
39;44.878143;-5.878143310546875
38;48.23492;-10.234920501708984
37;59.778534;-22.778533935546875
36;33.698505;2.301494598388672
35;45.771317;-10.771316528320312
34;59.717426;-25.717426300048828
33;56.163002;-23.163002014160156
32;57.72726;-25.72726058959961
31;48.635197;-17.635196685791016
30;57.869694;-27.869693756103516
29;47.662712;-18.66271209716797
28;64.402306;-36.402305603027344
27;57.462883;-30.46288299560547
26;61.404797;-35.4047966003418
25;60.505657;-35.50565719604492
24;59.13901;-35.13901138305664
23;58.371864;-35.371864318847656
22;70.17006;-48.17005920410156
21;75.60067;-54.600669860839844
20;79.08366;-59.083656311035156
19;65.07268;-46.07267761230469
18;69.38078;-51.38078308105469
17;50.190662;-33.1906623840332
16;69.96694;-53.966941833496094
15;68.05563;-53.055633544921875
14;94.31848;-80.3184814453125
13;113.46074;-100.46073913574219
12;82.70401;-70.70401000976562
11;82.2981;-71.29810333251953
10;104.03546;-94.03546142578125
9;87.55094;-78.55094146728516
8;110.95978;-102.95977783203125
7;97.05574;-90.05574035644531
6;120.077705;-114.07770538330078
5;77.55481;-72.5548095703125
4;92.96845;-88.96845245361328
3;105.81031;-102.81031036376953
2;96.6068;-94.60679626464844
1;98.52052;-97.52052307128906
0;93.67534;-93.67533874511719
69;96.903534;-27.903533935546875
68;96.98395;-28.98394775390625
67;107.242195;-40.24219512939453
66;86.44012;-20.44011688232422
65;98.983765;-33.9837646484375
64;94.41451;-30.414512634277344
63;92.00969;-29.009689331054688
62;83.17424;-21.174240112304688
61;78.61819;-17.618186950683594
60;92.308136;-32.308135986328125
59;80.75225;-21.75225067138672
58;81.346794;-23.34679412841797
57;97.59037;-40.590370178222656
56;96.44705;-40.447052001953125
55;100.02598;-45.025978088378906
54;96.96141;-42.96141052246094
53;110.24067;-57.24066925048828
52;108.33155;-56.33155059814453
51;80.58826;-29.5882568359375
50;53.865513;-3.8655128479003906
49;48.946552;0.053447723388671875
48;58.22582;-10.225818634033203
47;67.39745;-20.39745330810547
46;43.128944;2.8710556030273438
45;37.466927;7.533073425292969
44;51.070107;-7.070106506347656
43;50.41465;-7.414649963378906
42;61.87451;-19.87451171875
41;48.813213;-7.813213348388672
40;61.698498;-21.698497772216797
39;38.374035;0.6259651184082031
38;39.129433;-1.1294326782226562
37;39.630943;-2.6309432983398438
36;49.05875;-13.05875015258789
35;48.53914;-13.539138793945312
34;47.142525;-13.142524719238281
33;38.061447;-5.0614471435546875
32;49.255604;-17.255603790283203
31;42.099644;-11.09964370727539
30;44.641247;-14.641246795654297
29;40.138348;-11.138347625732422
28;50.321022;-22.321022033691406
27;27.456295;-0.4562950134277344
26;36.218395;-10.218395233154297
25;55.086605;-30.086605072021484
24;62.594833;-38.59483337402344
23;81.490585;-58.49058532714844
22;49.28131;-27.28131103515625
21;72.44085;-51.44084930419922
20;59.309456;-39.30945587158203
19;57.4737;-38.47370147705078
18;70.84575;-52.84574890136719
17;70.48442;-53.48442077636719
16;59.585228;-43.585227966308594
15;90.46107;-75.46106719970703
14;98.02937;-84.02937316894531
13;97.87577;-84.87577056884766
12;75.37261;-63.37261199951172
11;89.00896;-78.00895690917969
10;96.45561;-86.45561218261719
9;56.123943;-47.12394332885742
8;96.68504;-88.68504333496094
7;58.51995;-51.51995086669922
6;64.345604;-58.345603942871094
5;72.002106;-67.00210571289062
4;61.158733;-57.15873336791992
3;60.462166;-57.46216583251953
2;69.41909;-67.4190902709961
1;61.799904;-60.799903869628906
0;62.125748;-62.12574768066406
69;83.182106;-14.182106018066406
68;85.93869;-17.938690185546875
67;90.19075;-23.190750122070312
66;84.88963;-18.889633178710938
65;82.503555;-17.503555297851562
64;81.61439;-17.61438751220703
63;100.12005;-37.12004852294922
62;96.660545;-34.660545349121094
61;101.94022;-40.940223693847656
60;104.14231;-44.142311096191406
59;109.827446;-50.82744598388672
58;78.25734;-20.257339477539062
57;86.29633;-29.29633331298828
56;89.76046;-33.760459899902344
55;114.175606;-59.17560577392578
54;99.98753;-45.98753356933594
53;98.265;-45.26499938964844
52;87.388145;-35.388145446777344
51;60.363335;-9.363334655761719
50;49.532528;0.4674720764160156
49;50.524868;-1.5248680114746094
48;60.74023;-12.740230560302734
47;53.362278;-6.362277984619141
46;41.86235;4.1376495361328125
45;35.56421;9.435791015625
44;35.767788;8.23221206665039
43;50.563374;-7.563373565673828
42;50.763935;-8.763935089111328
41;41.60471;-0.6047096252441406
40;63.68639;-23.686389923095703
39;52.96171;-13.961711883544922
38;51.38968;-13.389678955078125
37;40.755512;-3.755512237548828
36;39.289932;-3.2899322509765625
35;39.94816;-4.948158264160156
34;42.778244;-8.778244018554688
33;56.628197;-23.628196716308594
32;52.122505;-20.12250518798828
31;41.926266;-10.926265716552734
30;43.845814;-13.845813751220703
29;62.854736;-33.854736328125
28;55.240715;-27.24071502685547
27;49.808624;-22.808624267578125
26;56.364086;-30.364086151123047
25;58.434406;-33.43440628051758
24;62.878338;-38.87833786010742
23;55.851074;-32.85107421875
22;56.38029;-34.38029098510742
21;83.4339;-62.43389892578125
20;50.046867;-30.04686737060547
19;48.183823;-29.183822631835938
18;61.377377;-43.377376556396484
17;41.560593;-24.560592651367188
16;70.68644;-54.686439514160156
15;62.696224;-47.696224212646484
14;69.670975;-55.67097473144531
13;71.71992;-58.71991729736328
12;64.15922;-52.159217834472656
11;92.98324;-81.98323822021484
10;66.079346;-56.079345703125
9;61.9645;-52.964500427246094
8;78.131516;-70.13151550292969
7;65.52182;-58.521820068359375
6;85.78159;-79.7815933227539
5;69.274994;-64.27499389648438
4;65.678246;-61.678245544433594
3;66.54865;-63.54865264892578
2;57.985195;-55.98519515991211
1;57.65703;-56.65702819824219
0;56.418846;-56.418846130371094
69;101.75629;-32.75628662109375
68;109.340416;-41.340415954589844
67;110.17611;-43.176109313964844
66;100.09202;-34.092018127441406
65;98.7194;-33.719398498535156
64;98.02905;-34.029052734375
63;100.51631;-37.51631164550781
62;88.610886;-26.610885620117188
61;102.3368;-41.33679962158203
60;95.36756;-35.36756134033203
59;90.47544;-31.475440979003906
58;105.3768;-47.376800537109375
57;97.593765;-40.59376525878906
56;83.06463;-27.06462860107422
55;89.87697;-34.87696838378906
54;89.009605;-35.009605407714844
53;96.531;-43.53099822998047
52;84.85034;-32.850341796875
51;77.8203;-26.820297241210938
50;41.358242;8.64175796508789
49;44.405003;4.594997406005859
48;55.044777;-7.044776916503906
47;62.521156;-15.521156311035156
46;61.527454;-15.527454376220703
45;52.700207;-7.700206756591797
44;39.910927;4.089073181152344
43;53.40488;-10.40488052368164
42;46.98019;-4.980190277099609
41;56.25143;-15.25143051147461
40;61.20237;-21.202369689941406
39;44.549572;-5.549571990966797
38;50.643368;-12.643367767333984
37;51.855076;-14.85507583618164
36;45.447216;-9.447216033935547
35;31.843876;3.1561241149902344
34;41.878223;-7.878223419189453
33;52.638943;-19.63894271850586
32;37.813152;-5.813152313232422
31;44.329597;-13.329597473144531
30;34.59321;-4.593208312988281
29;40.254074;-11.254074096679688
28;54.53659;-26.536590576171875
27;59.3894;-32.389400482177734
26;70.18388;-44.18388366699219
25;64.70816;-39.708160400390625
24;74.480415;-50.48041534423828
23;63.791817;-40.79181671142578
22;68.68559;-46.68559265136719
21;82.470116;-61.470115661621094
20;67.819405;-47.81940460205078
19;77.92313;-58.923126220703125
18;86.118835;-68.11883544921875
17;80.94736;-63.947357177734375
16;80.99789;-64.99788665771484
15;66.37758;-51.37757873535156
14;96.23876;-82.23876190185547
13;88.512764;-75.51276397705078
12;93.44597;-81.44596862792969
11;94.26471;-83.26470947265625
10;82.72612;-72.72611999511719
9;101.45344;-92.45343780517578
8;102.34307;-94.34307098388672
7;91.82547;-84.82546997070312
6;91.76521;-85.76521301269531
5;84.899376;-79.89937591552734
4;104.495636;-100.49563598632812
3;85.4283;-82.42829895019531
2;86.69266;-84.69265747070312
1;78.63198;-77.6319808959961
0;85.2607;-85.26069641113281
219;114.81115;104.18885040283203
218;106.41115;111.58885192871094
217;93.99196;123.00804138183594
216;108.96048;107.03952026367188
215;104.201515;110.7984848022461
214;113.4371;100.56289672851562
213;98.3765;114.62349700927734
212;94.989334;117.01066589355469
211;97.280655;113.71934509277344
210;95.7862;114.21379852294922
209;96.61945;112.38054656982422
208;101.18093;106.8190689086914
207;80.11502;126.88497924804688
206;86.74787;119.25212860107422
205;104.34448;100.655517578125
204;85.59394;118.40605926513672
203;89.987144;113.01285552978516
202;73.78268;128.21732330322266
201;72.25197;128.74803161621094
200;53.745136;146.25486373901367
199;63.27598;135.72401809692383
198;53.41278;144.58721923828125
197;60.434834;136.56516647338867
196;56.687916;139.31208419799805
195;61.227146;133.77285385131836
194;47.89101;146.10898971557617
193;65.079704;127.92029571533203
192;63.128723;128.87127685546875
191;57.01007;133.98992919921875
190;47.094242;142.90575790405273
189;59.22967;129.77032852172852
188;49.17217;138.82783126831055
187;54.575317;132.4246826171875
186;45.379482;140.6205177307129
185;49.2985;135.70149993896484
184;42.769585;141.23041534423828
183;37.937786;145.06221389770508
182;48.57955;133.42044830322266
181;34.181335;146.81866455078125
180;64.84296;115.15704345703125
179;65.12127;113.87873077392578
178;58.991856;119.00814437866211
177;55.602203;121.39779663085938
176;75.72642;100.2735824584961
175;99.01671;75.98329162597656
174;74.4639;99.53610229492188
173;98.97999;74.02001190185547
172;75.67518;96.32482147216797
171;104.58096;66.41903686523438
170;92.3119;77.68810272216797
169;97.57358;71.42642211914062
168;99.97396;68.02603912353516
167;81.619354;85.38064575195312
166;90.58586;75.41413879394531
165;86.929405;78.07059478759766
164;68.10875;95.89125061035156
163;111.434845;51.565155029296875
162;113.56312;48.43688201904297
161;113.8005;47.199501037597656
160;86.549355;73.45064544677734
159;78.04179;80.95821380615234
158;80.70376;77.2962417602539
157;95.53177;61.468231201171875
156;93.454834;62.545166015625
155;108.00229;46.997711181640625
154;73.95828;80.04171752929688
153;82.70274;70.29725646972656
152;79.2766;72.72339630126953
151;90.15514;60.84485626220703
150;92.70011;57.299888610839844
149;78.716034;70.28396606445312
148;72.3901;75.60990142822266
147;67.42482;79.57518005371094
146;75.527985;70.47201538085938
145;64.45427;80.54573059082031
144;63.437588;80.56241226196289
143;90.14215;52.85784912109375
142;62.079964;79.92003631591797
141;65.19054;75.80946350097656
140;69.397026;70.60297393798828
139;82.737076;56.26292419433594
138;79.269264;58.730735778808594
137;75.33617;61.66383361816406
136;64.80932;71.19068145751953
135;71.329926;63.670074462890625
134;55.307926;78.69207382202148
133;62.116108;70.88389205932617
132;61.094597;70.90540313720703
131;81.62926;49.37074279785156
130;72.36956;57.63043975830078
129;77.14911;51.85089111328125
128;60.15115;67.84885025024414
127;53.750072;73.24992752075195
126;63.98519;62.014808654785156
125;83.43185;41.568153381347656
124;70.850494;53.149505615234375
123;68.67418;54.32582092285156
122;84.15643;37.84356689453125
121;64.5716;56.42839813232422
120;49.58805;70.41194915771484
119;70.16823;48.83177185058594
118;67.85861;50.141387939453125
117;84.379845;32.620155334472656
116;91.80461;24.195388793945312
115;95.07469;19.925308227539062
114;89.30366;24.69634246826172
113;83.57483;29.4251708984375
112;96.610535;15.38946533203125
111;98.89581;12.10418701171875
110;96.87137;13.128631591796875
109;96.10101;12.89898681640625
108;101.783646;6.2163543701171875
107;107.45346;-0.453460693359375
106;105.76016;0.239837646484375
105;93.3933;11.606697082519531
104;95.87028;8.129722595214844
103;80.15165;22.848350524902344
102;98.97375;3.0262527465820312
101;105.924835;-4.924835205078125
100;101.26528;-1.2652816772460938
99;116.57479;-17.574790954589844
98;117.25743;-19.257431030273438
97;97.32404;-0.32404327392578125
96;89.37795;6.622047424316406
95;97.55923;-2.5592269897460938
94;94.887764;-0.8877639770507812
93;86.79081;6.209190368652344
92;92.124535;-0.12453460693359375
91;83.16389;7.836112976074219
90;93.28565;-3.2856521606445312
89;83.15697;5.8430328369140625
88;80.48724;7.51275634765625
87;68.46588;18.53411865234375
86;81.606575;4.393424987792969
85;71.836205;13.163795471191406
84;74.369415;9.630584716796875
83;86.440125;-3.44012451171875
82;91.07069;-9.070686340332031
81;102.30043;-21.300430297851562
80;98.38985;-18.389846801757812
79;85.86829;-6.868293762207031
78;93.40628;-15.406280517578125
77;99.406204;-22.406204223632812
76;103.85765;-27.857650756835938
75;96.073235;-21.07323455810547
74;79.25516;-5.255157470703125
73;81.69034;-8.690338134765625
72;95.48351;-23.48351287841797
71;72.068726;-1.0687255859375
70;88.18366;-18.18366241455078
69;85.07768;-16.077682495117188
68;101.052986;-33.05298614501953
67;104.1653;-37.16529846191406
66;88.18979;-22.189788818359375
65;83.737785;-18.73778533935547
64;85.48944;-21.48944091796875
63;81.504395;-18.50439453125
62;89.18497;-27.184967041015625
61;82.41869;-21.41869354248047
60;78.00199;-18.001991271972656
59;82.33148;-23.33148193359375
58;69.63861;-11.63861083984375
57;71.19646;-14.196456909179688
56;74.56353;-18.56352996826172
55;79.11817;-24.11817169189453
54;73.365234;-19.365234375
53;69.64416;-16.64415740966797
52;67.41945;-15.419448852539062
51;79.89307;-28.89306640625
50;77.6384;-27.638397216796875
49;69.1935;-20.193496704101562
48;84.12715;-36.12715148925781
47;70.3707;-23.370697021484375
46;80.58252;-34.58251953125
45;76.506996;-31.506996154785156
44;81.18748;-37.187477111816406
43;83.958405;-40.958404541015625
42;74.33675;-32.33674621582031
41;88.549995;-47.54999542236328
40;78.21871;-38.218711853027344
39;81.705475;-42.705474853515625
38;75.23819;-37.238189697265625
37;91.99949;-54.999488830566406
36;77.88663;-41.886627197265625
35;77.4291;-42.429100036621094
34;76.14763;-42.14762878417969
33;83.96539;-50.96539306640625
32;80.299385;-48.29938507080078
31;76.13535;-45.135353088378906
30;74.320465;-44.320465087890625
29;69.54232;-40.542320251464844
28;57.284657;-29.284656524658203
27;68.33686;-41.33686065673828
26;81.39965;-55.39965057373047
25;68.977196;-43.977195739746094
24;52.070824;-28.070823669433594
23;60.852505;-37.85250473022461
22;67.89842;-45.89842224121094
21;60.210228;-39.210227966308594
20;80.1768;-60.17680358886719
19;60.873753;-41.87375259399414
18;66.55319;-48.553192138671875
17;58.6667;-41.66669845581055
16;68.471725;-52.47172546386719
15;68.32424;-53.324241638183594
14;80.38309;-66.38308715820312
13;61.023834;-48.023834228515625
12;63.22474;-51.22473907470703
11;77.14429;-66.144287109375
10;80.0421;-70.04209899902344
9;70.43557;-61.435569763183594
8;67.94273;-59.94273376464844
7;69.898026;-62.89802551269531
6;56.742188;-50.7421875
5;44.588345;-39.58834457397461
4;47.861435;-43.86143493652344
3;60.033478;-57.033477783203125
2;44.878307;-42.8783073425293
1;57.088623;-56.088623046875
0;47.99196;-47.99195861816406
92;37.2788;54.72119903564453
91;31.124401;59.8755989074707
90;29.977842;60.02215766906738
89;37.472427;51.52757263183594
88;37.686638;50.31336212158203
87;36.054153;50.94584655761719
86;35.159424;50.840576171875
85;43.086002;41.913997650146484
84;34.95503;49.04497146606445
83;36.03676;46.96324157714844
82;49.100006;32.899993896484375
81;35.936527;45.063472747802734
80;52.080658;27.919342041015625
79;28.040842;50.959157943725586
78;34.514843;43.48515701293945
77;39.964973;37.03502655029297
76;48.792778;27.20722198486328
75;31.116772;43.88322830200195
74;32.475037;41.52496337890625
73;36.317394;36.6826057434082
72;33.45745;38.54254913330078
71;40.376476;30.623523712158203
70;36.0435;33.95650100708008
69;42.354076;26.645923614501953
68;45.491344;22.508655548095703
67;43.828518;23.17148208618164
66;36.098953;29.901046752929688
65;34.034138;30.965862274169922
64;41.58781;22.412189483642578
63;44.9674;18.03260040283203
62;36.935253;25.064746856689453
61;33.269325;27.730674743652344
60;41.687298;18.312702178955078
59;34.629578;24.37042236328125
58;53.78825;4.211750030517578
57;33.5858;23.414199829101562
56;34.66993;21.33007049560547
55;42.94596;12.054039001464844
54;43.727272;10.272727966308594
53;47.51005;5.489948272705078
52;41.330807;10.669193267822266
51;44.322063;6.677936553955078
50;42.45146;7.5485382080078125
49;40.283504;8.716495513916016
48;59.75263;-11.752628326416016
47;58.907608;-11.907608032226562
46;59.064213;-13.064212799072266
45;67.44792;-22.447921752929688
44;64.65422;-20.654220581054688
43;55.912376;-12.912376403808594
42;69.09182;-27.091819763183594
41;52.50827;-11.508270263671875
40;65.02635;-25.026351928710938
39;64.86036;-25.86035919189453
38;64.102036;-26.102035522460938
37;65.67677;-28.676773071289062
36;78.97467;-42.97467041015625
35;67.22495;-32.224952697753906
34;74.08409;-40.08409118652344
33;63.937813;-30.93781280517578
32;63.743267;-31.743267059326172
31;60.02754;-29.027538299560547
30;64.63412;-34.634117126464844
29;68.469536;-39.46953582763672
28;64.16959;-36.169593811035156
27;61.879723;-34.879722595214844
26;60.130394;-34.130393981933594
25;63.171074;-38.17107391357422
24;62.796173;-38.796173095703125
23;60.650993;-37.65099334716797
22;68.66705;-46.66705322265625
21;64.70393;-43.70393371582031
20;72.49498;-52.49497985839844
19;65.77988;-46.779876708984375
18;61.732933;-43.732933044433594
17;67.70131;-50.70130920410156
16;60.312084;-44.31208419799805
15;60.247665;-45.24766540527344
14;65.400955;-51.40095520019531
13;64.35685;-51.356849670410156
12;61.0797;-49.0797004699707
11;62.64277;-51.64276885986328
10;62.114845;-52.114845275878906
9;59.05614;-50.0561408996582
8;60.99654;-52.99654006958008
7;64.15147;-57.151466369628906
6;52.87744;-46.87744140625
5;51.24961;-46.249610900878906
4;58.107586;-54.10758590698242
3;51.958626;-48.95862579345703
2;50.20132;-48.20132064819336
1;51.236523;-50.23652267456055
0;55.18507;-55.1850700378418
99;75.38095;23.619049072265625
98;95.37673;2.6232681274414062
97;94.2886;2.7114028930664062
96;91.40718;4.5928192138671875
95;88.06371;6.936286926269531
94;97.62498;-3.6249771118164062
93;90.72386;2.2761383056640625
92;93.38817;-1.3881683349609375
91;91.00129;-0.00128936767578125
90;96.20293;-6.2029266357421875
89;96.0302;-7.0301971435546875
88;106.13318;-18.1331787109375
87;98.80035;-11.800346374511719
86;90.05265;-4.052650451660156
85;83.08702;1.9129791259765625
84;76.43344;7.566558837890625
83;76.930855;6.069145202636719
82;63.522118;18.477882385253906
81;64.18691;16.813087463378906
80;25.080198;54.91980171203613
79;33.806915;45.193084716796875
78;33.238735;44.76126480102539
77;30.50026;46.49974060058594
76;29.61934;46.380659103393555
75;29.053211;45.9467887878418
74;21.021229;52.9787712097168
73;31.533897;41.466102600097656
72;28.094051;43.905948638916016
71;31.519432;39.480567932128906
70;26.060867;43.93913269042969
69;19.715149;49.28485107421875
68;25.750057;42.249942779541016
67;34.063446;32.936553955078125
66;21.606625;44.393375396728516
65;40.37266;24.627338409423828
64;23.660608;40.33939170837402
63;25.190424;37.8095760345459
62;23.505404;38.49459648132324
61;41.555004;19.444995880126953
60;28.584463;31.415536880493164
59;32.634464;26.365535736083984
58;33.028896;24.97110366821289
57;37.86765;19.13235092163086
56;43.67791;12.322090148925781
55;38.1971;16.802898406982422
54;35.70806;18.29193878173828
53;31.33023;21.669769287109375
52;31.530018;20.469982147216797
51;28.593155;22.406845092773438
50;32.49208;17.507919311523438
49;29.623386;19.37661361694336
48;21.984035;26.01596450805664
47;38.6667;8.333301544189453
46;51.94842;-5.948421478271484
45;60.111103;-15.111103057861328
44;52.54905;-8.549049377441406
43;56.340553;-13.340553283691406
42;62.30382;-20.303821563720703
41;51.93506;-10.93505859375
40;62.794353;-22.794353485107422
39;53.629116;-14.62911605834961
38;62.005577;-24.005577087402344
37;53.7185;-16.71849822998047
36;53.888924;-17.88892364501953
35;62.839657;-27.839656829833984
34;65.21246;-31.21246337890625
33;68.267494;-35.267494201660156
32;59.06998;-27.06998062133789
31;61.51803;-30.518028259277344
30;60.217896;-30.2178955078125
29;61.364082;-32.36408233642578
28;61.39258;-33.392578125
27;62.424362;-35.42436218261719
26;63.312458;-37.31245803833008
25;58.92793;-33.92792892456055
24;65.981476;-41.981475830078125
23;64.77814;-41.77813720703125
22;59.657696;-37.65769577026367
21;58.127003;-37.12700271606445
20;60.58401;-40.58401107788086
19;61.956688;-42.956687927246094
18;65.46966;-47.46965789794922
17;65.32535;-48.325347900390625
16;64.46039;-48.46038818359375
15;57.128895;-42.1288948059082
14;57.297016;-43.29701614379883
13;63.68443;-50.68442916870117
12;62.101315;-50.101314544677734
11;59.73479;-48.73479080200195
10;67.18755;-57.18755340576172
9;59.50153;-50.501529693603516
8;77.05141;-69.05140686035156
7;61.22875;-54.2287483215332
6;74.1101;-68.11009979248047
5;84.80581;-79.8058090209961
4;75.42232;-71.42231750488281
3;75.343636;-72.34363555908203
2;79.38094;-77.38094329833984
1;75.768295;-74.76829528808594
0;68.05599;-68.05599212646484
99;95.15312;3.8468780517578125
98;99.901054;-1.9010543823242188
97;110.472946;-13.472946166992188
96;99.71593;-3.7159271240234375
95;93.41997;1.5800323486328125
94;92.52285;1.4771499633789062
93;103.392395;-10.39239501953125
92;101.25105;-9.251052856445312
91;87.754265;3.2457351684570312
90;92.82615;-2.8261489868164062
89;97.81035;-8.810348510742188
88;106.16386;-18.163856506347656
87;80.922646;6.077354431152344
86;95.88164;-9.881637573242188
85;83.6057;1.3943023681640625
84;77.28201;6.717987060546875
83;73.423485;9.576515197753906
82;66.865425;15.134574890136719
81;63.65719;17.342811584472656
80;41.516964;38.483036041259766
79;22.863335;56.13666534423828
78;26.578093;51.42190742492676
77;28.935932;48.06406784057617
76;21.45105;54.5489501953125
75;31.915035;43.084964752197266
74;27.829868;46.17013168334961
73;35.380966;37.61903381347656
72;34.257572;37.742427825927734
71;36.98322;34.016780853271484
70;25.673332;44.32666778564453
69;32.766273;36.233726501464844
68;38.380863;29.619136810302734
67;28.378258;38.621742248535156
66;29.283367;36.71663284301758
65;26.829742;38.170257568359375
64;27.265688;36.73431205749512
63;24.503342;38.49665832519531
62;26.284613;35.71538734436035
61;35.36362;25.63637924194336
60;25.45749;34.54250907897949
59;31.575245;27.424755096435547
58;21.697538;36.30246162414551
57;25.02463;31.975370407104492
56;31.234394;24.765605926513672
55;28.689169;26.31083106994629
54;34.345333;19.654666900634766
53;33.622612;19.37738800048828
52;28.005291;23.994709014892578
51;31.788153;19.21184730529785
50;35.01535;14.984649658203125
49;40.129868;8.870132446289062
48;34.476803;13.523197174072266
47;48.50362;-1.5036201477050781
46;49.85996;-3.8599586486816406
45;44.069088;0.9309120178222656
44;47.29539;-3.295391082763672
43;50.204456;-7.204456329345703
42;48.177464;-6.177463531494141
41;56.75655;-15.756549835205078
40;47.435303;-7.435302734375
39;43.210396;-4.210395812988281
38;60.59461;-22.594608306884766
37;60.187107;-23.18710708618164
36;52.193302;-16.193302154541016
35;57.15096;-22.150959014892578
34;50.764057;-16.764057159423828
33;60.07114;-27.07114028930664
32;58.84765;-26.84764862060547
31;46.69697;-15.696971893310547
30;63.072956;-33.07295608520508
29;60.324566;-31.324565887451172
28;65.05245;-37.052452087402344
27;60.896095;-33.896095275878906
26;65.43437;-39.43437194824219
25;65.65351;-40.65351104736328
24;71.32214;-47.3221435546875
23;71.337685;-48.337684631347656
22;63.469646;-41.46964645385742
21;84.69593;-63.69593048095703
20;80.33901;-60.339012145996094
19;68.986404;-49.98640441894531
18;77.692535;-59.692535400390625
17;75.55095;-58.55094909667969
16;63.788727;-47.788726806640625
15;85.37355;-70.37355041503906
14;66.2278;-52.22779846191406
13;68.96684;-55.96684265136719
12;72.311935;-60.31193542480469
11;65.19577;-54.195770263671875
10;64.99028;-54.99028015136719
9;73.32967;-64.32967376708984
8;69.77964;-61.779640197753906
7;60.650486;-53.65048599243164
6;52.196037;-46.19603729248047
5;49.17778;-44.17778015136719
4;60.375984;-56.37598419189453
3;63.172997;-60.172996520996094
2;59.953793;-57.953792572021484
1;63.572044;-62.572044372558594
0;57.717342;-57.717342376708984
99;82.946915;16.053085327148438
98;84.73824;13.261756896972656
97;91.04192;5.958076477050781
96;89.02061;6.979393005371094
95;89.22621;5.7737884521484375
94;86.32697;7.673027038574219
93;89.53158;3.4684219360351562
92;92.738014;-0.7380142211914062
91;94.71745;-3.7174530029296875
90;90.90434;-0.9043426513671875
89;88.707695;0.29230499267578125
88;94.50673;-6.5067291259765625
87;86.72249;0.2775115966796875
86;87.4851;-1.4850997924804688
85;87.12011;-2.1201095581054688
84;79.79393;4.2060699462890625
83;77.392365;5.607635498046875
82;64.9032;17.0968017578125
81;64.25425;16.745750427246094
80;31.134327;48.86567306518555
79;40.35427;38.645729064941406
78;44.0651;33.934898376464844
77;41.027195;35.97280502319336
76;35.425797;40.57420349121094
75;39.894268;35.10573196411133
74;28.655237;45.34476280212402
73;42.301323;30.69867706298828
72;36.308994;35.69100570678711
71;36.10936;34.89064025878906
70;34.471577;35.52842330932617
69;37.46547;31.534530639648438
68;50.26133;17.738670349121094
67;34.575554;32.42444610595703
66;32.50513;33.494869232177734
65;30.329275;34.670724868774414
64;20.62875;43.37125015258789
63;31.562792;31.43720817565918
62;25.689203;36.3107967376709
61;42.510822;18.489177703857422
60;30.537165;29.46283531188965
59;41.86001;17.139991760253906
58;34.019535;23.980464935302734
57;47.52204;9.477958679199219
56;28.485098;27.514902114868164
55;42.466152;12.53384780883789
54;26.536554;27.46344566345215
53;33.932198;19.06780242919922
52;27.875742;24.124258041381836
51;24.429485;26.570514678955078
50;47.36123;2.6387710571289062
49;41.20555;7.7944488525390625
48;40.11084;7.88916015625
47;45.77398;1.2260208129882812
46;40.551178;5.448822021484375
45;43.596973;1.4030265808105469
44;41.005554;2.99444580078125
43;58.829514;-15.829513549804688
42;63.327362;-21.327362060546875
41;58.724834;-17.724834442138672
40;44.23213;-4.232128143310547
39;50.327126;-11.327125549316406
38;52.26764;-14.26763916015625
37;49.95124;-12.951240539550781
36;48.29322;-12.293220520019531
35;42.868473;-7.868473052978516
34;52.425217;-18.425216674804688
33;58.961422;-25.961421966552734
32;43.484467;-11.484466552734375
31;56.354836;-25.354835510253906
30;53.533634;-23.533634185791016
29;61.30215;-32.30215072631836
28;52.069324;-24.069324493408203
27;59.46689;-32.466888427734375
26;66.802605;-40.80260467529297
25;60.83492;-35.83491897583008
24;59.52908;-35.52907943725586
23;58.975536;-35.97553634643555
22;65.460106;-43.460105895996094
21;59.09319;-38.09318923950195
20;66.69185;-46.69184875488281
19;62.132187;-43.13218688964844
18;60.447857;-42.44785690307617
17;61.754307;-44.75430679321289
16;55.640293;-39.64029312133789
15;69.39013;-54.39012908935547
14;75.58782;-61.58782196044922
13;64.699005;-51.699005126953125
12;61.99164;-49.99163818359375
11;66.59723;-55.59722900390625
10;64.21633;-54.216331481933594
9;60.784504;-51.78450393676758
8;61.218937;-53.218936920166016
7;56.365723;-49.36572265625
6;54.15875;-48.158748626708984
5;56.74524;-51.7452392578125
4;49.98276;-45.98276138305664
3;55.156555;-52.15655517578125
2;60.915718;-58.91571807861328
1;52.868828;-51.86882781982422
0;57.33565;-57.33565139770508
87;84.13397;2.86602783203125
86;86.85013;-0.850128173828125
85;100.697426;-15.697425842285156
84;100.39532;-16.39531707763672
83;95.93844;-12.938438415527344
82;90.74767;-8.747673034667969
81;102.96085;-21.960853576660156
80;97.48821;-17.48821258544922
79;91.12497;-12.124969482421875
78;95.637825;-17.63782501220703
77;88.04721;-11.047210693359375
76;88.06039;-12.060386657714844
75;92.85887;-17.858871459960938
74;84.116714;-10.116714477539062
73;80.53128;-7.531280517578125
72;80.35425;-8.354248046875
71;73.03646;-2.0364608764648438
70;71.58912;-1.5891189575195312
69;54.70108;14.298919677734375
68;42.00375;25.99625015258789
67;40.221066;26.778934478759766
66;34.410465;31.589534759521484
65;33.50711;31.492889404296875
64;35.136353;28.8636474609375
63;36.47949;26.520511627197266
62;40.707706;21.292293548583984
61;43.028114;17.971885681152344
60;38.267952;21.73204803466797
59;41.71108;17.288921356201172
58;43.85379;14.146209716796875
57;32.98223;24.01776885986328
56;35.079952;20.920047760009766
55;25.500473;29.499526977539062
54;36.29951;17.700489044189453
53;34.488514;18.511486053466797
52;38.956768;13.043231964111328
51;32.82298;18.177021026611328
50;40.958126;9.041873931884766
49;27.626513;21.37348747253418
48;31.200378;16.79962158203125
47;32.202507;14.797492980957031
46;33.608116;12.391883850097656
45;29.667612;15.332387924194336
44;22.339914;21.660085678100586
43;33.904167;9.095832824707031
42;22.00084;19.999160766601562
41;22.96139;18.038610458374023
40;21.02238;18.977619171142578
39;40.854897;-1.8548965454101562
38;35.491913;2.508087158203125
37;29.789324;7.210676193237305
36;33.970367;2.029632568359375
35;50.70505;-15.70505142211914
34;53.307602;-19.307601928710938
33;46.631474;-13.631473541259766
32;59.237957;-27.237957000732422
31;56.61514;-25.61513900756836
30;52.814743;-22.814743041992188
29;61.735207;-32.735206604003906
28;39.255737;-11.2557373046875
27;60.47216;-33.47216033935547
26;52.447712;-26.447711944580078
25;55.34506;-30.34505844116211
24;49.39224;-25.39223861694336
23;52.02669;-29.026691436767578
22;56.605595;-34.605594635009766
21;51.973785;-30.973785400390625
20;52.164913;-32.164913177490234
19;56.379276;-37.379276275634766
18;61.176033;-43.17603302001953
17;57.27673;-40.276729583740234
16;61.432728;-45.4327278137207
15;60.588913;-45.58891296386719
14;57.824028;-43.82402801513672
13;68.30166;-55.301658630371094
12;65.78643;-53.78643035888672
11;63.897686;-52.89768600463867
10;63.306004;-53.30600357055664
9;66.52527;-57.5252685546875
8;67.48586;-59.485862731933594
7;66.366615;-59.366615295410156
6;66.07342;-60.07341766357422
5;62.22034;-57.220340728759766
4;66.61516;-62.61515808105469
3;71.43297;-68.43296813964844
2;58.043022;-56.04302215576172
1;56.608334;-55.608333587646484
0;67.63463;-67.63462829589844
34;48.774918;-14.774917602539062
33;58.876854;-25.876853942871094
32;56.392273;-24.39227294921875
31;62.027283;-31.02728271484375
30;50.509567;-20.509567260742188
29;54.26874;-25.268741607666016
28;51.854652;-23.854652404785156
27;67.10796;-40.10796356201172
26;56.436123;-30.43612289428711
25;42.83964;-17.839641571044922
24;48.81498;-24.814979553222656
23;55.917877;-32.917877197265625
22;52.19291;-30.192909240722656
21;51.683125;-30.683124542236328
20;52.911087;-32.91108703613281
19;52.194313;-33.194313049316406
18;51.93185;-33.93185043334961
17;49.772507;-32.77250671386719
16;51.01448;-35.01448059082031
15;33.06446;-18.06446075439453
14;38.285046;-24.285045623779297
13;67.39668;-54.39668273925781
12;54.829643;-42.82964324951172
11;70.54076;-59.54075622558594
10;78.1628;-68.16280364990234
9;122.7122;-113.71219635009766
8;145.81288;-137.81288146972656
7;142.16109;-135.1610870361328
6;156.7173;-150.71730041503906
5;191.63013;-186.630126953125
4;205.26007;-201.26007080078125
3;212.4625;-209.46249389648438
2;195.6346;-193.6345977783203
1;176.25012;-175.2501220703125
0;103.91764;-103.91764068603516
53;112.556366;-59.556365966796875
52;104.69933;-52.69933319091797
51;89.49906;-38.499061584472656
50;104.8596;-54.859596252441406
49;98.70543;-49.70542907714844
48;102.674545;-54.67454528808594
47;88.68917;-41.689170837402344
46;89.533;-43.532997131347656
45;101.12967;-56.129669189453125
44;100.70552;-56.70552062988281
43;107.80319;-64.80319213867188
42;122.577934;-80.57793426513672
41;99.87563;-58.875633239746094
40;111.779106;-71.77910614013672
39;95.1653;-56.16529846191406
38;86.733345;-48.73334503173828
37;96.36733;-59.367332458496094
36;93.12804;-57.12803649902344
35;97.65207;-62.652069091796875
34;66.293724;-32.293724060058594
33;54.94436;-21.944358825683594
32;61.35816;-29.358158111572266
31;55.698853;-24.6988525390625
30;49.764233;-19.764232635498047
29;44.310974;-15.31097412109375
28;55.90374;-27.90373992919922
27;51.290974;-24.290973663330078
26;40.238617;-14.238616943359375
25;41.914288;-16.914287567138672
24;45.471535;-21.471534729003906
23;38.60796;-15.607959747314453
22;42.30057;-20.30057144165039
21;42.729378;-21.72937774658203
20;55.36481;-35.364810943603516
19;41.70902;-22.70901870727539
18;48.20971;-30.20970916748047
17;52.047745;-35.04774475097656
16;57.639393;-41.6393928527832
15;56.30189;-41.3018913269043
14;46.557087;-32.55708694458008
13;93.18191;-80.1819076538086
12;100.17517;-88.1751708984375
11;100.45142;-89.45142364501953
10;104.07781;-94.07781219482422
9;160.32928;-151.32928466796875
8;169.23628;-161.2362823486328
7;164.56766;-157.56765747070312
6;222.01202;-216.01202392578125
5;152.82224;-147.82223510742188
4;164.33455;-160.3345489501953
3;157.08154;-154.08154296875
2;164.80128;-162.80128479003906
1;150.07031;-149.0703125
0;153.62314;-153.62313842773438
53;109.67969;-56.6796875
52;101.17364;-49.17363739013672
51;123.527214;-72.52721405029297
50;116.43931;-66.4393081665039
49;108.7069;-59.70690155029297
48;96.97675;-48.97675323486328
47;113.86589;-66.86589050292969
46;98.776634;-52.776634216308594
45;104.72837;-59.728370666503906
44;108.33897;-64.3389663696289
43;100.372536;-57.372535705566406
42;94.72751;-52.727508544921875
41;98.243126;-57.243125915527344
40;84.569786;-44.569786071777344
39;88.92695;-49.92694854736328
38;87.75106;-49.751060485839844
37;92.86104;-55.86103820800781
36;85.45335;-49.453346252441406
35;86.783035;-51.78303527832031
34;60.759937;-26.759937286376953
33;68.606995;-35.60699462890625
32;65.99996;-33.999961853027344
31;73.00304;-42.00303649902344
30;80.095695;-50.09569549560547
29;54.841076;-25.841075897216797
28;80.50987;-52.50987243652344
27;68.487625;-41.48762512207031
26;63.21547;-37.21546936035156
25;56.4026;-31.402599334716797
24;48.72124;-24.721240997314453
23;57.626095;-34.626094818115234
22;53.076538;-31.0765380859375
21;62.302654;-41.30265426635742
20;55.30327;-35.30326843261719
19;54.940147;-35.940147399902344
18;57.213047;-39.21304702758789
17;50.80828;-33.80828094482422
16;64.48186;-48.48185729980469
15;61.9581;-46.958099365234375
14;62.805576;-48.80557632446289
13;70.18839;-57.188392639160156
12;76.715294;-64.71529388427734
11;110.755554;-99.75555419921875
10;68.72292;-58.722923278808594
9;83.65627;-74.6562728881836
8;144.90906;-136.9090576171875
7;125.42882;-118.42881774902344
6;162.3198;-156.31979370117188
5;225.54205;-220.54205322265625
4;192.24026;-188.24026489257812
3;196.1864;-193.1864013671875
2;85.68191;-83.6819076538086
1;79.494705;-78.49470520019531
0;144.43176;-144.4317626953125
53;91.69905;-38.69905090332031
52;101.218544;-49.218544006347656
51;104.13129;-53.13128662109375
50;93.52712;-43.527122497558594
49;96.602745;-47.602745056152344
48;111.22309;-63.22309112548828
47;111.409065;-64.40906524658203
46;100.64475;-54.644752502441406
45;102.17525;-57.17524719238281
44;95.18203;-51.182029724121094
43;118.97677;-75.97676849365234
42;103.1767;-61.17669677734375
41;102.814095;-61.81409454345703
40;103.57752;-63.57752227783203
39;94.73835;-55.73834991455078
38;104.062454;-66.06245422363281
37;83.34268;-46.342681884765625
36;91.08779;-55.087791442871094
35;96.80003;-61.80003356933594
34;67.58709;-33.58708953857422
33;59.79783;-26.797828674316406
32;63.859478;-31.859477996826172
31;68.36637;-37.366371154785156
30;57.579876;-27.579875946044922
29;63.49535;-34.4953498840332
28;54.698895;-26.698894500732422
27;49.294495;-22.29449462890625
26;65.35806;-39.358062744140625
25;59.707783;-34.70778274536133
24;54.367783;-30.367782592773438
23;59.25889;-36.258888244628906
22;55.513786;-33.51378631591797
21;52.861908;-31.861907958984375
20;48.331158;-28.331157684326172
19;43.90865;-24.908649444580078
18;46.928295;-28.928295135498047
17;49.346966;-32.34696578979492
16;46.953182;-30.953182220458984
15;35.180775;-20.180774688720703
14;33.39386;-19.39385986328125
13;53.388973;-40.388973236083984
12;43.050896;-31.05089569091797
11;69.60993;-58.60993194580078
10;72.91786;-62.91786193847656
9;108.50104;-99.50103759765625
8;116.46386;-108.46385955810547
7;106.18382;-99.18382263183594
6;149.05008;-143.05007934570312
5;185.34785;-180.3478546142578
4;164.30254;-160.3025360107422
3;168.9944;-165.99440002441406
2;144.35597;-142.35597229003906
1;163.17473;-162.1747283935547
0;89.82296;-89.82295989990234
283;111.564606;171.43539428710938
282;102.89426;179.10574340820312
281;104.94723;176.05277252197266
280;95.22659;184.77340698242188
279;90.74776;188.2522430419922
278;89.32189;188.67810821533203
277;99.7505;177.24949645996094
276;107.45666;168.54334259033203
275;108.336464;166.66353607177734
274;115.6924;158.30760192871094
273;111.15;161.8499984741211
272;114.23317;157.76683044433594
271;106.72839;164.2716064453125
270;114.64241;155.3575897216797
269;98.56704;170.4329605102539
268;102.246956;165.75304412841797
267;103.99079;163.00920867919922
266;108.30665;157.69335174560547
265;84.68006;180.31993865966797
264;68.149185;195.85081481933594
263;62.903103;200.09689712524414
262;51.810734;210.18926620483398
261;53.15379;207.84621047973633
260;44.315548;215.68445205688477
259;61.871914;197.1280860900879
258;53.089092;204.91090774536133
257;60.200977;196.79902267456055
256;55.993576;200.0064239501953
255;54.060547;200.939453125
254;53.274376;200.72562408447266
253;53.87215;199.12784957885742
252;51.164932;200.83506774902344
251;46.516914;204.48308563232422
250;46.349354;203.6506462097168
249;51.29131;197.70869064331055
248;48.70988;199.29011917114258
247;49.43121;197.56879043579102
246;34.47931;211.52069091796875
245;48.686123;196.3138771057129
244;45.071926;198.92807388305664
243;71.38329;171.61670684814453
242;57.345425;184.6545753479004
241;74.08695;166.91304779052734
240;80.09027;159.90972900390625
239;100.796684;138.20331573486328
238;114.783195;123.21680450439453
237;121.42744;115.57256317138672
236;165.32158;70.67842102050781
235;134.3439;100.65609741210938
234;100.17382;133.82617950439453
233;133.08481;99.91519165039062
232;93.42341;138.57659149169922
231;123.50161;107.4983901977539
230;109.68139;120.31861114501953
229;91.46956;137.5304412841797
228;112.90702;115.09297943115234
227;108.09307;118.90692901611328
226;103.60526;122.39473724365234
225;105.3589;119.64109802246094
224;93.6009;130.39910125732422
223;81.010185;141.98981475830078
222;61.55256;160.44744110107422
221;70.93134;150.06865692138672
220;93.137405;126.86259460449219
219;67.82619;151.17381286621094
218;76.97636;141.02364349365234
217;75.039215;141.96078491210938
216;60.71206;155.2879409790039
215;79.44975;135.5502471923828
214;61.904778;152.09522247314453
213;102.80386;110.19613647460938
212;89.043;122.95700073242188
211;118.547874;92.4521255493164
210;93.40129;116.59870910644531
209;65.5646;143.4354019165039
208;91.76798;116.23201751708984
207;81.53694;125.46305847167969
206;110.75913;95.2408676147461
205;78.88574;126.1142578125
204;87.41573;116.58426666259766
203;82.978516;120.021484375
202;82.091606;119.90839385986328
201;66.10939;134.89060974121094
200;75.63059;124.3694076538086
199;75.71818;123.28182220458984
198;66.31164;131.68836212158203
197;68.336975;128.66302490234375
196;62.247498;133.75250244140625
195;72.809875;122.19012451171875
194;70.87456;123.12544250488281
193;67.54232;125.45767974853516
192;57.601757;134.39824295043945
191;64.59083;126.40917205810547
190;63.828537;126.17146301269531
189;71.865005;117.13499450683594
188;62.685394;125.31460571289062
187;68.32283;118.67716979980469
186;71.51087;114.48912811279297
185;74.67655;110.32344818115234
184;65.231255;118.76874542236328
183;73.54822;109.4517822265625
182;68.67294;113.32705688476562
181;78.44072;102.55928039550781
180;85.328255;94.67174530029297
179;100.20365;78.79634857177734
178;86.256966;91.74303436279297
177;92.82801;84.17198944091797
176;80.69985;95.3001480102539
175;96.95115;78.0488510131836
174;98.530205;75.46979522705078
173;91.50001;81.49999237060547
172;78.74167;93.25833129882812
171;99.26921;71.73078918457031
170;106.005684;63.99431610107422
169;106.99412;62.005882263183594
168;97.077965;70.92203521728516
167;85.26742;81.73258209228516
166;71.63456;94.36544036865234
165;75.00696;89.9930419921875
164;94.828766;69.17123413085938
163;95.374016;67.62598419189453
162;107.37459;54.62541198730469
161;92.565895;68.4341049194336
160;80.89992;79.10008239746094
159;81.405136;77.59486389160156
158;88.624435;69.37556457519531
157;92.72284;64.27716064453125
156;94.40071;61.59928894042969
155;86.9768;68.02320098876953
154;92.35753;61.64247131347656
153;90.733;62.266998291015625
152;93.48752;58.512481689453125
151;99.38557;51.61443328857422
150;96.417725;53.582275390625
149;98.6188;50.381202697753906
148;104.88293;43.11707305908203
147;94.05733;52.94267272949219
146;94.92968;51.07032012939453
145;85.39958;59.60041809082031
144;106.08966;37.91033935546875
143;103.36964;39.63036346435547
142;102.832214;39.16778564453125
141;103.53742;37.46257781982422
140;100.52561;39.474388122558594
139;101.113655;37.88634490966797
138;103.71443;34.28556823730469
137;100.01273;36.987266540527344
136;118.54885;17.451148986816406
135;99.649185;35.35081481933594
134;105.93635;28.06365203857422
133;97.61923;35.380767822265625
132;81.15858;50.84142303466797
131;89.37629;41.62371063232422
130;108.67316;21.32684326171875
129;101.62992;27.370079040527344
128;81.456894;46.54310607910156
127;66.5001;60.499900817871094
126;92.9933;33.00669860839844
125;90.79174;34.20825958251953
124;79.617065;44.3829345703125
123;77.81728;45.182716369628906
122;78.64788;43.35211944580078
121;80.19694;40.803062438964844
120;80.82542;39.174583435058594
119;73.4372;45.56279754638672
118;61.843037;56.15696334838867
117;81.8846;35.11540222167969
116;84.3945;31.605499267578125
115;95.312386;19.68761444091797
114;82.76131;31.238693237304688
113;95.28258;17.717422485351562
112;88.95891;23.041091918945312
111;80.47936;30.52063751220703
110;94.552475;15.447525024414062
109;67.192635;41.80736541748047
108;72.800835;35.19916534423828
107;93.61138;13.388618469238281
106;85.55217;20.447830200195312
105;90.916084;14.083915710449219
104;65.45871;38.541290283203125
103;94.65484;8.345161437988281
102;87.52397;14.476028442382812
101;78.196365;22.803634643554688
100;80.26008;19.73992156982422
99;73.993706;25.00629425048828
98;70.33291;27.667091369628906
97;77.60233;19.397666931152344
96;64.36334;31.63665771484375
95;67.52297;27.477027893066406
94;68.15199;25.848007202148438
93;62.0089;30.991100311279297
92;61.133778;30.866222381591797
91;64.40179;26.59821319580078
90;71.235405;18.76459503173828
89;65.714516;23.285484313964844
88;60.923462;27.0765380859375
87;69.09658;17.903419494628906
86;65.24459;20.755409240722656
85;64.15733;20.842666625976562
84;71.35751;12.642486572265625
83;73.74066;9.25933837890625
82;82.221794;-0.22179412841796875
81;72.072914;8.927085876464844
80;76.49218;3.5078201293945312
79;64.71241;14.287590026855469
78;81.33096;-3.330963134765625
77;75.0961;1.903900146484375
76;78.995476;-2.9954757690429688
75;75.54988;-0.5498809814453125
74;74.22588;-0.22588348388671875
73;60.77426;12.225738525390625
72;77.85242;-5.8524169921875
71;66.00594;4.994056701660156
70;72.69865;-2.6986465454101562
69;74.57345;-5.573448181152344
68;85.61439;-17.61438751220703
67;70.70042;-3.7004165649414062
66;81.30741;-15.307411193847656
65;72.15004;-7.1500396728515625
64;50.113426;13.886573791503906
63;50.8719;12.128101348876953
62;59.1307;2.8693008422851562
61;62.56535;-1.5653495788574219
60;61.46598;-1.4659805297851562
59;61.59097;-2.5909690856933594
58;49.977123;8.022876739501953
57;50.652874;6.347126007080078
56;54.327587;1.6724128723144531
55;58.11681;-3.116809844970703
54;48.418003;5.581996917724609
53;66.747894;-13.747894287109375
52;52.193443;-0.19344329833984375
51;56.19112;-5.191120147705078
50;58.694534;-8.694534301757812
49;44.85561;4.144390106201172
48;56.973957;-8.973957061767578
47;51.803596;-4.803596496582031
46;44.824486;1.1755142211914062
45;55.37161;-10.37160873413086
44;57.868332;-13.868331909179688
43;56.153255;-13.153255462646484
42;52.56476;-10.56475830078125
41;53.46903;-12.46902847290039
40;57.535984;-17.53598403930664
39;46.499947;-7.499946594238281
38;47.131195;-9.131195068359375
37;54.21963;-17.21963119506836
36;41.168465;-5.168464660644531
35;44.97553;-9.975528717041016
34;46.261204;-12.26120376586914
33;48.98965;-15.98965072631836
32;30.30227;1.6977291107177734
31;39.966843;-8.966842651367188
30;45.85901;-15.8590087890625
29;42.384678;-13.38467788696289
28;37.428123;-9.428123474121094
27;41.823936;-14.823936462402344
26;44.954582;-18.95458221435547
25;45.078773;-20.078773498535156
24;51.523357;-27.523357391357422
23;48.686382;-25.686382293701172
22;44.53226;-22.53226089477539
21;45.115784;-24.11578369140625
20;47.200264;-27.20026397705078
19;47.21113;-28.21112823486328
18;39.987804;-21.987804412841797
17;40.310818;-23.31081771850586
16;46.91194;-30.911941528320312
15;45.586487;-30.58648681640625
14;38.1006;-24.100601196289062
13;49.64305;-36.64305114746094
12;39.082264;-27.082263946533203
11;45.585575;-34.585575103759766
10;46.92502;-36.925018310546875
9;47.364407;-38.36440658569336
8;43.13374;-35.13373947143555
7;29.622726;-22.622726440429688
6;28.333643;-22.333642959594727
5;29.84074;-24.840740203857422
4;31.265417;-27.265417098999023
3;35.293747;-32.29374694824219
2;22.599367;-20.599367141723633
1;22.73057;-21.73056983947754
0;27.919712;-27.91971206665039
54;63.551193;-9.551193237304688
53;65.10588;-12.105880737304688
52;56.405518;-4.405517578125
51;66.57913;-15.579132080078125
50;61.41125;-11.411251068115234
49;61.983517;-12.983516693115234
48;64.058914;-16.058914184570312
47;64.21598;-17.215980529785156
46;59.57533;-13.575328826904297
45;67.519295;-22.51929473876953
44;60.549202;-16.54920196533203
43;54.352596;-11.352596282958984
42;58.33327;-16.333271026611328
41;64.17475;-23.17475128173828
40;61.60857;-21.608570098876953
39;64.8525;-25.852500915527344
38;66.48096;-28.48095703125
37;72.5602;-35.560203552246094
36;69.00722;-33.00721740722656
35;69.205414;-34.205413818359375
34;68.169334;-34.169334411621094
33;63.62732;-30.6273193359375
32;59.314472;-27.314472198486328
31;59.778893;-28.778892517089844
30;59.32303;-29.323028564453125
29;45.170143;-16.170143127441406
28;51.961704;-23.96170425415039
27;59.87662;-32.87662124633789
26;64.15741;-38.15740966796875
25;58.846127;-33.846126556396484
24;54.10292;-30.102920532226562
23;48.042076;-25.042076110839844
22;55.37925;-33.379249572753906
21;54.25836;-33.25836181640625
20;47.168262;-27.168262481689453
19;78.09172;-59.09172058105469
18;80.00837;-62.00836944580078
17;94.41423;-77.41423034667969
16;86.36049;-70.36048889160156
15;68.014885;-53.01488494873047
14;80.03069;-66.03069305419922
13;67.095604;-54.095603942871094
12;65.09517;-53.09516906738281
11;67.872635;-56.87263488769531
10;93.0021;-83.0020980834961
9;90.671326;-81.67132568359375
8;79.22335;-71.22335052490234
7;91.70483;-84.70482635498047
6;84.73751;-78.73751068115234
5;72.89919;-67.8991928100586
4;84.396736;-80.39673614501953
3;71.38217;-68.38217163085938
2;90.6995;-88.69950103759766
1;69.77864;-68.77864074707031
0;72.25465;-72.25464630126953
73;100.198555;-27.19855499267578
72;100.069046;-28.069046020507812
71;98.62222;-27.622222900390625
70;106.6034;-36.60340118408203
69;97.53808;-28.53807830810547
68;103.18624;-35.186241149902344
67;106.22278;-39.2227783203125
66;91.06916;-25.06916046142578
65;89.97923;-24.979232788085938
64;98.81014;-34.810142517089844
63;96.035805;-33.035804748535156
62;89.76415;-27.76415252685547
61;92.025314;-31.025314331054688
60;89.2347;-29.234703063964844
59;90.70666;-31.70665740966797
58;95.64294;-37.64293670654297
57;75.47676;-18.476760864257812
56;89.42223;-33.42223358154297
55;84.49873;-29.498733520507812
54;88.411316;-34.41131591796875
53;75.79375;-22.793746948242188
52;83.51489;-31.514892578125
51;71.71142;-20.71141815185547
50;72.152916;-22.152915954589844
49;67.71158;-18.711578369140625
48;67.29518;-19.295181274414062
47;93.334946;-46.33494567871094
46;67.52591;-21.525909423828125
45;53.19863;-8.198631286621094
44;78.27313;-34.27313232421875
43;53.514935;-10.514934539794922
42;60.964264;-18.964263916015625
41;61.685326;-20.685325622558594
40;78.978294;-38.978294372558594
39;56.42528;-17.425281524658203
38;66.21381;-28.21381378173828
37;63.53134;-26.531341552734375
36;72.90669;-36.90669250488281
35;55.317444;-20.31744384765625
34;81.51347;-47.51347351074219
33;73.82324;-40.8232421875
32;58.81115;-26.81114959716797
31;66.91925;-35.91925048828125
30;64.96949;-34.96949005126953
29;69.53431;-40.53430938720703
28;66.44686;-38.446861267089844
27;57.04159;-30.04159164428711
26;65.58066;-39.580657958984375
25;72.677536;-47.67753601074219
24;83.67694;-59.67694091796875
23;74.738525;-51.738525390625
22;86.10626;-64.10626220703125
21;94.39932;-73.39932250976562
20;53.339985;-33.33998489379883
19;65.41364;-46.41364288330078
18;80.00231;-62.00231170654297
17;100.51922;-83.51921844482422
16;101.9193;-85.91929626464844
15;95.1103;-80.11029815673828
14;99.163345;-85.16334533691406
13;87.805405;-74.80540466308594
12;68.66593;-56.665931701660156
11;83.7668;-72.76679992675781
10;87.07533;-77.07533264160156
9;93.04463;-84.04463195800781
8;100.65315;-92.65315246582031
7;83.40514;-76.40514373779297
6;63.909225;-57.90922546386719
5;73.607666;-68.607666015625
4;62.66834;-58.668338775634766
3;48.378918;-45.3789176940918
2;66.164474;-64.16447448730469
1;62.19693;-61.196929931640625
0;52.647533;-52.64753341674805
73;79.11722;-6.117218017578125
72;90.70957;-18.709571838378906
71;83.4446;-12.444602966308594
70;86.99719;-16.9971923828125
69;89.33029;-20.330291748046875
68;94.39604;-26.396041870117188
67;88.39549;-21.395492553710938
66;92.95593;-26.9559326171875
65;83.438095;-18.438095092773438
64;81.53729;-17.53729248046875
63;90.58844;-27.58843994140625
62;102.76783;-40.76782989501953
61;99.05498;-38.05497741699219
60;111.97809;-51.97808837890625
59;93.29738;-34.29737854003906
58;93.78167;-35.78166961669922
57;91.79098;-34.790977478027344
56;107.51871;-51.518707275390625
55;87.94704;-32.94703674316406
54;91.47532;-37.475318908691406
53;75.09258;-22.09258270263672
52;75.00892;-23.00891876220703
51;68.56325;-17.563247680664062
50;74.06862;-24.068618774414062
49;78.31662;-29.316619873046875
48;62.958904;-14.958904266357422
47;72.19412;-25.194122314453125
46;63.608936;-17.608936309814453
45;75.107086;-30.107086181640625
44;61.436527;-17.436527252197266
43;77.89323;-34.893226623535156
42;56.324936;-14.324935913085938
41;58.762405;-17.762405395507812
40;52.801624;-12.801624298095703
39;54.68336;-15.683361053466797
38;49.498222;-11.498222351074219
37;48.190285;-11.190284729003906
36;61.442383;-25.4423828125
35;57.61992;-22.619918823242188
34;58.519337;-24.519336700439453
33;63.085625;-30.08562469482422
32;66.19687;-34.196868896484375
31;64.77226;-33.77226257324219
30;69.85528;-39.85527801513672
29;64.9998;-35.99980163574219
28;75.32598;-47.32598114013672
27;59.98686;-32.98685836791992
26;49.727783;-23.727783203125
25;64.45153;-39.45153045654297
24;74.83453;-50.83453369140625
23;69.05756;-46.05756378173828
22;84.73338;-62.73338317871094
21;79.64475;-58.644752502441406
20;89.55086;-69.55085754394531
19;86.65936;-67.65936279296875
18;69.4589;-51.458900451660156
17;75.37638;-58.376380920410156
16;59.626194;-43.62619400024414
15;66.16918;-51.16918182373047
14;65.30218;-51.30217742919922
13;80.2035;-67.20349884033203
12;60.076664;-48.076663970947266
11;65.56091;-54.5609130859375
10;77.356415;-67.35641479492188
9;77.33475;-68.33474731445312
8;54.232105;-46.23210525512695
7;82.44173;-75.44172668457031
6;62.287815;-56.28781509399414
5;58.94902;-53.94902038574219
4;47.505672;-43.505672454833984
3;58.81956;-55.81956100463867
2;53.92868;-51.928680419921875
1;42.953762;-41.95376205444336
0;70.00888;-70.00888061523438
73;94.58372;-21.583717346191406
72;98.38139;-26.381393432617188
71;104.286476;-33.286476135253906
70;95.98657;-25.986572265625
69;105.35904;-36.359039306640625
68;106.34866;-38.348663330078125
67;97.59953;-30.599533081054688
66;107.06561;-41.06561279296875
65;86.485;-21.485000610351562
64;90.27848;-26.278480529785156
63;92.140755;-29.14075469970703
62;85.0618;-23.061798095703125
61;82.63595;-21.635948181152344
60;81.85573;-21.855728149414062
59;82.92656;-23.926559448242188
58;73.67264;-15.672637939453125
57;70.26782;-13.267822265625
56;79.693504;-23.693504333496094
55;66.311424;-11.311424255371094
54;53.008003;0.9919967651367188
53;63.05715;-10.057151794433594
52;60.097004;-8.097003936767578
51;60.82149;-9.821491241455078
50;63.19471;-13.194709777832031
49;71.69287;-22.69287109375
48;60.90829;-12.90829086303711
47;63.03076;-16.03076171875
46;60.098892;-14.098892211914062
45;71.50387;-26.503868103027344
44;64.45933;-20.459327697753906
43;59.96445;-16.96445083618164
42;61.324886;-19.324886322021484
41;55.154453;-14.15445327758789
40;55.470043;-15.470043182373047
39;57.35702;-18.35702133178711
38;55.614532;-17.614532470703125
37;61.58826;-24.588260650634766
36;59.53451;-23.53451156616211
35;54.79782;-19.797821044921875
34;69.1081;-35.10810089111328
33;56.259464;-23.259464263916016
32;62.835278;-30.835277557373047
31;67.41026;-36.41026306152344
30;69.7692;-39.769203186035156
29;67.57272;-38.572723388671875
28;81.68111;-53.68110656738281
27;87.19455;-60.194549560546875
26;74.419464;-48.419464111328125
25;85.506584;-60.50658416748047
24;50.41969;-26.419689178466797
23;85.04581;-62.045806884765625
22;73.572235;-51.572235107421875
21;86.3069;-65.30690002441406
20;95.00394;-75.00393676757812
19;73.299194;-54.2991943359375
18;99.45841;-81.45841217041016
17;110.04312;-93.04312133789062
16;78.57231;-62.57231140136719
15;56.888535;-41.88853454589844
14;77.82993;-63.829933166503906
13;78.532814;-65.5328140258789
12;77.21996;-65.21996307373047
11;70.52602;-59.52601623535156
10;78.24185;-68.24185180664062
9;71.85725;-62.85724639892578
8;80.46997;-72.469970703125
7;82.978195;-75.97819519042969
6;69.26115;-63.261146545410156
5;76.612656;-71.61265563964844
4;52.778126;-48.77812576293945
3;75.53829;-72.53829193115234
2;62.72881;-60.72880935668945
1;66.937485;-65.93748474121094
0;63.86372;-63.86371994018555
203;97.426254;105.57374572753906
202;91.90922;110.09078216552734
201;111.10314;89.89685821533203
200;96.28086;103.7191390991211
199;96.708405;102.29159545898438
198;99.38788;98.61212158203125
197;97.625015;99.37498474121094
196;100.03116;95.96884155273438
195;101.35914;93.64086151123047
194;86.0556;107.94439697265625
193;96.39301;96.60698699951172
192;88.689476;103.3105239868164
191;94.10377;96.89623260498047
190;79.404976;110.59502410888672
189;88.18063;100.81936645507812
188;106.44068;81.55931854248047
187;99.94864;87.05136108398438
186;89.050316;96.9496841430664
185;77.86408;107.13591766357422
184;75.94655;108.05345153808594
183;79.69539;103.30461120605469
182;78.45988;103.54012298583984
181;85.09842;95.90158081054688
180;68.052505;111.94749450683594
179;68.9062;110.09380340576172
178;86.65022;91.34977722167969
177;68.15003;108.84996795654297
176;77.003395;98.9966049194336
175;83.53014;91.46985626220703
174;66.442535;107.55746459960938
173;66.02868;106.97132110595703
172;67.787025;104.21297454833984
171;63.083866;107.91613388061523
170;81.48294;88.51705932617188
169;69.3112;99.68879699707031
168;65.66318;102.33682250976562
167;73.84557;93.15442657470703
166;72.51057;93.48943328857422
165;67.0982;97.90180206298828
164;78.46176;85.53823852539062
163;69.225;93.7750015258789
162;60.214672;101.78532791137695
161;70.74019;90.25981140136719
160;68.641945;91.3580551147461
159;55.74679;103.25320816040039
158;62.441864;95.55813598632812
157;54.61844;102.38156127929688
156;54.34293;101.65707015991211
155;53.695637;101.30436325073242
154;47.11851;106.88148880004883
153;64.42548;88.57451629638672
152;66.12487;85.87512969970703
151;58.761353;92.2386474609375
150;93.95345;56.046546936035156
149;61.6102;87.38980102539062
148;40.301052;107.69894790649414
147;78.18039;68.81961059570312
146;53.238674;92.76132583618164
145;101.07248;43.927520751953125
144;82.13521;61.86479187011719
143;73.33522;69.66477966308594
142;85.67439;56.32560729980469
141;76.473976;64.5260238647461
140;81.79698;58.20301818847656
139;78.06363;60.936370849609375
138;90.590775;47.40922546386719
137;93.10237;43.89762878417969
136;88.95574;47.04425811767578
135;78.856705;56.14329528808594
134;83.51847;50.481529235839844
133;53.838654;79.16134643554688
132;65.68279;66.31720733642578
131;66.85361;64.14639282226562
130;62.904457;67.09554290771484
129;77.35927;51.64073181152344
128;58.408054;69.59194564819336
127;67.37755;59.62245178222656
126;62.498837;63.501163482666016
125;63.629646;61.37035369873047
124;68.84967;55.15032958984375
123;46.59923;76.4007682800293
122;61.939114;60.06088638305664
121;60.73271;60.26728820800781
120;61.61723;58.38277053833008
119;43.90512;75.09487915039062
118;46.774887;71.22511291503906
117;61.187485;55.81251525878906
116;57.016987;58.98301315307617
115;68.86353;46.13646697998047
114;67.74077;46.25923156738281
113;68.66976;44.330238342285156
112;69.11509;42.884910583496094
111;89.80575;21.194252014160156
110;75.35072;34.64927673339844
109;84.611786;24.388214111328125
108;90.39238;17.607620239257812
107;97.50858;9.491416931152344
106;108.44062;-2.4406204223632812
105;103.69161;1.3083877563476562
104;104.34275;-0.34275054931640625
103;88.61146;14.388542175292969
102;101.89381;0.10619354248046875
101;109.42067;-8.420669555664062
100;104.220436;-4.220436096191406
99;110.944565;-11.944564819335938
98;88.8794;9.120597839355469
97;103.348335;-6.348335266113281
96;89.02891;6.971092224121094
95;104.30541;-9.305412292480469
94;86.97066;7.0293426513671875
93;95.269424;-2.2694244384765625
92;97.823906;-5.823905944824219
91;93.78047;-2.7804718017578125
90;101.728386;-11.728385925292969
89;100.03557;-11.035568237304688
88;117.450935;-29.45093536376953
87;89.94704;-2.9470367431640625
86;99.24015;-13.240150451660156
85;94.94629;-9.9462890625
84;84.353325;-0.35332489013671875
83;110.4021;-27.402099609375
82;120.21138;-38.21138000488281
81;101.31461;-20.314613342285156
80;96.85012;-16.850120544433594
79;107.985664;-28.98566436767578
78;107.83043;-29.830429077148438
77;103.18464;-26.18463897705078
76;107.57168;-31.571678161621094
75;107.0324;-32.03240203857422
74;101.00775;-27.00775146484375
73;98.37509;-25.375091552734375
72;102.67888;-30.678878784179688
71;110.17201;-39.17201232910156
70;100.48555;-30.485549926757812
69;86.257904;-17.257904052734375
68;95.16396;-27.163963317871094
67;86.35519;-19.355186462402344
66;98.691895;-32.69189453125
65;94.36017;-29.36016845703125
64;85.35472;-21.354721069335938
63;75.78002;-12.780021667480469
62;71.05846;-9.058456420898438
61;77.13457;-16.134567260742188
60;59.900406;0.0995941162109375
59;68.33937;-9.339370727539062
58;64.38087;-6.380867004394531
57;79.78783;-22.787826538085938
56;75.82416;-19.82415771484375
55;76.87403;-21.87403106689453
54;71.58702;-17.587020874023438
53;75.799255;-22.79925537109375
52;85.53119;-33.53118896484375
51;73.26567;-22.265670776367188
50;66.57187;-16.571868896484375
49;75.84018;-26.840179443359375
48;75.27869;-27.2786865234375
47;71.40041;-24.400413513183594
46;69.22529;-23.22528839111328
45;74.46928;-29.469276428222656
44;74.49592;-30.49591827392578
43;68.43071;-25.430709838867188
42;78.813614;-36.81361389160156
41;84.1762;-43.17620086669922
40;78.15232;-38.152320861816406
39;77.17593;-38.175926208496094
38;72.65904;-34.65904235839844
37;74.144264;-37.144264221191406
36;73.90324;-37.903236389160156
35;77.67454;-42.674537658691406
34;70.172386;-36.172386169433594
33;70.1121;-37.112098693847656
32;61.608086;-29.60808563232422
31;79.89949;-48.89949035644531
30;71.31102;-41.31101989746094
29;74.702896;-45.70289611816406
28;68.86366;-40.86366271972656
27;76.55236;-49.55236053466797
26;67.53568;-41.535682678222656
25;69.54013;-44.540130615234375
24;70.276;-46.2760009765625
23;69.22676;-46.22676086425781
22;65.98102;-43.98101806640625
21;69.10219;-48.10218811035156
20;76.03023;-56.03022766113281
19;79.95485;-60.95484924316406
18;89.60559;-71.6055908203125
17;82.85448;-65.85447692871094
16;79.72168;-63.7216796875
15;88.04588;-73.04588317871094
14;80.59329;-66.59329223632812
13;83.08665;-70.0866470336914
12;85.2246;-73.22460174560547
11;71.4376;-60.437599182128906
10;85.460945;-75.46094512939453
9;90.05262;-81.05261993408203
8;83.73582;-75.7358169555664
7;98.15779;-91.15779113769531
6;92.84274;-86.84274291992188
5;52.53666;-47.536659240722656
4;64.451836;-60.45183563232422
3;72.73709;-69.73709106445312
2;72.10123;-70.10122680664062
1;74.48177;-73.48177337646484
0;60.42549;-60.42549133300781
95;52.131863;42.86813735961914
94;33.813087;60.186912536621094
93;37.067688;55.93231201171875
92;36.607506;55.392494201660156
91;47.256435;43.74356460571289
90;53.905273;36.0947265625
89;46.832726;42.167274475097656
88;54.016853;33.98314666748047
87;33.110268;53.889732360839844
86;52.89467;33.10533142089844
85;55.593243;29.406757354736328
84;51.97014;32.02986145019531
83;43.7936;39.20640182495117
82;52.890453;29.109546661376953
81;57.538246;23.461753845214844
80;54.21016;25.789840698242188
79;55.230556;23.76944351196289
78;59.490562;18.509437561035156
77;61.91942;15.080581665039062
76;57.33584;18.664161682128906
75;55.07494;19.925060272216797
74;57.184105;16.815895080566406
73;56.20584;16.794158935546875
72;59.059376;12.940624237060547
71;58.237675;12.762325286865234
70;59.564724;10.43527603149414
69;56.855957;12.14404296875
68;56.099415;11.900585174560547
67;62.46117;4.538829803466797
66;67.71159;-1.7115936279296875
65;58.685703;6.314296722412109
64;63.72735;0.27265167236328125
63;64.91795;-1.9179534912109375
62;63.11757;-1.1175689697265625
61;61.407143;-0.40714263916015625
60;62.061565;-2.061565399169922
59;60.15995;-1.1599502563476562
58;63.844246;-5.844245910644531
57;56.606693;0.3933067321777344
56;58.599323;-2.599323272705078
55;66.29875;-11.298751831054688
54;64.88836;-10.888359069824219
53;64.22255;-11.222549438476562
52;61.436268;-9.436267852783203
51;63.198387;-12.198387145996094
50;70.54053;-20.54052734375
49;70.86058;-21.860580444335938
48;67.320045;-19.320045471191406
47;66.36451;-19.36450958251953
46;74.53281;-28.532806396484375
45;58.491146;-13.491146087646484
44;57.29784;-13.297840118408203
43;62.580833;-19.580833435058594
42;52.991592;-10.991592407226562
41;67.19835;-26.198348999023438
40;58.552563;-18.552562713623047
39;75.404625;-36.404624938964844
38;61.696217;-23.696216583251953
37;59.795975;-22.795974731445312
36;54.482285;-18.482284545898438
35;50.05208;-15.052078247070312
34;66.32281;-32.32280731201172
33;66.38624;-33.38623809814453
32;51.6527;-19.652698516845703
31;48.615612;-17.615612030029297
30;53.862698;-23.86269760131836
29;47.56782;-18.567821502685547
28;44.378357;-16.37835693359375
27;46.26084;-19.260841369628906
26;51.26088;-25.260879516601562
25;45.61607;-20.616069793701172
24;47.809853;-23.809852600097656
23;49.817818;-26.81781768798828
22;57.54986;-35.54985809326172
21;57.12006;-36.120059967041016
20;53.820908;-33.82090759277344
19;47.55084;-28.550838470458984
18;49.66262;-31.662620544433594
17;47.67117;-30.67116928100586
16;49.24152;-33.241519927978516
15;53.26786;-38.267860412597656
14;44.62685;-30.626850128173828
13;42.869816;-29.869815826416016
12;48.996773;-36.99677276611328
11;49.06006;-38.06005859375
10;44.532036;-34.53203582763672
9;45.482105;-36.48210525512695
8;38.851784;-30.851783752441406
7;41.873207;-34.873207092285156
6;44.413486;-38.41348648071289
5;44.016254;-39.01625442504883
4;41.93811;-37.9381103515625
3;50.991436;-47.99143600463867
2;37.760387;-35.7603874206543
1;38.577778;-37.57777786254883
0;36.807487;-36.80748748779297
99;73.34926;25.650741577148438
98;85.31419;12.685806274414062
97;76.92327;20.07672882080078
96;73.61679;22.383209228515625
95;66.947296;28.052703857421875
94;86.195175;7.8048248291015625
93;85.36855;7.631446838378906
92;86.6071;5.3928985595703125
91;80.16034;10.83966064453125
90;78.947426;11.052574157714844
89;80.23301;8.766990661621094
88;80.422226;7.5777740478515625
87;72.85991;14.140090942382812
86;84.06709;1.9329071044921875
85;83.446;1.5540008544921875
84;78.1072;5.892799377441406
83;68.8244;14.17559814453125
82;59.165474;22.83452606201172
81;59.112087;21.88791275024414
80;31.803946;48.196054458618164
79;45.671757;33.328243255615234
78;40.564037;37.43596267700195
77;44.61373;32.386268615722656
76;48.059006;27.940994262695312
75;25.334839;49.6651611328125
74;17.445679;56.5543212890625
73;54.682095;18.31790542602539
72;42.917664;29.08233642578125
71;62.592373;8.40762710571289
70;58.991497;11.008502960205078
69;50.697342;18.302658081054688
68;58.899925;9.100074768066406
67;46.67061;20.329391479492188
66;39.42836;26.571640014648438
65;57.576447;7.423553466796875
64;57.01321;6.986789703369141
63;70.17269;-7.172691345214844
62;55.19961;6.800388336181641
61;56.708107;4.291893005371094
60;58.09254;1.9074592590332031
59;54.676743;4.3232574462890625
58;50.167618;7.8323822021484375
57;64.56129;-7.561286926269531
56;62.212547;-6.212547302246094
55;55.613102;-0.6131019592285156
54;66.8348;-12.834800720214844
53;62.756767;-9.756767272949219
52;64.5082;-12.508201599121094
51;63.01972;-12.019718170166016
50;63.026608;-13.026607513427734
49;64.44295;-15.442947387695312
48;60.086716;-12.086715698242188
47;70.910645;-23.91064453125
46;65.66176;-19.661758422851562
45;65.23232;-20.232322692871094
44;66.92668;-22.926681518554688
43;60.536007;-17.536006927490234
42;57.003002;-15.003002166748047
41;64.88045;-23.880447387695312
40;60.5015;-20.50149917602539
39;60.94324;-21.943241119384766
38;63.145237;-25.14523696899414
37;58.32374;-21.32373809814453
36;64.540924;-28.540924072265625
35;64.5545;-29.55449676513672
34;60.700382;-26.700382232666016
33;61.927193;-28.92719268798828
32;66.76944;-34.769439697265625
31;62.096127;-31.096126556396484
30;63.63423;-33.63423156738281
29;61.498577;-32.49857711791992
28;54.76526;-26.7652587890625
27;59.93314;-32.93313980102539
26;55.49842;-29.49842071533203
25;56.375244;-31.375244140625
24;62.733746;-38.73374557495117
23;64.00577;-41.005767822265625
22;53.25589;-31.255889892578125
21;52.477413;-31.477413177490234
20;57.79633;-37.796329498291016
19;71.58139;-52.581390380859375
18;52.380215;-34.38021469116211
17;67.91549;-50.915489196777344
16;55.73098;-39.730979919433594
15;54.98697;-39.986968994140625
14;52.084244;-38.08424377441406
13;55.217262;-42.217262268066406
12;50.079895;-38.07989501953125
11;60.787613;-49.78761291503906
10;64.86587;-54.865867614746094
9;50.504017;-41.5040168762207
8;58.626854;-50.626853942871094
7;59.0337;-52.03369903564453
6;57.696415;-51.696414947509766
5;53.271732;-48.271732330322266
4;51.352722;-47.35272216796875
3;51.536682;-48.53668212890625
2;49.707596;-47.70759582519531
1;44.270226;-43.270225524902344
0;45.52048;-45.52048110961914
99;70.81158;28.18842315673828
98;74.090126;23.909873962402344
97;89.23217;7.767829895019531
96;92.28833;3.711669921875
95;89.943016;5.056983947753906
94;71.10109;22.898910522460938
93;69.51763;23.48236846923828
92;73.72438;18.275619506835938
91;75.58803;15.411972045898438
90;80.08012;9.919883728027344
89;75.31402;13.685981750488281
88;67.97016;20.02983856201172
87;76.240135;10.759864807128906
86;69.4545;16.545501708984375
85;72.3265;12.673500061035156
84;76.64597;7.354026794433594
83;62.483532;20.516468048095703
82;51.263485;30.736515045166016
81;60.543945;20.4560546875
80;41.39001;38.609989166259766
79;37.542656;41.45734405517578
78;28.845535;49.15446472167969
77;47.343777;29.65622329711914
76;47.834774;28.165225982666016
75;52.563354;22.4366455078125
74;61.583324;12.416675567626953
73;54.35498;18.64501953125
72;54.194496;17.805503845214844
71;59.43883;11.561168670654297
70;57.599735;12.400264739990234
69;71.23178;-2.231781005859375
68;56.044792;11.955207824707031
67;58.68937;8.310630798339844
66;44.4613;21.538700103759766
65;56.91555;8.084449768066406
64;64.772156;-0.77215576171875
63;51.915123;11.084877014160156
62;62.28088;-0.2808799743652344
61;69.66699;-8.6669921875
60;65.516174;-5.51617431640625
59;71.45625;-12.456253051757812
58;65.22578;-7.225776672363281
57;77.61457;-20.61457061767578
56;62.460583;-6.460582733154297
55;69.45205;-14.452049255371094
54;81.410995;-27.410995483398438
53;75.75549;-22.7554931640625
52;61.912094;-9.912094116210938
51;69.85693;-18.85693359375
50;65.991264;-15.991264343261719
49;71.453926;-22.45392608642578
48;54.98839;-6.988391876220703
47;78.411995;-31.41199493408203
46;68.69844;-22.698440551757812
45;63.49916;-18.499160766601562
44;60.547085;-16.54708480834961
43;64.42332;-21.423316955566406
42;69.79781;-27.797813415527344
41;58.354164;-17.354164123535156
40;67.30363;-27.303627014160156
39;51.107746;-12.107746124267578
38;57.308983;-19.308982849121094
37;63.576443;-26.57644271850586
36;56.305943;-20.30594253540039
35;57.44646;-22.446460723876953
34;58.02035;-24.02035140991211
33;61.70567;-28.705669403076172
32;62.28025;-30.280250549316406
31;56.543236;-25.543235778808594
30;59.843113;-29.84311294555664
29;64.68421;-35.68421173095703
28;67.71021;-39.71021270751953
27;57.37813;-30.378131866455078
26;60.829346;-34.829345703125
25;59.655437;-34.65543746948242
24;61.461563;-37.46156311035156
23;56.510826;-33.510826110839844
22;56.6492;-34.649200439453125
21;55.393642;-34.39364242553711
20;57.7065;-37.70650100708008
19;56.33303;-37.333030700683594
18;57.366493;-39.366493225097656
17;54.952583;-37.95258331298828
16;56.986404;-40.98640441894531
15;55.089878;-40.08987808227539
14;50.0122;-36.01219940185547
13;57.697517;-44.69751739501953
12;52.716396;-40.71639633178711
11;55.571045;-44.571044921875
10;54.05688;-44.056880950927734
9;47.05462;-38.05461883544922
8;45.767715;-37.76771545410156
7;50.602516;-43.602516174316406
6;44.113277;-38.113277435302734
5;47.126053;-42.12605285644531
4;48.019096;-44.01909637451172
3;48.989197;-45.98919677734375
2;38.669163;-36.66916275024414
1;42.631035;-41.63103485107422
0;43.909653;-43.90965270996094
99;74.57642;24.42357635498047
98;71.76268;26.237319946289062
97;89.3116;7.6884002685546875
96;85.27213;10.727867126464844
95;79.20696;15.793037414550781
94;78.03393;15.966072082519531
93;76.62032;16.379676818847656
92;78.75825;13.241752624511719
91;83.28798;7.7120208740234375
90;90.29572;-0.29572296142578125
89;71.70542;17.294578552246094
88;65.74733;22.252670288085938
87;65.75505;21.244949340820312
86;74.13003;11.869972229003906
85;70.27091;14.729087829589844
84;70.41863;13.581367492675781
83;63.374836;19.625164031982422
82;55.80491;26.195091247558594
81;64.32134;16.67865753173828
80;40.72466;39.27534103393555
79;62.93308;16.06692123413086
78;46.38888;31.61111831665039
77;50.963272;26.036727905273438
76;35.177097;40.82290267944336
75;32.064663;42.93533706665039
74;38.84809;35.15190887451172
73;44.529415;28.470584869384766
72;46.673264;25.326736450195312
71;45.216774;25.783226013183594
70;46.979416;23.020584106445312
69;61.937546;7.0624542236328125
68;57.569874;10.430126190185547
67;69.61278;-2.6127777099609375
66;66.131714;-0.1317138671875
65;56.38502;8.614978790283203
64;68.64006;-4.6400604248046875
63;66.24552;-3.2455215454101562
62;65.839096;-3.8390960693359375
61;58.39646;2.6035385131835938
60;73.45916;-13.459159851074219
59;70.349884;-11.349884033203125
58;85.34569;-27.345687866210938
57;74.26842;-17.268417358398438
56;58.92634;-2.9263381958007812
55;66.1012;-11.1011962890625
54;72.722305;-18.722305297851562
53;68.842575;-15.842575073242188
52;67.5717;-15.571701049804688
51;70.031975;-19.03197479248047
50;67.756874;-17.756874084472656
49;73.67966;-24.679656982421875
48;71.464424;-23.46442413330078
47;69.079605;-22.079605102539062
46;70.38879;-24.38878631591797
45;72.63405;-27.634048461914062
44;70.21135;-26.211349487304688
43;67.470276;-24.47027587890625
42;62.555527;-20.555526733398438
41;57.306824;-16.30682373046875
40;60.501606;-20.501605987548828
39;57.784416;-18.78441619873047
38;63.24167;-25.241668701171875
37;53.263374;-16.26337432861328
36;54.124126;-18.124126434326172
35;59.69095;-24.690948486328125
34;60.91842;-26.918418884277344
33;59.875004;-26.875003814697266
32;55.813927;-23.813926696777344
31;59.735523;-28.735523223876953
30;58.009495;-28.00949478149414
29;57.470062;-28.470062255859375
28;52.738564;-24.738563537597656
27;60.78252;-33.78252029418945
26;50.962414;-24.962413787841797
25;54.678074;-29.67807388305664
24;55.911568;-31.91156768798828
23;51.81325;-28.813251495361328
22;45.286343;-23.28634262084961
21;51.824165;-30.82416534423828
20;51.8274;-31.82740020751953
19;54.46104;-35.46104049682617
18;53.26743;-35.26742935180664
17;46.10496;-29.104961395263672
16;54.167088;-38.16708755493164
15;55.29683;-40.29682922363281
14;54.4327;-40.432701110839844
13;51.39102;-38.391021728515625
12;49.615692;-37.615692138671875
11;49.95662;-38.95661926269531
10;52.219955;-42.21995544433594
9;50.46345;-41.46345138549805
8;47.07849;-39.0784912109375
7;43.552532;-36.55253219604492
6;45.709564;-39.709564208984375
5;41.27868;-36.27867889404297
4;47.30794;-43.30794143676758
3;52.105442;-49.10544204711914
2;48.22011;-46.22011184692383
1;46.036655;-45.03665542602539
0;39.83036;-39.830360412597656
84;69.76853;14.231468200683594
83;75.823746;7.1762542724609375
82;79.3383;2.6616973876953125
81;66.44507;14.554931640625
80;89.780624;-9.780624389648438
79;74.63675;4.363250732421875
78;77.35408;0.6459197998046875
77;67.621284;9.378715515136719
76;80.30011;-4.30010986328125
75;73.384964;1.6150360107421875
74;72.73939;1.2606124877929688
73;61.93991;11.060089111328125
72;75.80432;-3.8043212890625
71;77.599304;-6.59930419921875
70;71.54795;-1.5479507446289062
69;63.73299;5.267009735107422
68;72.54868;-4.548683166503906
67;64.12622;2.873779296875
66;46.28107;19.718929290771484
65;46.687943;18.312057495117188
64;48.00332;15.996681213378906
63;40.287075;22.71292495727539
62;46.058212;15.941787719726562
61;41.143932;19.856067657470703
60;46.484818;13.515182495117188
59;50.227543;8.772457122802734
58;42.98896;15.011039733886719
57;52.02497;4.975028991699219
56;45.950542;10.049457550048828
55;50.54004;4.4599609375
54;40.742172;13.257827758789062
53;44.515305;8.484695434570312
52;49.227108;2.7728919982910156
51;57.285675;-6.285675048828125
50;48.527256;1.4727439880371094
49;54.76609;-5.766090393066406
48;57.303528;-9.30352783203125
47;56.52539;-9.525390625
46;56.46519;-10.465190887451172
45;58.938362;-13.938362121582031
44;57.709972;-13.709972381591797
43;66.23706;-23.237060546875
42;59.864025;-17.864025115966797
41;69.84048;-28.840476989746094
40;65.320656;-25.320655822753906
39;64.589325;-25.589324951171875
38;63.333145;-25.333145141601562
37;60.707916;-23.707916259765625
36;63.54356;-27.543560028076172
35;57.489697;-22.489696502685547
34;65.15749;-31.157493591308594
33;65.8609;-32.86090087890625
32;62.54052;-30.54051971435547
31;67.27732;-36.277320861816406
30;68.094444;-38.094444274902344
29;59.60795;-30.607948303222656
28;64.466064;-36.466064453125
27;61.680786;-34.6807861328125
26;56.34745;-30.347450256347656
25;68.86942;-43.869422912597656
24;65.08838;-41.08837890625
23;63.01484;-40.01483917236328
22;68.816795;-46.816795349121094
21;67.7819;-46.781898498535156
20;66.00768;-46.00768280029297
19;73.30685;-54.306846618652344
18;81.06217;-63.062171936035156
17;66.4485;-49.44850158691406
16;72.69337;-56.69336700439453
15;77.399796;-62.39979553222656
14;73.681946;-59.68194580078125
13;73.756584;-60.75658416748047
12;79.68123;-67.68122863769531
11;74.086494;-63.08649444580078
10;62.419403;-52.419403076171875
9;65.62465;-56.62464904785156
8;58.25934;-50.25933837890625
7;63.715843;-56.715843200683594
6;59.913845;-53.91384506225586
5;68.641655;-63.64165496826172
4;55.687096;-51.687095642089844
3;59.902443;-56.902442932128906
2;71.33712;-69.33712005615234
1;55.01538;-54.015380859375
0;62.34965;-62.34965133666992
90;38.263077;51.73692321777344
89;46.263794;42.7362060546875
88;45.702774;42.29722595214844
87;51.466778;35.53322219848633
86;41.55748;44.44252014160156
85;39.710247;45.28975296020508
84;38.732265;45.26773452758789
83;39.34906;43.65093994140625
82;39.502697;42.4973030090332
81;33.823597;47.1764030456543
80;42.431934;37.56806564331055
79;32.541935;46.458065032958984
78;28.386864;49.613136291503906
77;39.28032;37.71968078613281
76;37.137512;38.86248779296875
75;39.23877;35.76123046875
74;35.351257;38.64874267578125
73;31.923153;41.076847076416016
72;34.424942;37.57505798339844
71;35.921185;35.07881546020508
70;29.277298;40.72270202636719
69;38.698673;30.301326751708984
68;35.349503;32.65049743652344
67;37.185085;29.81491470336914
66;31.125574;34.87442588806152
65;35.486893;29.513107299804688
64;33.122986;30.87701416015625
63;34.463768;28.536231994628906
62;34.432087;27.567913055419922
61;29.372524;31.62747573852539
60;31.588514;28.41148567199707
59;27.915174;31.08482551574707
58;27.170815;30.829185485839844
57;32.229942;24.770057678222656
56;23.627237;32.37276268005371
55;22.209496;32.790504455566406
54;23.634941;30.36505889892578
53;31.839924;21.160076141357422
52;33.268528;18.73147201538086
51;36.15943;14.840568542480469
50;33.770134;16.22986602783203
49;31.395243;17.60475730895996
48;29.43241;18.567590713500977
47;23.50511;23.494890213012695
46;21.20347;24.79652976989746
45;40.057518;4.942481994628906
44;25.13733;18.8626708984375
43;22.914972;20.08502769470215
42;28.579117;13.420883178710938
41;19.904682;21.095317840576172
40;33.78152;6.218479156494141
39;28.706474;10.293525695800781
38;30.297165;7.7028350830078125
37;35.34612;1.6538810729980469
36;37.262817;-1.2628173828125
35;38.80894;-3.808940887451172
34;37.688927;-3.6889266967773438
33;25.710054;7.289945602416992
32;44.08003;-12.080028533935547
31;42.82378;-11.823780059814453
30;44.113434;-14.113433837890625
29;42.93026;-13.930259704589844
28;39.916813;-11.916812896728516
27;43.969357;-16.969356536865234
26;48.727497;-22.727497100830078
25;56.228443;-31.228443145751953
24;57.489517;-33.48951721191406
23;51.374535;-28.374534606933594
22;55.105408;-33.10540771484375
21;61.4058;-40.405799865722656
20;53.105377;-33.105377197265625
19;65.79311;-46.793113708496094
18;68.41876;-50.41876220703125
17;63.113914;-46.113914489746094
16;62.607243;-46.607242584228516
15;62.77709;-47.7770881652832
14;66.13416;-52.13416290283203
13;63.133923;-50.1339225769043
12;70.13358;-58.133583068847656
11;66.25684;-55.25684356689453
10;66.54141;-56.541412353515625
9;63.643696;-54.64369583129883
8;65.77131;-57.77130889892578
7;62.688194;-55.688194274902344
6;59.37551;-53.375511169433594
5;61.08355;-56.08354949951172
4;62.18025;-58.18024826049805
3;63.922028;-60.922027587890625
2;56.171696;-54.171695709228516
1;55.404427;-54.40442657470703
0;63.698654;-63.69865417480469
99;90.82078;8.179222106933594
98;87.1425;10.857498168945312
97;89.77881;7.22119140625
96;97.61534;-1.6153411865234375
95;99.024216;-4.0242156982421875
94;92.39726;1.6027374267578125
93;88.41157;4.588432312011719
92;93.06126;-1.0612564086914062
91;92.85414;-1.8541412353515625
90;104.86343;-14.863426208496094
89;86.009026;2.9909744262695312
88;100.17772;-12.177719116210938
87;98.483986;-11.483985900878906
86;109.39375;-23.393753051757812
85;95.873085;-10.873085021972656
84;78.733025;5.266975402832031
83;83.974815;-0.9748153686523438
82;89.67856;-7.678558349609375
81;63.072773;17.927227020263672
80;45.55576;34.44424057006836
79;32.117737;46.88226318359375
78;38.498547;39.5014533996582
77;32.212334;44.78766632080078
76;36.722694;39.277305603027344
75;40.258545;34.741455078125
74;38.715363;35.284637451171875
73;52.77459;20.22541046142578
72;30.288729;41.71127128601074
71;36.292305;34.70769500732422
70;47.598965;22.40103530883789
69;28.485123;40.51487731933594
68;29.517113;38.482887268066406
67;55.29344;11.706558227539062
66;52.96021;13.039791107177734
65;41.78229;23.217708587646484
64;40.479107;23.520893096923828
63;51.211773;11.788227081298828
62;38.904892;23.095108032226562
61;42.701538;18.2984619140625
60;36.52366;23.476341247558594
59;33.16212;25.837879180908203
58;39.491066;18.508934020996094
57;36.69331;20.306690216064453
56;39.494446;16.50555419921875
55;39.44073;15.559268951416016
54;32.390736;21.609264373779297
53;33.66315;19.336849212646484
52;31.086773;20.913227081298828
51;32.675285;18.32471466064453
50;42.085102;7.914897918701172
49;28.40479;20.5952091217041
48;33.946434;14.053565979003906
47;33.733147;13.266853332519531
46;32.705536;13.294464111328125
45;33.64371;11.35628890991211
44;36.20053;7.799468994140625
43;35.494286;7.505714416503906
42;28.041935;13.958065032958984
41;39.0248;1.9752006530761719
40;22.629946;17.370054244995117
39;33.44704;5.552959442138672
38;23.291517;14.70848274230957
37;25.778767;11.221233367919922
36;28.4529;7.547100067138672
35;21.001322;13.998678207397461
34;29.928179;4.071821212768555
33;28.740301;4.259698867797852
32;34.659336;-2.6593360900878906
31;32.890316;-1.8903160095214844
30;35.49223;-5.492229461669922
29;31.234266;-2.2342662811279297
28;30.892555;-2.8925552368164062
27;35.175613;-8.175613403320312
26;37.975613;-11.97561264038086
25;43.933563;-18.933563232421875
24;45.675613;-21.675613403320312
23;45.1089;-22.108898162841797
22;43.096043;-21.09604263305664
21;32.995934;-11.995933532714844
20;53.83103;-33.831031799316406
19;47.117226;-28.117225646972656
18;39.498238;-21.49823760986328
17;55.013073;-38.0130729675293
16;53.44376;-37.44375991821289
15;47.57165;-32.571651458740234
14;73.25382;-59.253822326660156
13;62.64142;-49.64141845703125
12;43.82877;-31.82876968383789
11;66.420555;-55.420555114746094
10;59.070747;-49.07074737548828
9;59.53384;-50.53384017944336
8;59.846443;-51.84644317626953
7;53.0835;-46.083499908447266
6;87.01942;-81.01941680908203
5;70.62765;-65.62764739990234
4;96.61876;-92.61875915527344
3;70.737885;-67.73788452148438
2;76.53559;-74.53559112548828
1;70.55075;-69.55075073242188
0;63.367035;-63.367034912109375
99;96.05391;2.9460906982421875
98;108.132355;-10.132354736328125
97;101.43997;-4.439971923828125
96;96.27779;-0.2777862548828125
95;91.738365;3.2616348266601562
94;93.984024;0.0159759521484375
93;93.73654;-0.736541748046875
92;87.94857;4.051429748535156
91;98.41104;-7.411041259765625
90;88.65784;1.3421630859375
89;103.889534;-14.889533996582031
88;95.676796;-7.676795959472656
87;92.21042;-5.210418701171875
86;94.44678;-8.44677734375
85;85.562904;-0.5629043579101562
84;86.28054;-2.2805404663085938
83;65.082146;17.91785430908203
82;74.50692;7.493080139160156
81;66.726395;14.273605346679688
80;39.56515;40.43484878540039
79;38.25537;40.74462890625
78;32.422604;45.577396392822266
77;42.018066;34.98193359375
76;27.735977;48.26402282714844
75;47.80377;27.196231842041016
74;46.93595;27.064048767089844
73;34.776123;38.223876953125
72;28.476593;43.523406982421875
71;37.70759;33.29241180419922
70;37.15363;32.846370697021484
69;28.93419;40.06580924987793
68;27.475945;40.52405548095703
67;36.100403;30.89959716796875
66;35.121174;30.878826141357422
65;34.013695;30.986305236816406
64;29.791702;34.20829772949219
63;42.587753;20.412246704101562
62;33.067368;28.932632446289062
61;35.698845;25.30115509033203
60;30.32667;29.673330307006836
59;35.204575;23.795425415039062
58;35.60252;22.397480010986328
57;38.026016;18.973983764648438
56;34.210964;21.78903579711914
55;42.15942;12.840579986572266
54;37.206646;16.793354034423828
53;36.32769;16.67230987548828
52;28.928225;23.071775436401367
51;39.096554;11.903446197509766
50;45.805244;4.194755554199219
49;44.8066;4.193401336669922
48;33.89802;14.101978302001953
47;35.836792;11.1632080078125
46;40.08279;5.917209625244141
45;35.07948;9.920520782470703
44;24.68846;19.311540603637695
43;32.88954;10.110458374023438
42;25.110668;16.889331817626953
41;25.711956;15.288043975830078
40;34.33204;5.667961120605469
39;24.682995;14.317005157470703
38;36.144764;1.8552360534667969
37;44.280083;-7.280082702636719
36;25.89183;10.108169555664062
35;31.961163;3.038837432861328
34;28.681774;5.318225860595703
33;18.653072;14.346927642822266
32;39.005936;-7.0059356689453125
31;25.32369;5.676309585571289
30;26.853184;3.1468162536621094
29;20.859423;8.14057731628418
28;38.779243;-10.779243469238281
27;51.34393;-24.343929290771484
26;50.786724;-24.786724090576172
25;34.185963;-9.185962677001953
24;47.79083;-23.790828704833984
23;43.115353;-20.115352630615234
22;45.81935;-23.819351196289062
21;59.676178;-38.676177978515625
20;48.01927;-28.019271850585938
19;46.94924;-27.949241638183594
18;48.37719;-30.37718963623047
17;60.362984;-43.36298370361328
16;69.18809;-53.188087463378906
15;64.24309;-49.24308776855469
14;54.898876;-40.89887619018555
13;59.213303;-46.21330261230469
12;65.299446;-53.29944610595703
11;58.817726;-47.817726135253906
10;52.69128;-42.691280364990234
9;49.92159;-40.92158889770508
8;74.445366;-66.44536590576172
7;48.481747;-41.481746673583984
6;60.449955;-54.449954986572266
5;63.38094;-58.38093948364258
4;65.23808;-61.23808288574219
3;65.94173;-62.94172668457031
2;63.518116;-61.51811599731445
1;65.007965;-64.00796508789062
0;60.56793;-60.567928314208984
99;101.79302;-2.7930221557617188
98;104.91405;-6.9140472412109375
97;110.89584;-13.895843505859375
96;94.73453;1.265472412109375
95;92.77834;2.2216567993164062
94;95.84303;-1.8430328369140625
93;94.6597;-1.659698486328125
92;94.71269;-2.7126922607421875
91;106.541626;-15.5416259765625
90;106.753876;-16.753875732421875
89;109.78635;-20.786346435546875
88;95.1196;-7.119598388671875
87;107.58696;-20.586959838867188
86;91.35279;-5.352790832519531
85;81.537476;3.4625244140625
84;88.146866;-4.1468658447265625
83;68.76173;14.238273620605469
82;73.76983;8.230171203613281
81;62.811836;18.18816375732422
80;31.298515;48.70148468017578
79;48.272324;30.727676391601562
78;46.626163;31.373836517333984
77;33.377678;43.62232208251953
76;42.006153;33.99384689331055
75;45.922565;29.077434539794922
74;50.68397;23.316028594970703
73;58.171604;14.82839584350586
72;45.70506;26.294940948486328
71;36.836384;34.16361618041992
70;45.044796;24.955204010009766
69;43.798676;25.201324462890625
68;34.113415;33.8865852355957
67;32.204475;34.79552459716797
66;36.15944;29.840560913085938
65;43.70104;21.298961639404297
64;34.303036;29.696964263916016
63;36.27417;26.725830078125
62;41.253075;20.746925354003906
61;37.267094;23.732906341552734
60;42.438213;17.561786651611328
59;39.324333;19.67566680908203
58;40.387615;17.612384796142578
57;42.59863;14.401371002197266
56;32.083473;23.916526794433594
55;35.18895;19.811050415039062
54;32.091465;21.90853500366211
53;31.894928;21.105072021484375
52;35.11582;16.884178161621094
51;29.589764;21.410236358642578
50;35.05343;14.946571350097656
49;33.243515;15.756484985351562
48;30.994932;17.005067825317383
47;40.783657;6.216342926025391
46;35.71564;10.284358978271484
45;36.380413;8.619586944580078
44;30.294685;13.705314636230469
43;27.192587;15.807413101196289
42;37.607376;4.3926239013671875
41;40.917065;0.08293533325195312
40;27.686905;12.313095092773438
39;33.254337;5.745662689208984
38;45.752666;-7.752666473388672
37;33.750294;3.249706268310547
36;38.406776;-2.4067764282226562
35;35.076588;-0.07658767700195312
34;24.026688;9.973312377929688
33;34.88113;-1.8811302185058594
32;22.36145;9.6385498046875
31;33.741795;-2.7417945861816406
30;19.965992;10.034008026123047
29;20.985485;8.014514923095703
28;31.230078;-3.2300777435302734
27;43.933086;-16.933086395263672
26;35.032276;-9.032276153564453
25;34.576313;-9.576313018798828
24;37.35617;-13.356170654296875
23;45.293747;-22.293746948242188
22;58.13196;-36.131961822509766
21;45.57581;-24.575809478759766
20;50.990154;-30.990154266357422
19;55.177605;-36.17760467529297
18;59.183784;-41.18378448486328
17;53.94693;-36.946929931640625
16;69.36742;-53.36741638183594
15;64.67615;-49.6761474609375
14;70.71841;-56.718406677246094
13;64.472496;-51.472496032714844
12;56.032448;-44.032447814941406
11;58.180683;-47.18068313598633
10;61.98847;-51.988468170166016
9;68.54359;-59.54358673095703
8;60.186474;-52.18647384643555
7;62.558872;-55.55887222290039
6;57.86997;-51.86996841430664
5;55.5259;-50.525901794433594
4;56.52063;-52.5206298828125
3;56.224113;-53.22411346435547
2;59.001682;-57.00168228149414
1;63.92215;-62.922149658203125
0;63.842045;-63.842044830322266
89;92.913445;-3.9134445190429688
88;99.138535;-11.138534545898438
87;100.8214;-13.821403503417969
86;107.757935;-21.7579345703125
85;102.83302;-17.833023071289062
84;92.671234;-8.671234130859375
83;101.737816;-18.737815856933594
82;102.48917;-20.489166259765625
81;96.773544;-15.773544311523438
80;99.99078;-19.99078369140625
79;103.567474;-24.567474365234375
78;87.0341;-9.034103393554688
77;88.03727;-11.037269592285156
76;89.6632;-13.663200378417969
75;81.09793;-6.097930908203125
74;81.54473;-7.544731140136719
73;78.86335;-5.863349914550781
72;71.530716;0.4692840576171875
71;70.96014;0.03986358642578125
70;42.633488;27.366512298583984
69;45.96692;23.0330810546875
68;42.15956;25.840438842773438
67;46.911953;20.08804702758789
66;41.871094;24.12890625
65;38.067966;26.93203353881836
64;37.600204;26.399795532226562
63;37.62246;25.377540588378906
62;35.319134;26.680866241455078
61;33.390812;27.609188079833984
60;36.42533;23.574668884277344
59;35.32926;23.670738220214844
58;33.975365;24.024635314941406
57;33.633625;23.366374969482422
56;31.252214;24.747785568237305
55;27.38109;27.61890983581543
54;34.462902;19.537097930908203
53;37.16563;15.834369659423828
52;29.473015;22.52698516845703
51;41.065434;9.934566497802734
50;33.458775;16.54122543334961
49;30.93164;18.068359375
48;42.772083;5.227916717529297
47;28.54343;18.45656967163086
46;30.304573;15.695426940917969
45;32.370613;12.629386901855469
44;35.81742;8.182579040527344
43;29.696676;13.303323745727539
42;29.013723;12.986276626586914
41;29.839853;11.160146713256836
40;28.657583;11.342416763305664
39;32.40237;6.597629547119141
38;31.931713;6.068286895751953
37;26.195248;10.804752349853516
36;25.698093;10.30190658569336
35;19.045511;15.954488754272461
34;28.540306;5.459693908691406
33;28.876785;4.1232147216796875
32;34.358593;-2.358592987060547
31;30.207247;0.7927532196044922
30;27.720394;2.2796058654785156
29;23.733372;5.266628265380859
28;20.027987;7.972013473510742
27;25.51387;1.4861297607421875
26;25.73741;0.2625904083251953
25;29.600925;-4.600925445556641
24;31.815224;-7.815223693847656
23;32.120804;-9.120803833007812
22;32.675255;-10.675254821777344
21;32.565063;-11.5650634765625
20;27.813288;-7.813287734985352
19;36.632996;-17.63299560546875
18;34.36321;-16.363208770751953
17;26.206528;-9.206527709960938
16;38.416336;-22.416336059570312
15;39.315323;-24.315322875976562
14;45.289265;-31.289264678955078
13;54.736263;-41.736263275146484
12;27.817184;-15.817184448242188
11;48.611603;-37.611602783203125
10;43.565765;-33.565765380859375
9;49.36105;-40.36104965209961
8;54.06237;-46.06237030029297
7;54.33767;-47.337669372558594
6;54.380356;-48.38035583496094
5;64.23372;-59.23371887207031
4;60.825497;-56.825496673583984
3;63.698692;-60.698692321777344
2;61.296326;-59.29632568359375
1;62.46091;-61.46091079711914
0;58.008537;-58.00853729248047
44;40.60369;3.3963088989257812
43;40.84336;2.1566390991210938
42;49.17255;-7.172550201416016
41;36.742935;4.2570648193359375
40;50.439064;-10.439064025878906
39;45.576595;-6.576595306396484
38;48.810314;-10.810314178466797
37;55.2455;-18.245498657226562
36;51.146103;-15.146102905273438
35;53.779778;-18.77977752685547
34;48.38651;-14.38650894165039
33;50.717716;-17.717716217041016
32;45.898113;-13.898113250732422
31;53.284073;-22.284072875976562
30;46.028824;-16.028823852539062
29;40.135437;-11.13543701171875
28;46.488087;-18.488086700439453
27;41.177418;-14.177417755126953
26;40.721046;-14.721046447753906
25;41.095352;-16.095352172851562
24;48.131855;-24.131855010986328
23;37.88764;-14.887641906738281
22;48.212566;-26.212566375732422
21;44.23133;-23.23133087158203
20;42.494186;-22.494186401367188
19;58.912067;-39.91206741333008
18;76.60227;-58.602272033691406
17;62.621273;-45.621273040771484
16;82.50522;-66.50521850585938
15;72.549065;-57.54906463623047
14;105.54667;-91.54666900634766
13;100.21812;-87.2181167602539
12;96.8185;-84.81849670410156
11;107.314575;-96.3145751953125
10;90.00484;-80.00483703613281
9;75.24336;-66.24336242675781
8;80.31529;-72.31529235839844
7;74.74158;-67.7415771484375
6;53.402008;-47.402008056640625
5;84.2904;-79.29039764404297
4;88.06467;-84.06466674804688
3;124.761;-121.76100158691406
2;126.21183;-124.21183013916016
1;91.00184;-90.00183868408203
0;92.31888;-92.31887817382812
63;101.17356;-38.173561096191406
62;135.19601;-73.19601440429688
61;101.641464;-40.64146423339844
60;92.06633;-32.06632995605469
59;83.98362;-24.983619689941406
58;78.268616;-20.26861572265625
57;71.77785;-14.777847290039062
56;75.273186;-19.27318572998047
55;84.40838;-29.40837860107422
54;69.459656;-15.45965576171875
53;85.53974;-32.53974151611328
52;89.579;-37.579002380371094
51;84.699615;-33.699615478515625
50;86.40214;-36.402137756347656
49;96.7227;-47.72270202636719
48;88.56582;-40.565818786621094
47;94.34865;-47.34864807128906
46;94.94767;-48.947669982910156
45;100.605545;-55.60554504394531
44;59.168;-15.167999267578125
43;62.83272;-19.832721710205078
42;59.582596;-17.582595825195312
41;54.015556;-13.015556335449219
40;49.57237;-9.572368621826172
39;49.097637;-10.097637176513672
38;43.13933;-5.139331817626953
37;45.283146;-8.283145904541016
36;63.01615;-27.016151428222656
35;43.25556;-8.255561828613281
34;46.8971;-12.897098541259766
33;46.26393;-13.263931274414062
32;39.067944;-7.067943572998047
31;49.260456;-18.260456085205078
30;51.851177;-21.851177215576172
29;53.616245;-24.61624526977539
28;49.428646;-21.428646087646484
27;45.12191;-18.121910095214844
26;38.55593;-12.555931091308594
25;56.10784;-31.10784149169922
24;70.43775;-46.43775177001953
23;74.69228;-51.692283630371094
22;59.266438;-37.26643753051758
21;63.817608;-42.81760787963867
20;48.63803;-28.638031005859375
19;54.188725;-35.188724517822266
18;82.4614;-64.4614028930664
17;109.41441;-92.41441345214844
16;74.995544;-58.99554443359375
15;86.35201;-71.35201263427734
14;79.275185;-65.27518463134766
13;96.40202;-83.40202331542969
12;81.9331;-69.93309783935547
11;120.30919;-109.30918884277344
10;100.61677;-90.61676788330078
9;91.76763;-82.76763153076172
8;102.668335;-94.6683349609375
7;104.023636;-97.02363586425781
6;106.51223;-100.5122299194336
5;125.094;-120.09400177001953
4;115.38156;-111.38156127929688
3;105.19291;-102.19290924072266
2;92.35694;-90.35694122314453
1;77.66907;-76.6690673828125
0;93.4161;-93.41609954833984
63;124.48051;-61.480506896972656
62;113.85198;-51.85198211669922
61;108.077324;-47.07732391357422
60;95.11076;-35.11076354980469
59;83.38762;-24.387619018554688
58;97.754715;-39.75471496582031
57;97.54141;-40.541412353515625
56;81.73759;-25.737586975097656
55;76.08994;-21.089942932128906
54;85.1598;-31.15979766845703
53;82.44125;-29.441253662109375
52;78.49789;-26.497886657714844
51;89.47388;-38.473876953125
50;94.81038;-44.81037902832031
49;81.31414;-32.31414031982422
48;78.927826;-30.927825927734375
47;73.237724;-26.23772430419922
46;78.51357;-32.513572692871094
45;73.876755;-28.876754760742188
44;42.114773;1.8852272033691406
43;41.64674;1.3532600402832031
42;41.402916;0.5970840454101562
41;40.962315;0.037685394287109375
40;35.846943;4.153057098388672
39;42.26179;-3.261791229248047
38;43.535587;-5.535587310791016
37;44.13212;-7.132118225097656
36;43.783585;-7.7835845947265625
35;37.423714;-2.4237136840820312
34;50.864586;-16.864585876464844
33;46.859436;-13.85943603515625
32;56.167526;-24.167526245117188
31;52.47183;-21.47182846069336
30;44.247066;-14.247066497802734
29;44.551495;-15.551494598388672
28;45.237755;-17.237754821777344
27;48.052326;-21.052326202392578
26;43.43134;-17.431339263916016
25;40.287983;-15.287982940673828
24;38.635834;-14.635833740234375
23;48.636044;-25.636043548583984
22;40.481976;-18.481975555419922
21;41.20946;-20.209461212158203
20;40.640247;-20.640247344970703
19;46.625996;-27.625995635986328
18;52.585342;-34.58534240722656
17;77.32213;-60.32212829589844
16;84.85576;-68.85575866699219
15;105.446266;-90.4462661743164
14;90.2349;-76.23490142822266
13;75.86668;-62.866676330566406
12;89.14135;-77.14134979248047
11;65.397446;-54.39744567871094
10;59.75202;-49.75202178955078
9;66.49011;-57.4901123046875
8;56.306858;-48.30685806274414
7;57.14484;-50.144840240478516
6;44.00406;-38.004058837890625
5;79.24673;-74.2467269897461
4;90.02351;-86.02351379394531
3;97.164536;-94.16453552246094
2;86.98167;-84.9816665649414
1;69.47026;-68.47026062011719
0;90.274414;-90.2744140625
63;100.29064;-37.29064178466797
62;111.27254;-49.27253723144531
61;102.03492;-41.03491973876953
60;108.60059;-48.60059356689453
59;99.03532;-40.035316467285156
58;105.608635;-47.60863494873047
57;101.91331;-44.913307189941406
56;99.893166;-43.893165588378906
55;100.22498;-45.22498321533203
54;85.631676;-31.631675720214844
53;95.686874;-42.68687438964844
52;94.99531;-42.99530792236328
51;85.431564;-34.43156433105469
50;99.76752;-49.76751708984375
49;96.28041;-47.28041076660156
48;97.169464;-49.169464111328125
47;92.10636;-45.106361389160156
46;85.26513;-39.26512908935547
45;88.89197;-43.8919677734375
44;39.297913;4.70208740234375
43;34.022587;8.977413177490234
42;34.93521;7.064788818359375
41;42.05323;-1.0532302856445312
40;61.88037;-21.88037109375
39;37.59083;1.4091682434082031
38;42.549805;-4.5498046875
37;34.962124;2.0378761291503906
36;39.980957;-3.98095703125
35;32.70547;2.2945289611816406
34;45.71161;-11.71160888671875
33;38.887905;-5.887905120849609
32;40.996323;-8.996322631835938
31;45.125767;-14.12576675415039
30;35.79616;-5.796161651611328
29;42.6148;-13.614799499511719
28;46.97816;-18.978160858154297
27;29.358936;-2.358936309814453
26;47.517467;-21.517467498779297
25;47.641132;-22.641132354736328
24;59.25142;-35.25141906738281
23;59.832867;-36.83286666870117
22;50.63579;-28.635791778564453
21;61.126053;-40.12605285644531
20;54.506836;-34.5068359375
19;82.444824;-63.44482421875
18;75.0945;-57.09449768066406
17;87.57775;-70.57775115966797
16;93.07136;-77.07135772705078
15;104.138626;-89.13862609863281
14;98.96191;-84.96190643310547
13;91.0653;-78.06529998779297
12;90.30033;-78.30033111572266
11;83.35026;-72.35025787353516
10;89.36883;-79.36882781982422
9;88.58013;-79.58013153076172
8;87.35766;-79.35765838623047
7;101.12192;-94.12191772460938
6;89.82883;-83.82882690429688
5;83.399704;-78.39970397949219
4;65.4652;-61.46520233154297
3;86.968254;-83.96825408935547
2;104.94511;-102.94510650634766
1;113.65325;-112.65325164794922
0;80.24417;-80.24417114257812
243;98.26438;144.7356185913086
242;93.35707;148.64292907714844
241;109.57433;131.42566680908203
240;90.6737;149.32630157470703
239;79.49426;159.5057373046875
238;88.626785;149.3732147216797
237;85.7013;151.29869842529297
236;73.74471;162.25528717041016
235;94.766945;140.2330551147461
234;83.21348;150.7865219116211
233;85.476234;147.52376556396484
232;72.36249;159.63751220703125
231;78.651405;152.34859466552734
230;94.732544;135.2674560546875
229;96.70535;132.29464721679688
228;83.31582;144.6841812133789
227;99.62725;127.37274932861328
226;82.67063;143.3293685913086
225;88.92885;136.07115173339844
224;33.87099;190.12900924682617
223;35.24612;187.75387954711914
222;43.624237;178.37576293945312
221;44.158497;176.84150314331055
220;42.830353;177.16964721679688
219;41.832714;177.16728591918945
218;42.694717;175.30528259277344
217;37.238968;179.7610321044922
216;39.500072;176.49992752075195
215;35.88241;179.11759185791016
214;40.585045;173.41495513916016
213;40.14846;172.8515396118164
212;36.535538;175.46446228027344
211;43.2428;167.75719833374023
210;42.163906;167.8360939025879
209;45.760452;163.2395477294922
208;48.00065;159.99935150146484
207;47.89962;159.10037994384766
206;48.81074;157.18925857543945
205;53.74924;151.25075912475586
204;45.416718;158.58328247070312
203;50.60653;152.39347076416016
202;62.337543;139.66245651245117
201;67.38157;133.6184310913086
200;57.264347;142.73565292358398
199;54.35619;144.6438102722168
198;72.282585;125.71741485595703
197;58.80556;138.19443893432617
196;75.932396;120.0676040649414
195;72.888466;122.11153411865234
194;97.35447;96.6455307006836
193;95.34579;97.65421295166016
192;77.5293;114.470703125
191;61.993187;129.0068130493164
190;89.87113;100.12886810302734
189;54.61226;134.3877410888672
188;37.42132;150.57867813110352
187;44.449036;142.55096435546875
186;55.947426;130.05257415771484
185;65.28956;119.71044158935547
184;84.87583;99.1241683959961
183;59.260536;123.73946380615234
182;81.167404;100.83259582519531
181;78.57759;102.42240905761719
180;104.7908;75.20919799804688
179;103.64303;75.35697174072266
178;84.46471;93.53529357910156
177;107.804474;69.19552612304688
176;81.67244;94.32756042480469
175;78.90195;96.09805297851562
174;73.34193;100.65807342529297
173;80.92161;92.0783920288086
172;93.604965;78.39503479003906
171;79.91681;91.08319091796875
170;77.7305;92.26950073242188
169;79.507645;89.49235534667969
168;76.31997;91.6800308227539
167;99.443535;67.55646514892578
166;96.61722;69.38278198242188
165;90.51398;74.48602294921875
164;66.85382;97.14617919921875
163;82.59142;80.40857696533203
162;76.24327;85.75672912597656
161;80.04635;80.95365142822266
160;63.099014;96.90098571777344
159;69.908714;89.0912857055664
158;67.29792;90.70207977294922
157;74.203094;82.79690551757812
156;60.976185;95.0238151550293
155;70.498764;84.50123596191406
154;84.199776;69.80022430419922
153;66.279205;86.72079467773438
152;66.49513;85.50486755371094
151;59.961052;91.03894805908203
150;61.575153;88.42484664916992
149;71.94367;77.05632781982422
148;95.38838;52.61161804199219
147;70.89785;76.1021499633789
146;88.61833;57.38166809082031
145;80.95325;64.0467529296875
144;86.06887;57.931129455566406
143;76.0495;66.95050048828125
142;79.51763;62.48236846923828
141;86.731606;54.268394470214844
140;90.18022;49.81977844238281
139;123.68387;15.316131591796875
138;112.77193;25.228073120117188
137;121.6298;15.370201110839844
136;117.84034;18.15966033935547
135;113.78811;21.211891174316406
134;107.84269;26.157310485839844
133;115.67212;17.327880859375
132;103.31282;28.687179565429688
131;120.0242;10.975799560546875
130;115.481995;14.51800537109375
129;110.61457;18.38542938232422
128;102.272385;25.727615356445312
127;96.140526;30.859474182128906
126;101.71296;24.28704071044922
125;93.29765;31.702346801757812
124;91.96078;32.039222717285156
123;95.61573;27.38426971435547
122;106.94252;15.057479858398438
121;97.66996;23.330039978027344
120;97.84853;22.151466369628906
119;93.72197;25.278030395507812
118;107.22051;10.779487609863281
117;88.30107;28.698928833007812
116;93.591805;22.40819549560547
115;104.99463;10.00537109375
114;100.273544;13.726455688476562
113;100.78683;12.213172912597656
112;97.56907;14.430931091308594
111;108.145164;2.8548355102539062
110;91.58352;18.416481018066406
109;106.49838;2.501617431640625
108;89.66272;18.3372802734375
107;92.467094;14.532905578613281
106;98.72921;7.270790100097656
105;95.44253;9.557472229003906
104;111.56419;-7.5641937255859375
103;91.403175;11.596824645996094
102;92.01915;9.980850219726562
101;107.684044;-6.684043884277344
100;104.54814;-4.5481414794921875
99;96.58047;2.4195327758789062
98;95.21151;2.7884902954101562
97;91.18088;5.819122314453125
96;76.64197;19.3580322265625
95;86.977036;8.022964477539062
94;79.17731;14.82269287109375
93;83.61609;9.3839111328125
92;89.864746;2.13525390625
91;81.95485;9.045150756835938
90;80.54797;9.4520263671875
89;83.855354;5.144645690917969
88;80.13781;7.862190246582031
87;69.499084;17.50091552734375
86;68.58734;17.41265869140625
85;72.73766;12.262336730957031
84;79.12709;4.8729095458984375
83;83.874985;-0.8749847412109375
82;66.33356;15.66644287109375
81;77.00863;3.9913711547851562
80;90.501854;-10.501853942871094
79;83.44149;-4.441490173339844
78;84.11234;-6.112342834472656
77;81.24596;-4.2459564208984375
76;87.52502;-11.525016784667969
75;70.0631;4.936897277832031
74;76.06398;-2.0639801025390625
73;80.65252;-7.652519226074219
72;68.40026;3.5997390747070312
71;58.99743;12.002571105957031
70;65.38516;4.614837646484375
69;75.61507;-6.6150665283203125
68;79.91703;-11.917030334472656
67;81.39998;-14.399978637695312
66;76.04105;-10.041053771972656
65;92.726135;-27.72613525390625
64;81.06683;-17.06683349609375
63;85.770386;-22.7703857421875
62;84.60053;-22.60053253173828
61;75.457535;-14.457534790039062
60;76.74521;-16.745208740234375
59;83.03975;-24.039749145507812
58;75.92326;-17.923263549804688
57;75.96275;-18.962753295898438
56;87.96507;-31.965072631835938
55;81.27314;-26.27313995361328
54;75.91893;-21.918930053710938
53;72.62268;-19.6226806640625
52;77.157906;-25.15790557861328
51;78.51092;-27.51091766357422
50;78.50343;-28.503433227539062
49;80.73697;-31.736968994140625
48;75.86564;-27.865638732910156
47;79.16276;-32.162757873535156
46;88.160645;-42.16064453125
45;69.78939;-24.789390563964844
44;65.89709;-21.89708709716797
43;67.2002;-24.20020294189453
42;68.01935;-26.01934814453125
41;61.959675;-20.959674835205078
40;68.73928;-28.739280700683594
39;45.70723;-6.7072296142578125
38;54.852478;-16.85247802734375
37;58.61442;-21.614421844482422
36;70.08139;-34.081390380859375
35;57.069374;-22.069374084472656
34;64.70588;-30.70587921142578
33;59.25105;-26.251049041748047
32;67.28744;-35.287437438964844
31;53.325935;-22.32593536376953
30;56.032658;-26.032657623291016
29;62.85024;-33.85023880004883
28;58.64056;-30.640560150146484
27;66.51062;-39.5106201171875
26;61.63183;-35.63182830810547
25;62.96747;-37.96746826171875
24;60.195423;-36.1954231262207
23;60.499306;-37.499305725097656
22;64.3028;-42.30280303955078
21;57.511898;-36.511898040771484
20;66.60605;-46.606048583984375
19;69.6899;-50.689903259277344
18;71.64693;-53.64692687988281
17;64.81764;-47.81764221191406
16;49.20514;-33.20513916015625
15;62.07435;-47.07434844970703
14;66.674934;-52.67493438720703
13;57.352745;-44.352745056152344
12;59.72291;-47.7229118347168
11;62.479626;-51.4796257019043
10;50.82091;-40.8209114074707
9;59.980114;-50.9801139831543
8;54.262764;-46.26276397705078
7;55.255318;-48.25531768798828
6;53.97831;-47.978309631347656
5;50.939266;-45.939266204833984
4;50.266228;-46.26622772216797
3;57.971054;-54.97105407714844
2;52.48598;-50.48598098754883
1;54.763947;-53.763946533203125
0;53.64851;-53.64850997924805
32;54.0065;-22.006500244140625
31;54.95093;-23.950931549072266
30;61.600582;-31.600582122802734
29;63.758923;-34.7589225769043
28;54.330265;-26.330265045166016
27;55.858807;-28.858806610107422
26;57.46313;-31.463130950927734
25;60.78658;-35.78657913208008
24;57.811493;-33.811492919921875
23;55.15843;-32.15842819213867
22;50.636505;-28.636505126953125
21;58.114006;-37.11400604248047
20;48.2445;-28.24449920654297
19;38.008934;-19.008934020996094
18;37.425007;-19.425006866455078
17;40.07754;-23.07754135131836
16;42.972176;-26.97217559814453
15;42.36341;-27.36341094970703
14;35.17184;-21.17184066772461
13;51.421772;-38.42177200317383
12;52.0625;-40.0625
11;61.873592;-50.873592376708984
10;64.53239;-54.532386779785156
9;87.06289;-78.0628890991211
8;79.26886;-71.26885986328125
7;113.32292;-106.32292175292969
6;109.8129;-103.81289672851562
5;118.975395;-113.97539520263672
4;132.49344;-128.49343872070312
3;156.54745;-153.54745483398438
2;117.48362;-115.4836196899414
1;164.50722;-163.50721740722656
0;178.84373;-178.84373474121094
51;86.21598;-35.215980529785156
50;98.19045;-48.190452575683594
49;92.90989;-43.909889221191406
48;116.38745;-68.387451171875
47;126.88305;-79.88304901123047
46;103.166466;-57.166465759277344
45;105.090775;-60.09077453613281
44;91.02035;-47.020347595214844
43;106.73564;-63.73564147949219
42;117.83725;-75.83724975585938
41;100.043976;-59.043975830078125
40;95.56587;-55.56587219238281
39;94.464096;-55.46409606933594
38;101.92943;-63.92942810058594
37;93.52376;-56.52375793457031
36;89.631424;-53.63142395019531
35;84.73546;-49.73545837402344
34;78.814735;-44.814735412597656
33;74.926895;-41.92689514160156
32;54.07932;-22.07931900024414
31;60.637764;-29.63776397705078
30;52.428585;-22.428585052490234
29;70.78728;-41.78727722167969
28;52.548527;-24.548526763916016
27;66.72283;-39.72283172607422
26;55.56487;-29.564868927001953
25;48.895897;-23.895896911621094
24;69.63434;-45.63433837890625
23;50.717358;-27.717357635498047
22;69.41167;-47.41166687011719
21;75.31332;-54.313316345214844
20;45.655266;-25.65526580810547
19;35.798897;-16.79889678955078
18;50.740635;-32.74063491821289
17;47.077526;-30.077526092529297
16;44.42212;-28.422119140625
15;47.441566;-32.441566467285156
14;40.602985;-26.602985382080078
13;57.825466;-44.82546615600586
12;42.81293;-30.812931060791016
11;56.8259;-45.82590103149414
10;62.68174;-52.681739807128906
9;102.26078;-93.26078033447266
8;99.88506;-91.88506317138672
7;87.40348;-80.40348052978516
6;95.23391;-89.2339096069336
5;138.87845;-133.87844848632812
4;116.121956;-112.12195587158203
3;170.03203;-167.0320281982422
2;188.02654;-186.0265350341797
1;182.80789;-181.80789184570312
0;181.6009;-181.6009063720703
51;99.240425;-48.24042510986328
50;108.97036;-58.970359802246094
49;98.80464;-49.80464172363281
48;92.03353;-44.033531188964844
47;107.63647;-60.63646697998047
46;87.65543;-41.655433654785156
45;91.31052;-46.310516357421875
44;84.62995;-40.62995147705078
43;93.770294;-50.770294189453125
42;98.32143;-56.32142639160156
41;91.191605;-50.19160461425781
40;105.83353;-65.83352661132812
39;94.89609;-55.896087646484375
38;96.65603;-58.656028747558594
37;85.878654;-48.87865447998047
36;86.78155;-50.78154754638672
35;87.09383;-52.09382629394531
34;91.34971;-57.349708557128906
33;74.90792;-41.907920837402344
32;55.480797;-23.480796813964844
31;54.81296;-23.81296157836914
30;67.59103;-37.591026306152344
29;55.778694;-26.77869415283203
28;62.82258;-34.82257843017578
27;59.930717;-32.93071746826172
26;48.05085;-22.05084991455078
25;46.08385;-21.083850860595703
24;55.437878;-31.437877655029297
23;40.312977;-17.312976837158203
22;41.626682;-19.62668228149414
21;43.793377;-22.793376922607422
20;46.11515;-26.115150451660156
19;37.27769;-18.277690887451172
18;46.637398;-28.63739776611328
17;52.972694;-35.972694396972656
16;46.62845;-30.628448486328125
15;51.92253;-36.92253112792969
14;54.320164;-40.32016372680664
13;49.188877;-36.18887710571289
12;60.523777;-48.52377700805664
11;46.901638;-35.90163803100586
10;67.41117;-57.411170959472656
9;82.32982;-73.32981872558594
8;117.25691;-109.25691223144531
7;117.15692;-110.15692138671875
6;135.37054;-129.37054443359375
5;124.54742;-119.54741668701172
4;132.4826;-128.48260498046875
3;159.44843;-156.44842529296875
2;159.23326;-157.23326110839844
1;198.45457;-197.45457458496094
0;142.9228;-142.9228057861328
51;116.81287;-65.8128662109375
50;110.02052;-60.02052307128906
49;76.71874;-27.71874237060547
48;96.80901;-48.80901336669922
47;118.54021;-71.54020690917969
46;127.91392;-81.9139175415039
45;87.331245;-42.33124542236328
44;90.25257;-46.25257110595703
43;79.01592;-36.01592254638672
42;97.05034;-55.05033874511719
41;97.296906;-56.296905517578125
40;105.32488;-65.32488250732422
39;88.71805;-49.718048095703125
38;108.08699;-70.08699035644531
37;87.48101;-50.48101043701172
36;96.28914;-60.28913879394531
35;96.83996;-61.83995819091797
34;87.68182;-53.68182373046875
33;75.65027;-42.6502685546875
32;53.621666;-21.621665954589844
31;56.65706;-25.657058715820312
30;38.2097;-8.209701538085938
29;50.31069;-21.310691833496094
28;52.73885;-24.738849639892578
27;80.79221;-53.792213439941406
26;64.801735;-38.801734924316406
25;52.08831;-27.08831024169922
24;58.986588;-34.98658752441406
23;59.197563;-36.19756317138672
22;69.547676;-47.54767608642578
21;71.63534;-50.635337829589844
20;56.9741;-36.974098205566406
19;42.292553;-23.292552947998047
18;59.347294;-41.347293853759766
17;57.13305;-40.13304901123047
16;59.99524;-43.9952392578125
15;43.95591;-28.955909729003906
14;38.540306;-24.540306091308594
13;44.506237;-31.506237030029297
12;27.514708;-15.514707565307617
11;58.46883;-47.46883010864258
10;75.34062;-65.34062194824219
9;109.20857;-100.20857238769531
8;126.204666;-118.20466613769531
7;95.135315;-88.13531494140625
6;120.69952;-114.69951629638672
5;168.62096;-163.62095642089844
4;187.85745;-183.85745239257812
3;164.14664;-161.14663696289062
2;152.08167;-150.0816650390625
1;165.55435;-164.55435180664062
0;108.67378;-108.67378234863281
291;93.09364;197.90635681152344
290;112.33777;177.6622314453125
289;82.51343;206.486572265625
288;87.79602;200.2039794921875
287;111.70159;175.29840850830078
286;91.16564;194.83435821533203
285;88.16444;196.83556365966797
284;80.59827;203.4017333984375
283;85.7524;197.24759674072266
282;94.909065;187.09093475341797
281;99.37118;181.62882232666016
280;94.78452;185.2154769897461
279;90.59013;188.4098663330078
278;105.65473;172.34526824951172
277;93.23604;183.7639617919922
276;85.00422;190.99578094482422
275;84.59192;190.4080810546875
274;101.48611;172.5138931274414
273;85.91944;187.08055877685547
272;62.828365;209.17163467407227
271;57.189922;213.81007766723633
270;53.78082;216.21918106079102
269;69.07972;199.92028045654297
268;63.344677;204.65532302856445
267;64.928734;202.0712661743164
266;50.243828;215.75617218017578
265;68.38001;196.61998748779297
264;52.168213;211.831787109375
263;56.63669;206.36331176757812
262;56.295486;205.7045135498047
261;42.829243;218.17075729370117
260;50.504345;209.49565505981445
259;53.299053;205.70094680786133
258;48.26381;209.73619079589844
257;45.48353;211.51647186279297
256;46.83787;209.16212844848633
255;40.99812;214.00188064575195
254;59.761242;194.2387580871582
253;72.49192;180.5080795288086
252;58.847237;193.15276336669922
251;70.51036;180.48963928222656
250;76.401886;173.59811401367188
249;110.16416;138.8358383178711
248;94.58961;153.41039276123047
247;102.05636;144.94364166259766
246;125.68794;120.31205749511719
245;131.58621;113.41378784179688
244;154.12975;89.87025451660156
243;140.75475;102.24525451660156
242;215.65001;26.349990844726562
241;221.53445;19.465545654296875
240;159.42781;80.57218933105469
239;198.34393;40.65606689453125
238;133.4879;104.51210021972656
237;134.83014;102.16986083984375
236;116.567085;119.43291473388672
235;134.57445;100.42555236816406
234;128.40611;105.59388732910156
233;109.6796;123.32039642333984
232;128.0889;103.91110229492188
231;105.61627;125.38372802734375
230;102.391685;127.60831451416016
229;91.79049;137.20951080322266
228;85.72799;142.27201080322266
227;102.36004;124.63996124267578
226;101.79658;124.20342254638672
225;134.11037;90.88963317871094
224;119.20737;104.79263305664062
223;91.50797;131.49202728271484
222;94.86456;127.13543701171875
221;103.25072;117.74928283691406
220;82.33871;137.66129302978516
219;73.403435;145.59656524658203
218;92.61895;125.38105010986328
217;113.07592;103.92407989501953
216;86.361176;129.63882446289062
215;86.75418;128.24581909179688
214;92.32887;121.67112731933594
213;82.3207;130.6792984008789
212;83.0126;128.98739624023438
211;86.644516;124.35548400878906
210;93.86446;116.13553619384766
209;77.53606;131.4639434814453
208;70.81538;137.18462371826172
207;68.15156;138.84844207763672
206;65.8173;140.18270111083984
205;84.24347;120.75653076171875
204;76.79135;127.20864868164062
203;66.183914;136.8160858154297
202;64.24414;137.755859375
201;67.5711;133.42890167236328
200;73.06532;126.93467712402344
199;60.873356;138.12664413452148
198;75.98766;122.01233673095703
197;79.49844;117.50155639648438
196;75.15923;120.84076690673828
195;68.880104;126.1198959350586
194;71.94787;122.05213165283203
193;91.14124;101.85875701904297
192;64.971924;127.028076171875
191;79.02292;111.97708129882812
190;68.93249;121.06751251220703
189;77.44671;111.55329132080078
188;73.54204;114.45796203613281
187;79.35309;107.64691162109375
186;81.418304;104.58169555664062
185;80.68643;104.31356811523438
184;90.02055;93.97944641113281
183;84.37172;98.62828063964844
182;86.7651;95.23490142822266
181;87.59753;93.40247344970703
180;95.67838;84.32161712646484
179;114.20935;64.7906494140625
178;99.73852;78.26148223876953
177;97.30174;79.69825744628906
176;100.13288;75.86711883544922
175;114.444115;60.555885314941406
174;101.03955;72.96044921875
173;78.31512;94.68488311767578
172;99.9622;72.03780364990234
171;98.06019;72.93981170654297
170;99.961525;70.0384750366211
169;93.77909;75.22090911865234
168;99.84577;68.15422821044922
167;97.4482;69.55180358886719
166;88.59221;77.40779113769531
165;96.33028;68.66972351074219
164;100.24778;63.752220153808594
163;93.83164;69.1683578491211
162;91.88755;70.1124496459961
161;98.93349;62.06651306152344
160;90.148926;69.85107421875
159;91.37962;67.62037658691406
158;93.59354;64.40646362304688
157;84.286736;72.71326446533203
156;84.685295;71.31470489501953
155;85.09747;69.90252685546875
154;95.638084;58.361915588378906
153;88.402435;64.59756469726562
152;86.31989;65.68010711669922
151;85.72233;65.27767181396484
150;87.01208;62.98792266845703
149;88.1707;60.82929992675781
148;95.297005;52.70299530029297
147;93.19919;53.800811767578125
146;94.98447;51.015533447265625
145;102.130135;42.86986541748047
144;93.602165;50.39783477783203
143;89.58471;53.41529083251953
142;95.085884;46.91411590576172
141;100.774086;40.225914001464844
140;98.64869;41.35131072998047
139;84.76295;54.23705291748047
138;93.07007;44.929931640625
137;99.87554;37.12445831298828
136;106.7764;29.223602294921875
135;94.57225;40.42774963378906
134;79.280075;54.71992492675781
133;95.737495;37.26250457763672
132;96.765175;35.234825134277344
131;115.28099;15.719009399414062
130;110.68019;19.319808959960938
129;100.586716;28.413284301757812
128;94.762726;33.237274169921875
127;98.571465;28.42853546142578
126;86.023865;39.97613525390625
125;73.274086;51.725914001464844
124;79.13001;44.86998748779297
123;93.91014;29.089859008789062
122;83.62834;38.37165832519531
121;80.56119;40.438812255859375
120;85.818214;34.181785583496094
119;86.57129;32.4287109375
118;89.172356;28.82764434814453
117;77.42979;39.570213317871094
116;76.12572;39.87428283691406
115;84.5839;30.416099548339844
114;89.79926;24.20073699951172
113;88.439384;24.56061553955078
112;78.88837;33.11163330078125
111;67.16594;43.83406066894531
110;81.27217;28.727828979492188
109;80.908966;28.091033935546875
108;74.922195;33.07780456542969
107;75.99819;31.001808166503906
106;75.92157;30.07843017578125
105;60.114094;44.88590621948242
104;71.35207;32.647926330566406
103;67.51125;35.488746643066406
102;78.927475;23.072525024414062
101;69.15311;31.846893310546875
100;67.20893;32.79106903076172
99;64.30444;34.695556640625
98;70.144455;27.855545043945312
97;76.01172;20.98828125
96;61.459232;34.540767669677734
95;68.05774;26.9422607421875
94;58.016094;35.98390579223633
93;62.769257;30.230743408203125
92;63.911945;28.088054656982422
91;59.115677;31.884323120117188
90;67.763596;22.236404418945312
89;67.052475;21.947525024414062
88;70.641914;17.35808563232422
87;73.24235;13.757652282714844
86;61.63982;24.360179901123047
85;64.44512;20.55487823486328
84;59.23721;24.76279067993164
83;77.88075;5.1192474365234375
82;65.20402;16.795982360839844
81;77.90493;3.0950698852539062
80;69.31366;10.68634033203125
79;62.94219;16.057811737060547
78;65.82666;12.17333984375
77;65.39489;11.605110168457031
76;58.568325;17.43167495727539
75;64.00673;10.993270874023438
74;65.81793;8.18206787109375
73;51.046673;21.953327178955078
72;59.92617;12.073829650878906
71;64.4194;6.580596923828125
70;66.08297;3.9170303344726562
69;57.958313;11.04168701171875
68;67.85867;0.141326904296875
67;56.163418;10.83658218383789
66;54.639893;11.360107421875
65;64.442345;0.5576553344726562
64;54.360573;9.639427185058594
63;48.475216;14.524784088134766
62;56.56778;5.432220458984375
61;45.3081;15.691898345947266
60;55.451145;4.548854827880859
59;51.12395;7.876049041748047
58;49.1993;8.800701141357422
57;51.143875;5.8561248779296875
56;47.515457;8.484542846679688
55;45.540787;9.459213256835938
54;50.616024;3.3839759826660156
53;47.956017;5.043983459472656
52;46.86185;5.138149261474609
51;55.107094;-4.107093811035156
50;67.69986;-17.699859619140625
49;47.89904;1.1009597778320312
48;57.2589;-9.258899688720703
47;41.573196;5.4268035888671875
46;51.430435;-5.4304351806640625
45;55.644703;-10.644702911376953
44;47.594627;-3.5946273803710938
43;59.965923;-16.965923309326172
42;55.787888;-13.787887573242188
41;48.73398;-7.733978271484375
40;46.847366;-6.8473663330078125
39;56.138275;-17.138275146484375
38;44.994553;-6.9945526123046875
37;41.163826;-4.163825988769531
36;48.17069;-12.17068862915039
35;38.606483;-3.6064834594726562
34;55.635468;-21.635467529296875
33;53.915165;-20.915164947509766
32;40.86107;-8.861068725585938
31;37.095364;-6.095363616943359
30;39.167324;-9.16732406616211
29;27.504272;1.4957275390625
28;37.226677;-9.226676940917969
27;34.39824;-7.3982391357421875
26;36.05359;-10.0535888671875
25;41.465862;-16.465862274169922
24;38.70704;-14.707038879394531
23;40.453403;-17.45340347290039
22;44.842873;-22.842872619628906
21;40.807003;-19.807003021240234
20;37.136402;-17.136402130126953
19;42.333244;-23.33324432373047
18;51.195236;-33.19523620605469
17;37.045166;-20.045166015625
16;43.44889;-27.448890686035156
15;39.02482;-24.024818420410156
14;36.290016;-22.290016174316406
13;36.451424;-23.45142364501953
12;31.535074;-19.53507423400879
11;28.542475;-17.5424747467041
10;34.490322;-24.49032211303711
9;25.645437;-16.645437240600586
8;25.437662;-17.43766212463379
7;34.299335;-27.299335479736328
6;33.255753;-27.255752563476562
5;29.023125;-24.02312469482422
4;34.227863;-30.227863311767578
3;27.49356;-24.493560791015625
2;14.620945;-12.62094497680664
1;16.153177;-15.153177261352539
0;5.949731;-5.94973087310791
102;49.44782;52.552181243896484
101;54.87211;46.127891540527344
100;50.17737;49.8226318359375
99;52.300068;46.69993209838867
98;53.138367;44.86163330078125
97;50.623043;46.376956939697266
96;48.60902;47.3909797668457
95;45.395397;49.6046028137207
94;43.134808;50.86519241333008
93;50.19424;42.80575942993164
92;44.338787;47.66121292114258
91;48.05627;42.943729400634766
90;46.74491;43.255088806152344
89;37.96547;51.03453063964844
88;39.316105;48.683895111083984
87;39.95763;47.0423698425293
86;43.82955;42.170448303222656
85;42.109535;42.890464782714844
84;46.07314;37.92686080932617
83;48.698486;34.301513671875
82;48.85073;33.149269104003906
81;54.801987;26.198013305664062
80;46.273304;33.7266960144043
79;46.10378;32.89622116088867
78;44.806038;33.19396209716797
77;38.629936;38.37006378173828
76;40.776325;35.22367477416992
75;43.4539;31.546100616455078
74;42.009094;31.99090576171875
73;37.651638;35.34836196899414
72;39.951324;32.048675537109375
71;51.448364;19.5516357421875
70;48.117188;21.8828125
69;45.02678;23.973220825195312
68;44.973362;23.02663803100586
67;43.349724;23.65027618408203
66;41.07986;24.92013931274414
65;44.15731;20.842689514160156
64;42.57104;21.428958892822266
63;45.5014;17.498600006103516
62;47.21184;14.788158416748047
61;47.194656;13.805343627929688
60;45.33151;14.66849136352539
59;45.523735;13.476264953613281
58;46.86784;11.132160186767578
57;44.392216;12.607784271240234
56;48.582214;7.41778564453125
55;44.524723;10.475276947021484
54;48.73459;5.265411376953125
53;50.21763;2.7823715209960938
52;53.174015;-1.1740150451660156
51;45.428215;5.571784973144531
50;40.41102;9.588981628417969
49;39.578205;9.421794891357422
48;44.275505;3.7244949340820312
47;37.350994;9.649005889892578
46;38.278584;7.721416473388672
45;40.640656;4.359344482421875
44;45.739334;-1.7393341064453125
43;42.65495;0.3450508117675781
42;53.76344;-11.763439178466797
41;46.727016;-5.727016448974609
40;49.04595;-9.045951843261719
39;49.551414;-10.551414489746094
38;42.29901;-4.29901123046875
37;42.5601;-5.560100555419922
36;45.46744;-9.46744155883789
35;51.458874;-16.458873748779297
34;48.197636;-14.197635650634766
33;49.857876;-16.85787582397461
32;44.43774;-12.437740325927734
31;39.829323;-8.829322814941406
30;44.061546;-14.061546325683594
29;48.652966;-19.652965545654297
28;45.576763;-17.576763153076172
27;41.366817;-14.366817474365234
26;53.22285;-27.222850799560547
25;48.295067;-23.295066833496094
24;51.59025;-27.590248107910156
23;48.196854;-25.196853637695312
22;55.202423;-33.202423095703125
21;55.1364;-34.13639831542969
20;45.235004;-25.235004425048828
19;43.268234;-24.268234252929688
18;44.193356;-26.193355560302734
17;49.99481;-32.994808197021484
16;47.83123;-31.83123016357422
15;48.709316;-33.70931625366211
14;43.372955;-29.372955322265625
13;41.841724;-28.841724395751953
12;39.13898;-27.138980865478516
11;39.539295;-28.539295196533203
10;41.793774;-31.793773651123047
9;41.964436;-32.96443557739258
8;42.597572;-34.597572326660156
7;35.8238;-28.82379913330078
6;34.311306;-28.31130599975586
5;43.354336;-38.35433578491211
4;36.249695;-32.24969482421875
3;36.06799;-33.067989349365234
2;39.759407;-37.75940704345703
1;36.30757;-35.30757141113281
0;29.935825;-29.93582534790039
99;74.66879;24.331207275390625
98;81.62628;16.37371826171875
97;84.69415;12.30584716796875
96;72.835526;23.164474487304688
95;74.9101;20.08989715576172
94;79.1354;14.864601135253906
93;85.94002;7.0599822998046875
92;100.13607;-8.136070251464844
91;88.8442;2.1557998657226562
90;73.95677;16.043228149414062
89;75.18313;13.816871643066406
88;77.88946;10.110542297363281
87;83.04178;3.958221435546875
86;86.87392;-0.8739166259765625
85;80.030106;4.9698944091796875
84;81.42306;2.5769424438476562
83;73.6594;9.340599060058594
82;77.429695;4.570304870605469
81;61.188423;19.81157684326172
80;46.901577;33.09842300415039
79;49.39739;29.602611541748047
78;41.595013;36.40498733520508
77;51.59593;25.404071807861328
76;56.953197;19.046802520751953
75;52.062702;22.937297821044922
74;50.67614;23.32386016845703
73;42.871796;30.128204345703125
72;46.74625;25.25374984741211
71;51.276535;19.723464965820312
70;41.488007;28.511993408203125
69;44.455338;24.544662475585938
68;44.725777;23.27422332763672
67;45.7177;21.282299041748047
66;43.492386;22.507614135742188
65;43.908966;21.091033935546875
64;41.146305;22.853694915771484
63;45.888546;17.111454010009766
62;57.108807;4.891193389892578
61;71.50576;-10.505760192871094
60;48.48022;11.519779205322266
59;50.74497;8.25503158569336
58;55.32081;2.6791915893554688
57;53.962536;3.037464141845703
56;78.34461;-22.34461212158203
55;68.69368;-13.693679809570312
54;85.622055;-31.622055053710938
53;63.145126;-10.145126342773438
52;48.78447;3.2155303955078125
51;50.014397;0.9856033325195312
50;56.706654;-6.706653594970703
49;41.13959;7.860408782958984
48;51.07061;-3.0706100463867188
47;58.601635;-11.601634979248047
46;51.01737;-5.017368316650391
45;47.451847;-2.4518470764160156
44;42.8711;1.1288986206054688
43;60.238834;-17.238834381103516
42;42.47459;-0.4745903015136719
41;39.641216;1.3587837219238281
40;39.584362;0.4156379699707031
39;43.61548;-4.615478515625
38;41.309135;-3.3091354370117188
37;43.3635;-6.363498687744141
36;44.613434;-8.613433837890625
35;41.15495;-6.154949188232422
34;39.98005;-5.980049133300781
33;40.967014;-7.967014312744141
32;43.9768;-11.976799011230469
31;43.452137;-12.452136993408203
30;39.744377;-9.744377136230469
29;43.010395;-14.010395050048828
28;43.793743;-15.793743133544922
27;43.94267;-16.942668914794922
26;41.18537;-15.185371398925781
25;43.12526;-18.125259399414062
24;38.348545;-14.34854507446289
23;39.094692;-16.09469223022461
22;39.91149;-17.91149139404297
21;45.82234;-24.822338104248047
20;48.612167;-28.612167358398438
19;45.334827;-26.334827423095703
18;48.486813;-30.486812591552734
17;47.938057;-30.93805694580078
16;50.659294;-34.65929412841797
15;49.802692;-34.80269241333008
14;48.620552;-34.62055206298828
13;44.368656;-31.368656158447266
12;50.896587;-38.89658737182617
11;47.349113;-36.34911346435547
10;46.48569;-36.48569107055664
9;50.06965;-41.06964874267578
8;50.950596;-42.95059585571289
7;59.95852;-52.958518981933594
6;53.77837;-47.77836990356445
5;52.35103;-47.35102844238281
4;50.944145;-46.94414520263672
3;44.543556;-41.543556213378906
2;44.37768;-42.377681732177734
1;41.642704;-40.642704010009766
0;36.34227;-36.34226989746094
99;80.01503;18.984970092773438
98;87.88162;10.118377685546875
97;81.66917;15.330833435058594
96;73.68455;22.315452575683594
95;73.67034;21.32965850830078
94;76.21831;17.781692504882812
93;72.700134;20.29986572265625
92;76.570114;15.429885864257812
91;72.80197;18.198028564453125
90;75.568436;14.431564331054688
89;63.989098;25.010902404785156
88;70.76641;17.23358917236328
87;77.176125;9.823875427246094
86;74.75755;11.242446899414062
85;75.92081;9.079193115234375
84;72.77911;11.22088623046875
83;64.258224;18.741775512695312
82;65.69038;16.30962371826172
81;60.841816;20.158184051513672
80;47.109123;32.89087677001953
79;44.964447;34.035552978515625
78;46.824978;31.17502212524414
77;48.281948;28.71805191040039
76;42.987213;33.012786865234375
75;41.013954;33.986045837402344
74;43.354733;30.645267486572266
73;37.593807;35.406192779541016
72;41.198177;30.801822662353516
71;42.401638;28.59836196899414
70;45.359306;24.64069366455078
69;45.29955;23.700450897216797
68;48.502525;19.497474670410156
67;42.207848;24.792152404785156
66;40.281216;25.71878433227539
65;43.494747;21.505252838134766
64;45.209705;18.790294647216797
63;44.86616;18.133838653564453
62;57.261387;4.738613128662109
61;47.55941;13.440589904785156
60;58.68954;1.3104591369628906
59;46.65333;12.346668243408203
58;43.537384;14.462615966796875
57;39.701756;17.29824447631836
56;53.732563;2.267436981201172
55;51.475166;3.5248336791992188
54;44.920475;9.079524993896484
53;51.228912;1.771087646484375
52;46.95078;5.049221038818359
51;56.49011;-5.490108489990234
50;47.05788;2.942119598388672
49;36.91003;12.089969635009766
48;45.183266;2.8167343139648438
47;50.625137;-3.6251373291015625
46;41.16958;4.830421447753906
45;41.998127;3.001873016357422
44;42.975063;1.0249366760253906
43;42.61523;0.3847694396972656
42;35.698933;6.301067352294922
41;37.956207;3.043792724609375
40;42.849777;-2.8497772216796875
39;39.886295;-0.8862953186035156
38;39.661926;-1.66192626953125
37;40.280647;-3.2806472778320312
36;43.823227;-7.8232269287109375
35;49.21474;-14.214740753173828
34;42.834126;-8.834125518798828
33;40.588085;-7.588085174560547
32;48.514545;-16.514545440673828
31;48.20497;-17.204971313476562
30;37.059067;-7.0590667724609375
29;40.377895;-11.37789535522461
28;40.5709;-12.570899963378906
27;42.48541;-15.485408782958984
26;41.223064;-15.223064422607422
25;33.92277;-8.922771453857422
24;38.610035;-14.610034942626953
23;36.922688;-13.922687530517578
22;35.969727;-13.9697265625
21;39.56581;-18.565811157226562
20;41.608337;-21.60833740234375
19;41.824024;-22.824024200439453
18;39.885895;-21.885894775390625
17;44.610786;-27.61078643798828
16;41.764214;-25.76421356201172
15;45.58463;-30.58462905883789
14;48.88096;-34.880958557128906
13;47.130417;-34.13041687011719
12;50.2816;-38.28160095214844
11;48.08627;-37.08626937866211
10;46.59073;-36.590728759765625
9;42.167633;-33.167633056640625
8;47.425304;-39.4253044128418
7;34.187824;-27.187824249267578
6;42.97778;-36.977779388427734
5;45.080242;-40.08024215698242
4;39.36959;-35.369590759277344
3;44.81491;-41.814910888671875
2;49.598595;-47.598594665527344
1;58.197006;-57.19700622558594
0;44.92105;-44.921051025390625
99;92.17943;6.8205718994140625
98;106.42466;-8.424659729003906
97;78.91538;18.084617614746094
96;93.64099;2.3590087890625
95;86.57175;8.428253173828125
94;79.04403;14.955970764160156
93;71.72595;21.2740478515625
92;72.52648;19.47351837158203
91;69.5578;21.44219970703125
90;78.3068;11.693199157714844
89;79.51567;9.484329223632812
88;84.454475;3.5455245971679688
87;71.18289;15.817108154296875
86;85.45765;0.5423507690429688
85;75.66489;9.335113525390625
84;62.686737;21.313262939453125
83;71.7219;11.278099060058594
82;64.462326;17.537673950195312
81;61.320408;19.67959213256836
80;51.141354;28.858646392822266
79;47.188152;31.811847686767578
78;48.03146;29.96854019165039
77;43.158905;33.841094970703125
76;49.396244;26.603755950927734
75;44.2125;30.787498474121094
74;43.620995;30.379005432128906
73;44.112762;28.887237548828125
72;49.999786;22.000213623046875
71;49.659344;21.340656280517578
70;49.44004;20.559959411621094
69;45.71744;23.28255844116211
68;50.145416;17.854583740234375
67;51.305634;15.694366455078125
66;46.760033;19.239967346191406
65;42.150974;22.84902572631836
64;43.822094;20.177906036376953
63;48.32096;14.679039001464844
62;43.42073;18.579269409179688
61;42.10187;18.898128509521484
60;48.255642;11.74435806274414
59;43.55007;15.449928283691406
58;44.732452;13.267547607421875
57;49.33184;7.668159484863281
56;55.8623;0.13769912719726562
55;43.54197;11.458030700683594
54;53.537468;0.46253204345703125
53;44.52004;8.479961395263672
52;41.09374;10.906261444091797
51;40.59826;10.401741027832031
50;36.18809;13.811908721923828
49;45.783142;3.21685791015625
48;42.519623;5.480377197265625
47;45.886547;1.1134529113769531
46;45.2661;0.7338981628417969
45;45.888496;-0.8884963989257812
44;45.49927;-1.4992713928222656
43;42.254547;0.745452880859375
42;40.499294;1.5007057189941406
41;40.76081;0.23918914794921875
40;42.426712;-2.4267120361328125
39;36.105076;2.8949241638183594
38;37.889;0.11100006103515625
37;37.632217;-0.6322174072265625
36;34.475582;1.5244178771972656
35;47.33312;-12.333118438720703
34;41.065094;-7.065093994140625
33;44.722923;-11.722923278808594
32;40.10786;-8.107860565185547
31;40.45787;-9.457870483398438
30;46.40164;-16.401641845703125
29;38.25162;-9.25162124633789
28;44.967766;-16.96776580810547
27;39.522804;-12.522804260253906
26;45.707973;-19.70797348022461
25;39.933777;-14.93377685546875
24;45.16626;-21.166259765625
23;42.738327;-19.738327026367188
22;41.077972;-19.077972412109375
21;45.2268;-24.22679901123047
20;41.988632;-21.988632202148438
19;44.85842;-25.858421325683594
18;47.963085;-29.963085174560547
17;46.837086;-29.837085723876953
16;45.274155;-29.274154663085938
15;37.89913;-22.899131774902344
14;40.567757;-26.56775665283203
13;47.318405;-34.31840515136719
12;36.953598;-24.953598022460938
11;42.061943;-31.06194305419922
10;39.573196;-29.573196411132812
9;39.275368;-30.275367736816406
8;43.975533;-35.97553253173828
7;51.29679;-44.296791076660156
6;49.822033;-43.8220329284668
5;54.473057;-49.47305679321289
4;44.862247;-40.862247467041016
3;49.25749;-46.25748825073242
2;49.37306;-47.3730583190918
1;48.03306;-47.033058166503906
0;48.02668;-48.02667999267578
77;70.91604;6.083961486816406
76;86.226364;-10.226364135742188
75;85.093895;-10.093894958496094
74;78.8152;-4.8152008056640625
73;101.036736;-28.03673553466797
72;100.946075;-28.946075439453125
71;93.71266;-22.712661743164062
70;78.071754;-8.071754455566406
69;80.72712;-11.727119445800781
68;71.82534;-3.8253402709960938
67;49.85903;17.140968322753906
66;74.784294;-8.784294128417969
65;73.60431;-8.60430908203125
64;84.33555;-20.335548400878906
63;84.385025;-21.385025024414062
62;61.836555;0.16344451904296875
61;70.06409;-9.0640869140625
60;61.532036;-1.5320358276367188
59;56.545483;2.454517364501953
58;48.191658;9.808341979980469
57;48.7179;8.282100677490234
56;51.947975;4.052024841308594
55;47.104424;7.895576477050781
54;42.271275;11.72872543334961
53;36.881104;16.118896484375
52;43.70307;8.296928405761719
51;39.934273;11.065727233886719
50;42.27802;7.721981048583984
49;41.10494;7.895061492919922
48;40.13257;7.867431640625
47;45.01266;1.9873390197753906
46;50.626457;-4.626457214355469
45;45.37413;-0.3741302490234375
44;41.22798;2.7720184326171875
43;37.856876;5.143123626708984
42;35.807823;6.192176818847656
41;48.13998;-7.139980316162109
40;51.193287;-11.193286895751953
39;46.541626;-7.5416259765625
38;40.821342;-2.8213424682617188
37;41.861645;-4.861644744873047
36;38.415924;-2.415924072265625
35;43.08496;-8.0849609375
34;40.781017;-6.781017303466797
33;36.062035;-3.0620346069335938
32;38.107864;-6.1078643798828125
31;37.150364;-6.150363922119141
30;43.77939;-13.779388427734375
29;43.003044;-14.003044128417969
28;40.536156;-12.536155700683594
27;35.975292;-8.975292205810547
26;40.025085;-14.02508544921875
25;41.492092;-16.49209213256836
24;42.595547;-18.59554672241211
23;44.56651;-21.566509246826172
22;45.71661;-23.716609954833984
21;46.00027;-25.00027084350586
20;43.660435;-23.66043472290039
19;46.748123;-27.748123168945312
18;42.19332;-24.193321228027344
17;40.88918;-23.889179229736328
16;42.71583;-26.715831756591797
15;41.698578;-26.698577880859375
14;44.081944;-30.08194351196289
13;45.68809;-32.68809127807617
12;45.68425;-33.68424987792969
11;41.532906;-30.53290557861328
10;37.488346;-27.488346099853516
9;43.211006;-34.21100616455078
8;35.70302;-27.703018188476562
7;40.477295;-33.477294921875
6;42.321644;-36.3216438293457
5;38.677135;-33.6771354675293
4;43.412067;-39.41206741333008
3;46.449173;-43.44917297363281
2;43.431667;-41.43166732788086
1;36.878582;-35.87858200073242
0;42.534977;-42.534976959228516
91;37.661522;53.338478088378906
90;33.63834;56.36166000366211
89;35.825207;53.1747932434082
88;36.141094;51.85890579223633
87;36.70486;50.29513931274414
86;47.07453;38.92546844482422
85;41.667854;43.33214569091797
84;35.795177;48.2048225402832
83;34.76249;48.237510681152344
82;36.997284;45.002716064453125
81;35.183487;45.81651306152344
80;36.60638;43.393619537353516
79;34.880756;44.11924362182617
78;39.533833;38.46616744995117
77;29.857964;47.14203643798828
76;31.375904;44.62409591674805
75;34.750076;40.24992370605469
74;34.193913;39.806087493896484
73;34.623592;38.376407623291016
72;37.580353;34.419647216796875
71;34.095436;36.904563903808594
70;31.607891;38.39210891723633
69;28.922457;40.07754325866699
68;28.78741;39.212589263916016
67;28.608276;38.3917236328125
66;34.149387;31.85061264038086
65;29.258715;35.74128532409668
64;28.672117;35.32788276672363
63;27.777416;35.22258377075195
62;24.055634;37.944366455078125
61;24.815832;36.18416786193848
60;41.108597;18.891403198242188
59;23.494154;35.50584602355957
58;30.86351;27.136489868164062
57;29.095287;27.904712677001953
56;31.305635;24.694364547729492
55;28.954954;26.045045852661133
54;27.869347;26.130653381347656
53;31.262129;21.737871170043945
52;44.352695;7.647304534912109
51;34.91019;16.08980941772461
50;43.416405;6.583595275878906
49;49.469997;-0.4699974060058594
48;55.275772;-7.2757720947265625
47;47.561234;-0.5612335205078125
46;51.180336;-5.180335998535156
45;67.46117;-22.461166381835938
44;49.390297;-5.390296936035156
43;50.278152;-7.2781524658203125
42;40.22426;1.7757415771484375
41;47.407776;-6.40777587890625
40;65.51591;-25.515907287597656
39;61.257973;-22.257972717285156
38;47.1878;-9.187801361083984
37;51.73019;-14.73019027709961
36;44.328022;-8.328022003173828
35;44.58695;-9.58694839477539
34;49.95972;-15.959720611572266
33;53.631638;-20.631637573242188
32;53.64712;-21.64712142944336
31;60.222507;-29.22250747680664
30;55.141415;-25.141414642333984
29;57.11213;-28.11212921142578
28;64.98708;-36.987083435058594
27;59.734344;-32.734344482421875
26;59.370502;-33.37050247192383
25;64.39921;-39.399208068847656
24;57.84049;-33.84048843383789
23;58.4515;-35.451499938964844
22;63.797764;-41.79776382446289
21;62.50056;-41.50056076049805
20;59.526283;-39.526283264160156
19;56.20058;-37.20058059692383
18;59.986813;-41.986812591552734
17;56.301403;-39.3014030456543
16;57.20788;-41.20787811279297
15;59.409573;-44.40957260131836
14;61.89113;-47.89112854003906
13;56.581432;-43.5814323425293
12;60.985874;-48.98587417602539
11;58.305573;-47.305572509765625
10;63.223614;-53.22361373901367
9;61.456745;-52.45674514770508
8;62.82151;-54.821510314941406
7;63.96925;-56.9692497253418
6;53.568398;-47.568397521972656
5;62.046432;-57.04643249511719
4;55.742332;-51.742332458496094
3;55.738716;-52.73871612548828
2;59.72161;-57.72161102294922
1;56.36226;-55.36225891113281
0;57.03523;-57.03522872924805
99;87.83376;11.166236877441406
98;88.62118;9.378822326660156
97;97.378235;-0.37823486328125
96;88.719246;7.280754089355469
95;78.95858;16.041419982910156
94;91.0328;2.9672012329101562
93;87.86332;5.136680603027344
92;90.253235;1.74676513671875
91;94.14581;-3.14581298828125
90;96.64966;-6.649658203125
89;97.576416;-8.576416015625
88;89.95384;-1.9538421630859375
87;85.692314;1.3076858520507812
86;95.93359;-9.93359375
85;85.59214;-0.5921401977539062
84;85.4245;-1.42449951171875
83;77.92772;5.0722808837890625
82;85.14458;-3.1445770263671875
81;64.720215;16.27978515625
80;46.63006;33.36994171142578
79;42.94397;36.0560302734375
78;38.116085;39.883914947509766
77;35.177143;41.82285690307617
76;36.727356;39.27264404296875
75;33.391464;41.60853576660156
74;31.714403;42.28559684753418
73;28.649517;44.35048294067383
72;32.5716;39.42839813232422
71;44.92149;26.078510284423828
70;37.08511;32.91489028930664
69;30.829124;38.170875549316406
68;28.768398;39.23160171508789
67;35.489693;31.51030731201172
66;33.525455;32.474544525146484
65;32.711266;32.288734436035156
64;46.51449;17.485511779785156
63;32.86039;30.139610290527344
62;35.15956;26.840438842773438
61;37.737873;23.262126922607422
60;33.975777;26.02422332763672
59;39.72989;19.270111083984375
58;45.011497;12.988502502441406
57;38.377758;18.622241973876953
56;32.36861;23.631389617919922
55;27.966972;27.03302764892578
54;42.09354;11.90645980834961
53;42.990955;10.009044647216797
52;27.641375;24.358625411987305
51;29.37034;21.62965965270996
50;28.204102;21.7958984375
49;30.835543;18.164457321166992
48;40.500477;7.499523162841797
47;28.51476;18.485240936279297
46;38.301514;7.698486328125
45;29.29556;15.704439163208008
44;29.649406;14.350593566894531
43;30.141926;12.858074188232422
42;45.097145;-3.0971450805664062
41;50.251873;-9.251873016357422
40;34.297714;5.7022857666015625
39;40.635197;-1.6351966857910156
38;52.66689;-14.666889190673828
37;52.16295;-15.162948608398438
36;52.409447;-16.409446716308594
35;57.840767;-22.84076690673828
34;39.0651;-5.065101623535156
33;50.702026;-17.7020263671875
32;54.054214;-22.054214477539062
31;53.939762;-22.939762115478516
30;52.193848;-22.19384765625
29;48.987488;-19.98748779296875
28;55.219833;-27.219833374023438
27;53.14055;-26.140548706054688
26;61.117455;-35.117454528808594
25;52.082325;-27.082324981689453
24;56.773407;-32.773406982421875
23;65.08422;-42.08422088623047
22;63.56783;-41.56782913208008
21;65.721664;-44.72166442871094
20;59.717514;-39.71751403808594
19;69.959564;-50.959564208984375
18;71.20829;-53.208290100097656
17;65.6692;-48.66919708251953
16;68.77632;-52.77632141113281
15;71.77144;-56.77143859863281
14;78.99713;-64.99713134765625
13;73.90117;-60.90116882324219
12;58.23456;-46.23455810546875
11;71.69815;-60.698150634765625
10;76.42477;-66.42476654052734
9;75.866684;-66.86668395996094
8;87.03891;-79.03890991210938
7;85.83418;-78.83418273925781
6;77.29998;-71.29998016357422
5;79.709526;-74.70952606201172
4;69.326866;-65.32686614990234
3;67.81891;-64.81890869140625
2;83.24777;-81.24777221679688
1;74.59313;-73.59313201904297
0;85.75045;-85.75045013427734
99;85.17268;13.827316284179688
98;105.02865;-7.028648376464844
97;97.19895;-0.19895172119140625
96;93.21141;2.7885894775390625
95;95.42134;-0.4213409423828125
94;100.328064;-6.32806396484375
93;95.40641;-2.4064102172851562
92;108.351295;-16.351295471191406
91;98.1912;-7.191200256347656
90;96.53801;-6.5380096435546875
89;96.854454;-7.854454040527344
88;97.42244;-9.422439575195312
87;88.326256;-1.3262557983398438
86;107.48498;-21.48497772216797
85;75.37426;9.625740051269531
84;78.64695;5.353050231933594
83;68.786064;14.213935852050781
82;68.2819;13.718101501464844
81;48.582447;32.41755294799805
80;30.493164;49.5068359375
79;24.937273;54.062726974487305
78;36.95108;41.048919677734375
77;31.821293;45.178707122802734
76;23.288218;52.711782455444336
75;32.090805;42.90919494628906
74;30.235258;43.76474189758301
73;31.97207;41.02792930603027
72;25.609707;46.39029312133789
71;27.926105;43.07389450073242
70;35.88368;34.1163215637207
69;30.166725;38.833274841308594
68;29.488417;38.51158332824707
67;26.67752;40.322479248046875
66;26.971178;39.02882194519043
65;20.324017;44.67598342895508
64;25.532742;38.46725845336914
63;31.14159;31.858409881591797
62;28.942966;33.05703353881836
61;27.307493;33.69250679016113
60;38.097206;21.902793884277344
59;27.287676;31.712324142456055
58;34.18659;23.813411712646484
57;45.90637;11.093631744384766
56;33.22729;22.772708892822266
55;35.48987;19.5101318359375
54;28.734713;25.265287399291992
53;24.3016;28.698400497436523
52;23.073488;28.926511764526367
51;32.971413;18.028587341308594
50;24.152382;25.847618103027344
49;24.104517;24.895483016967773
48;28.863577;19.136423110961914
47;38.47218;8.527820587158203
46;29.371687;16.628313064575195
45;35.19814;9.801860809326172
44;28.208776;15.791223526000977
43;33.05616;9.943840026855469
42;38.995132;3.0048675537109375
41;37.521427;3.4785728454589844
40;37.415527;2.58447265625
39;42.133793;-3.1337928771972656
38;44.353592;-6.3535919189453125
37;50.040268;-13.040267944335938
36;54.151287;-18.151287078857422
35;44.376854;-9.376853942871094
34;46.24585;-12.245849609375
33;53.45448;-20.454479217529297
32;47.996254;-15.996253967285156
31;44.733234;-13.733234405517578
30;42.371437;-12.371437072753906
29;46.128807;-17.128807067871094
28;43.1871;-15.18709945678711
27;40.725998;-13.725997924804688
26;55.549522;-29.549522399902344
25;56.9432;-31.943199157714844
24;58.839684;-34.839683532714844
23;59.693783;-36.693782806396484
22;70.76838;-48.76837921142578
21;63.151363;-42.151363372802734
20;71.76199;-51.761993408203125
19;52.06525;-33.065250396728516
18;58.396843;-40.39684295654297
17;74.110886;-57.11088562011719
16;58.134033;-42.134033203125
15;66.20982;-51.20982360839844
14;73.16738;-59.167381286621094
13;77.12948;-64.12947845458984
12;69.66985;-57.66985321044922
11;80.27186;-69.27185821533203
10;65.78105;-55.78105163574219
9;77.0767;-68.07669830322266
8;57.606377;-49.60637664794922
7;70.45981;-63.459808349609375
6;68.209335;-62.20933532714844
5;67.83598;-62.83598327636719
4;63.466637;-59.466636657714844
3;67.45352;-64.45352172851562
2;61.714703;-59.71470260620117
1;61.10145;-60.1014518737793
0;63.73087;-63.73086929321289
99;80.112045;18.887954711914062
98;90.80797;7.1920318603515625
97;93.28894;3.7110595703125
96;93.44581;2.5541915893554688
95;87.194786;7.805213928222656
94;92.83762;1.1623764038085938
93;96.265854;-3.2658538818359375
92;92.57935;-0.5793533325195312
91;92.23525;-1.2352523803710938
90;95.64383;-5.643829345703125
89;89.271164;-0.2711639404296875
88;90.358574;-2.3585739135742188
87;93.99439;-6.994392395019531
86;89.16123;-3.1612319946289062
85;69.42583;15.574172973632812
84;78.915634;5.0843658447265625
83;74.3973;8.602699279785156
82;67.315056;14.684944152832031
81;65.28537;15.714630126953125
80;34.781628;45.2183723449707
79;30.511074;48.48892593383789
78;35.334217;42.6657829284668
77;31.835632;45.16436767578125
76;35.00264;40.99736022949219
75;32.26803;42.731971740722656
74;36.499;37.500999450683594
73;32.853554;40.146446228027344
72;26.771448;45.22855186462402
71;27.259731;43.74026870727539
70;33.4933;36.50669860839844
69;35.65832;33.341678619384766
68;32.622562;35.377437591552734
67;38.862698;28.13730239868164
66;33.78411;32.21588897705078
65;29.93386;35.066139221191406
64;33.606197;30.393802642822266
63;35.585148;27.414852142333984
62;30.404097;31.595903396606445
61;38.81887;22.181129455566406
60;34.88967;25.110328674316406
59;40.306606;18.69339370727539
58;45.22904;12.77096176147461
57;43.28239;13.717609405517578
56;27.324524;28.67547607421875
55;35.87616;19.12384033203125
54;43.60721;10.392791748046875
53;31.908985;21.091014862060547
52;43.96488;8.035118103027344
51;41.141438;9.858562469482422
50;36.889706;13.110294342041016
49;22.007061;26.992938995361328
48;31.344374;16.65562629699707
47;38.854893;8.14510726928711
46;15.638686;30.361313819885254
45;16.45506;28.544940948486328
44;17.169731;26.83026885986328
43;19.163412;23.83658790588379
42;19.20756;22.79244041442871
41;22.686573;18.313426971435547
40;27.132446;12.8675537109375
39;25.739374;13.260625839233398
38;37.7764;0.22359848022460938
37;44.249268;-7.249267578125
36;38.197075;-2.1970748901367188
35;42.877033;-7.877033233642578
34;41.346916;-7.346916198730469
33;39.558193;-6.558193206787109
32;53.75502;-21.755020141601562
31;59.24093;-28.240928649902344
30;46.681343;-16.68134307861328
29;47.347023;-18.347023010253906
28;39.593834;-11.593833923339844
27;49.32803;-22.32802963256836
26;50.72615;-24.726150512695312
25;48.430946;-23.430946350097656
24;44.27463;-20.27463150024414
23;53.30426;-30.30426025390625
22;66.66297;-44.66297149658203
21;60.14924;-39.14923858642578
20;58.16077;-38.160770416259766
19;65.725845;-46.72584533691406
18;51.44682;-33.44681930541992
17;53.79105;-36.79104995727539
16;61.105366;-45.10536575317383
15;60.058342;-45.05834197998047
14;61.897274;-47.897274017333984
13;61.757736;-48.75773620605469
12;63.25682;-51.25682067871094
11;61.50713;-50.50712966918945
10;61.551804;-51.55180358886719
9;63.2298;-54.229801177978516
8;58.06142;-50.06142044067383
7;61.849686;-54.84968566894531
6;60.22413;-54.22412872314453
5;55.036373;-50.036373138427734
4;60.906883;-56.906883239746094
3;58.51527;-55.5152702331543
2;63.45793;-61.45793151855469
1;60.998386;-59.99838638305664
0;64.910225;-64.91022491455078
88;91.392685;-3.3926849365234375
87;98.09804;-11.098037719726562
86;91.90782;-5.9078216552734375
85;90.73244;-5.7324371337890625
84;93.47052;-9.47052001953125
83;91.93349;-8.933486938476562
82;95.11963;-13.11962890625
81;93.144936;-12.144935607910156
80;95.31465;-15.314651489257812
79;100.38873;-21.38873291015625
78;91.42324;-13.423240661621094
77;93.281586;-16.281585693359375
76;87.771;-11.771003723144531
75;89.4124;-14.412399291992188
74;93.192314;-19.19231414794922
73;73.19296;-0.192962646484375
72;69.85607;2.1439285278320312
71;68.78135;2.2186508178710938
70;52.926796;17.073204040527344
69;39.67497;29.325031280517578
68;36.624847;31.375152587890625
67;34.533516;32.46648406982422
66;33.190018;32.80998229980469
65;32.869648;32.13035202026367
64;35.16723;28.83277130126953
63;33.639317;29.36068344116211
62;43.277805;18.72219467163086
61;36.7888;24.211200714111328
60;28.720678;31.279321670532227
59;34.07478;24.925220489501953
58;27.062275;30.937725067138672
57;32.584023;24.415977478027344
56;33.34036;22.65964126586914
55;27.498148;27.50185203552246
54;34.83068;19.16931915283203
53;24.70278;28.29722023010254
52;41.344337;10.655662536621094
51;38.02418;12.975818634033203
50;34.405643;15.594356536865234
49;35.451984;13.548015594482422
48;50.973583;-2.973583221435547
47;36.293427;10.706573486328125
46;38.7535;7.246498107910156
45;26.124807;18.875192642211914
44;25.413328;18.586671829223633
43;41.58174;1.4182586669921875
42;20.212694;21.78730583190918
41;22.99531;18.004690170288086
40;31.85608;8.1439208984375
39;31.372469;7.627531051635742
38;21.462942;16.537057876586914
37;22.012829;14.987171173095703
36;26.894196;9.105804443359375
35;13.430956;21.56904411315918
34;30.221615;3.7783851623535156
33;28.191776;4.808223724365234
32;34.391537;-2.3915367126464844
31;35.27798;-4.277980804443359
30;32.841305;-2.8413047790527344
29;29.83537;-0.8353691101074219
28;35.74082;-7.740821838378906
27;40.29788;-13.29787826538086
26;43.08758;-17.087581634521484
25;43.32021;-18.320209503173828
24;36.46331;-12.463310241699219
23;41.457615;-18.45761489868164
22;39.346363;-17.346363067626953
21;43.429523;-22.429523468017578
20;33.229218;-13.229217529296875
19;51.90781;-32.90781021118164
18;44.627907;-26.627906799316406
17;53.341778;-36.34177780151367
16;52.542843;-36.542842864990234
15;52.43621;-37.43621063232422
14;58.0001;-44.000099182128906
13;59.524883;-46.52488327026367
12;57.022243;-45.02224349975586
11;61.180283;-50.18028259277344
10;59.75091;-49.750911712646484
9;66.921715;-57.921714782714844
8;64.14343;-56.1434326171875
7;62.538418;-55.53841781616211
6;64.02673;-58.0267333984375
5;59.610146;-54.610145568847656
4;63.917946;-59.917945861816406
3;65.422775;-62.42277526855469
2;70.714615;-68.71461486816406
1;70.63561;-69.63561248779297
0;66.10436;-66.10436248779297
56;64.05276;-8.052757263183594
55;56.396866;-1.3968658447265625
54;61.561054;-7.561054229736328
53;68.94703;-15.947029113769531
52;59.361637;-7.361637115478516
51;65.65376;-14.653762817382812
50;67.951385;-17.951385498046875
49;61.39114;-12.39113998413086
48;67.08842;-19.088417053222656
47;66.96291;-19.962913513183594
46;64.95407;-18.954071044921875
45;57.35018;-12.350181579589844
44;56.33344;-12.333438873291016
43;57.284103;-14.284103393554688
42;59.20044;-17.200439453125
41;65.16569;-24.165687561035156
40;66.29694;-26.29694366455078
39;67.19617;-28.1961669921875
38;67.18216;-29.182159423828125
37;66.94974;-29.949737548828125
36;66.61602;-30.61602020263672
35;63.555622;-28.555622100830078
34;62.907753;-28.907752990722656
33;57.446976;-24.446975708007812
32;58.15849;-26.158489227294922
31;56.453327;-25.453327178955078
30;58.50053;-28.500530242919922
29;67.401436;-38.40143585205078
28;63.904274;-35.904273986816406
27;56.25486;-29.254859924316406
26;58.209217;-32.2092170715332
25;71.39343;-46.3934326171875
24;56.54101;-32.541011810302734
23;60.44348;-37.4434814453125
22;63.81364;-41.81364059448242
21;56.28985;-35.28984832763672
20;75.319664;-55.319664001464844
19;75.778114;-56.778114318847656
18;77.21672;-59.21672058105469
17;42.86355;-25.863548278808594
16;68.09777;-52.09777069091797
15;57.470287;-42.47028732299805
14;70.1002;-56.100196838378906
13;44.884407;-31.88440704345703
12;46.1636;-34.16360092163086
11;64.37354;-53.37354278564453
10;101.61666;-91.61666107177734
9;109.8013;-100.80130004882812
8;96.42705;-88.42704772949219
7;93.26406;-86.2640609741211
6;77.03112;-71.03112030029297
5;76.80611;-71.80610656738281
4;85.34619;-81.34619140625
3;75.9846;-72.9845962524414
2;70.80853;-68.80853271484375
1;73.705055;-72.7050552368164
0;75.50261;-75.50260925292969
75;92.5996;-17.59960174560547
74;104.60641;-30.606407165527344
73;100.98917;-27.989166259765625
72;100.69164;-28.69164276123047
71;95.56436;-24.564361572265625
70;97.20732;-27.207321166992188
69;92.54308;-23.54308319091797
68;89.268364;-21.26836395263672
67;87.79671;-20.796707153320312
66;86.94661;-20.946609497070312
65;87.903046;-22.903045654296875
64;84.28899;-20.288986206054688
63;84.109276;-21.109275817871094
62;86.496864;-24.496864318847656
61;83.06888;-22.068878173828125
60;86.14866;-26.148658752441406
59;78.78577;-19.7857666015625
58;79.23633;-21.236328125
57;74.702194;-17.702194213867188
56;62.627483;-6.627483367919922
55;57.242973;-2.2429733276367188
54;62.201923;-8.201923370361328
53;60.23075;-7.230751037597656
52;70.7262;-18.7261962890625
51;69.07034;-18.070343017578125
50;73.43665;-23.43665313720703
49;73.415085;-24.415084838867188
48;72.66781;-24.667808532714844
47;75.22707;-28.227073669433594
46;67.56855;-21.56855010986328
45;58.946526;-13.946525573730469
44;73.418205;-29.41820526123047
43;59.722202;-16.72220230102539
42;58.293472;-16.293472290039062
41;61.71687;-20.716869354248047
40;67.27369;-27.27368927001953
39;64.17769;-25.177688598632812
38;66.51358;-28.513580322265625
37;67.54883;-30.548828125
36;63.026184;-27.02618408203125
35;68.87384;-33.87384033203125
34;77.09929;-43.09928894042969
33;61.39382;-28.393821716308594
32;60.8157;-28.81570053100586
31;71.82606;-40.82605743408203
30;62.43725;-32.43724822998047
29;58.254116;-29.25411605834961
28;51.949898;-23.94989776611328
27;82.151764;-55.151763916015625
26;70.399734;-44.39973449707031
25;60.82721;-35.82720947265625
24;82.67941;-58.679412841796875
23;89.73085;-66.73085021972656
22;79.644615;-57.644615173339844
21;76.528915;-55.52891540527344
20;58.383366;-38.383365631103516
19;79.60007;-60.600067138671875
18;89.13337;-71.13336944580078
17;54.2823;-37.28229904174805
16;76.97355;-60.973548889160156
15;101.593315;-86.59331512451172
14;84.043205;-70.04320526123047
13;61.66036;-48.66035842895508
12;67.12821;-55.128211975097656
11;57.35422;-46.35422134399414
10;49.196083;-39.196083068847656
9;60.422607;-51.422607421875
8;48.577377;-40.57737731933594
7;75.35616;-68.35616302490234
6;58.57091;-52.5709114074707
5;80.37287;-75.37287139892578
4;78.82976;-74.82975769042969
3;62.53118;-59.53118133544922
2;65.80218;-63.80217742919922
1;61.702187;-60.702186584472656
0;57.929337;-57.92933654785156
75;91.073166;-16.073165893554688
74;100.573654;-26.573654174804688
73;89.72591;-16.725906372070312
72;94.023186;-22.02318572998047
71;102.81708;-31.81707763671875
70;99.99692;-29.996917724609375
69;96.92627;-27.92626953125
68;91.05834;-23.05834197998047
67;89.6475;-22.647499084472656
66;90.16197;-24.161972045898438
65;98.29896;-33.29895782470703
64;83.660126;-19.660125732421875
63;86.18983;-23.18982696533203
62;81.42601;-19.426010131835938
61;89.237854;-28.23785400390625
60;92.79683;-32.79682922363281
59;92.09634;-33.096336364746094
58;86.66878;-28.668777465820312
57;105.86646;-48.86646270751953
56;83.10842;-27.108421325683594
55;76.78552;-21.7855224609375
54;73.05345;-19.053451538085938
53;86.70072;-33.700721740722656
52;76.477844;-24.47784423828125
51;86.37224;-35.37223815917969
50;78.30692;-28.306922912597656
49;81.21848;-32.218482971191406
48;72.11442;-24.114418029785156
47;65.72158;-18.721580505371094
46;64.54439;-18.544387817382812
45;58.137325;-13.137325286865234
44;54.01406;-10.014060974121094
43;55.37056;-12.370559692382812
42;61.964703;-19.964702606201172
41;63.502243;-22.502243041992188
40;61.119915;-21.119915008544922
39;57.79186;-18.791858673095703
38;61.039177;-23.03917694091797
37;59.539066;-22.539066314697266
36;61.11759;-25.117591857910156
35;60.687805;-25.68780517578125
34;61.242527;-27.24252700805664
33;56.4924;-23.492401123046875
32;59.862663;-27.86266326904297
31;55.36734;-24.367340087890625
30;63.24838;-33.24837875366211
29;58.69865;-29.698650360107422
28;60.942673;-32.94267272949219
27;53.995308;-26.99530792236328
26;73.495895;-47.49589538574219
25;62.357407;-37.35740661621094
24;70.62659;-46.6265869140625
23;66.2664;-43.26640319824219
22;63.469284;-41.46928405761719
21;70.841324;-49.84132385253906
20;66.33172;-46.33171844482422
19;64.93025;-45.93025207519531
18;62.594704;-44.594703674316406
17;57.7611;-40.76110076904297
16;61.473656;-45.473655700683594
15;87.581726;-72.58172607421875
14;70.912766;-56.91276550292969
13;72.7314;-59.73139953613281
12;65.352936;-53.352935791015625
11;65.9598;-54.959800720214844
10;56.714157;-46.71415710449219
9;71.37157;-62.37156677246094
8;49.178543;-41.17854309082031
7;56.110466;-49.11046600341797
6;60.06887;-54.068870544433594
5;57.66247;-52.662471771240234
4;79.65969;-75.6596908569336
3;63.94914;-60.94913864135742
2;67.27818;-65.27818298339844
1;59.031742;-58.031742095947266
0;67.91808;-67.91808319091797
75;99.40747;-24.407470703125
74;115.67973;-41.67973327636719
73;116.305626;-43.305625915527344
72;109.90087;-37.90087127685547
71;112.02415;-41.024147033691406
70;105.93762;-35.9376220703125
69;114.01237;-45.012367248535156
68;80.66024;-12.660240173339844
67;83.94636;-16.94635772705078
66;85.16373;-19.163726806640625
65;72.62931;-7.629310607910156
64;81.15719;-17.157188415527344
63;78.86566;-15.86566162109375
62;78.60499;-16.60498809814453
61;85.00899;-24.008987426757812
60;85.96074;-25.960739135742188
59;76.53332;-17.53331756591797
58;95.72994;-37.729942321777344
57;91.78794;-34.787940979003906
56;70.42785;-14.427848815917969
55;76.88567;-21.88567352294922
54;70.681305;-16.681304931640625
53;74.36939;-21.36939239501953
52;77.40713;-25.407127380371094
51;74.520004;-23.520004272460938
50;64.98157;-14.9815673828125
49;70.00045;-21.000450134277344
48;69.57379;-21.57379150390625
47;62.937935;-15.937934875488281
46;70.60787;-24.607872009277344
45;74.21756;-29.217559814453125
44;68.22319;-24.223190307617188
43;69.15432;-26.154319763183594
42;60.836407;-18.836406707763672
41;63.521717;-22.521717071533203
40;64.431244;-24.431243896484375
39;64.200165;-25.200164794921875
38;62.239094;-24.239093780517578
37;64.209564;-27.209564208984375
36;63.91197;-27.911968231201172
35;61.39897;-26.398971557617188
34;58.526653;-24.526653289794922
33;55.95201;-22.952011108398438
32;51.59093;-19.590930938720703
31;59.8321;-28.83209991455078
30;54.570248;-24.570247650146484
29;65.108696;-36.10869598388672
28;55.008686;-27.008686065673828
27;54.066544;-27.066543579101562
26;57.361256;-31.361255645751953
25;67.63617;-42.63616943359375
24;63.348255;-39.3482551574707
23;99.49838;-76.49838256835938
22;70.46476;-48.464759826660156
21;81.12682;-60.12682342529297
20;83.33522;-63.33522033691406
19;69.42843;-50.428428649902344
18;57.499775;-39.49977493286133
17;67.226425;-50.22642517089844
16;69.164536;-53.16453552246094
15;70.00591;-55.00591278076172
14;79.64857;-65.64856719970703
13;70.46555;-57.465553283691406
12;78.36369;-66.36369323730469
11;83.26623;-72.26622772216797
10;79.31613;-69.31613159179688
9;72.582405;-63.58240509033203
8;53.82709;-45.827091217041016
7;63.758923;-56.7589225769043
6;57.21436;-51.214359283447266
5;72.36217;-67.36216735839844
4;66.31198;-62.311981201171875
3;63.367004;-60.36700439453125
2;53.96627;-51.966270446777344
1;60.60678;-59.606781005859375
0;53.445137;-53.44513702392578
195;91.46712;103.53288269042969
194;98.52199;95.47801208496094
193;93.26543;99.73457336425781
192;98.37153;93.62847137451172
191;103.79535;87.20465087890625
190;92.446335;97.55366516113281
189;84.2866;104.7134017944336
188;81.66382;106.336181640625
187;84.52187;102.4781265258789
186;81.48714;104.51286315917969
185;87.80148;97.19851684570312
184;88.75792;95.24208068847656
183;82.96765;100.0323486328125
182;84.41994;97.58006286621094
181;87.74065;93.25935363769531
180;82.73606;97.2639389038086
179;81.409775;97.59022521972656
178;80.194435;97.8055648803711
177;81.48673;95.51326751708984
176;60.345737;115.65426254272461
175;71.30881;103.69119262695312
174;65.96326;108.0367431640625
173;67.19602;105.8039779663086
172;64.561714;107.43828582763672
171;66.15693;104.84307098388672
170;66.64647;103.35353088378906
169;63.58304;105.41696166992188
168;67.6504;100.34960174560547
167;53.6186;113.38140106201172
166;59.294178;106.7058219909668
165;66.99098;98.00901794433594
164;68.74041;95.25959014892578
163;61.150127;101.84987258911133
162;64.90616;97.09384155273438
161;72.7766;88.22339630126953
160;63.58817;96.41183090209961
159;66.39718;92.60282135009766
158;67.98215;90.01785278320312
157;67.2365;89.76349639892578
156;67.63394;88.36605834960938
155;58.161907;96.83809280395508
154;70.03546;83.96453857421875
153;69.00223;83.99777221679688
152;64.91018;87.0898208618164
151;68.72194;82.27806091308594
150;66.51563;83.48436737060547
149;64.27889;84.72110748291016
148;63.25993;84.74007034301758
147;73.54262;73.45738220214844
146;68.57136;77.42864227294922
145;65.46505;79.53495025634766
144;77.053345;66.9466552734375
143;76.780205;66.21979522705078
142;73.60513;68.39486694335938
141;88.74547;52.25453186035156
140;92.8007;47.199302673339844
139;118.67526;20.324737548828125
138;71.88489;66.1151123046875
137;121.81778;15.182220458984375
136;82.92465;53.075347900390625
135;111.14981;23.850189208984375
134;104.25401;29.745986938476562
133;105.7765;27.22350311279297
132;69.67278;62.32721710205078
131;76.69536;54.30464172363281
130;96.39413;33.605873107910156
129;91.18901;37.81098937988281
128;71.13663;56.863372802734375
127;62.70523;64.29476928710938
126;86.00691;39.99308776855469
125;81.92333;43.07666778564453
124;70.20913;53.790870666503906
123;72.131775;50.86822509765625
122;63.6971;58.30289840698242
121;58.100418;62.89958190917969
120;48.51483;71.48516845703125
119;63.4904;55.50960159301758
118;51.75651;66.24348831176758
117;60.349747;56.65025329589844
116;56.393253;59.606746673583984
115;52.622032;62.377967834472656
114;54.43819;59.56180953979492
113;55.054207;57.94579315185547
112;60.038086;51.9619140625
111;61.085808;49.91419219970703
110;63.770897;46.229103088378906
109;54.640274;54.35972595214844
108;64.09139;43.908607482910156
107;71.07284;35.927162170410156
106;66.42542;39.57457733154297
105;66.224464;38.775535583496094
104;77.515724;26.484275817871094
103;79.3722;23.62779998779297
102;75.98874;26.011260986328125
101;76.80857;24.191429138183594
100;61.648937;38.3510627746582
99;64.353546;34.646453857421875
98;62.634926;35.365074157714844
97;70.553246;26.446754455566406
96;76.363914;19.636085510253906
95;83.106926;11.893074035644531
94;75.71099;18.28900909423828
93;79.60207;13.397926330566406
92;94.93661;-2.9366073608398438
91;99.08981;-8.089813232421875
90;84.44294;5.557060241699219
89;92.997406;-3.997406005859375
88;96.95299;-8.952987670898438
87;99.5296;-12.52960205078125
86;103.005424;-17.00542449951172
85;89.80266;-4.8026580810546875
84;110.44874;-26.44873809814453
83;119.1594;-36.159400939941406
82;116.44671;-34.44670867919922
81;114.3632;-33.363197326660156
80;100.72814;-20.72814178466797
79;113.53566;-34.53565979003906
78;86.51524;-8.515243530273438
77;97.15938;-20.159378051757812
76;98.809395;-22.80939483642578
75;108.02572;-33.025718688964844
74;110.08899;-36.0889892578125
73;106.313835;-33.31383514404297
72;105.88291;-33.882911682128906
71;110.97106;-39.97106170654297
70;98.815765;-28.815765380859375
69;98.00813;-29.008132934570312
68;93.821304;-25.821304321289062
67;83.744125;-16.744125366210938
66;98.71606;-32.71605682373047
65;89.648575;-24.648574829101562
64;87.941895;-23.94189453125
63;93.926125;-30.926124572753906
62;79.41472;-17.414718627929688
61;80.78726;-19.787261962890625
60;84.77212;-24.772117614746094
59;88.61847;-29.61846923828125
58;75.170746;-17.170745849609375
57;72.85476;-15.854759216308594
56;75.083664;-19.083663940429688
55;69.62863;-14.628631591796875
54;73.606125;-19.606124877929688
53;76.879036;-23.87903594970703
52;80.28209;-28.282089233398438
51;64.98679;-13.986793518066406
50;91.07862;-41.07862091064453
49;89.72206;-40.72206115722656
48;75.404076;-27.404075622558594
47;88.34257;-41.342567443847656
46;76.10825;-30.108253479003906
45;83.20666;-38.20665740966797
44;95.931816;-51.93181610107422
43;88.81063;-45.810630798339844
42;89.91518;-47.91517639160156
41;89.66972;-48.66972351074219
40;86.81388;-46.813880920410156
39;85.43635;-46.43634796142578
38;80.9498;-42.949798583984375
37;76.710236;-39.710235595703125
36;66.069374;-30.069374084472656
35;86.58848;-51.588478088378906
34;73.50847;-39.50846862792969
33;86.75529;-53.755287170410156
32;76.447716;-44.447715759277344
31;78.92834;-47.92833709716797
30;72.96682;-42.966819763183594
29;62.64259;-33.6425895690918
28;66.599884;-38.599884033203125
27;69.33432;-42.334320068359375
26;71.09105;-45.09104919433594
25;72.69953;-47.69953155517578
24;65.74688;-41.74687957763672
23;74.60865;-51.60865020751953
22;70.9813;-48.981300354003906
21;70.718216;-49.71821594238281
20;69.777504;-49.777503967285156
19;85.7037;-66.70369720458984
18;80.65;-62.650001525878906
17;79.440796;-62.4407958984375
16;77.19985;-61.199851989746094
15;69.84695;-54.846946716308594
14;63.86466;-49.86465835571289
13;82.67547;-69.67546844482422
12;75.77993;-63.779930114746094
11;70.521645;-59.521644592285156
10;67.476715;-57.476715087890625
9;70.025475;-61.025474548339844
8;67.0011;-59.0010986328125
7;78.74327;-71.74327087402344
6;67.07708;-61.07707977294922
5;58.26958;-53.26958084106445
4;64.27788;-60.27787780761719
3;55.91387;-52.91387176513672
2;65.10574;-63.105743408203125
1;65.85166;-64.8516616821289
0;57.076187;-57.07618713378906
82;63.480896;18.51910400390625
81;57.585342;23.414657592773438
80;48.388332;31.61166763305664
79;45.083767;33.91623306274414
78;69.64323;8.356773376464844
77;48.69119;28.30881118774414
76;47.77961;28.22039031982422
75;51.581345;23.418655395507812
74;54.298546;19.701454162597656
73;64.13962;8.860382080078125
72;69.41071;2.5892868041992188
71;69.80674;1.1932601928710938
70;64.808044;5.19195556640625
69;53.239178;15.760822296142578
68;58.794605;9.205394744873047
67;53.666805;13.333194732666016
66;46.871105;19.128894805908203
65;67.987885;-2.987884521484375
64;47.624367;16.375633239746094
63;67.08101;-4.0810089111328125
62;62.88972;-0.8897209167480469
61;47.821217;13.178783416748047
60;68.590004;-8.590003967285156
59;46.50837;12.491630554199219
58;67.729126;-9.7291259765625
57;51.795727;5.204273223876953
56;48.39763;7.6023712158203125
55;50.12889;4.8711090087890625
54;54.379345;-0.3793449401855469
53;59.510803;-6.51080322265625
52;61.296017;-9.296016693115234
51;50.581226;0.4187736511230469
50;49.06927;0.9307289123535156
49;45.078682;3.9213180541992188
48;45.609135;2.3908653259277344
47;47.05138;-0.051380157470703125
46;48.15579;-2.1557884216308594
45;48.609726;-3.6097259521484375
44;50.58007;-6.580070495605469
43;45.518314;-2.5183143615722656
42;49.06181;-7.061809539794922
41;43.43671;-2.4367103576660156
40;40.243835;-0.24383544921875
39;42.162052;-3.1620521545410156
38;48.75877;-10.758769989013672
37;45.491474;-8.491474151611328
36;57.76671;-21.766708374023438
35;45.159046;-10.159046173095703
34;43.480804;-9.480804443359375
33;56.91557;-23.915569305419922
32;51.114742;-19.114742279052734
31;48.732365;-17.732364654541016
30;55.07333;-25.07332992553711
29;48.012108;-19.012107849121094
28;52.890404;-24.890403747558594
27;36.66551;-9.665508270263672
26;48.417767;-22.417766571044922
25;46.18689;-21.1868896484375
24;56.903023;-32.90302276611328
23;43.130447;-20.130447387695312
22;50.32723;-28.327228546142578
21;46.94421;-25.944210052490234
20;45.046352;-25.04635238647461
19;44.965504;-25.965503692626953
18;42.20285;-24.202850341796875
17;44.48927;-27.489269256591797
16;42.66505;-26.665050506591797
15;42.058212;-27.058212280273438
14;39.567265;-25.567264556884766
13;43.19152;-30.19152069091797
12;52.58428;-40.58427810668945
11;43.39121;-32.39120864868164
10;48.088333;-38.08833312988281
9;45.34661;-36.34661102294922
8;42.404892;-34.40489196777344
7;37.281567;-30.281566619873047
6;40.927208;-34.927207946777344
5;43.619267;-38.619266510009766
4;42.1246;-38.12459945678711
3;41.375957;-38.37595748901367
2;35.465744;-33.46574401855469
1;37.891888;-36.89188766479492
0;39.882954;-39.88295364379883
99;91.20731;7.792686462402344
98;99.09472;-1.0947189331054688
97;98.53897;-1.538970947265625
96;113.05542;-17.055419921875
95;89.20856;5.79144287109375
94;105.119446;-11.11944580078125
93;122.14586;-29.145858764648438
92;127.003784;-35.0037841796875
91;98.18708;-7.187080383300781
90;116.75454;-26.754539489746094
89;79.3048;9.695198059082031
88;74.6134;13.3865966796875
87;92.437;-5.4369964599609375
86;83.724884;2.275115966796875
85;99.891975;-14.891975402832031
84;104.56725;-20.56725311279297
83;90.63469;-7.6346893310546875
82;87.9573;-5.957298278808594
81;86.61376;-5.613761901855469
80;59.276352;20.723648071289062
79;75.31871;3.6812896728515625
78;65.488106;12.511894226074219
77;53.464615;23.535385131835938
76;72.91649;3.0835113525390625
75;60.047474;14.952526092529297
74;72.875175;1.1248245239257812
73;43.019764;29.980236053466797
72;87.37465;-15.374649047851562
71;66.91567;4.084327697753906
70;57.935223;12.064777374267578
69;69.88682;-0.8868179321289062
68;63.265076;4.73492431640625
67;72.67607;-5.6760711669921875
66;53.874126;12.125873565673828
65;63.626007;1.373992919921875
64;59.593204;4.406795501708984
63;54.16894;8.831058502197266
62;58.056324;3.943675994873047
61;64.49754;-3.4975433349609375
60;49.294083;10.705917358398438
59;42.409954;16.590045928955078
58;66.8728;-8.872802734375
57;56.18774;0.8122596740722656
56;55.058136;0.941864013671875
55;60.281662;-5.2816619873046875
54;53.195877;0.8041229248046875
53;40.690815;12.309185028076172
52;68.25857;-16.258567810058594
51;48.468678;2.531322479248047
50;49.949085;0.050914764404296875
49;51.63817;-2.6381683349609375
48;60.76187;-12.761871337890625
47;51.509224;-4.509223937988281
46;48.534164;-2.5341644287109375
45;52.939713;-7.9397125244140625
44;50.75108;-6.751079559326172
43;51.76994;-8.769939422607422
42;48.357716;-6.357715606689453
41;45.68187;-4.6818695068359375
40;49.884476;-9.884475708007812
39;50.941235;-11.941234588623047
38;54.186813;-16.186813354492188
37;42.006893;-5.006893157958984
36;44.589577;-8.589576721191406
35;41.99056;-6.990558624267578
34;44.222214;-10.222213745117188
33;43.114056;-10.114055633544922
32;42.18727;-10.187271118164062
31;46.327656;-15.327655792236328
30;46.091255;-16.09125518798828
29;43.376915;-14.376914978027344
28;44.15307;-16.15306854248047
27;44.84813;-17.848129272460938
26;37.319263;-11.319263458251953
25;39.81533;-14.815330505371094
24;45.64969;-21.649688720703125
23;42.696762;-19.696762084960938
22;42.96439;-20.96438980102539
21;44.407997;-23.407997131347656
20;44.959156;-24.959156036376953
19;44.719223;-25.719223022460938
18;36.480946;-18.480945587158203
17;48.772808;-31.772808074951172
16;48.482285;-32.48228454589844
15;40.43861;-25.438610076904297
14;34.787884;-20.787883758544922
13;38.919262;-25.919261932373047
12;36.041874;-24.041873931884766
11;35.67159;-24.671588897705078
10;35.12103;-25.121028900146484
9;34.52124;-25.521240234375
8;34.95835;-26.958351135253906
7;41.188972;-34.18897247314453
6;44.380554;-38.38055419921875
5;44.58402;-39.58401870727539
4;45.568104;-41.5681037902832
3;36.684284;-33.68428421020508
2;43.506596;-41.506595611572266
1;42.06379;-41.06378936767578
0;44.83893;-44.83892822265625
99;98.096016;0.9039840698242188
98;123.216515;-25.216514587402344
97;113.9189;-16.918899536132812
96;141.78262;-45.782623291015625
95;124.68988;-29.68988037109375
94;128.47034;-34.4703369140625
93;117.76508;-24.76508331298828
92;101.163086;-9.1630859375
91;117.56735;-26.567352294921875
90;90.639854;-0.6398544311523438
89;82.93282;6.067176818847656
88;97.87418;-9.874183654785156
87;73.04857;13.951431274414062
86;83.603455;2.39654541015625
85;102.27959;-17.279586791992188
84;100.05952;-16.05951690673828
83;85.575584;-2.5755844116210938
82;56.194767;25.805233001708984
81;59.94756;21.052440643310547
80;44.26184;35.7381591796875
79;51.56571;27.43429183959961
78;50.249527;27.750473022460938
77;39.046665;37.95333480834961
76;48.70998;27.290019989013672
75;47.427265;27.572734832763672
74;55.77283;18.227169036865234
73;45.28945;27.710548400878906
72;68.08226;3.9177398681640625
71;62.209877;8.790122985839844
70;66.407486;3.5925140380859375
69;48.823025;20.17697525024414
68;61.571968;6.428031921386719
67;65.25688;1.7431182861328125
66;61.456512;4.543487548828125
65;45.054264;19.945735931396484
64;46.282295;17.71770477294922
63;45.158264;17.84173583984375
62;49.60767;12.392330169677734
61;44.427834;16.572166442871094
60;61.448853;-1.4488525390625
59;56.066517;2.933483123779297
58;67.51874;-9.51873779296875
57;60.296696;-3.2966957092285156
56;51.38959;4.610408782958984
55;45.91058;9.089420318603516
54;45.879047;8.120952606201172
53;48.202015;4.797985076904297
52;51.501488;0.49851226806640625
51;47.868706;3.1312942504882812
50;51.110165;-1.1101646423339844
49;44.953945;4.046054840087891
48;42.88039;5.119609832763672
47;56.875916;-9.87591552734375
46;51.48793;-5.4879302978515625
45;55.321213;-10.321212768554688
44;52.085823;-8.085823059082031
43;57.091354;-14.091354370117188
42;56.0724;-14.072399139404297
41;62.087864;-21.08786392211914
40;58.581413;-18.58141326904297
39;63.189632;-24.189632415771484
38;60.833904;-22.833904266357422
37;43.373497;-6.373497009277344
36;50.131264;-14.131263732910156
35;45.2793;-10.279300689697266
34;43.154896;-9.154895782470703
33;36.438904;-3.43890380859375
32;48.4099;-16.409900665283203
31;44.756435;-13.75643539428711
30;37.54091;-7.5409088134765625
29;53.914234;-24.914234161376953
28;41.232742;-13.232742309570312
27;44.34734;-17.347339630126953
26;34.631695;-8.631694793701172
25;35.136066;-10.136066436767578
24;31.222313;-7.222312927246094
23;33.436886;-10.436885833740234
22;30.656443;-8.656442642211914
21;35.222855;-14.222854614257812
20;36.735855;-16.735855102539062
19;37.092285;-18.09228515625
18;42.82478;-24.824779510498047
17;37.948982;-20.94898223876953
16;38.454403;-22.454402923583984
15;36.652935;-21.652935028076172
14;38.396694;-24.39669418334961
13;33.46016;-20.460159301757812
12;40.345676;-28.34567642211914
11;39.126266;-28.126266479492188
10;42.403755;-32.40375518798828
9;48.182953;-39.182952880859375
8;46.13637;-38.13637161254883
7;49.38388;-42.383880615234375
6;46.001225;-40.001224517822266
5;48.054115;-43.054115295410156
4;38.542435;-34.54243469238281
3;40.273754;-37.27375411987305
2;39.71939;-37.719390869140625
1;39.032223;-38.032222747802734
0;41.576317;-41.576316833496094
99;100.85344;-1.8534393310546875
98;87.77612;10.223876953125
97;77.09866;19.901336669921875
96;93.58996;2.4100418090820312
95;83.23307;11.766929626464844
94;75.70297;18.297027587890625
93;77.73266;15.267341613769531
92;79.068825;12.931175231933594
91;81.02307;9.9769287109375
90;93.67436;-3.6743621826171875
89;77.82445;11.175552368164062
88;65.34999;22.650009155273438
87;81.937935;5.062065124511719
86;79.799126;6.200874328613281
85;66.03112;18.96887969970703
84;73.57946;10.420539855957031
83;74.248184;8.751815795898438
82;76.78744;5.212562561035156
81;67.118164;13.8818359375
80;71.500885;8.499114990234375
79;51.85737;27.14263153076172
78;65.895676;12.104324340820312
77;65.465096;11.534904479980469
76;65.75927;10.240730285644531
75;61.87497;13.125030517578125
74;57.220123;16.779876708984375
73;71.83132;1.1686782836914062
72;76.68014;-4.680137634277344
71;70.820045;0.17995452880859375
70;71.656654;-1.6566543579101562
69;68.71309;0.2869110107421875
68;45.039932;22.960067749023438
67;52.080185;14.919815063476562
66;51.617775;14.382225036621094
65;56.95299;8.047008514404297
64;51.915154;12.084846496582031
63;84.43609;-21.43608856201172
62;58.513386;3.486614227294922
61;45.803288;15.196712493896484
60;62.650517;-2.6505165100097656
59;65.46328;-6.463279724121094
58;56.741184;1.2588157653808594
57;54.923954;2.0760459899902344
56;51.48277;4.517230987548828
55;64.53523;-9.535232543945312
54;50.352352;3.6476478576660156
53;54.110752;-1.1107521057128906
52;57.204796;-5.204795837402344
51;50.450016;0.5499839782714844
50;51.70329;-1.7032890319824219
49;62.71991;-13.71990966796875
48;71.73607;-23.736068725585938
47;62.817898;-15.81789779663086
46;80.30877;-34.30876922607422
45;68.2371;-23.237098693847656
44;67.98283;-23.982826232910156
43;58.720234;-15.720233917236328
42;52.89142;-10.89141845703125
41;52.854774;-11.854774475097656
40;53.281067;-13.28106689453125
39;58.77061;-19.770610809326172
38;45.131252;-7.131252288818359
37;51.763714;-14.763713836669922
36;52.12095;-16.120948791503906
35;37.92288;-2.9228782653808594
34;49.229992;-15.229991912841797
33;58.11265;-25.112651824951172
32;53.92529;-21.925289154052734
31;56.69022;-25.69021987915039
30;43.006813;-13.006813049316406
29;42.218185;-13.218185424804688
28;42.61349;-14.61349105834961
27;44.226772;-17.22677230834961
26;38.69635;-12.69635009765625
25;38.857197;-13.857196807861328
24;35.408474;-11.40847396850586
23;39.501133;-16.50113296508789
22;47.10919;-25.10919189453125
21;43.71108;-22.711078643798828
20;51.625317;-31.625316619873047
19;44.86881;-25.86880874633789
18;48.536465;-30.53646469116211
17;39.125595;-22.125595092773438
16;42.4753;-26.475299835205078
15;44.241856;-29.24185562133789
14;46.01387;-32.01387023925781
13;46.705826;-33.70582580566406
12;44.90431;-32.9043083190918
11;45.773945;-34.77394485473633
10;46.126278;-36.126277923583984
9;45.345943;-36.345943450927734
8;41.93886;-33.93886184692383
7;44.70467;-37.70466995239258
6;41.84506;-35.84505844116211
5;42.673626;-37.67362594604492
4;42.25334;-38.25334167480469
3;42.161182;-39.16118240356445
2;39.537437;-37.537437438964844
1;40.890594;-39.890594482421875
0;37.50853;-37.50852966308594
97;96.23037;0.7696304321289062
96;103.376;-7.375999450683594
95;95.70804;-0.708038330078125
94;108.103806;-14.103805541992188
93;118.58265;-25.58264923095703
92;105.621315;-13.621315002441406
91;111.52683;-20.526832580566406
90;91.21455;-1.2145462036132812
89;91.104195;-2.1041946411132812
88;81.26356;6.736442565917969
87;76.62854;10.3714599609375
86;89.29143;-3.2914276123046875
85;82.468506;2.531494140625
84;108.90102;-24.901016235351562
83;69.038925;13.961074829101562
82;88.43255;-6.432548522949219
81;109.57626;-28.576263427734375
80;76.036736;3.9632644653320312
79;85.28379;-6.283790588378906
78;76.632225;1.3677749633789062
77;72.058014;4.941986083984375
76;76.477905;-0.4779052734375
75;69.69429;5.3057098388671875
74;76.11674;-2.1167373657226562
73;61.600803;11.39919662475586
72;95.48093;-23.480926513671875
71;82.0154;-11.015403747558594
70;77.76232;-7.762321472167969
69;57.67396;11.326038360595703
68;61.33995;6.6600494384765625
67;58.74978;8.250221252441406
66;63.89361;2.1063919067382812
65;62.11845;2.881549835205078
64;52.977554;11.022445678710938
63;59.094875;3.9051246643066406
62;66.58599;-4.585990905761719
61;57.368652;3.63134765625
60;60.316082;-0.3160820007324219
59;89.566795;-30.566795349121094
58;52.07537;5.924629211425781
57;56.318222;0.6817779541015625
56;56.462124;-0.4621238708496094
55;51.84484;3.1551589965820312
54;67.539856;-13.53985595703125
53;50.496033;2.50396728515625
52;49.97555;2.0244483947753906
51;49.561344;1.4386558532714844
50;51.743187;-1.7431869506835938
49;42.430275;6.569725036621094
48;35.246338;12.753662109375
47;54.796204;-7.79620361328125
46;68.909035;-22.909034729003906
45;59.855965;-14.855964660644531
44;54.376144;-10.376144409179688
43;47.634842;-4.6348419189453125
42;47.097244;-5.0972442626953125
41;42.846535;-1.8465347290039062
40;43.34739;-3.3473892211914062
39;43.80344;-4.803440093994141
38;47.041576;-9.041576385498047
37;43.4533;-6.453300476074219
36;42.57009;-6.570091247558594
35;43.861794;-8.861793518066406
34;47.799652;-13.799652099609375
33;40.475277;-7.475276947021484
32;41.69572;-9.695720672607422
31;39.129555;-8.129554748535156
30;38.063095;-8.063095092773438
29;41.827473;-12.827472686767578
28;41.946606;-13.946605682373047
27;39.439102;-12.439102172851562
26;40.0176;-14.017601013183594
25;40.30283;-15.30282974243164
24;40.22437;-16.224369049072266
23;44.49214;-21.492141723632812
22;41.32103;-19.321029663085938
21;38.870274;-17.87027359008789
20;43.92859;-23.9285888671875
19;50.22423;-31.224231719970703
18;68.83798;-50.837982177734375
17;56.003872;-39.00387191772461
16;42.437397;-26.437397003173828
15;45.90289;-30.902889251708984
14;48.148468;-34.148468017578125
13;42.43621;-29.43621063232422
12;44.260853;-32.2608528137207
11;61.624756;-50.624755859375
10;69.44658;-59.44657897949219
9;59.262;-50.262001037597656
8;62.481613;-54.48161315917969
7;58.71857;-51.718570709228516
6;61.07672;-55.07672119140625
5;54.19995;-49.199951171875
4;60.474396;-56.474395751953125
3;48.895134;-45.89513397216797
2;55.34093;-53.3409309387207
1;50.814655;-49.81465530395508
0;45.87027;-45.870269775390625
38;49.461193;-11.461193084716797
37;46.73913;-9.739128112792969
36;51.145153;-15.145153045654297
35;50.211063;-15.211063385009766
34;56.466797;-22.466796875
33;50.85035;-17.85034942626953
32;55.97975;-23.979751586914062
31;50.710094;-19.710094451904297
30;47.551563;-17.551563262939453
29;55.007217;-26.007217407226562
28;51.94624;-23.946239471435547
27;46.324883;-19.32488250732422
26;38.60794;-12.607940673828125
25;41.622047;-16.622047424316406
24;47.498528;-23.49852752685547
23;41.894527;-18.894527435302734
22;52.963757;-30.963756561279297
21;63.74108;-42.74108123779297
20;52.417282;-32.41728210449219
19;71.02243;-52.022430419921875
18;61.262337;-43.26233673095703
17;65.56711;-48.567108154296875
16;100.20887;-84.20886993408203
15;87.13702;-72.13701629638672
14;99.816025;-85.81602478027344
13;105.27476;-92.2747573852539
12;165.75757;-153.757568359375
11;174.84949;-163.8494873046875
10;166.77599;-156.77598571777344
9;184.24751;-175.2475128173828
8;86.037285;-78.03728485107422
7;94.97379;-87.97379302978516
6;115.77915;-109.7791519165039
5;107.08414;-102.08413696289062
4;124.057495;-120.0574951171875
3;137.22885;-134.22885131835938
2;109.155075;-107.15507507324219
1;97.48342;-96.4834213256836
0;100.87046;-100.8704605102539
57;103.99859;-46.99858856201172
56;101.24276;-45.242759704589844
55;105.283936;-50.283935546875
54;90.73383;-36.73383331298828
53;94.6118;-41.61180114746094
52;111.16488;-59.164878845214844
51;107.2055;-56.20549774169922
50;99.08528;-49.08528137207031
49;120.49312;-71.49311828613281
48;103.67486;-55.67485809326172
47;116.30301;-69.30300903320312
46;112.64479;-66.64479064941406
45;128.37286;-83.37286376953125
44;117.980095;-73.98009490966797
43;119.04809;-76.04808807373047
42;125.34604;-83.34603881835938
41;108.655754;-67.65575408935547
40;125.6673;-85.66729736328125
39;100.81241;-61.812408447265625
38;55.551476;-17.551475524902344
37;65.8977;-28.89769744873047
36;56.89849;-20.89849090576172
35;53.62389;-18.623889923095703
34;56.03796;-22.037960052490234
33;62.9955;-29.995498657226562
32;55.709793;-23.709793090820312
31;63.28756;-32.287559509277344
30;54.783478;-24.783477783203125
29;55.064053;-26.06405258178711
28;54.44962;-26.44961929321289
27;49.778904;-22.77890396118164
26;51.491425;-25.491424560546875
25;49.109226;-24.10922622680664
24;40.570972;-16.570972442626953
23;37.335274;-14.335273742675781
22;41.898243;-19.898242950439453
21;45.84801;-24.848011016845703
20;55.009216;-35.00921630859375
19;57.382217;-38.38221740722656
18;63.824745;-45.824745178222656
17;82.77786;-65.77786254882812
16;98.36689;-82.36688995361328
15;57.078865;-42.07886505126953
14;126.02488;-112.0248794555664
13;124.041245;-111.04124450683594
12;107.51023;-95.5102310180664
11;123.29979;-112.29978942871094
10;196.36784;-186.3678436279297
9;156.98221;-147.98220825195312
8;77.90491;-69.9049072265625
7;108.07863;-101.07862854003906
6;104.99292;-98.992919921875
5;78.84357;-73.84356689453125
4;82.91875;-78.91874694824219
3;105.976204;-102.97620391845703
2;94.83809;-92.83808898925781
1;106.747055;-105.74705505371094
0;89.4704;-89.47039794921875
57;84.65439;-27.654388427734375
56;89.072365;-33.072364807128906
55;84.20834;-29.208343505859375
54;92.878365;-38.87836456298828
53;103.48379;-50.483787536621094
52;85.28135;-33.281349182128906
51;94.28667;-43.28666687011719
50;113.94063;-63.94062805175781
49;108.50994;-59.50994110107422
48;100.744804;-52.74480438232422
47;107.47762;-60.477622985839844
46;119.68121;-73.68121337890625
45;103.96352;-58.96351623535156
44;107.55591;-63.555908203125
43;93.36226;-50.36225891113281
42;109.8759;-67.87590026855469
41;95.10621;-54.10620880126953
40;103.914795;-63.914794921875
39;72.08996;-33.08995819091797
38;49.928852;-11.928852081298828
37;55.84632;-18.84632110595703
36;49.578068;-13.578067779541016
35;44.806942;-9.806941986083984
34;47.372707;-13.37270736694336
33;50.08448;-17.08448028564453
32;49.471153;-17.471153259277344
31;57.29761;-26.297611236572266
30;60.054317;-30.054317474365234
29;49.793995;-20.793994903564453
28;52.859287;-24.85928726196289
27;77.198265;-50.198265075683594
26;56.05997;-30.05997085571289
25;42.420425;-17.420425415039062
24;61.747375;-37.74737548828125
23;44.346416;-21.346416473388672
22;57.363575;-35.36357498168945
21;44.609142;-23.609142303466797
20;66.555504;-46.555503845214844
19;64.758064;-45.75806427001953
18;54.03069;-36.03068923950195
17;73.62238;-56.62238311767578
16;130.59862;-114.59861755371094
15;128.38416;-113.3841552734375
14;137.19527;-123.19526672363281
13;96.306145;-83.30614471435547
12;177.57542;-165.57542419433594
11;161.33551;-150.33551025390625
10;174.88013;-164.880126953125
9;137.80228;-128.80227661132812
8;126.86445;-118.86444854736328
7;153.9476;-146.94760131835938
6;106.80739;-100.80738830566406
5;103.92823;-98.92823028564453
4;114.78057;-110.78057098388672
3;132.49216;-129.49215698242188
2;97.68715;-95.68714904785156
1;96.35779;-95.3577880859375
0;80.85404;-80.85404205322266
57;94.010124;-37.01012420654297
56;79.73774;-23.73773956298828
55;106.520424;-51.520423889160156
54;96.562546;-42.56254577636719
53;112.51402;-59.51402282714844
52;93.51872;-41.51872253417969
51;102.491806;-51.49180603027344
50;97.09696;-47.096961975097656
49;95.48449;-46.48448944091797
48;91.52978;-43.52977752685547
47;99.32481;-52.324806213378906
46;96.73914;-50.73914337158203
45;117.03881;-72.03881072998047
44;98.43256;-54.43256378173828
43;93.50774;-50.50773620605469
42;91.360695;-49.360694885253906
41;81.740135;-40.740135192871094
40;107.26571;-67.26570892333984
39;72.78709;-33.787086486816406
38;37.682976;0.31702423095703125
37;49.896255;-12.896255493164062
36;54.89741;-18.897411346435547
35;53.618717;-18.618717193603516
34;59.917747;-25.917747497558594
33;65.8998;-32.899803161621094
32;55.87098;-23.87097930908203
31;58.332394;-27.332393646240234
30;59.878433;-29.878433227539062
29;62.545845;-33.54584503173828
28;70.21873;-42.218727111816406
27;55.461937;-28.461936950683594
26;62.202168;-36.20216751098633
25;50.063576;-25.063575744628906
24;48.08525;-24.085250854492188
23;40.473293;-17.47329330444336
22;56.038322;-34.03832244873047
21;49.95814;-28.958141326904297
20;49.2472;-29.24720001220703
19;55.706352;-36.70635223388672
18;57.57921;-39.57920837402344
17;46.797047;-29.797046661376953
16;65.629265;-49.62926483154297
15;80.14832;-65.14832305908203
14;101.674576;-87.67457580566406
13;96.184715;-83.1847152709961
12;113.00621;-101.00621032714844
11;142.17148;-131.17147827148438
10;171.50703;-161.5070343017578
9;157.56474;-148.5647430419922
8;190.2505;-182.25050354003906
7;108.1852;-101.1852035522461
6;105.17712;-99.17711639404297
5;114.38125;-109.3812484741211
4;116.95419;-112.95419311523438
3;116.38287;-113.38287353515625
2;118.736595;-116.7365951538086
1;116.0206;-115.02059936523438
0;105.12445;-105.12445068359375
267;125.9311;141.06890106201172
266;87.12959;178.8704071044922
265;86.561134;178.4388656616211
264;92.48253;171.51747131347656
263;97.242584;165.75741577148438
262;82.72183;179.27816772460938
261;98.07411;162.92588806152344
260;98.084045;161.91595458984375
259;94.26977;164.73023223876953
258;114.68215;143.3178482055664
257;110.59451;146.40548706054688
256;98.20498;157.7950210571289
255;91.664085;163.3359146118164
254;110.50016;143.49983978271484
253;96.41984;156.58016204833984
252;108.25395;143.7460479736328
251;120.13398;130.86602020263672
250;108.525856;141.4741439819336
249;104.77259;144.22740936279297
248;64.40976;183.59024047851562
247;63.844273;183.1557273864746
246;68.41201;177.5879898071289
245;61.53603;183.46397018432617
244;67.93519;176.06481170654297
243;67.04891;175.95108795166016
242;70.061516;171.93848419189453
241;52.956505;188.04349517822266
240;67.467155;172.53284454345703
239;63.66345;175.33655166625977
238;54.59962;183.4003791809082
237;59.021545;177.97845458984375
236;60.078922;175.92107772827148
235;69.46319;165.53681182861328
234;68.7545;165.24549865722656
233;63.979637;169.0203628540039
232;61.558937;170.4410629272461
231;66.29792;164.70207977294922
230;65.32978;164.67021942138672
229;52.517765;176.48223495483398
228;57.5714;170.4286003112793
227;86.396675;140.60332489013672
226;80.041824;145.9581756591797
225;99.931656;125.06834411621094
224;129.3585;94.64149475097656
223;100.73544;122.26455688476562
222;196.20642;25.7935791015625
221;140.83217;80.16783142089844
220;172.66512;47.33488464355469
219;188.3368;30.663192749023438
218;128.36436;89.63563537597656
217;85.91616;131.0838394165039
216;84.95082;131.04917907714844
215;95.16517;119.83483123779297
214;84.331955;129.6680450439453
213;88.02611;124.97389221191406
212;98.99547;113.00453186035156
211;82.99071;128.00929260253906
210;85.83628;124.1637191772461
209;112.656876;96.34312438964844
208;89.27617;118.72383117675781
207;100.907036;106.09296417236328
206;105.408775;100.59122467041016
205;147.48943;57.51057434082031
204;103.58781;100.41219329833984
203;98.10592;104.89408111572266
202;95.89946;106.10054016113281
201;110.805084;90.19491577148438
200;92.50727;107.49272918701172
199;90.64558;108.35442352294922
198;101.61264;96.38735961914062
197;86.16648;110.8335189819336
196;103.47663;92.52336883544922
195;80.96539;114.03460693359375
194;91.721375;102.27862548828125
193;89.1669;103.83309936523438
192;76.6147;115.38529968261719
191;76.93105;114.0689468383789
190;81.442085;108.55791473388672
189;77.02919;111.97080993652344
188;75.93836;112.06163787841797
187;70.61861;116.38139343261719
186;92.585266;93.41473388671875
185;81.74003;103.25997161865234
184;81.68868;102.31131744384766
183;73.15347;109.84652709960938
182;74.46732;107.53267669677734
181;78.13609;102.86390686035156
180;70.13039;109.86961364746094
179;81.656334;97.34366607666016
178;93.45226;84.54773712158203
177;70.94029;106.05970764160156
176;71.60621;104.39379119873047
175;78.800705;96.19929504394531
174;75.88199;98.11801147460938
173;71.02601;101.97399139404297
172;76.753586;95.24641418457031
171;83.866684;87.13331604003906
170;82.34475;87.6552505493164
169;84.38676;84.61324310302734
168;72.70146;95.29853820800781
167;87.124275;79.87572479248047
166;86.28767;79.71233367919922
165;70.32318;94.67681884765625
164;82.1139;81.88610076904297
163;72.09872;90.90128326416016
162;78.783104;83.2168960571289
161;92.11253;68.88746643066406
160;85.8868;74.11319732666016
159;87.19806;71.80194091796875
158;95.72758;62.272422790527344
157;106.095894;50.90410614013672
156;100.14726;55.85273742675781
155;98.312965;56.687034606933594
154;83.5407;70.45929718017578
153;87.874374;65.12562561035156
152;88.84793;63.152069091796875
151;96.91769;54.082313537597656
150;106.58891;43.41108703613281
149;106.4126;42.58740234375
148;117.38639;30.613609313964844
147;121.99927;25.000732421875
146;114.10878;31.891220092773438
145;122.58734;22.41265869140625
144;105.7877;38.212303161621094
143;126.67137;16.328628540039062
142;125.055695;16.944305419921875
141;121.53297;19.46703338623047
140;116.01637;23.983627319335938
139;116.31103;22.68897247314453
138;114.9505;23.04949951171875
137;97.365425;39.63457489013672
136;105.5784;30.421600341796875
135;121.81362;13.186378479003906
134;111.67998;22.320022583007812
133;97.81449;35.185508728027344
132;119.595665;12.404335021972656
131;116.355;14.644996643066406
130;111.227455;18.772544860839844
129;111.77299;17.227012634277344
128;103.795685;24.204315185546875
127;106.4395;20.560501098632812
126;93.23899;32.761009216308594
125;101.16061;23.839393615722656
124;99.25026;24.749740600585938
123;93.78455;29.21544647216797
122;79.312164;42.687835693359375
121;102.37813;18.621871948242188
120;101.5132;18.486801147460938
119;91.194084;27.80591583251953
118;103.41659;14.583412170410156
117;101.30164;15.698356628417969
116;107.04895;8.9510498046875
115;107.33806;7.6619415283203125
114;110.11237;3.8876266479492188
113;92.79683;20.203170776367188
112;100.3406;11.659400939941406
111;99.89743;11.102569580078125
110;105.15614;4.8438568115234375
109;90.48075;18.519248962402344
108;88.30289;19.697113037109375
107;110.260735;-3.2607345581054688
106;97.27218;8.727821350097656
105;85.0871;19.91290283203125
104;84.84623;19.153770446777344
103;88.5679;14.432098388671875
102;88.33228;13.667716979980469
101;94.441154;6.558845520019531
100;94.548546;5.451454162597656
99;121.421455;-22.42145538330078
98;102.803825;-4.803825378417969
97;91.3924;5.607597351074219
96;72.69601;23.303993225097656
95;83.01527;11.984733581542969
94;75.235954;18.76404571533203
93;77.37785;15.622146606445312
92;74.66028;17.3397216796875
91;72.26262;18.737380981445312
90;74.76295;15.237052917480469
89;81.61596;7.384040832519531
88;83.03413;4.965873718261719
87;85.066956;1.93304443359375
86;79.60454;6.3954620361328125
85;75.865364;9.134635925292969
84;62.057487;21.94251251220703
83;86.70187;-3.701873779296875
82;81.32339;0.6766128540039062
81;77.38435;3.6156463623046875
80;73.26177;6.738227844238281
79;72.78573;6.214271545410156
78;82.86099;-4.860992431640625
77;84.132164;-7.132164001464844
76;89.47951;-13.479507446289062
75;81.315094;-6.315093994140625
74;85.76771;-11.767707824707031
73;95.094154;-22.094154357910156
72;79.69616;-7.696159362792969
71;74.02804;-3.0280380249023438
70;84.40592;-14.405921936035156
69;79.694275;-10.69427490234375
68;72.84789;-4.847892761230469
67;73.63494;-6.634941101074219
66;76.293686;-10.293685913085938
65;81.17281;-16.172813415527344
64;70.20988;-6.209877014160156
63;77.19385;-14.19384765625
62;71.300415;-9.3004150390625
61;76.29913;-15.29913330078125
60;66.831055;-6.8310546875
59;67.78903;-8.789031982421875
58;68.281525;-10.281524658203125
57;64.61775;-7.6177520751953125
56;65.846016;-9.846015930175781
55;65.25441;-10.254409790039062
54;66.88613;-12.886131286621094
53;60.85133;-7.851329803466797
52;54.617798;-2.6177978515625
51;68.057465;-17.057464599609375
50;64.60354;-14.603538513183594
49;54.4702;-5.4701995849609375
48;59.400997;-11.400997161865234
47;57.715893;-10.715892791748047
46;56.97344;-10.973438262939453
45;55.7133;-10.713298797607422
44;51.317104;-7.317104339599609
43;60.23018;-17.230178833007812
42;57.4819;-15.48189926147461
41;45.22321;-4.223209381103516
40;55.548244;-15.54824447631836
39;58.30774;-19.3077392578125
38;57.23285;-19.23284912109375
37;60.54668;-23.546680450439453
36;56.015392;-20.015392303466797
35;39.959606;-4.959606170654297
34;62.134193;-28.134193420410156
33;51.908478;-18.908477783203125
32;54.65151;-22.651508331298828
31;57.9732;-26.973201751708984
30;54.134785;-24.134784698486328
29;56.256294;-27.25629425048828
28;45.527275;-17.52727508544922
27;47.59203;-20.592029571533203
26;49.555664;-23.5556640625
25;43.8293;-18.829299926757812
24;50.129463;-26.12946319580078
23;52.912;-29.911998748779297
22;46.608162;-24.60816192626953
21;50.485573;-29.485572814941406
20;48.46883;-28.468830108642578
19;38.37811;-19.378108978271484
18;44.195717;-26.195716857910156
17;43.74541;-26.745410919189453
16;45.746666;-29.746665954589844
15;54.437077;-39.437076568603516
14;37.32656;-23.326560974121094
13;46.52999;-33.529991149902344
12;58.20179;-46.20178985595703
11;51.19294;-40.19293975830078
10;55.668064;-45.66806411743164
9;51.116127;-42.116127014160156
8;44.713856;-36.7138557434082
7;50.23354;-43.23353958129883
6;64.200294;-58.200294494628906
5;50.532375;-45.53237533569336
4;50.431915;-46.431915283203125
3;49.748478;-46.748477935791016
2;48.72939;-46.72938919067383
1;44.96919;-43.96918869018555
0;45.003143;-45.003143310546875
36;47.059322;-11.059322357177734
35;51.5644;-16.56439971923828
34;52.85046;-18.850460052490234
33;58.749474;-25.749473571777344
32;70.59386;-38.59385681152344
31;61.5224;-30.52239990234375
30;55.469368;-25.46936798095703
29;76.15299;-47.152992248535156
28;58.308857;-30.308856964111328
27;55.77795;-28.777950286865234
26;56.054657;-30.054656982421875
25;54.41485;-29.41484832763672
24;58.535133;-34.535133361816406
23;57.187103;-34.187103271484375
22;52.98958;-30.989578247070312
21;48.616333;-27.6163330078125
20;47.519684;-27.519683837890625
19;56.893124;-37.893123626708984
18;50.001568;-32.00156784057617
17;41.459774;-24.459774017333984
16;48.11456;-32.114559173583984
15;64.91117;-49.911170959472656
14;67.23213;-53.23213195800781
13;103.52909;-90.52909088134766
12;105.25716;-93.25715637207031
11;128.11374;-117.11373901367188
10;177.6288;-167.62879943847656
9;186.37714;-177.37713623046875
8;161.12119;-153.12118530273438
7;184.3549;-177.3549041748047
6;88.24982;-82.24981689453125
5;119.47254;-114.47254180908203
4;111.987656;-107.98765563964844
3;89.06686;-86.06685638427734
2;92.76064;-90.7606430053711
1;94.240204;-93.24020385742188
0;75.58027;-75.58026885986328
55;69.30429;-14.304290771484375
54;93.63027;-39.630271911621094
53;92.78529;-39.78529357910156
52;89.66429;-37.66429138183594
51;93.572136;-42.57213592529297
50;87.93869;-37.938690185546875
49;122.999855;-73.9998550415039
48;95.39165;-47.39164733886719
47;103.013664;-56.01366424560547
46;101.25028;-55.250282287597656
45;106.57096;-61.570960998535156
44;105.507515;-61.50751495361328
43;96.158485;-53.158485412597656
42;99.270004;-57.27000427246094
41;108.96175;-67.96174621582031
40;105.73201;-65.73200988769531
39;126.92233;-87.92233276367188
38;100.99405;-62.994049072265625
37;85.61864;-48.61863708496094
36;45.399044;-9.399044036865234
35;68.86284;-33.86283874511719
34;67.40122;-33.401222229003906
33;52.478798;-19.478797912597656
32;51.19152;-19.19152069091797
31;46.618073;-15.618072509765625
30;40.960323;-10.960323333740234
29;51.702938;-22.702938079833984
28;46.449196;-18.449195861816406
27;44.732155;-17.732154846191406
26;47.116116;-21.11611557006836
25;48.81616;-23.816158294677734
24;41.80124;-17.801239013671875
23;44.907375;-21.90737533569336
22;49.022243;-27.02224349975586
21;43.72173;-22.721729278564453
20;53.00897;-33.008968353271484
19;45.657017;-26.65701675415039
18;62.732864;-44.73286437988281
17;56.35985;-39.3598518371582
16;80.82803;-64.82803344726562
15;81.996124;-66.99612426757812
14;78.29046;-64.29045867919922
13;101.27399;-88.27398681640625
12;96.96386;-84.96385955810547
11;136.29811;-125.29811096191406
10;173.68338;-163.68338012695312
9;129.94617;-120.9461669921875
8;212.61137;-204.6113739013672
7;223.9505;-216.95050048828125
6;154.80095;-148.8009490966797
5;211.23813;-206.23812866210938
4;151.52196;-147.52195739746094
3;104.69095;-101.69094848632812
2;132.41074;-130.41073608398438
1;112.55189;-111.55188751220703
0;105.718765;-105.71876525878906
55;72.233795;-17.233795166015625
54;82.620346;-28.620346069335938
53;95.27638;-42.27638244628906
52;84.28128;-32.281280517578125
51;88.52779;-37.52778625488281
50;111.60597;-61.60597229003906
49;92.48123;-43.481231689453125
48;107.86405;-59.864051818847656
47;102.50353;-55.50353240966797
46;120.40607;-74.40606689453125
45;106.16124;-61.16123962402344
44;99.69876;-55.698760986328125
43;105.93371;-62.93370819091797
42;98.159355;-56.15935516357422
41;105.082695;-64.08269500732422
40;98.18525;-58.18524932861328
39;92.472;-53.47200012207031
38;94.431114;-56.431114196777344
37;73.91473;-36.91472625732422
36;43.24568;-7.2456817626953125
35;42.89732;-7.897319793701172
34;50.574276;-16.574275970458984
33;71.75934;-38.75933837890625
32;45.775562;-13.775562286376953
31;43.473312;-12.473312377929688
30;48.63446;-18.63446044921875
29;59.552258;-30.552257537841797
28;45.550007;-17.550006866455078
27;36.32667;-9.326671600341797
26;38.091297;-12.091297149658203
25;45.395725;-20.39572525024414
24;43.33028;-19.330280303955078
23;43.304604;-20.304603576660156
22;44.005722;-22.005722045898438
21;48.969715;-27.969715118408203
20;39.221657;-19.221656799316406
19;32.814537;-13.814537048339844
18;35.60693;-17.606929779052734
17;37.451893;-20.451892852783203
16;50.94059;-34.940589904785156
15;42.91881;-27.918811798095703
14;77.75877;-63.75877380371094
13;98.93851;-85.93850708007812
12;103.06595;-91.06594848632812
11;100.278;-89.27799987792969
10;161.66048;-151.6604766845703
9;156.09229;-147.09228515625
8;135.5345;-127.53450012207031
7;115.81696;-108.81696319580078
6;123.857895;-117.85789489746094
5;101.02665;-96.02664947509766
4;89.856445;-85.8564453125
3;137.21832;-134.21832275390625
2;87.065865;-85.06586456298828
1;93.831116;-92.83111572265625
0;86.5095;-86.5094985961914
55;79.65994;-24.659942626953125
54;98.22116;-44.221160888671875
53;74.91151;-21.91150665283203
52;81.671906;-29.671905517578125
51;90.101494;-39.10149383544922
50;100.77909;-50.779090881347656
49;93.24859;-44.24858856201172
48;83.589935;-35.589935302734375
47;91.39378;-44.39378356933594
46;88.99926;-42.99925994873047
45;107.29368;-62.293678283691406
44;104.43913;-60.43913269042969
43;104.57616;-61.57615661621094
42;89.74487;-47.744873046875
41;103.16412;-62.16412353515625
40;100.49307;-60.493072509765625
39;95.20054;-56.200538635253906
38;96.14384;-58.143836975097656
37;90.16228;-53.16227722167969
36;54.260857;-18.26085662841797
35;49.298332;-14.298332214355469
34;47.56429;-13.564289093017578
33;49.74302;-16.743019104003906
32;59.323143;-27.323143005371094
31;42.41715;-11.41714859008789
30;42.143612;-12.143611907958984
29;48.431858;-19.43185806274414
28;53.49979;-25.49979019165039
27;45.64365;-18.64365005493164
26;43.619118;-17.619117736816406
25;47.19728;-22.197280883789062
24;48.401817;-24.401817321777344
23;47.99332;-24.99332046508789
22;39.914574;-17.914573669433594
21;63.212414;-42.2124137878418
20;55.080845;-35.08084487915039
19;58.44293;-39.442928314208984
18;53.550674;-35.55067443847656
17;57.14241;-40.14241027832031
16;77.60329;-61.60328674316406
15;85.81986;-70.81986236572266
14;85.1169;-71.11689758300781
13;120.916176;-107.91617584228516
12;133.82985;-121.82984924316406
11;133.67827;-122.67826843261719
10;175.59756;-165.59756469726562
9;187.82352;-178.82351684570312
8;180.81844;-172.8184356689453
7;161.43546;-154.43545532226562
6;131.63393;-125.63392639160156
5;128.1735;-123.17349243164062
4;118.255424;-114.25542449951172
3;100.836365;-97.83636474609375
2;113.954346;-111.954345703125
1;120.433266;-119.43326568603516
0;102.53139;-102.53138732910156
275;112.299;162.70099639892578
274;92.27629;181.7237091064453
273;91.447975;181.5520248413086
272;116.68803;155.31197357177734
271;87.379326;183.62067413330078
270;78.93474;191.0652618408203
269;102.52279;166.47721099853516
268;98.9941;169.00589752197266
267;100.829636;166.1703643798828
266;132.89859;133.10140991210938
265;115.871895;149.12810516357422
264;109.37751;154.62248992919922
263;104.60987;158.39012908935547
262;114.06934;147.93065643310547
261;107.82526;153.17474365234375
260;112.86926;147.1307373046875
259;104.08461;154.91539001464844
258;106.43274;151.5672607421875
257;87.03638;169.963623046875
256;43.360004;212.63999557495117
255;66.24748;188.7525177001953
254;45.87223;208.12776947021484
253;50.05958;202.9404182434082
252;44.064598;207.9354019165039
251;49.958282;201.04171752929688
250;45.791756;204.20824432373047
249;43.600807;205.3991928100586
248;39.34708;208.6529197692871
247;44.76463;202.23537063598633
246;47.99008;198.00991821289062
245;43.482235;201.51776504516602
244;47.79143;196.20856857299805
243;49.070896;193.92910385131836
242;51.113113;190.8868865966797
241;55.21475;185.78525161743164
240;46.61185;193.3881492614746
239;64.695206;174.30479431152344
238;43.87945;194.12054824829102
237;61.269768;175.73023223876953
236;76.79964;159.2003631591797
235;76.96657;158.03343200683594
234;104.82509;129.17491149902344
233;109.68989;123.31011199951172
232;130.93823;101.061767578125
231;148.00551;82.99449157714844
230;182.52946;47.47053527832031
229;220.18362;8.816375732421875
228;176.6572;51.342803955078125
227;208.80493;18.195068359375
226;204.60643;21.393569946289062
225;168.87027;56.129730224609375
224;170.84715;53.15284729003906
223;139.74384;83.25616455078125
222;133.56642;88.43357849121094
221;114.278465;106.7215347290039
220;100.22716;119.77284240722656
219;99.14217;119.85782623291016
218;104.84402;113.1559829711914
217;88.32387;128.67613220214844
216;98.50964;117.4903564453125
215;87.9307;127.06929779052734
214;87.98032;126.0196762084961
213;77.75975;135.24024963378906
212;107.919106;104.08089447021484
211;93.17263;117.8273696899414
210;116.19129;93.80870819091797
209;82.29486;126.70513916015625
208;86.15129;121.84870910644531
207;94.0237;112.97630310058594
206;65.6265;140.37349700927734
205;107.50141;97.49858856201172
204;81.92436;122.07563781738281
203;94.479195;108.52080535888672
202;72.31091;129.6890869140625
201;82.49605;118.50395202636719
200;85.02596;114.97403717041016
199;87.907005;111.0929946899414
198;72.02011;125.97988891601562
197;73.81034;123.18965911865234
196;62.9736;133.0264015197754
195;59.531776;135.46822357177734
194;53.102547;140.89745330810547
193;54.886658;138.11334228515625
192;79.139244;112.86075592041016
191;84.82396;106.17604064941406
190;71.2261;118.7739028930664
189;66.984344;122.01565551757812
188;71.2325;116.76750183105469
187;70.06349;116.93650817871094
186;66.47832;119.52168273925781
185;68.13067;116.86933135986328
184;67.11704;116.8829574584961
183;61.06323;121.93677139282227
182;67.13411;114.86589050292969
181;63.85816;117.14184188842773
180;81.02565;98.97434997558594
179;67.62412;111.3758773803711
178;83.03536;94.96463775634766
177;88.44515;88.55484771728516
176;83.746475;92.25352478027344
175;87.550186;87.44981384277344
174;79.774185;94.22581481933594
173;83.72787;89.27213287353516
172;93.354;78.64600372314453
171;109.58708;61.41291809082031
170;99.72548;70.27452087402344
169;126.01955;42.98045349121094
168;122.60375;45.39624786376953
167;102.720055;64.27994537353516
166;120.15406;45.84593963623047
165;114.51428;50.4857177734375
164;113.458;50.54199981689453
163;101.72046;61.279541015625
162;118.43069;43.569313049316406
161;105.91051;55.08949279785156
160;98.56526;61.43473815917969
159;110.56037;48.43962860107422
158;100.24447;57.755531311035156
157;99.30918;57.690818786621094
156;94.54058;61.45941925048828
155;98.91075;56.08924865722656
154;91.61153;62.38847351074219
153;103.408554;49.59144592285156
152;101.65942;50.34058380126953
151;100.840416;50.159584045410156
150;98.0529;51.94709777832031
149;92.59478;56.40522003173828
148;94.818924;53.18107604980469
147;95.318306;51.68169403076172
146;110.19886;35.80113983154297
145;108.33611;36.66388702392578
144;91.60794;52.392059326171875
143;99.37647;43.62352752685547
142;107.27294;34.72705841064453
141;94.02051;46.9794921875
140;94.26541;45.734588623046875
139;96.39669;42.603309631347656
138;105.099594;32.90040588378906
137;101.253334;35.746665954589844
136;105.764694;30.235305786132812
135;92.56263;42.43737030029297
134;80.57146;53.42854309082031
133;83.67659;49.32341003417969
132;80.69717;51.302833557128906
131;99.92572;31.07427978515625
130;87.64142;42.35858154296875
129;110.28113;18.7188720703125
128;99.60237;28.397628784179688
127;91.75443;35.245567321777344
126;108.84544;17.154556274414062
125;83.24089;41.75910949707031
124;93.69037;30.30963134765625
123;100.80099;22.199012756347656
122;83.73514;38.264862060546875
121;105.87005;15.129951477050781
120;91.36905;28.630950927734375
119;106.204315;12.795684814453125
118;104.4292;13.57080078125
117;92.41182;24.588180541992188
116;88.92319;27.076812744140625
115;96.71881;18.28118896484375
114;106.64608;7.353919982910156
113;82.19208;30.80792236328125
112;97.334915;14.665084838867188
111;97.83367;13.166328430175781
110;85.52266;24.477340698242188
109;81.735214;27.264785766601562
108;81.14132;26.858680725097656
107;78.1055;28.894500732421875
106;80.34377;25.656227111816406
105;91.3051;13.694900512695312
104;95.23881;8.761192321777344
103;83.72461;19.275390625
102;65.429886;36.57011413574219
101;79.41026;21.589736938476562
100;77.879555;22.120445251464844
99;81.89936;17.10063934326172
98;71.66555;26.334449768066406
97;62.70632;34.293678283691406
96;72.627266;23.37273406982422
95;76.15581;18.844192504882812
94;74.85281;19.147186279296875
93;78.06395;14.936050415039062
92;82.57833;9.421669006347656
91;68.844315;22.155685424804688
90;74.21869;15.78131103515625
89;67.793915;21.206085205078125
88;77.18602;10.813980102539062
87;72.92389;14.07611083984375
86;67.960976;18.039024353027344
85;64.33103;20.668968200683594
84;76.35951;7.6404876708984375
83;71.34817;11.651832580566406
82;74.005066;7.99493408203125
81;76.60071;4.3992919921875
80;64.96822;15.031776428222656
79;68.00586;10.994140625
78;64.04879;13.951210021972656
77;65.83517;11.164833068847656
76;64.6557;11.34429931640625
75;71.996704;3.0032958984375
74;71.384705;2.61529541015625
73;65.03261;7.9673919677734375
72;63.568222;8.431777954101562
71;75.413506;-4.413505554199219
70;74.96565;-4.9656524658203125
69;63.56521;5.434791564941406
68;59.8756;8.124401092529297
67;64.503815;2.496185302734375
66;42.826286;23.17371368408203
65;51.482887;13.517112731933594
64;60.98461;3.0153884887695312
63;63.64228;-0.6422805786132812
62;61.176704;0.8232955932617188
61;62.822147;-1.8221473693847656
60;62.248543;-2.2485427856445312
59;49.40736;9.592639923095703
58;52.143547;5.856452941894531
57;53.57318;3.42681884765625
56;56.76927;-0.7692718505859375
55;60.016388;-5.016387939453125
54;58.34448;-4.344478607177734
53;61.766247;-8.766246795654297
52;60.43201;-8.432010650634766
51;57.713924;-6.713924407958984
50;51.51873;-1.5187301635742188
49;53.094498;-4.0944976806640625
48;61.336227;-13.336227416992188
47;46.912796;0.0872039794921875
46;56.205753;-10.205753326416016
45;61.31598;-16.31597900390625
44;49.817455;-5.817455291748047
43;51.689156;-8.689155578613281
42;56.601788;-14.601787567138672
41;60.63929;-19.63928985595703
40;54.01794;-14.017940521240234
39;51.45074;-12.450740814208984
38;55.832596;-17.832595825195312
37;54.41569;-17.415691375732422
36;60.489697;-24.489696502685547
35;48.49171;-13.491710662841797
34;46.513607;-12.513607025146484
33;42.56314;-9.563140869140625
32;44.52937;-12.529369354248047
31;50.08942;-19.089420318603516
30;42.515194;-12.515193939208984
29;48.82748;-19.82748031616211
28;43.89332;-15.893318176269531
27;47.518253;-20.518253326416016
26;45.192265;-19.192264556884766
25;45.550407;-20.55040740966797
24;33.243336;-9.243335723876953
23;39.62551;-16.625511169433594
22;42.75646;-20.756458282470703
21;49.904327;-28.904327392578125
20;47.723717;-27.723716735839844
19;48.037525;-29.037525177001953
18;41.516586;-23.516586303710938
17;52.470345;-35.47034454345703
16;52.96731;-36.96731185913086
15;44.201946;-29.201946258544922
14;45.987503;-31.987503051757812
13;46.670666;-33.6706657409668
12;44.588314;-32.588314056396484
11;49.678997;-38.67899703979492
10;38.887577;-28.887577056884766
9;48.48228;-39.48228073120117
8;57.47171;-49.471710205078125
7;44.217686;-37.21768569946289
6;48.019653;-42.0196533203125
5;44.524216;-39.52421569824219
4;56.219982;-52.2199821472168
3;54.399654;-51.399654388427734
2;48.00318;-46.00318145751953
1;26.078087;-25.078086853027344
0;35.159058;-35.1590576171875
105;41.220345;63.77965545654297
104;42.69271;61.307289123535156
103;37.448982;65.55101776123047
102;44.28918;57.710819244384766
101;37.234394;63.76560592651367
100;42.343803;57.65619659423828
99;42.697514;56.302486419677734
98;40.286446;57.71355438232422
97;37.96187;59.03813171386719
96;40.957806;55.04219436645508
95;45.315937;49.68406295776367
94;41.366405;52.63359451293945
93;45.485237;47.51476287841797
92;41.767307;50.23269271850586
91;42.187386;48.81261444091797
90;47.26218;42.73781967163086
89;44.018814;44.98118591308594
88;45.820538;42.17946243286133
87;37.301334;49.698665618896484
86;41.59223;44.40776824951172
85;37.737;47.26300048828125
84;38.90407;45.09592819213867
83;49.176006;33.82399368286133
82;45.401905;36.59809494018555
81;46.06402;34.93598175048828
80;45.01819;34.9818115234375
79;42.714928;36.285072326660156
78;42.902206;35.09779357910156
77;44.72549;32.27450942993164
76;48.635895;27.364105224609375
75;46.15807;28.841930389404297
74;45.84358;28.156421661376953
73;47.03417;25.965831756591797
72;45.669094;26.33090591430664
71;49.137386;21.862613677978516
70;44.364525;25.635475158691406
69;50.401054;18.59894561767578
68;51.057156;16.94284439086914
67;47.713055;19.286945343017578
66;45.11118;20.88882064819336
65;41.88899;23.111011505126953
64;52.133358;11.866641998291016
63;48.28575;14.714248657226562
62;42.3322;19.667800903320312
61;42.71304;18.28696060180664
60;57.031067;2.96893310546875
59;49.319496;9.680503845214844
58;49.889427;8.110572814941406
57;44.426487;12.57351303100586
56;61.379795;-5.379795074462891
55;52.585114;2.414886474609375
54;57.89454;-3.8945388793945312
53;59.276886;-6.276885986328125
52;54.645313;-2.645313262939453
51;42.7709;8.22909927368164
50;52.51087;-2.5108718872070312
49;49.16617;-0.166168212890625
48;45.81355;2.186450958251953
47;46.93312;0.0668792724609375
46;40.58399;5.416011810302734
45;35.846542;9.153457641601562
44;40.799114;3.200885772705078
43;39.958683;3.0413169860839844
42;36.494263;5.5057373046875
41;39.25091;1.7490882873535156
40;36.3824;3.6175994873046875
39;35.587498;3.4125022888183594
38;40.853165;-2.8531646728515625
37;32.331966;4.668033599853516
36;32.85578;3.1442184448242188
35;36.04992;-1.0499191284179688
34;31.981825;2.0181751251220703
33;35.911304;-2.911304473876953
32;27.18025;4.81974983215332
31;33.14835;-2.1483497619628906
30;28.06846;1.931539535522461
29;29.571335;-0.5713348388671875
28;30.497305;-2.497304916381836
27;37.823418;-10.823417663574219
26;34.028908;-8.028907775878906
25;34.448624;-9.448623657226562
24;33.241295;-9.241294860839844
23;30.151451;-7.151451110839844
22;32.017776;-10.017776489257812
21;29.23466;-8.234659194946289
20;23.420015;-3.420015335083008
19;29.022514;-10.022514343261719
18;28.307278;-10.30727767944336
17;26.843122;-9.843122482299805
16;29.121244;-13.121244430541992
15;24.47259;-9.472589492797852
14;9.672185;4.327815055847168
13;28.57461;-15.574609756469727
12;20.412909;-8.412908554077148
11;22.624405;-11.624404907226562
10;22.777079;-12.777078628540039
9;27.23153;-18.231529235839844
8;29.088604;-21.088603973388672
7;23.061285;-16.0612850189209
6;21.484194;-15.484193801879883
5;21.650745;-16.650745391845703
4;11.746318;-7.7463178634643555
3;25.065899;-22.065898895263672
2;20.017899;-18.017898559570312
1;12.586067;-11.586067199707031
0;27.338352;-27.33835220336914
99;72.123924;26.876075744628906
98;77.18678;20.813217163085938
97;55.9456;41.05440139770508
96;67.873215;28.126785278320312
95;74.96584;20.034156799316406
94;83.0335;10.966499328613281
93;88.735344;4.264656066894531
92;95.63688;-3.6368789672851562
91;74.97081;16.029190063476562
90;80.55222;9.447776794433594
89;88.31251;0.6874923706054688
88;86.153694;1.8463058471679688
87;85.54;1.4599990844726562
86;75.98121;10.018791198730469
85;73.07061;11.929389953613281
84;80.37502;3.6249771118164062
83;66.91173;16.088272094726562
82;74.27731;7.722686767578125
81;74.79739;6.202606201171875
80;48.384747;31.615253448486328
79;48.132053;30.86794662475586
78;49.953655;28.046344757080078
77;50.785885;26.214115142822266
76;43.834652;32.165348052978516
75;45.537197;29.46280288696289
74;49.710842;24.28915786743164
73;42.25023;30.749771118164062
72;45.680664;26.3193359375
71;47.988605;23.011394500732422
70;46.10433;23.895671844482422
69;47.12828;21.871719360351562
68;42.07732;25.922679901123047
67;34.929787;32.070213317871094
66;38.944923;27.055076599121094
65;42.451893;22.548107147216797
64;48.069424;15.93057632446289
63;42.14821;20.851791381835938
62;42.407974;19.592025756835938
61;45.590103;15.409896850585938
60;43.897537;16.102462768554688
59;62.63389;-3.6338882446289062
58;50.013916;7.986083984375
57;61.434475;-4.434474945068359
56;73.29092;-17.290916442871094
55;64.48457;-9.484573364257812
54;62.151184;-8.15118408203125
53;74.07631;-21.076309204101562
52;46.11461;5.8853912353515625
51;55.752274;-4.7522735595703125
50;47.328682;2.6713180541992188
49;51.46891;-2.4689102172851562
48;55.46557;-7.465568542480469
47;48.863064;-1.8630638122558594
46;56.38813;-10.388130187988281
45;44.07073;0.9292716979980469
44;50.165848;-6.1658477783203125
43;56.14033;-13.140331268310547
42;56.565956;-14.565956115722656
41;64.826775;-23.82677459716797
40;53.71816;-13.718158721923828
39;48.748447;-9.74844741821289
38;43.777782;-5.777782440185547
37;44.08583;-7.0858306884765625
36;53.82176;-17.821758270263672
35;47.348812;-12.348812103271484
34;49.47143;-15.471431732177734
33;43.101257;-10.10125732421875
32;42.543556;-10.543556213378906
31;49.7999;-18.79990005493164
30;51.162823;-21.162822723388672
29;46.019783;-17.01978302001953
28;43.432556;-15.43255615234375
27;41.22067;-14.22066879272461
26;39.24091;-13.240909576416016
25;30.953793;-5.953792572021484
24;37.280155;-13.280155181884766
23;41.651115;-18.65111541748047
22;33.42429;-11.42428970336914
21;33.995247;-12.995246887207031
20;48.082855;-28.082855224609375
19;40.222767;-21.222766876220703
18;45.12906;-27.129058837890625
17;45.70805;-28.708049774169922
16;44.06494;-28.06494140625
15;46.30899;-31.308990478515625
14;38.86198;-24.861980438232422
13;46.28176;-33.281761169433594
12;35.791817;-23.79181671142578
11;40.758606;-29.75860595703125
10;39.49849;-29.498489379882812
9;37.216045;-28.216045379638672
8;38.75343;-30.753429412841797
7;41.52609;-34.52608871459961
6;44.076466;-38.07646560668945
5;32.873627;-27.873626708984375
4;37.378162;-33.3781623840332
3;32.598045;-29.598045349121094
2;39.13025;-37.1302490234375
1;35.761482;-34.76148223876953
0;35.318943;-35.31894302368164
99;65.255554;33.74444580078125
98;53.869576;44.13042449951172
97;69.43987;27.56012725830078
96;83.41616;12.583839416503906
95;75.748375;19.251625061035156
94;81.13423;12.865768432617188
93;83.63327;9.366729736328125
92;72.902695;19.097305297851562
91;65.0569;25.943099975585938
90;79.25152;10.748481750488281
89;79.81702;9.1829833984375
88;84.46963;3.5303726196289062
87;73.02275;13.977249145507812
86;68.29461;17.70539093017578
85;65.70067;19.299331665039062
84;84.02792;-0.027923583984375
83;68.44149;14.558509826660156
82;57.569035;24.430965423583984
81;58.445698;22.554302215576172
80;44.671597;35.32840347290039
79;51.146816;27.85318374633789
78;45.27592;32.72407913208008
77;47.14173;29.85826873779297
76;47.689903;28.310096740722656
75;46.40093;28.599071502685547
74;43.65022;30.349781036376953
73;46.930202;26.06979751586914
72;44.24423;27.75577163696289
71;40.72279;30.277210235595703
70;33.88633;36.113670349121094
69;39.83482;29.165180206298828
68;47.911697;20.088302612304688
67;35.100407;31.899593353271484
66;41.503284;24.496715545654297
65;39.295124;25.704875946044922
64;34.98679;29.01321029663086
63;37.5134;25.48659896850586
62;36.737583;25.26241683959961
61;34.2919;26.708099365234375
60;42.292854;17.70714569091797
59;36.090492;22.909507751464844
58;41.30119;16.698810577392578
57;41.796135;15.203865051269531
56;49.75203;6.2479705810546875
55;40.55664;14.443359375
54;42.11065;11.889350891113281
53;42.880962;10.119037628173828
52;47.91376;4.086238861083984
51;44.26584;6.734161376953125
50;51.350803;-1.3508033752441406
49;45.029514;3.9704856872558594
48;54.574886;-6.574886322021484
47;52.466293;-5.4662933349609375
46;56.56872;-10.568721771240234
45;48.17304;-3.1730384826660156
44;47.66492;-3.6649208068847656
43;48.566643;-5.566642761230469
42;48.573513;-6.573513031005859
41;44.34842;-3.348419189453125
40;46.177467;-6.177467346191406
39;39.684933;-0.6849327087402344
38;45.569515;-7.569515228271484
37;48.795002;-11.795001983642578
36;41.403297;-5.403297424316406
35;50.514393;-15.514392852783203
34;43.22163;-9.221630096435547
33;41.246964;-8.246963500976562
32;44.866177;-12.86617660522461
31;45.015648;-14.015647888183594
30;39.850414;-9.850414276123047
29;46.26314;-17.263141632080078
28;41.364216;-13.364215850830078
27;40.984818;-13.984817504882812
26;50.470978;-24.470977783203125
25;48.07846;-23.078460693359375
24;52.270046;-28.27004623413086
23;48.746727;-25.746726989746094
22;44.30799;-22.30799102783203
21;47.905872;-26.905872344970703
20;49.169514;-29.169513702392578
19;46.68465;-27.684650421142578
18;43.566616;-25.56661605834961
17;37.89197;-20.891971588134766
16;36.12406;-20.124061584472656
15;27.791784;-12.791784286499023
14;39.5827;-25.582698822021484
13;32.322014;-19.32201385498047
12;31.683968;-19.68396759033203
11;32.277676;-21.27767562866211
10;33.80888;-23.808879852294922
9;31.919697;-22.919696807861328
8;38.333015;-30.33301544189453
7;38.627655;-31.627655029296875
6;39.9691;-33.96910095214844
5;31.56567;-26.565670013427734
4;36.820942;-32.82094192504883
3;30.817259;-27.817258834838867
2;33.78963;-31.789630889892578
1;28.137041;-27.137041091918945
0;34.702236;-34.70223617553711
99;61.244972;37.755027770996094
98;82.37945;15.620552062988281
97;76.948326;20.051673889160156
96;85.87214;10.127861022949219
95;72.85748;22.14251708984375
94;87.433784;6.566215515136719
93;71.079124;21.920875549316406
92;86.13562;5.8643798828125
91;87.869774;3.1302261352539062
90;72.38815;17.611846923828125
89;60.01424;28.985759735107422
88;74.41569;13.584312438964844
87;63.235485;23.764514923095703
86;58.320274;27.679725646972656
85;56.516544;28.483455657958984
84;54.089115;29.910884857177734
83;65.131325;17.868675231933594
82;48.718964;33.281036376953125
81;64.569405;16.43059539794922
80;45.61034;34.3896598815918
79;42.334053;36.66594696044922
78;46.379757;31.620243072509766
77;50.23763;26.762371063232422
76;46.563187;29.436813354492188
75;40.86304;34.136959075927734
74;38.88738;35.11262130737305
73;56.000008;16.99999237060547
72;42.593655;29.40634536743164
71;49.51175;21.488250732421875
70;48.09437;21.905628204345703
69;47.25239;21.747608184814453
68;50.03606;17.963939666748047
67;43.110493;23.889507293701172
66;45.779064;20.220935821533203
65;52.117043;12.882957458496094
64;42.650703;21.34929656982422
63;38.297726;24.702274322509766
62;53.30878;8.691219329833984
61;48.98519;12.014808654785156
60;42.08814;17.911861419677734
59;47.735844;11.264156341552734
58;50.941254;7.058746337890625
57;52.6878;4.312198638916016
56;49.59203;6.407970428466797
55;55.118465;-0.11846542358398438
54;54.154293;-0.15429306030273438
53;43.09788;9.902118682861328
52;45.71806;6.281940460205078
51;46.052322;4.9476776123046875
50;47.102943;2.8970565795898438
49;53.0078;-4.007801055908203
48;48.770187;-0.7701873779296875
47;50.74153;-3.7415313720703125
46;52.794785;-6.7947845458984375
45;55.216396;-10.21639633178711
44;46.697014;-2.6970138549804688
43;45.78627;-2.7862701416015625
42;40.26265;1.7373504638671875
41;42.126534;-1.1265335083007812
40;46.252205;-6.252204895019531
39;42.90941;-3.9094085693359375
38;40.95909;-2.9590911865234375
37;44.117638;-7.117637634277344
36;40.73442;-4.7344207763671875
35;37.10448;-2.104480743408203
34;44.499344;-10.499343872070312
33;51.24489;-18.244888305664062
32;41.42526;-9.42525863647461
31;45.243626;-14.24362564086914
30;43.520023;-13.520023345947266
29;43.62099;-14.620990753173828
28;40.421345;-12.421344757080078
27;41.200245;-14.200244903564453
26;34.674015;-8.674015045166016
25;40.924088;-15.924087524414062
24;43.176373;-19.176372528076172
23;45.435513;-22.43551254272461
22;45.39093;-23.39093017578125
21;36.678444;-15.678443908691406
20;51.001633;-31.001632690429688
19;50.11353;-31.113529205322266
18;42.3935;-24.39350128173828
17;40.749615;-23.749614715576172
16;47.391087;-31.39108657836914
15;50.241974;-35.241973876953125
14;35.033096;-21.033096313476562
13;38.483887;-25.48388671875
12;40.034977;-28.034976959228516
11;42.975117;-31.975116729736328
10;31.979992;-21.979991912841797
9;38.984226;-29.98422622680664
8;55.729504;-47.7295036315918
7;44.29971;-37.29970932006836
6;49.988842;-43.98884201049805
5;49.13444;-44.13444137573242
4;38.284996;-34.284996032714844
3;40.294716;-37.294715881347656
2;38.413162;-36.41316223144531
1;39.345364;-38.34536361694336
0;50.034237;-50.034236907958984
74;87.31786;-13.317863464355469
73;92.49563;-19.495628356933594
72;80.46751;-8.467506408691406
71;92.31207;-21.31207275390625
70;78.92262;-8.922622680664062
69;78.22125;-9.22125244140625
68;88.38693;-20.386932373046875
67;87.97448;-20.97447967529297
66;80.86935;-14.869346618652344
65;69.03644;-4.03643798828125
64;78.91193;-14.91192626953125
63;81.471954;-18.471954345703125
62;85.03982;-23.039817810058594
61;67.04281;-6.042808532714844
60;51.800404;8.199596405029297
59;72.40938;-13.409378051757812
58;66.85363;-8.853630065917969
57;66.535995;-9.535995483398438
56;66.368996;-10.368995666503906
55;48.92893;6.071071624755859
54;41.56211;12.437889099121094
53;43.610237;9.389762878417969
52;39.039238;12.960762023925781
51;40.027687;10.972312927246094
50;42.466442;7.533557891845703
49;31.203127;17.796873092651367
48;38.642048;9.357952117919922
47;42.42202;4.577980041503906
46;43.657963;2.3420372009277344
45;46.35758;-1.3575782775878906
44;39.94864;4.051361083984375
43;44.53419;-1.5341911315917969
42;48.798267;-6.798267364501953
41;44.869297;-3.8692970275878906
40;42.9107;-2.9107017517089844
39;41.32546;-2.325458526611328
38;39.071312;-1.0713119506835938
37;41.13036;-4.130359649658203
36;40.384415;-4.3844146728515625
35;43.62179;-8.62179183959961
34;48.852062;-14.852062225341797
33;41.41723;-8.417228698730469
32;45.62807;-13.628070831298828
31;50.193745;-19.193744659423828
30;49.35996;-19.35995864868164
29;45.024826;-16.024826049804688
28;44.22115;-16.221149444580078
27;44.981503;-17.981502532958984
26;50.575417;-24.575416564941406
25;45.20035;-20.20035171508789
24;42.542088;-18.54208755493164
23;44.45106;-21.451061248779297
22;41.888622;-19.888622283935547
21;42.31435;-21.314350128173828
20;47.178238;-27.178237915039062
19;46.06269;-27.06269073486328
18;54.73563;-36.73563003540039
17;61.015488;-44.01548767089844
16;54.868843;-38.86884307861328
15;43.112328;-28.112327575683594
14;51.938396;-37.93839645385742
13;44.941635;-31.941635131835938
12;43.946632;-31.946632385253906
11;41.866306;-30.86630630493164
10;51.426823;-41.426822662353516
9;60.20997;-51.20996856689453
8;42.453686;-34.45368576049805
7;54.06252;-47.06251907348633
6;47.685863;-41.68586349487305
5;53.8323;-48.832298278808594
4;54.551033;-50.55103302001953
3;47.315826;-44.315826416015625
2;42.168438;-40.16843795776367
1;45.316906;-44.3169059753418
0;36.761505;-36.761505126953125
74;40.488533;33.51146697998047
73;45.12043;27.87957000732422
72;46.910004;25.089996337890625
71;42.31116;28.688838958740234
70;47.58942;22.410579681396484
69;49.424812;19.57518768310547
68;47.368988;20.631011962890625
67;45.777245;21.222755432128906
66;47.345154;18.65484619140625
65;44.184715;20.815284729003906
64;51.310177;12.689823150634766
63;38.72477;24.275230407714844
62;43.543438;18.456562042236328
61;45.43217;15.567829132080078
60;46.201454;13.798545837402344
59;56.675556;2.324443817138672
58;55.345856;2.654144287109375
57;56.543404;0.45659637451171875
56;53.455467;2.5445327758789062
55;48.90122;6.098781585693359
54;58.511402;-4.511402130126953
53;47.17829;5.821708679199219
52;56.21594;-4.215938568115234
51;54.889378;-3.8893775939941406
50;47.78734;2.2126617431640625
49;48.122833;0.877166748046875
48;43.564663;4.435337066650391
47;50.906097;-3.906097412109375
46;47.65173;-1.6517295837402344
45;48.904;-3.9039993286132812
44;56.93769;-12.937690734863281
43;50.11513;-7.115131378173828
42;49.01052;-7.010520935058594
41;49.31808;-8.31808090209961
40;51.65747;-11.657470703125
39;47.53471;-8.534709930419922
38;54.793762;-16.79376220703125
37;47.889942;-10.889942169189453
36;56.287426;-20.287425994873047
35;55.484783;-20.484783172607422
34;50.86199;-16.86199188232422
33;63.596157;-30.59615707397461
32;52.111732;-20.111732482910156
31;45.229076;-14.229076385498047
30;41.958035;-11.95803451538086
29;50.592377;-21.592376708984375
28;38.186176;-10.186176300048828
27;50.348736;-23.348735809326172
26;55.81238;-29.812381744384766
25;41.23582;-16.235820770263672
24;45.522156;-21.52215576171875
23;50.4245;-27.42449951171875
22;40.080784;-18.08078384399414
21;38.912014;-17.91201400756836
20;52.731194;-32.73119354248047
19;62.66411;-43.66410827636719
18;31.493578;-13.49357795715332
17;43.89955;-26.899551391601562
16;56.521065;-40.52106475830078
15;52.67723;-37.67723083496094
14;62.4851;-48.48509979248047
13;56.54327;-43.543270111083984
12;56.374374;-44.37437438964844
11;37.755836;-26.755836486816406
10;54.779648;-44.77964782714844
9;57.37507;-48.37506866455078
8;36.043358;-28.043357849121094
7;65.28755;-58.28755187988281
6;61.315853;-55.315853118896484
5;67.25465;-62.25464630126953
4;78.784035;-74.7840347290039
3;76.06167;-73.0616683959961
2;71.26133;-69.2613296508789
1;63.516865;-62.51686477661133
0;75.845665;-75.84566497802734
93;73.08797;19.912033081054688
92;92.5537;-0.5537033081054688
91;104.175316;-13.175315856933594
90;90.704865;-0.704864501953125
89;97.544136;-8.544136047363281
88;101.783066;-13.783065795898438
87;97.73802;-10.738021850585938
86;95.84671;-9.846710205078125
85;100.548454;-15.548454284667969
84;92.2914;-8.291397094726562
83;86.582886;-3.5828857421875
82;85.64934;-3.6493377685546875
81;90.32916;-9.32916259765625
80;86.84419;-6.8441925048828125
79;82.21201;-3.2120132446289062
78;86.362206;-8.362205505371094
77;83.44316;-6.4431610107421875
76;88.9427;-12.942703247070312
75;75.61079;-0.6107864379882812
74;44.869526;29.130474090576172
73;44.808887;28.191112518310547
72;47.362846;24.63715362548828
71;50.778908;20.221092224121094
70;52.101376;17.898624420166016
69;40.751236;28.248764038085938
68;54.023598;13.976402282714844
67;42.709957;24.290042877197266
66;46.742435;19.257564544677734
65;41.052116;23.94788360595703
64;40.69837;23.30162811279297
63;45.43834;17.561660766601562
62;45.77488;16.225120544433594
61;50.38084;10.619159698486328
60;44.260258;15.739742279052734
59;46.681187;12.31881332397461
58;50.811707;7.18829345703125
57;49.38735;7.612651824951172
56;53.516186;2.483814239501953
55;50.506916;4.493083953857422
54;56.670998;-2.6709976196289062
53;49.150658;3.8493423461914062
52;50.610703;1.3892974853515625
51;56.06151;-5.0615081787109375
50;62.201397;-12.201396942138672
49;65.83268;-16.832679748535156
48;62.88161;-14.881610870361328
47;57.717964;-10.717964172363281
46;58.85737;-12.857368469238281
45;62.498135;-17.49813461303711
44;53.81198;-9.811981201171875
43;57.11601;-14.116008758544922
42;51.29665;-9.296649932861328
41;52.785988;-11.785987854003906
40;47.761326;-7.761325836181641
39;42.03357;-3.0335693359375
38;47.498817;-9.498817443847656
37;44.560776;-7.5607757568359375
36;44.711163;-8.711162567138672
35;39.06092;-4.060920715332031
34;39.757343;-5.757343292236328
33;51.225136;-18.225135803222656
32;43.263805;-11.263805389404297
31;51.288292;-20.288291931152344
30;54.565006;-24.565006256103516
29;47.15542;-18.155418395996094
28;40.351265;-12.351264953613281
27;43.74107;-16.741069793701172
26;36.883244;-10.883243560791016
25;50.918304;-25.918304443359375
24;36.07551;-12.075508117675781
23;49.488922;-26.488922119140625
22;34.90884;-12.90884017944336
21;40.545856;-19.545856475830078
20;28.884604;-8.884603500366211
19;45.80439;-26.80438995361328
18;45.60521;-27.605209350585938
17;69.299736;-52.29973602294922
16;58.831184;-42.83118438720703
15;64.06731;-49.06730651855469
14;45.768387;-31.768386840820312
13;58.212997;-45.21299743652344
12;47.877094;-35.87709426879883
11;59.47395;-48.47394943237305
10;46.180782;-36.180782318115234
9;33.41072;-24.410720825195312
8;34.264233;-26.264232635498047
7;52.245808;-45.24580764770508
6;37.984493;-31.984493255615234
5;71.092575;-66.09257507324219
4;66.897156;-62.89715576171875
3;57.708855;-54.70885467529297
2;70.65025;-68.65025329589844
1;83.1597;-82.15969848632812
0;58.19661;-58.19660949707031
93;77.801895;15.198104858398438
92;89.33253;2.6674728393554688
91;88.27616;2.7238388061523438
90;92.120056;-2.12005615234375
89;94.47013;-5.470130920410156
88;98.85661;-10.856613159179688
87;89.97423;-2.9742279052734375
86;104.579254;-18.579254150390625
85;92.60717;-7.607170104980469
84;97.76657;-13.766571044921875
83;94.70518;-11.705177307128906
82;92.02902;-10.029022216796875
81;104.809525;-23.809524536132812
80;87.64563;-7.6456298828125
79;87.80563;-8.805633544921875
78;86.76058;-8.760581970214844
77;90.44368;-13.443679809570312
76;92.48035;-16.4803466796875
75;87.26053;-12.260528564453125
74;57.19386;16.806140899658203
73;61.375984;11.624015808105469
72;62.78393;9.216068267822266
71;53.3787;17.621299743652344
70;46.986015;23.01398468017578
69;45.01027;23.989730834960938
68;55.499237;12.500762939453125
67;49.897728;17.102272033691406
66;48.10417;17.895828247070312
65;48.026962;16.973037719726562
64;39.151455;24.84854507446289
63;45.05559;17.944408416748047
62;42.84176;19.158241271972656
61;36.442375;24.55762481689453
60;45.348763;14.651237487792969
59;41.07082;17.929180145263672
58;45.237286;12.762714385986328
57;41.997204;15.002796173095703
56;50.098755;5.9012451171875
55;44.575947;10.424053192138672
54;42.86272;11.137279510498047
53;45.037563;7.962436676025391
52;47.501724;4.4982757568359375
51;47.173466;3.8265342712402344
50;50.219936;-0.21993637084960938
49;47.025913;1.9740867614746094
48;47.931587;0.06841278076171875
47;52.238716;-5.238716125488281
46;51.6638;-5.663799285888672
45;50.74143;-5.741428375244141
44;52.41201;-8.412010192871094
43;47.29134;-4.291339874267578
42;44.225384;-2.225383758544922
41;39.226242;1.7737579345703125
40;41.194992;-1.1949920654296875
39;42.111923;-3.1119232177734375
38;35.92791;2.0720901489257812
37;39.497066;-2.4970664978027344
36;44.203102;-8.203102111816406
35;40.522038;-5.522037506103516
34;52.365517;-18.365516662597656
33;48.007996;-15.00799560546875
32;50.056732;-18.056732177734375
31;48.743446;-17.743446350097656
30;51.141964;-21.141963958740234
29;47.29756;-18.297561645507812
28;38.72557;-10.725570678710938
27;45.858253;-18.858253479003906
26;58.267128;-32.267127990722656
25;59.414745;-34.41474533081055
24;66.38181;-42.381813049316406
23;59.65242;-36.65242004394531
22;67.52382;-45.52381896972656
21;67.01597;-46.015968322753906
20;65.46163;-45.461631774902344
19;50.675438;-31.675437927246094
18;50.45383;-32.45383071899414
17;67.22303;-50.22303009033203
16;68.60334;-52.60334014892578
15;68.26252;-53.26251983642578
14;65.36197;-51.361968994140625
13;67.87567;-54.87567138671875
12;61.051018;-49.05101776123047
11;59.45382;-48.453819274902344
10;63.102688;-53.10268783569336
9;59.36791;-50.3679084777832
8;65.54297;-57.54296875
7;69.22186;-62.22186279296875
6;59.76834;-53.768341064453125
5;67.66426;-62.66426086425781
4;48.561657;-44.5616569519043
3;62.321095;-59.32109451293945
2;62.836548;-60.8365478515625
1;63.790516;-62.7905158996582
0;62.215076;-62.2150764465332
93;74.016624;18.983375549316406
92;95.38226;-3.38226318359375
91;100.88355;-9.883552551269531
90;93.81341;-3.8134078979492188
89;95.20135;-6.201347351074219
88;94.21985;-6.2198486328125
87;94.49812;-7.4981231689453125
86;91.35478;-5.3547821044921875
85;91.304756;-6.304756164550781
84;83.77302;0.22698211669921875
83;86.06993;-3.0699310302734375
82;82.74093;-0.7409286499023438
81;83.9172;-2.9171981811523438
80;86.964096;-6.9640960693359375
79;77.36943;1.6305694580078125
78;79.98553;-1.9855270385742188
77;76.51115;0.48885345458984375
76;78.812874;-2.8128738403320312
75;73.62144;1.3785629272460938
74;43.362007;30.63799285888672
73;50.69043;22.3095703125
72;50.475582;21.524417877197266
71;51.49101;19.508991241455078
70;49.985497;20.014503479003906
69;54.87256;14.12744140625
68;47.42276;20.577239990234375
67;46.30313;20.696868896484375
66;49.793476;16.206523895263672
65;46.258026;18.741973876953125
64;47.88202;16.11798095703125
63;53.138054;9.861946105957031
62;47.083015;14.916984558105469
61;55.82239;5.177608489990234
60;57.640747;2.3592529296875
59;44.648052;14.351947784423828
58;42.686108;15.313892364501953
57;47.893223;9.10677719116211
56;59.7991;-3.7990989685058594
55;56.188213;-1.1882133483886719
54;63.745102;-9.745101928710938
53;57.175774;-4.175773620605469
52;75.521454;-23.521453857421875
51;65.798996;-14.798995971679688
50;59.079453;-9.079452514648438
49;57.739433;-8.739433288574219
48;61.17374;-13.17374038696289
47;61.959232;-14.959232330322266
46;57.373936;-11.37393569946289
45;58.13227;-13.132270812988281
44;69.92258;-25.922576904296875
43;54.074562;-11.074562072753906
42;63.165295;-21.165294647216797
41;60.655087;-19.655086517333984
40;59.882748;-19.882747650146484
39;56.59265;-17.5926513671875
38;64.1031;-26.103103637695312
37;69.66345;-32.6634521484375
36;54.214024;-18.21402359008789
35;51.926586;-16.926586151123047
34;58.15986;-24.15985870361328
33;47.45007;-14.450069427490234
32;69.4649;-37.46489715576172
31;53.356136;-22.356136322021484
30;47.229477;-17.229476928710938
29;49.081852;-20.081851959228516
28;44.828907;-16.828907012939453
27;43.58778;-16.587779998779297
26;47.39761;-21.39760971069336
25;47.40429;-22.40428924560547
24;56.344936;-32.34493637084961
23;43.57073;-20.570728302001953
22;32.638645;-10.63864517211914
21;42.276226;-21.276226043701172
20;28.947136;-8.947135925292969
19;41.749916;-22.749916076660156
18;46.663315;-28.663314819335938
17;37.61668;-20.616680145263672
16;52.621826;-36.621826171875
15;53.193134;-38.19313430786133
14;55.932213;-41.932212829589844
13;50.253265;-37.253265380859375
12;48.719826;-36.719825744628906
11;54.275898;-43.27589797973633
10;51.33953;-41.33953094482422
9;45.8472;-36.847198486328125
8;50.319427;-42.319427490234375
7;55.787315;-48.787315368652344
6;57.29516;-51.29515838623047
5;59.084045;-54.08404541015625
4;56.436615;-52.436614990234375
3;65.13573;-62.13572692871094
2;59.65058;-57.65058135986328
1;63.552814;-62.55281448364258
0;78.6608;-78.66079711914062
123;77.158775;45.841224670410156
122;83.7184;38.28160095214844
121;90.43452;30.56548309326172
120;90.05711;29.942886352539062
119;89.96492;29.035079956054688
118;91.427734;26.572265625
117;103.67679;13.323211669921875
116;98.45609;17.543907165527344
115;109.42092;5.579078674316406
114;109.00709;4.992912292480469
113;99.61183;13.388168334960938
112;97.49094;14.509063720703125
111;107.27771;3.7222900390625
110;103.75063;6.249366760253906
109;95.72726;13.272743225097656
108;95.951996;12.048004150390625
107;95.281975;11.718025207519531
106;89.950516;16.049484252929688
105;83.32149;21.678512573242188
104;58.374832;45.62516784667969
103;55.006973;47.99302673339844
102;60.05411;41.94588851928711
101;59.931034;41.068965911865234
100;59.933243;40.06675720214844
99;51.750004;47.249996185302734
98;44.590366;53.40963363647461
97;53.546062;43.45393753051758
96;50.061398;45.938602447509766
95;47.20121;47.798789978027344
94;61.525425;32.47457504272461
93;57.166245;35.83375549316406
92;51.002747;40.99725341796875
91;56.148037;34.85196304321289
90;49.46485;40.53514862060547
89;43.086678;45.91332244873047
88;55.689274;32.310726165771484
87;47.09814;39.901859283447266
86;54.007473;31.99252700805664
85;43.980167;41.019832611083984
84;48.095325;35.9046745300293
83;48.485447;34.51455307006836
82;55.19176;26.808238983154297
81;50.638702;30.361297607421875
80;48.15846;31.841541290283203
79;48.912205;30.08779525756836
78;51.49731;26.502689361572266
77;49.095238;27.904762268066406
76;46.26435;29.73564910888672
75;51.51057;23.489429473876953
74;50.891525;23.108474731445312
73;56.111862;16.888137817382812
72;41.986935;30.013065338134766
71;42.19397;28.8060302734375
70;42.825867;27.17413330078125
69;40.914185;28.0858154296875
68;51.783863;16.216136932373047
67;44.73924;22.260761260986328
66;38.135384;27.86461639404297
65;43.97105;21.028949737548828
64;45.21161;18.78839111328125
63;40.78759;22.21240997314453
62;42.86287;19.137130737304688
61;45.551456;15.448543548583984
60;36.310593;23.689407348632812
59;36.239624;22.7603759765625
58;41.196384;16.80361557006836
57;27.599876;29.400123596191406
56;39.948715;16.051284790039062
55;30.614779;24.385221481323242
54;31.825169;22.17483139038086
53;47.38491;5.615089416503906
52;64.49103;-12.49102783203125
51;74.04555;-23.045547485351562
50;59.28547;-9.285469055175781
49;54.328743;-5.328742980957031
48;52.23338;-4.233379364013672
47;58.819454;-11.819454193115234
46;79.85853;-33.85852813720703
45;56.242016;-11.242015838623047
44;55.65715;-11.657150268554688
43;48.389626;-5.389625549316406
42;83.62774;-41.62773895263672
41;52.511616;-11.511615753173828
40;70.93505;-30.93505096435547
39;84.920845;-45.92084503173828
38;60.973038;-22.973037719726562
37;66.24534;-29.245338439941406
36;65.438286;-29.43828582763672
35;70.774994;-35.774993896484375
34;83.50949;-49.509490966796875
33;80.050804;-47.050804138183594
32;79.1611;-47.161102294921875
31;56.813717;-25.813716888427734
30;77.5098;-47.509803771972656
29;74.406105;-45.406105041503906
28;74.859245;-46.85924530029297
27;69.29758;-42.297576904296875
26;73.77561;-47.775611877441406
25;71.13254;-46.132537841796875
24;82.40236;-58.40235900878906
23;69.6782;-46.678199768066406
22;86.8357;-64.83570098876953
21;85.63929;-64.63928985595703
20;82.62417;-62.624168395996094
19;83.321045;-64.321044921875
18;90.46787;-72.4678726196289
17;88.84071;-71.84071350097656
16;91.34158;-75.34158325195312
15;83.633934;-68.6339340209961
14;85.22392;-71.22392272949219
13;101.81415;-88.81414794921875
12;94.76108;-82.76107788085938
11;109.66891;-98.66890716552734
10;100.58304;-90.58303833007812
9;104.80557;-95.80557250976562
8;88.927345;-80.9273452758789
7;89.71868;-82.71868133544922
6;97.27447;-91.27446746826172
5;105.39182;-100.3918228149414
4;100.97256;-96.9725570678711
3;92.568596;-89.56859588623047
2;73.14834;-71.1483383178711
1;80.66248;-79.66248321533203
0;76.033066;-76.03306579589844
94;41.382336;52.6176643371582
93;42.48428;50.51572036743164
92;44.15162;47.84838104248047
91;53.2573;37.742698669433594
90;40.969185;49.03081512451172
89;34.094578;54.90542221069336
88;35.507767;52.49223327636719
87;38.178654;48.821346282958984
86;46.56856;39.43143844604492
85;47.90278;37.09722137451172
84;43.5068;40.49319839477539
83;61.154068;21.845932006835938
82;45.081566;36.918434143066406
81;42.144257;38.855743408203125
80;59.12999;20.870010375976562
79;43.621513;35.37848663330078
78;47.065773;30.934226989746094
77;44.588055;32.41194534301758
76;43.421204;32.57879638671875
75;44.583416;30.416584014892578
74;54.4934;19.50659942626953
73;57.267265;15.732734680175781
72;53.32924;18.670761108398438
71;48.70144;22.298561096191406
70;57.099506;12.900493621826172
69;55.526817;13.473182678222656
68;54.604607;13.395393371582031
67;55.26772;11.732280731201172
66;61.0529;4.947101593017578
65;64.75929;0.2407073974609375
64;63.32519;0.6748085021972656
63;57.61411;5.385890960693359
62;69.014206;-7.0142059326171875
61;64.56663;-3.5666275024414062
60;66.583466;-6.583465576171875
59;62.262592;-3.262592315673828
58;62.723293;-4.723293304443359
57;60.228252;-3.228252410888672
56;68.86864;-12.868637084960938
55;65.395996;-10.39599609375
54;60.343113;-6.343112945556641
53;66.78897;-13.788970947265625
52;76.294716;-24.294715881347656
51;66.60324;-15.603240966796875
50;78.33626;-28.336257934570312
49;69.524025;-20.524024963378906
48;69.032585;-21.03258514404297
47;74.154816;-27.154815673828125
46;74.01973;-28.019729614257812
45;69.43977;-24.439773559570312
44;65.707436;-21.707435607910156
43;76.89365;-33.893646240234375
42;71.23645;-29.2364501953125
41;67.913185;-26.913185119628906
40;89.92531;-49.92530822753906
39;55.525703;-16.52570343017578
38;86.04296;-48.04296112060547
37;71.64891;-34.64891052246094
36;80.28256;-44.282562255859375
35;76.45977;-41.45977020263672
34;79.897804;-45.897804260253906
33;84.10932;-51.10932159423828
32;77.64399;-45.64398956298828
31;77.57498;-46.574981689453125
30;52.856937;-22.856937408447266
29;59.585426;-30.585426330566406
28;66.759964;-38.75996398925781
27;66.5218;-39.52179718017578
26;62.352024;-36.35202407836914
25;54.854393;-29.854393005371094
24;63.62099;-39.62099075317383
23;55.47206;-32.47206115722656
22;57.07607;-35.07606887817383
21;56.38361;-35.383609771728516
20;54.190872;-34.19087219238281
19;55.314995;-36.31499481201172
18;58.781616;-40.7816162109375
17;58.51632;-41.516319274902344
16;62.845627;-46.84562683105469
15;57.543;-42.542999267578125
14;60.319954;-46.31995391845703
13;57.236187;-44.23618698120117
12;59.587162;-47.587162017822266
11;54.43396;-43.4339599609375
10;51.761917;-41.76191711425781
9;56.988754;-47.98875427246094
8;56.36168;-48.36167907714844
7;51.66419;-44.664188385009766
6;43.843273;-37.8432731628418
5;49.396244;-44.396244049072266
4;45.840164;-41.84016418457031
3;45.860634;-42.860633850097656
2;48.58139;-46.581390380859375
1;49.754517;-48.7545166015625
0;49.246044;-49.24604415893555
99;79.88003;19.119972229003906
98;81.252785;16.747215270996094
97;89.71599;7.2840118408203125
96;88.53609;7.4639129638671875
95;85.77356;9.2264404296875
94;90.65835;3.3416519165039062
93;88.25071;4.749290466308594
92;88.06675;3.9332504272460938
91;87.02107;3.9789276123046875
90;91.87168;-1.8716812133789062
89;87.55519;1.4448089599609375
88;75.636505;12.363494873046875
87;68.67997;18.320030212402344
86;77.09298;8.907020568847656
85;78.97561;6.024391174316406
84;60.52252;23.477481842041016
83;68.862854;14.13714599609375
82;51.35591;30.644088745117188
81;51.07787;29.922130584716797
80;24.844997;55.15500259399414
79;16.836746;62.16325378417969
78;23.696915;54.30308532714844
77;29.865059;47.13494110107422
76;21.484936;54.51506423950195
75;30.193327;44.80667304992676
74;27.568102;46.43189811706543
73;32.838238;40.16176223754883
72;27.627756;44.372243881225586
71;29.689512;41.31048774719238
70;35.408783;34.591217041015625
69;43.371483;25.628517150878906
68;30.876238;37.123762130737305
67;40.275536;26.724464416503906
66;37.524258;28.47574234008789
65;45.23547;19.764530181884766
64;38.64683;25.353168487548828
63;33.95908;29.04092025756836
62;51.06045;10.93954849243164
61;62.602203;-1.602203369140625
60;39.14505;20.854949951171875
59;53.011745;5.988254547119141
58;37.04818;20.951820373535156
57;43.883617;13.116382598876953
56;57.61365;-1.6136512756347656
55;44.32309;10.676910400390625
54;56.328156;-2.328155517578125
53;51.975353;1.0246467590332031
52;62.8119;-10.811901092529297
51;59.366776;-8.366775512695312
50;52.81529;-2.815288543701172
49;61.00463;-12.004631042480469
48;57.829678;-9.82967758178711
47;63.31941;-16.319408416748047
46;60.808777;-14.80877685546875
45;66.87711;-21.877113342285156
44;60.985355;-16.985355377197266
43;68.07358;-25.073577880859375
42;61.949844;-19.949844360351562
41;58.235172;-17.235172271728516
40;59.104576;-19.104576110839844
39;63.50854;-24.508541107177734
38;60.021427;-22.021427154541016
37;62.984505;-25.98450469970703
36;62.25988;-26.25988006591797
35;64.23949;-29.239486694335938
34;62.942074;-28.942073822021484
33;62.290268;-29.290267944335938
32;63.209255;-31.20925521850586
31;67.745636;-36.745635986328125
30;67.83911;-37.839111328125
29;66.07247;-37.072471618652344
28;60.800232;-32.80023193359375
27;64.808136;-37.808135986328125
26;64.56802;-38.568023681640625
25;65.342316;-40.342315673828125
24;68.304596;-44.304595947265625
23;58.282005;-35.282005310058594
22;69.92654;-47.926536560058594
21;57.163242;-36.16324234008789
20;56.746376;-36.746376037597656
19;65.417656;-46.41765594482422
18;60.047092;-42.04709243774414
17;70.519775;-53.519775390625
16;53.39768;-37.39767837524414
15;63.43907;-48.43907165527344
14;57.415382;-43.415382385253906
13;57.178104;-44.178104400634766
12;61.08137;-49.08137130737305
11;58.850235;-47.85023498535156
10;62.232624;-52.23262405395508
9;61.46981;-52.469810485839844
8;57.53443;-49.53443145751953
7;60.624405;-53.62440490722656
6;56.90561;-50.905609130859375
5;67.496735;-62.496734619140625
4;67.51305;-63.51304626464844
3;54.938995;-51.938995361328125
2;59.653736;-57.65373611450195
1;57.05732;-56.05731964111328
0;55.447483;-55.44748306274414
99;108.40813;-9.408126831054688
98;117.1192;-19.11920166015625
97;99.91789;-2.9178924560546875
96;92.75707;3.2429275512695312
95;94.73721;0.262786865234375
94;83.539246;10.46075439453125
93;93.40168;-0.40167999267578125
92;88.732376;3.2676239013671875
91;88.131294;2.8687057495117188
90;88.508095;1.4919052124023438
89;75.7705;13.229499816894531
88;98.05916;-10.059158325195312
87;83.93615;3.0638504028320312
86;81.386536;4.61346435546875
85;81.452835;3.5471649169921875
84;60.591248;23.40875244140625
83;70.35106;12.648941040039062
82;55.752644;26.247356414794922
81;48.120792;32.879207611083984
80;26.692202;53.30779838562012
79;22.50819;56.4918098449707
78;42.30061;35.69939041137695
77;27.763884;49.23611640930176
76;31.762018;44.23798179626465
75;38.221943;36.77805709838867
74;40.194008;33.805992126464844
73;33.51586;39.48413848876953
72;28.554216;43.445783615112305
71;47.197575;23.802425384521484
70;37.15129;32.84870910644531
69;33.031784;35.96821594238281
68;31.90629;36.09370994567871
67;30.330479;36.66952133178711
66;36.13125;29.868751525878906
65;49.694813;15.305187225341797
64;57.579407;6.42059326171875
63;40.893967;22.106033325195312
62;44.052494;17.947505950927734
61;37.600735;23.39926528930664
60;47.462524;12.5374755859375
59;51.282463;7.717536926269531
58;39.22825;18.771751403808594
57;46.220604;10.779396057128906
56;57.240723;-1.24072265625
55;53.51291;1.487091064453125
54;58.641598;-4.641597747802734
53;62.650585;-9.650585174560547
52;64.19623;-12.19622802734375
51;68.180595;-17.18059539794922
50;66.24629;-16.246292114257812
49;61.54432;-12.544319152832031
48;64.68894;-16.688941955566406
47;65.99182;-18.9918212890625
46;65.98318;-19.983177185058594
45;63.46073;-18.460731506347656
44;65.97823;-21.978233337402344
43;64.251625;-21.251625061035156
42;58.74272;-16.742721557617188
41;55.151527;-14.151527404785156
40;68.573074;-28.573074340820312
39;66.78344;-27.78343963623047
38;56.70954;-18.70954132080078
37;65.73291;-28.73291015625
36;54.932247;-18.932247161865234
35;57.334393;-22.334392547607422
34;54.98164;-20.981639862060547
33;63.11173;-30.11172866821289
32;53.64698;-21.64698028564453
31;53.23555;-22.235549926757812
30;58.205273;-28.205272674560547
29;59.114735;-30.114734649658203
28;58.30347;-30.303470611572266
27;65.69941;-38.69940948486328
26;90.90323;-64.90322875976562
25;61.27174;-36.2717399597168
24;61.8856;-37.88560104370117
23;75.63362;-52.63362121582031
22;69.17413;-47.17413330078125
21;60.75035;-39.75035095214844
20;60.29586;-40.295860290527344
19;68.2696;-49.26959991455078
18;67.45614;-49.456138610839844
17;61.831604;-44.83160400390625
16;69.27481;-53.274810791015625
15;62.38629;-47.38629150390625
14;63.07705;-49.077049255371094
13;59.208477;-46.20847702026367
12;63.395508;-51.3955078125
11;59.331024;-48.331024169921875
10;63.918743;-53.91874313354492
9;57.548134;-48.548133850097656
8;62.220516;-54.220516204833984
7;53.611427;-46.611427307128906
6;57.952175;-51.95217514038086
5;53.8686;-48.86859893798828
4;54.851734;-50.85173416137695
3;51.392616;-48.392616271972656
2;49.83446;-47.8344612121582
1;48.14591;-47.14590835571289
0;54.667007;-54.66700744628906
99;70.77479;28.22521209716797
98;86.180534;11.819465637207031
97;91.04168;5.958320617675781
96;94.002304;1.9976959228515625
95;84.41127;10.588729858398438
94;92.36134;1.6386566162109375
93;98.53524;-5.535240173339844
92;87.19969;4.8003082275390625
91;90.11554;0.88446044921875
90;82.197014;7.802986145019531
89;86.29588;2.7041168212890625
88;81.61551;6.384490966796875
87;96.81165;-9.811653137207031
86;88.09841;-2.0984115600585938
85;81.50731;3.4926910400390625
84;79.31871;4.6812896728515625
83;77.7264;5.273597717285156
82;62.22577;19.77423095703125
81;53.899746;27.10025405883789
80;34.92224;45.0777587890625
79;36.022213;42.977787017822266
78;42.685078;35.31492233276367
77;33.128704;43.87129592895508
76;42.58508;33.414920806884766
75;45.837463;29.16253662109375
74;27.203196;46.796804428100586
73;44.793682;28.206317901611328
72;17.993303;54.006696701049805
71;17.701984;53.29801559448242
70;24.202082;45.79791831970215
69;16.851881;52.14811897277832
68;28.214947;39.78505325317383
67;23.107008;43.89299201965332
66;25.779367;40.220632553100586
65;33.95474;31.04526138305664
64;39.838596;24.16140365600586
63;37.949337;25.050662994384766
62;38.960754;23.03924560546875
61;66.76417;-5.764167785644531
60;57.019024;2.980976104736328
59;62.626926;-3.6269264221191406
58;65.773605;-7.7736053466796875
57;56.66264;0.3373603820800781
56;55.81224;0.1877593994140625
55;53.84935;1.1506500244140625
54;66.65466;-12.6546630859375
53;58.314102;-5.3141021728515625
52;77.27214;-25.272140502929688
51;65.18444;-14.184440612792969
50;75.706276;-25.706275939941406
49;68.470825;-19.4708251953125
48;71.33032;-23.330322265625
47;70.06443;-23.064430236816406
46;56.51095;-10.510948181152344
45;56.489235;-11.489234924316406
44;65.10257;-21.102569580078125
43;59.008293;-16.00829315185547
42;59.226128;-17.22612762451172
41;63.638187;-22.638187408447266
40;63.443996;-23.44399642944336
39;62.228127;-23.228126525878906
38;59.251987;-21.25198745727539
37;60.723473;-23.723472595214844
36;59.934742;-23.934741973876953
35;51.477062;-16.477062225341797
34;59.824425;-25.824424743652344
33;53.32026;-20.32025909423828
32;57.763794;-25.7637939453125
31;61.67846;-30.67845916748047
30;59.209408;-29.209407806396484
29;62.095875;-33.09587478637695
28;62.092632;-34.09263229370117
27;61.150265;-34.150264739990234
26;64.92196;-38.921958923339844
25;60.470154;-35.47015380859375
24;64.09551;-40.09551239013672
23;58.039932;-35.03993225097656
22;62.44775;-40.447750091552734
21;61.724426;-40.72442626953125
20;59.276024;-39.276023864746094
19;57.397186;-38.397186279296875
18;54.989147;-36.9891471862793
17;55.21461;-38.2146110534668
16;54.22228;-38.2222785949707
15;53.848537;-38.84853744506836
14;53.761436;-39.761436462402344
13;57.002327;-44.00232696533203
12;65.70575;-53.70574951171875
11;56.84543;-45.845428466796875
10;52.87757;-42.87757110595703
9;54.394836;-45.39483642578125
8;56.726357;-48.726356506347656
7;57.58524;-50.58523941040039
6;58.302742;-52.30274200439453
5;56.91312;-51.91312026977539
4;52.92943;-48.92942810058594
3;60.048477;-57.04847717285156
2;63.74164;-61.74163818359375
1;54.10362;-53.10361862182617
0;60.369423;-60.369422912597656
85;94.4161;-9.416099548339844
84;101.83967;-17.83966827392578
83;91.06031;-8.060310363769531
82;94.09579;-12.095787048339844
81;92.80779;-11.807792663574219
80;99.09908;-19.099082946777344
79;90.68285;-11.682853698730469
78;83.30238;-5.3023834228515625
77;87.82223;-10.822227478027344
76;89.4152;-13.415199279785156
75;84.94108;-9.941078186035156
74;84.01956;-10.019561767578125
73;75.960526;-2.9605255126953125
72;76.93401;-4.934013366699219
71;80.76954;-9.769538879394531
70;74.76021;-4.7602081298828125
69;66.02773;2.9722671508789062
68;62.21202;5.7879791259765625
67;53.392277;13.607723236083984
66;32.757435;33.2425651550293
65;35.616142;29.38385772705078
64;29.285372;34.71462821960449
63;41.656616;21.3433837890625
62;45.452583;16.54741668701172
61;39.053432;21.94656753540039
60;27.754019;32.245981216430664
59;29.527868;29.472131729125977
58;36.947918;21.052082061767578
57;42.102955;14.897045135498047
56;27.455978;28.544021606445312
55;27.840027;27.15997314453125
54;35.4217;18.57830047607422
53;44.639103;8.360897064208984
52;38.43411;13.56589126586914
51;37.12868;13.871318817138672
50;35.942696;14.057304382324219
49;40.269733;8.730266571044922
48;43.58405;4.415950775146484
47;44.51849;2.4815101623535156
46;47.6723;-1.6722984313964844
45;53.50894;-8.508941650390625
44;50.821938;-6.821937561035156
43;58.316006;-15.31600570678711
42;46.73282;-4.732818603515625
41;52.079422;-11.079421997070312
40;60.122005;-20.122005462646484
39;52.85189;-13.851890563964844
38;57.21357;-19.21356964111328
37;58.471153;-21.471153259277344
36;60.027798;-24.02779769897461
35;54.862274;-19.862274169921875
34;58.880234;-24.880233764648438
33;55.582184;-22.582183837890625
32;57.384743;-25.384742736816406
31;59.862885;-28.862884521484375
30;63.04172;-33.04172134399414
29;62.774277;-33.77427673339844
28;62.065895;-34.065895080566406
27;63.75796;-36.75796127319336
26;64.19362;-38.19361877441406
25;60.19326;-35.193260192871094
24;64.53629;-40.536293029785156
23;59.803764;-36.80376434326172
22;61.351086;-39.3510856628418
21;60.388477;-39.38847732543945
20;59.262135;-39.26213455200195
19;59.46545;-40.465450286865234
18;61.069748;-43.06974792480469
17;67.17186;-50.17185974121094
16;63.050137;-47.05013656616211
15;64.44397;-49.4439697265625
14;61.567924;-47.56792449951172
13;73.24497;-60.244972229003906
12;73.58906;-61.58905792236328
11;59.56232;-48.562320709228516
10;66.89163;-56.891632080078125
9;62.76592;-53.76591873168945
8;68.05308;-60.053077697753906
7;63.160076;-56.16007614135742
6;56.026474;-50.02647399902344
5;52.59972;-47.5997200012207
4;57.88672;-53.88671875
3;64.68744;-61.68743896484375
2;59.292297;-57.29229736328125
1;55.426483;-54.426483154296875
0;58.776577;-58.77657699584961
