Real;Predicted;Error
94;47.647076;46.35292434692383
93;39.285725;53.71427536010742
92;36.31243;55.68756866455078
91;32.83409;58.16590881347656
90;46.565006;43.434993743896484
89;42.781445;46.21855545043945
88;40.970783;47.02921676635742
87;49.943554;37.05644607543945
86;47.35645;38.643550872802734
85;47.069202;37.9307975769043
84;47.5207;36.47930145263672
83;49.15289;33.847110748291016
82;47.234684;34.765316009521484
81;45.52215;35.47785186767578
80;42.589542;37.410457611083984
79;40.6301;38.36989974975586
78;41.582428;36.417572021484375
77;44.529278;32.47072219848633
76;35.733395;40.266605377197266
75;43.473026;31.526973724365234
74;38.545048;35.454952239990234
73;43.733368;29.266632080078125
72;50.618053;21.381946563720703
71;46.728977;24.27102279663086
70;44.394222;25.605777740478516
69;48.99098;20.009021759033203
68;48.74005;19.25994873046875
67;41.314636;25.68536376953125
66;36.681385;29.318614959716797
65;37.172504;27.827495574951172
64;36.823513;27.17648696899414
63;43.641495;19.358505249023438
62;43.394062;18.605937957763672
61;37.927982;23.072017669677734
60;40.424805;19.5751953125
59;38.073112;20.92688751220703
58;40.312675;17.68732452392578
57;47.078903;9.921096801757812
56;41.08025;14.919750213623047
55;40.327785;14.67221450805664
54;43.943596;10.056404113769531
53;43.63547;9.36452865600586
52;46.433987;5.566013336181641
51;46.626644;4.373355865478516
50;39.452953;10.547046661376953
49;47.10355;1.8964500427246094
48;46.74349;1.2565116882324219
47;45.030552;1.9694480895996094
46;43.244106;2.7558937072753906
45;44.59039;0.4096107482910156
44;40.35809;3.6419105529785156
43;41.50478;1.4952201843261719
42;36.081802;5.9181976318359375
41;42.839687;-1.8396873474121094
40;40.586502;-0.5865020751953125
39;34.14859;4.851409912109375
38;33.797417;4.202583312988281
37;36.30968;0.6903190612792969
36;33.029457;2.9705429077148438
35;30.731676;4.26832389831543
34;33.181183;0.818817138671875
33;36.706818;-3.706817626953125
32;36.317204;-4.317203521728516
31;40.54675;-9.546749114990234
30;30.301142;-0.30114173889160156
29;38.509758;-9.509757995605469
28;36.828545;-8.828544616699219
27;25.550364;1.449636459350586
26;28.063314;-2.063314437866211
25;36.643436;-11.643436431884766
24;28.219559;-4.2195587158203125
23;38.915646;-15.915645599365234
22;37.77404;-15.774040222167969
21;30.294804;-9.294803619384766
20;42.596912;-22.596912384033203
19;33.225117;-14.225116729736328
18;35.270134;-17.27013397216797
17;53.984787;-36.98478698730469
16;43.90855;-27.908550262451172
15;43.104786;-28.104785919189453
14;44.592968;-30.592967987060547
13;38.568535;-25.56853485107422
12;42.96176;-30.961761474609375
11;40.28555;-29.28554916381836
10;39.464203;-29.464202880859375
9;49.27744;-40.27743911743164
8;45.757748;-37.757747650146484
7;40.435005;-33.43500518798828
6;43.755543;-37.75554275512695
5;32.60275;-27.60274887084961
4;32.256607;-28.256607055664062
3;38.22939;-35.22938919067383
2;43.13194;-41.13193893432617
1;40.16905;-39.16904830932617
0;39.13692;-39.13692092895508
99;59.606407;39.393592834472656
98;67.59894;30.40106201171875
97;66.396484;30.603515625
96;71.843185;24.156814575195312
95;66.88839;28.111610412597656
94;67.500786;26.49921417236328
93;70.33524;22.664756774902344
92;61.249813;30.750186920166016
91;64.39185;26.60814666748047
90;63.23517;26.76483154296875
89;64.04861;24.951393127441406
88;65.68761;22.312393188476562
87;62.010754;24.989246368408203
86;56.241917;29.75808334350586
85;58.68761;26.312389373779297
84;57.359432;26.640567779541016
83;53.564854;29.43514633178711
82;54.553417;27.446582794189453
81;52.735767;28.264232635498047
80;53.126102;26.873897552490234
79;52.48057;26.519428253173828
78;51.50485;26.49515151977539
77;53.362354;23.637645721435547
76;51.40371;24.596290588378906
75;54.82324;20.176761627197266
74;50.166348;23.83365249633789
73;50.23146;22.768539428710938
72;46.22413;25.77587127685547
71;40.200523;30.799476623535156
70;36.793922;33.206077575683594
69;34.900135;34.0998649597168
68;33.295433;34.704566955566406
67;26.451868;40.54813194274902
66;26.633198;39.36680221557617
65;40.4304;24.569599151611328
64;37.337147;26.662853240966797
63;27.892601;35.107398986816406
62;31.503046;30.4969539642334
61;26.684633;34.31536674499512
60;29.063631;30.936368942260742
59;31.424307;27.575693130493164
58;28.81331;29.186689376831055
57;31.209715;25.790285110473633
56;26.605158;29.39484214782715
55;38.089676;16.910324096679688
54;32.377583;21.622417449951172
53;33.408936;19.591064453125
52;32.91002;19.089981079101562
51;28.190493;22.809507369995117
50;28.85464;21.145360946655273
49;38.006516;10.993484497070312
48;28.274035;19.72596549987793
47;30.28847;16.711530685424805
46;32.733814;13.266185760498047
45;26.92453;18.075469970703125
44;27.968601;16.03139877319336
43;31.423548;11.576452255249023
42;26.81249;15.187509536743164
41;34.32184;6.67816162109375
40;32.393852;7.606147766113281
39;26.17502;12.824979782104492
38;33.303535;4.696464538574219
37;27.320955;9.679044723510742
36;30.8595;5.140499114990234
35;25.275133;9.72486686706543
34;23.170927;10.829072952270508
33;28.756304;4.243696212768555
32;25.725794;6.274206161499023
31;26.249882;4.750118255615234
30;25.423386;4.5766143798828125
29;26.649889;2.3501110076904297
28;27.333805;0.6661949157714844
27;26.936672;0.06332778930664062
26;33.599625;-7.5996246337890625
25;33.395546;-8.395545959472656
24;32.7958;-8.795799255371094
23;32.04139;-9.041389465332031
22;37.749596;-15.749595642089844
21;28.50173;-7.501729965209961
20;34.174404;-14.17440414428711
19;39.845596;-20.845596313476562
18;35.511723;-17.511722564697266
17;31.693903;-14.693902969360352
16;33.011093;-17.011093139648438
15;29.855516;-14.85551643371582
14;25.755194;-11.755193710327148
13;32.751244;-19.751243591308594
12;34.430954;-22.430953979492188
11;37.31331;-26.313308715820312
10;42.974117;-32.974117279052734
9;37.228035;-28.22803497314453
8;38.824265;-30.824264526367188
7;37.47269;-30.47269058227539
6;44.788456;-38.788455963134766
5;37.309006;-32.30900573730469
4;42.86964;-38.8696403503418
3;43.795002;-40.79500198364258
2;38.37569;-36.37569046020508
1;40.42491;-39.42491149902344
0;35.90361;-35.90361022949219
99;50.441364;48.55863571166992
98;56.851727;41.14827346801758
97;60.378914;36.62108612060547
96;65.323975;30.676025390625
95;58.05475;36.94525146484375
94;54.85609;39.1439094543457
93;47.32549;45.67451095581055
92;52.493023;39.50697708129883
91;50.547276;40.45272445678711
90;49.303154;40.69684600830078
89;52.65057;36.349430084228516
88;49.998882;38.00111770629883
87;50.41894;36.581058502197266
86;45.511482;40.48851776123047
85;51.37811;33.621891021728516
84;57.76851;26.231491088867188
83;55.17463;27.82537078857422
82;46.52382;35.47618103027344
81;51.8454;29.154598236083984
80;47.35822;32.641780853271484
79;46.120697;32.879302978515625
78;50.445904;27.554096221923828
77;40.864388;36.13561248779297
76;48.65249;27.347511291503906
75;36.60763;38.39236831665039
74;41.841835;32.158164978027344
73;52.193073;20.806926727294922
72;42.686134;29.313865661621094
71;59.038322;11.961677551269531
70;41.554813;28.445186614990234
69;40.818714;28.181285858154297
68;28.008965;39.99103546142578
67;30.936266;36.06373405456543
66;38.118744;27.881256103515625
65;47.92037;17.079631805419922
64;35.997204;28.002796173095703
63;42.302296;20.697704315185547
62;42.01967;19.980331420898438
61;34.268757;26.731243133544922
60;37.07412;22.925880432128906
59;27.061476;31.93852424621582
58;26.508078;31.49192237854004
57;32.63948;24.360519409179688
56;22.745268;33.25473213195801
55;29.764881;25.235118865966797
54;31.130028;22.869972229003906
53;31.971228;21.028772354125977
52;37.47292;14.527080535888672
51;33.60009;17.39990997314453
50;32.3668;17.633201599121094
49;30.105572;18.894428253173828
48;32.02442;15.975578308105469
47;35.824604;11.175395965576172
46;35.10644;10.893558502197266
45;28.571459;16.42854118347168
44;24.461535;19.53846549987793
43;24.143522;18.856477737426758
42;20.526905;21.473094940185547
41;25.821737;15.178262710571289
40;26.471891;13.528108596801758
39;27.133371;11.866628646850586
38;32.148033;5.851966857910156
37;30.33246;6.667539596557617
36;36.433147;-0.4331474304199219
35;31.598696;3.401304244995117
34;32.01252;1.9874801635742188
33;24.059288;8.940711975097656
32;32.206276;-0.20627593994140625
31;26.95282;4.04718017578125
30;28.702051;1.2979488372802734
29;37.433502;-8.433502197265625
28;25.36429;2.635709762573242
27;28.721148;-1.7211475372314453
26;33.889698;-7.889698028564453
25;58.583347;-33.58334732055664
24;24.042034;-0.042034149169921875
23;33.54202;-10.54201889038086
22;31.909662;-9.909662246704102
21;39.084415;-18.084415435791016
20;28.194101;-8.194101333618164
19;23.040588;-4.04058837890625
18;36.202763;-18.202762603759766
17;26.193426;-9.193426132202148
16;31.254465;-15.254465103149414
15;45.301067;-30.301067352294922
14;40.22672;-26.22671890258789
13;42.725853;-29.725852966308594
12;29.99426;-17.994260787963867
11;26.565775;-15.565774917602539
10;31.892698;-21.892698287963867
9;41.325756;-32.32575607299805
8;46.29266;-38.292659759521484
7;48.058994;-41.05899429321289
6;31.573973;-25.573972702026367
5;33.398983;-28.398983001708984
4;36.65164;-32.651641845703125
3;35.382397;-32.38239669799805
2;42.474213;-40.474212646484375
1;36.086464;-35.086463928222656
0;41.411457;-41.41145706176758
99;55.605824;43.3941764831543
98;76.28203;21.717971801757812
97;74.22854;22.771461486816406
96;78.00462;17.995376586914062
95;68.22479;26.77520751953125
94;94.6407;-0.6407012939453125
93;68.970345;24.02965545654297
92;76.49261;15.507392883300781
91;80.33961;10.660392761230469
90;65.89528;24.104721069335938
89;74.21851;14.781486511230469
88;60.308228;27.6917724609375
87;60.44914;26.550861358642578
86;70.83365;15.166351318359375
85;93.40114;-8.401138305664062
84;89.18273;-5.182731628417969
83;71.6141;11.385902404785156
82;72.58425;9.415748596191406
81;64.22034;16.7796630859375
80;66.876465;13.12353515625
79;72.74306;6.2569427490234375
78;65.05007;12.949928283691406
77;77.101326;-0.10132598876953125
76;79.005135;-3.0051345825195312
75;64.25562;10.744377136230469
74;92.19147;-18.19146728515625
73;66.64944;6.350563049316406
72;79.47205;-7.472053527832031
71;67.22477;3.7752304077148438
70;63.40939;6.590610504150391
69;55.56894;13.431060791015625
68;85.63118;-17.631179809570312
67;60.811775;6.188224792480469
66;75.65397;-9.653968811035156
65;46.365475;18.634525299072266
64;35.607883;28.39211654663086
63;58.42869;4.571308135986328
62;68.655;-6.654998779296875
61;62.01212;-1.0121192932128906
60;42.556263;17.443737030029297
59;94.997246;-35.99724578857422
58;42.506947;15.493053436279297
57;70.633965;-13.633964538574219
56;49.54036;6.4596405029296875
55;66.24574;-11.245742797851562
54;61.570972;-7.570972442626953
53;76.29423;-23.294227600097656
52;75.515976;-23.515975952148438
51;64.38922;-13.38922119140625
50;61.022804;-11.022804260253906
49;91.73293;-42.732933044433594
48;102.77599;-54.77599334716797
47;60.518692;-13.518692016601562
46;67.09597;-21.095970153808594
45;86.36032;-41.360321044921875
44;67.59682;-23.596817016601562
43;81.26548;-38.265480041503906
42;90.242096;-48.242095947265625
41;53.1863;-12.186298370361328
40;56.71305;-16.713050842285156
39;39.393177;-0.3931770324707031
38;59.397568;-21.397567749023438
37;51.429577;-14.429576873779297
36;66.95917;-30.95916748046875
35;43.07147;-8.071468353271484
34;56.94923;-22.949230194091797
33;49.44663;-16.44662857055664
32;60.632557;-28.632556915283203
31;35.878414;-4.878414154052734
30;55.966316;-25.96631622314453
29;47.01269;-18.012691497802734
28;33.88358;-5.883579254150391
27;37.677326;-10.677326202392578
26;53.96124;-27.961238861083984
25;39.55016;-14.550159454345703
24;40.575527;-16.57552719116211
23;37.084553;-14.084552764892578
22;54.306644;-32.306644439697266
21;40.829105;-19.829105377197266
20;32.873222;-12.873222351074219
19;33.033215;-14.033214569091797
18;36.56314;-18.563140869140625
17;36.11617;-19.116168975830078
16;36.035244;-20.03524398803711
15;36.54267;-21.54267120361328
14;30.064144;-16.064144134521484
13;44.88567;-31.885669708251953
12;32.66224;-20.66223907470703
11;47.288433;-36.28843307495117
10;34.482494;-24.482494354248047
9;34.752712;-25.75271224975586
8;37.00063;-29.000629425048828
7;30.030792;-23.030792236328125
6;31.55727;-25.557270050048828
5;33.32123;-28.321231842041016
4;38.719383;-34.719383239746094
3;29.860006;-26.86000633239746
2;28.04395;-26.043949127197266
1;37.809376;-36.80937576293945
0;44.01475;-44.01475143432617
75;42.621418;32.37858200073242
74;52.618656;21.381343841552734
73;69.08465;3.9153518676757812
72;68.27303;3.7269668579101562
71;47.830025;23.16997528076172
70;64.61425;5.385749816894531
69;62.74464;6.255359649658203
68;64.13407;3.8659286499023438
67;55.49584;11.504161834716797
66;59.695408;6.304592132568359
65;72.04853;-7.048530578613281
64;58.897648;5.102352142333984
63;71.99195;-8.991950988769531
62;63.915966;-1.9159660339355469
61;62.572353;-1.5723533630371094
60;68.856804;-8.856803894042969
59;60.461456;-1.461456298828125
58;72.939476;-14.939476013183594
57;64.4377;-7.4376983642578125
56;54.916855;1.0831451416015625
55;59.177303;-4.177303314208984
54;62.52026;-8.520259857177734
53;67.56341;-14.563407897949219
52;53.446983;-1.4469833374023438
51;52.581512;-1.581512451171875
50;51.72295;-1.7229499816894531
49;58.7308;-9.73080062866211
48;56.869774;-8.869773864746094
47;40.68922;6.310779571533203
46;45.784412;0.21558761596679688
45;29.954573;15.045427322387695
44;23.667873;20.33212661743164
43;26.320608;16.679391860961914
42;35.647854;6.352146148681641
41;28.361013;12.638986587524414
40;27.586168;12.41383171081543
39;28.615469;10.384531021118164
38;27.26848;10.73151969909668
37;30.583567;6.416433334350586
36;25.016691;10.983308792114258
35;26.586432;8.413568496704102
34;28.344095;5.655904769897461
33;31.463728;1.5362720489501953
32;25.912832;6.087167739868164
31;29.144976;1.8550243377685547
30;23.070066;6.929933547973633
29;26.143183;2.8568172454833984
28;24.849058;3.150941848754883
27;26.380266;0.6197338104248047
26;24.22616;1.7738399505615234
25;25.805471;-0.8054714202880859
24;23.776567;0.2234325408935547
23;24.415434;-1.4154338836669922
22;27.082792;-5.082792282104492
21;23.825876;-2.825876235961914
20;29.974535;-9.97453498840332
19;28.29757;-9.297569274902344
18;28.324884;-10.324884414672852
17;30.921183;-13.921182632446289
16;25.630056;-9.630056381225586
15;25.329767;-10.329767227172852
14;24.674582;-10.674581527709961
13;26.975111;-13.97511100769043
12;29.18199;-17.181989669799805
11;24.992804;-13.992803573608398
10;28.969538;-18.96953773498535
9;26.26821;-17.26820945739746
8;27.955;-19.954999923706055
7;26.839182;-19.839181900024414
6;31.105532;-25.105531692504883
5;31.247786;-26.247785568237305
4;24.601828;-20.60182762145996
3;24.609549;-21.609548568725586
2;26.261015;-24.261014938354492
1;34.882526;-33.88252639770508
0;32.63254;-32.63254165649414
26;47.33291;-21.332908630371094
25;46.669003;-21.669002532958984
24;46.17769;-22.177688598632812
23;45.756565;-22.75656509399414
22;50.061817;-28.061817169189453
21;43.909508;-22.909507751464844
20;44.138306;-24.1383056640625
19;37.902;-18.902000427246094
18;39.122917;-21.12291717529297
17;37.219166;-20.219165802001953
16;35.168133;-19.168132781982422
15;30.592447;-15.592447280883789
14;24.403667;-10.403667449951172
13;23.938046;-10.938045501708984
12;22.620752;-10.620752334594727
11;23.278254;-12.278253555297852
10;13.57796;-3.5779600143432617
9;15.664664;-6.664664268493652
8;14.028697;-6.0286970138549805
7;8.736707;-1.7367067337036133
6;13.655835;-7.655835151672363
5;12.478778;-7.478777885437012
4;10.712186;-6.712185859680176
3;6.1056705;-3.10567045211792
2;8.085578;-6.085577964782715
1;6.4883895;-5.488389492034912
0;9.29094;-9.290940284729004
55;18.239435;36.76056480407715
54;40.000378;13.999622344970703
53;45.386604;7.613395690917969
52;53.785484;-1.7854843139648438
51;58.93962;-7.9396209716796875
50;55.695175;-5.6951751708984375
49;54.083668;-5.083667755126953
48;54.235355;-6.235355377197266
47;52.384617;-5.384616851806641
46;57.181248;-11.18124771118164
45;50.371304;-5.371303558349609
44;52.171947;-8.171947479248047
43;54.67727;-11.677268981933594
42;51.939663;-9.93966293334961
41;53.789288;-12.789287567138672
40;52.965225;-12.965225219726562
39;51.536793;-12.536792755126953
38;46.878357;-8.87835693359375
37;49.43557;-12.435569763183594
36;45.048313;-9.04831314086914
35;48.361065;-13.361064910888672
34;43.958374;-9.9583740234375
33;45.53625;-12.536251068115234
32;43.893547;-11.893547058105469
31;47.113056;-16.113056182861328
30;43.405636;-13.405635833740234
29;41.638172;-12.638172149658203
28;39.827118;-11.827117919921875
27;36.484226;-9.48422622680664
26;32.71784;-6.717838287353516
25;31.83076;-6.830759048461914
24;32.892742;-8.892742156982422
23;27.70284;-4.702840805053711
22;27.850834;-5.850833892822266
21;23.65557;-2.655569076538086
20;30.373184;-10.373184204101562
19;30.348179;-11.34817886352539
18;27.747957;-9.747957229614258
17;29.176653;-12.176652908325195
16;26.817114;-10.817113876342773
15;22.768173;-7.7681732177734375
14;23.705288;-9.70528793334961
13;18.458977;-5.458976745605469
12;12.256309;-0.25630855560302734
11;12.793113;-1.7931127548217773
10;10.130681;-0.13068103790283203
9;11.920617;-2.92061710357666
8;12.553281;-4.553280830383301
7;7.993074;-0.9930739402770996
6;7.0694537;-1.0694537162780762
5;7.114696;-2.1146960258483887
4;7.908788;-3.9087882041931152
3;7.4733996;-4.473399639129639
2;8.74426;-6.744259834289551
1;6.609731;-5.609731197357178
0;5.2893176;-5.289317607879639
55;15.861249;39.13875102996826
54;32.367065;21.6329345703125
53;50.768337;2.2316627502441406
52;53.297092;-1.2970924377441406
51;52.207962;-1.2079620361328125
50;51.298946;-1.2989463806152344
49;56.273552;-7.273551940917969
48;51.576603;-3.5766029357910156
47;49.426346;-2.4263458251953125
46;48.90121;-2.9012107849121094
45;48.587887;-3.5878868103027344
44;45.214497;-1.2144966125488281
43;50.457905;-7.457904815673828
42;49.656338;-7.656337738037109
41;46.364346;-5.364345550537109
40;45.019474;-5.019474029541016
39;43.981037;-4.981037139892578
38;49.49644;-11.496440887451172
37;49.952972;-12.952972412109375
36;50.1898;-14.189800262451172
35;45.256145;-10.256145477294922
34;42.699593;-8.699592590332031
33;43.603764;-10.603763580322266
32;42.562435;-10.562435150146484
31;41.729374;-10.729373931884766
30;41.741623;-11.741622924804688
29;41.163002;-12.163002014160156
28;40.403778;-12.403778076171875
27;38.34429;-11.344291687011719
26;34.138313;-8.138313293457031
25;35.265663;-10.265663146972656
24;35.889473;-11.889472961425781
23;35.18233;-12.182331085205078
22;27.843607;-5.843606948852539
21;25.058846;-4.058845520019531
20;18.45424;1.5457592010498047
19;20.403225;-1.4032249450683594
18;13.490439;4.509560585021973
17;16.92777;0.07222938537597656
16;19.351837;-3.351837158203125
15;20.228266;-5.228265762329102
14;11.291499;2.708500862121582
13;10.211057;2.788943290710449
12;10.865008;1.1349916458129883
11;8.735166;2.264834403991699
10;13.407195;-3.4071950912475586
9;13.926419;-4.926419258117676
8;4.92135;3.0786499977111816
7;7.2270484;-0.22704839706420898
6;5.259729;0.7402710914611816
5;4.7128234;0.28717660903930664
4;5.58114;-1.5811400413513184
3;11.868054;-8.868054389953613
2;5.725002;-3.725001811981201
1;5.964252;-4.96425199508667
0;4.5502524;-4.550252437591553
55;15.016612;39.98338794708252
54;23.70234;30.29766082763672
53;40.137135;12.862865447998047
52;45.196976;6.8030242919921875
51;51.69992;-0.699920654296875
50;45.267773;4.732227325439453
49;48.24695;0.7530517578125
48;56.13966;-8.139659881591797
47;51.03292;-4.032920837402344
46;50.02777;-4.02777099609375
45;53.147297;-8.147296905517578
44;49.18062;-5.1806182861328125
43;49.682148;-6.682147979736328
42;49.107815;-7.107814788818359
41;44.706467;-3.7064666748046875
40;47.16668;-7.166679382324219
39;46.6126;-7.612598419189453
38;49.735416;-11.735416412353516
37;45.78131;-8.78131103515625
36;50.486443;-14.486442565917969
35;44.82254;-9.822540283203125
34;47.02782;-13.027820587158203
33;48.692276;-15.692276000976562
32;46.81236;-14.812358856201172
31;47.22964;-16.22964096069336
30;54.327255;-24.327255249023438
29;48.874172;-19.87417221069336
28;55.31468;-27.314678192138672
27;67.246666;-40.246665954589844
26;158.68303;-132.6830291748047
25;196.72047;-171.72047424316406
24;185.49417;-161.49417114257812
23;182.94182;-159.9418182373047
22;32.284935;-10.284934997558594
21;62.12432;-41.12432098388672
20;105.19157;-85.19156646728516
19;85.144684;-66.14468383789062
18;227.2026;-209.20260620117188
17;41.708115;-24.708114624023438
16;36.900204;-20.900203704833984
15;168.61238;-153.6123809814453
14;18.418364;-4.418363571166992
13;25.739382;-12.739381790161133
12;35.41498;-23.414981842041016
11;44.2167;-33.21670150756836
10;27.874369;-17.87436866760254
9;36.721058;-27.721057891845703
8;103.03939;-95.03939056396484
7;201.23965;-194.23965454101562
6;81.92071;-75.92070770263672
5;163.32594;-158.32594299316406
4;64.28496;-60.28495788574219
3;116.62878;-113.62877655029297
2;252.57645;-250.57644653320312
1;56.4454;-55.44540023803711
0;298.4342;-298.4342041015625
275;284.60938;-9.609375
274;278.4477;-4.44769287109375
273;240.10228;32.89772033691406
272;142.31288;129.68711853027344
271;227.77867;43.22132873535156
270;291.1645;-21.16448974609375
269;239.22054;29.779464721679688
268;226.8835;41.11650085449219
267;218.2657;48.73429870605469
266;250.78662;15.21337890625
265;261.8036;3.1964111328125
264;218.51248;45.487518310546875
263;249.62682;13.373184204101562
262;238.22496;23.775039672851562
261;108.25766;152.74234008789062
260;235.13039;24.869613647460938
259;209.03908;49.96092224121094
258;99.27491;158.72509002685547
257;92.56604;164.4339599609375
256;88.74715;167.2528533935547
255;142.27885;112.72114562988281
254;150.14676;103.85324096679688
253;93.250496;159.74950408935547
252;114.11028;137.88971710205078
251;99.94347;151.05653381347656
250;95.30419;154.69580841064453
249;89.26275;159.73725128173828
248;97.12861;150.87139129638672
247;74.73343;172.26657104492188
246;60.15167;185.84833145141602
245;80.65542;164.3445816040039
244;68.05613;175.9438705444336
243;81.82804;161.17195892333984
242;90.85363;151.14636993408203
241;111.38158;129.61842346191406
240;145.60309;94.39691162109375
239;44.320065;194.67993545532227
238;102.44559;135.55441284179688
237;102.44895;134.5510482788086
236;64.6886;171.3114013671875
235;31.910732;203.0892677307129
234;102.386215;131.61378479003906
233;57.369804;175.63019561767578
232;39.37528;192.6247215270996
231;73.949776;157.05022430419922
230;168.93654;61.06346130371094
229;99.598625;129.40137481689453
228;151.94685;76.05314636230469
227;121.83196;105.16803741455078
226;192.42043;33.57957458496094
225;200.01448;24.985519409179688
224;198.88966;25.110336303710938
223;221.03381;1.9661865234375
222;187.25627;34.74372863769531
221;209.5039;11.49609375
220;243.5266;-23.526596069335938
219;236.97514;-17.975143432617188
218;227.74672;-9.746719360351562
217;216.8383;0.1616973876953125
216;221.00168;-5.001678466796875
215;209.15585;5.844146728515625
214;207.51152;6.4884796142578125
213;227.18318;-14.183181762695312
212;198.51703;13.48297119140625
211;218.70805;-7.7080535888671875
210;188.38943;21.610565185546875
209;265.02878;-56.028778076171875
208;214.11943;-6.1194305419921875
207;178.98332;28.016677856445312
206;204.1265;1.873504638671875
205;213.4028;-8.402801513671875
204;185.27785;18.722152709960938
203;188.93896;14.06103515625
202;173.68774;28.312255859375
201;140.56995;60.4300537109375
200;94.10093;105.8990707397461
199;146.29527;52.70472717285156
198;184.54427;13.455734252929688
197;113.8906;83.1093978881836
196;178.26996;17.73004150390625
195;156.18889;38.81111145019531
194;201.72202;-7.722015380859375
193;186.59837;6.4016265869140625
192;184.16434;7.835662841796875
191;208.34425;-17.344253540039062
190;175.3536;14.646392822265625
189;167.16483;21.835174560546875
188;68.69735;119.30265045166016
187;176.43993;10.560073852539062
186;151.8114;34.1885986328125
185;136.69664;48.30335998535156
184;142.32426;41.67573547363281
183;169.94136;13.058639526367188
182;39.445446;142.5545539855957
181;32.442497;148.55750274658203
180;58.38167;121.61832809448242
179;94.007614;84.99238586425781
178;84.93986;93.06014251708984
177;17.50239;159.4976100921631
176;23.241953;152.75804710388184
175;84.59923;90.40077209472656
174;120.52182;53.478179931640625
173;71.04177;101.9582290649414
172;140.5299;31.4700927734375
171;187.41942;-16.419418334960938
170;179.31529;-9.315292358398438
169;152.36995;16.630050659179688
168;105.49702;62.50298309326172
167;174.81474;-7.8147430419921875
166;180.60905;-14.609054565429688
165;192.05865;-27.05865478515625
164;192.14444;-28.144439697265625
163;191.82585;-28.825851440429688
162;190.23921;-28.239212036132812
161;178.65791;-17.657913208007812
160;155.15706;4.8429412841796875
159;159.46217;-0.4621734619140625
158;165.51935;-7.51934814453125
157;185.49052;-28.490524291992188
156;174.30228;-18.302276611328125
155;156.68208;-1.6820831298828125
154;146.86041;7.13958740234375
153;135.66348;17.336517333984375
152;148.06766;3.932342529296875
151;148.47823;2.5217742919921875
150;69.19137;80.80863189697266
149;73.46616;75.5338363647461
148;147.19043;0.8095703125
147;117.36124;29.638763427734375
146;147.49126;-1.4912567138671875
145;135.51947;9.48052978515625
144;136.7611;7.2389068603515625
143;156.07143;-13.071426391601562
142;140.30914;1.69085693359375
141;136.72481;4.2751922607421875
140;133.45694;6.543060302734375
139;149.06766;-10.067657470703125
138;138.83931;-0.8393096923828125
137;151.31554;-14.315536499023438
136;133.40184;2.5981597900390625
135;119.334076;15.665924072265625
134;139.1042;-5.1042022705078125
133;152.03186;-19.0318603515625
132;120.5493;11.450698852539062
131;93.177345;37.822654724121094
130;118.50585;11.494148254394531
129;121.26348;7.736518859863281
128;117.8053;10.1947021484375
127;88.45823;38.541770935058594
126;119.225075;6.774925231933594
125;84.54435;40.455650329589844
124;103.88012;20.11988067626953
123;99.11252;23.887481689453125
122;110.20354;11.796463012695312
121;98.48679;22.513206481933594
120;111.70339;8.296607971191406
119;95.55166;23.448341369628906
118;95.45225;22.547752380371094
117;106.99492;10.005081176757812
116;94.45778;21.542221069335938
115;139.09103;-24.091033935546875
114;109.89182;4.108177185058594
113;127.73675;-14.736747741699219
112;132.67668;-20.676681518554688
111;102.97317;8.026832580566406
110;109.47259;0.5274124145507812
109;107.524345;1.4756546020507812
108;95.161514;12.838485717773438
107;99.77481;7.225189208984375
106;93.40016;12.599838256835938
105;98.029526;6.9704742431640625
104;86.92303;17.07697296142578
103;83.39763;19.602371215820312
102;83.81536;18.18463897705078
101;86.92539;14.074607849121094
100;102.634224;-2.6342239379882812
99;72.01854;26.981460571289062
98;89.89884;8.101158142089844
97;86.94647;10.05352783203125
96;82.48625;13.513748168945312
95;84.348076;10.651924133300781
94;105.32222;-11.322219848632812
93;76.3145;16.685501098632812
92;81.06311;10.9368896484375
91;93.87285;-2.8728485107421875
90;64.91959;25.080406188964844
89;87.026054;1.9739456176757812
88;59.36344;28.636558532714844
87;66.46642;20.53357696533203
86;81.69602;4.303977966308594
85;88.439156;-3.4391555786132812
84;88.290665;-4.2906646728515625
83;91.50707;-8.507072448730469
82;88.99089;-6.9908905029296875
81;57.472965;23.527034759521484
80;82.60308;-2.6030807495117188
79;62.626186;16.37381362915039
78;75.55341;2.4465866088867188
77;61.518116;15.481884002685547
76;72.655655;3.3443450927734375
75;70.52004;4.479957580566406
74;51.496353;22.503646850585938
73;58.091103;14.908897399902344
72;77.07754;-5.077537536621094
71;55.670246;15.329753875732422
70;46.36729;23.632709503173828
69;64.21257;4.7874298095703125
68;80.824715;-12.824714660644531
67;57.95292;9.047080993652344
66;51.03775;14.962249755859375
65;53.228344;11.771656036376953
64;65.86964;-1.8696365356445312
63;78.47556;-15.475563049316406
62;68.79737;-6.797370910644531
61;51.589115;9.410884857177734
60;51.42899;8.57101058959961
59;60.097946;-1.0979461669921875
58;45.326645;12.673355102539062
57;62.92882;-5.928821563720703
56;33.4678;22.53219985961914
55;43.66843;11.33156967163086
54;44.52589;9.474109649658203
53;29.912542;23.08745765686035
52;52.17522;-0.17522048950195312
51;38.17008;12.82992172241211
50;41.07387;8.926128387451172
49;35.603065;13.396934509277344
48;38.84067;9.15932846069336
47;41.82398;5.176021575927734
46;41.963066;4.036933898925781
45;37.137657;7.862342834472656
44;39.52583;4.474170684814453
43;40.40388;2.596118927001953
42;48.172367;-6.172367095947266
41;44.88412;-3.8841209411621094
40;34.119762;5.880237579345703
39;47.390537;-8.39053726196289
38;32.53446;5.465541839599609
37;49.102367;-12.102367401123047
36;39.298878;-3.298877716064453
35;55.274326;-20.27432632446289
34;46.412163;-12.412162780761719
33;53.885143;-20.885143280029297
32;43.209328;-11.209327697753906
31;33.69537;-2.6953697204589844
30;38.75127;-8.751270294189453
29;37.772366;-8.77236557006836
28;34.929836;-6.929836273193359
27;28.876013;-1.8760128021240234
26;30.309004;-4.309003829956055
25;33.80063;-8.800628662109375
24;34.37006;-10.370059967041016
23;37.760647;-14.76064682006836
22;37.17371;-15.173709869384766
21;28.674452;-7.67445182800293
20;26.640753;-6.640752792358398
19;33.623524;-14.623523712158203
18;31.536245;-13.536245346069336
17;29.477972;-12.477972030639648
16;27.175558;-11.175558090209961
15;38.957256;-23.957256317138672
14;41.571926;-27.57192611694336
13;39.06084;-26.060840606689453
12;38.342777;-26.342777252197266
11;31.887968;-20.887968063354492
10;39.857998;-29.85799789428711
9;33.927036;-24.92703628540039
8;26.167936;-18.167936325073242
7;30.555075;-23.55507469177246
6;33.199436;-27.19943618774414
5;28.549017;-23.54901695251465
4;27.84094;-23.840940475463867
3;31.504591;-28.50459098815918
2;29.634016;-27.634016036987305
1;22.998709;-21.998708724975586
0;26.213354;-26.213354110717773
58;57.280308;0.7196922302246094
57;51.717365;5.282634735107422
56;52.515823;3.4841766357421875
55;54.943153;0.05684661865234375
54;52.6324;1.3675994873046875
53;54.58083;-1.5808296203613281
52;53.772205;-1.7722053527832031
51;55.091114;-4.091114044189453
50;53.65063;-3.6506309509277344
49;50.696064;-1.6960639953613281
48;48.237118;-0.23711776733398438
47;47.512165;-0.5121650695800781
46;49.345966;-3.345966339111328
45;52.068066;-7.068065643310547
44;55.734425;-11.734424591064453
43;47.156403;-4.156402587890625
42;49.67015;-7.6701507568359375
41;45.03454;-4.034538269042969
40;40.839794;-0.8397941589355469
39;37.296898;1.7031021118164062
38;35.95119;2.048809051513672
37;36.429638;0.5703620910644531
36;21.091412;14.908588409423828
35;29.23977;5.760229110717773
34;33.43621;0.5637893676757812
33;25.131527;7.868473052978516
32;38.801296;-6.801296234130859
31;34.74464;-3.744640350341797
30;32.5613;-2.561298370361328
29;24.382872;4.617128372192383
28;20.704082;7.295917510986328
27;16.097952;10.902048110961914
26;21.520144;4.479856491088867
25;17.356476;7.643524169921875
24;21.222624;2.777376174926758
23;18.224487;4.7755126953125
22;14.509854;7.490145683288574
21;18.021992;2.978008270263672
20;16.53893;3.461069107055664
19;18.011286;0.9887142181396484
18;14.923087;3.0769128799438477
17;12.395421;4.604578971862793
16;10.717818;5.282181739807129
15;14.602434;0.3975658416748047
14;24.264555;-10.264554977416992
13;20.462519;-7.462518692016602
12;15.15284;-3.1528396606445312
11;17.15145;-6.151449203491211
10;11.939933;-1.9399328231811523
9;16.771816;-7.771816253662109
8;15.570758;-7.570757865905762
7;12.856837;-5.856837272644043
6;12.153939;-6.153939247131348
5;12.701303;-7.701302528381348
4;14.676961;-10.676960945129395
3;17.268871;-14.268871307373047
2;13.68431;-11.684309959411621
1;17.584063;-16.584062576293945
0;15.114987;-15.11498737335205
87;41.925053;45.074947357177734
86;54.777336;31.22266387939453
85;60.821114;24.17888641357422
84;63.314373;20.685626983642578
83;66.683586;16.31641387939453
82;82.590866;-0.5908660888671875
81;80.085945;0.9140548706054688
80;77.80578;2.1942214965820312
79;75.1205;3.8795013427734375
78;72.51836;5.4816436767578125
77;73.00454;3.9954605102539062
76;70.94605;5.053947448730469
75;68.988716;6.011283874511719
74;65.72079;8.279212951660156
73;67.33297;5.667030334472656
72;65.76307;6.236930847167969
71;66.53158;4.468421936035156
70;64.977135;5.022865295410156
69;65.73887;3.2611312866210938
68;63.5529;4.447101593017578
67;67.62472;-0.6247177124023438
66;62.35722;3.642780303955078
65;61.10016;3.89984130859375
64;61.278923;2.7210769653320312
63;58.21799;4.782009124755859
62;52.161533;9.83846664428711
61;55.535954;5.464046478271484
60;58.11535;1.8846511840820312
59;51.30152;7.698478698730469
58;43.844486;14.155513763427734
57;34.521114;22.478885650634766
56;43.862377;12.137622833251953
55;44.643032;10.35696792602539
54;44.622032;9.377967834472656
53;40.92334;12.07666015625
52;46.60461;5.395389556884766
51;45.177578;5.822422027587891
50;43.656097;6.343902587890625
49;39.40235;9.597648620605469
48;45.570156;2.4298439025878906
47;37.642246;9.35775375366211
46;48.775322;-2.7753219604492188
45;45.20545;-0.20544815063476562
44;39.66068;4.339321136474609
43;43.992996;-0.9929962158203125
42;37.801426;4.198574066162109
41;40.45393;0.5460700988769531
40;46.33282;-6.332820892333984
39;41.90416;-2.9041595458984375
38;34.72556;3.2744407653808594
37;41.013275;-4.013275146484375
36;37.162663;-1.1626625061035156
35;35.944794;-0.944793701171875
34;31.70872;2.291280746459961
33;30.28187;2.718130111694336
32;26.72566;5.27433967590332
31;35.848873;-4.848873138427734
30;27.115923;2.8840770721435547
29;27.36585;1.6341495513916016
28;23.814375;4.185625076293945
27;17.629198;9.37080192565918
26;21.213125;4.786874771118164
25;23.255054;1.7449455261230469
24;18.072886;5.927114486694336
23;11.681474;11.318526268005371
22;20.09802;1.9019794464111328
21;9.859944;11.140055656433105
20;8.042172;11.9578275680542
19;11.5690565;7.430943489074707
18;7.8101707;10.189829349517822
17;11.0445795;5.95542049407959
16;11.9852495;4.0147504806518555
15;12.216233;2.783766746520996
14;14.591939;-0.5919389724731445
13;11.8616;1.1384000778198242
12;7.9895205;4.01047945022583
11;10.044986;0.9550142288208008
10;9.889373;0.1106271743774414
9;7.4105124;1.5894875526428223
8;10.456965;-2.456965446472168
7;12.800206;-5.800206184387207
6;13.700234;-7.700234413146973
5;12.8247595;-7.824759483337402
4;9.815444;-5.815443992614746
3;9.982066;-6.9820661544799805
2;11.828418;-9.828417778015137
1;10.937761;-9.937761306762695
0;11.9514265;-11.95142650604248
87;27.2069;59.793100357055664
86;56.231087;29.76891326904297
85;60.62744;24.37255859375
84;65.74006;18.25994110107422
83;71.091415;11.908584594726562
82;68.98532;13.014678955078125
81;75.803856;5.196144104003906
80;71.46312;8.536880493164062
79;65.93412;13.065879821777344
78;65.24077;12.759231567382812
77;61.90221;15.097789764404297
76;62.250957;13.749042510986328
75;67.19941;7.800590515136719
74;62.59766;11.402339935302734
73;58.847996;14.15200424194336
72;63.04932;8.950679779052734
71;61.4068;9.59320068359375
70;59.223522;10.776477813720703
69;58.241245;10.75875473022461
68;57.40049;10.599510192871094
67;55.365566;11.63443374633789
66;53.59133;12.408668518066406
65;56.331287;8.668712615966797
64;57.26282;6.737178802490234
63;55.917324;7.082675933837891
62;54.1887;7.811298370361328
61;57.394176;3.605823516845703
60;52.125443;7.8745574951171875
59;42.90184;16.098159790039062
58;33.7932;24.206798553466797
57;35.148243;21.851757049560547
56;31.337914;24.662086486816406
55;34.2691;20.730899810791016
54;41.25105;12.748950958251953
53;35.029064;17.970935821533203
52;36.501484;15.498516082763672
51;32.03886;18.961139678955078
50;39.237827;10.76217269897461
49;40.55341;8.446590423583984
48;37.19276;10.807239532470703
47;42.422333;4.577667236328125
46;36.95267;9.04732894897461
45;29.86379;15.136209487915039
44;26.676199;17.323801040649414
43;35.86665;7.133350372314453
42;25.339653;16.66034698486328
41;33.80386;7.196140289306641
40;31.325117;8.674882888793945
39;31.058111;7.941888809204102
38;22.36532;15.634679794311523
37;24.329159;12.670841217041016
36;26.565607;9.434392929077148
35;24.860369;10.139631271362305
34;19.24333;14.756669998168945
33;16.555834;16.44416618347168
32;23.321457;8.678543090820312
31;30.077684;0.9223155975341797
30;20.389473;9.610527038574219
29;25.518227;3.4817733764648438
28;24.854181;3.1458187103271484
27;28.205244;-1.2052440643310547
26;20.83754;5.1624603271484375
25;25.81368;-0.8136806488037109
24;21.562735;2.437265396118164
23;34.01549;-11.015491485595703
22;190.80154;-168.80154418945312
21;14.859876;6.140124320983887
20;12.691817;7.308182716369629
19;17.429214;1.5707855224609375
18;233.24217;-215.24217224121094
17;74.94684;-57.94683837890625
16;22.802938;-6.802938461303711
15;30.836374;-15.836374282836914
14;132.30186;-118.30186462402344
13;141.05266;-128.0526580810547
12;53.344738;-41.3447380065918
11;16.966917;-5.966917037963867
10;15.524198;-5.524197578430176
9;11.3014555;-2.301455497741699
8;16.376451;-8.37645149230957
7;18.775465;-11.77546501159668
6;8.873643;-2.873642921447754
5;18.885275;-13.885274887084961
4;15.658996;-11.658995628356934
3;24.916899;-21.916898727416992
2;9.604329;-7.6043291091918945
1;17.587652;-16.5876522064209
0;9.883952;-9.883952140808105
87;43.22291;43.7770881652832
86;57.200863;28.799137115478516
85;98.53624;-13.536239624023438
84;78.82444;5.175559997558594
83;84.97831;-1.9783096313476562
82;85.75944;-3.7594375610351562
81;91.37301;-10.373008728027344
80;73.14933;6.850669860839844
79;81.41402;-2.4140167236328125
78;71.315544;6.684455871582031
77;72.5493;4.4506988525390625
76;71.80333;4.1966705322265625
75;71.17338;3.8266220092773438
74;64.183174;9.816825866699219
73;58.64137;14.358631134033203
72;63.927414;8.072586059570312
71;64.02138;6.9786224365234375
70;59.776814;10.223186492919922
69;59.40166;9.598339080810547
68;59.45973;8.540271759033203
67;64.060585;2.9394149780273438
66;62.83572;3.1642799377441406
65;63.696423;1.3035774230957031
64;61.06597;2.9340286254882812
63;63.10008;-0.10007858276367188
62;70.41224;-8.412239074707031
61;71.19805;-10.198051452636719
60;73.0966;-13.096603393554688
59;45.978455;13.02154541015625
58;47.976315;10.023685455322266
57;49.199875;7.8001251220703125
56;35.701153;20.298847198486328
55;34.511642;20.488357543945312
54;29.916212;24.08378791809082
53;29.124;23.875999450683594
52;30.326227;21.67377281188965
51;35.809628;15.190372467041016
50;33.80375;16.196250915527344
49;29.114305;19.88569450378418
48;33.64486;14.355140686035156
47;42.01772;4.982280731201172
46;54.846336;-8.846336364746094
45;53.755863;-8.755863189697266
44;57.63808;-13.638080596923828
43;41.141144;1.858856201171875
42;44.76386;-2.7638587951660156
41;32.6614;8.338600158691406
40;38.713806;1.28619384765625
39;72.519516;-33.51951599121094
38;40.859303;-2.859302520751953
37;35.867336;1.1326637268066406
36;33.763462;2.2365379333496094
35;58.207134;-23.207134246826172
34;31.072983;2.9270172119140625
33;39.76507;-6.765071868896484
32;27.856281;4.143718719482422
31;30.559381;0.44061851501464844
30;26.124352;3.8756484985351562
29;19.559048;9.44095230102539
28;28.75091;-0.7509098052978516
27;51.18352;-24.183521270751953
26;36.28476;-10.284759521484375
25;23.766665;1.2333354949951172
24;19.857471;4.142528533935547
23;51.62633;-28.626331329345703
22;35.7542;-13.754199981689453
21;69.3241;-48.3240966796875
20;39.17453;-19.174530029296875
19;112.74638;-93.74638366699219
18;102.78749;-84.78749084472656
17;90.239235;-73.2392349243164
16;57.213535;-41.21353530883789
15;85.539925;-70.53992462158203
14;98.266884;-84.26688385009766
13;54.497566;-41.49756622314453
12;126.01736;-114.0173568725586
11;93.41941;-82.4194107055664
10;99.79252;-89.79251861572266
9;27.225222;-18.225221633911133
8;105.38363;-97.38362884521484
7;97.49374;-90.49373626708984
6;41.358746;-35.35874557495117
5;81.42443;-76.42443084716797
4;38.401394;-34.40139389038086
3;97.9632;-94.96320343017578
2;40.50686;-38.506858825683594
1;97.41812;-96.41812133789062
0;77.88383;-77.88382720947266
147;101.52734;45.47265625
146;82.634865;63.365135192871094
145;120.252304;24.747695922851562
144;141.83488;2.1651153564453125
143;116.57364;26.426361083984375
142;141.34889;0.6511077880859375
141;157.59492;-16.594924926757812
140;84.84725;55.152748107910156
139;168.3173;-29.317306518554688
138;108.65;29.349998474121094
137;112.21104;24.788963317871094
136;88.94566;47.05433654785156
135;128.09448;6.905517578125
134;121.35615;12.643852233886719
133;103.22814;29.77185821533203
132;104.88416;27.11583709716797
131;128.20384;2.7961578369140625
130;119.47318;10.526817321777344
129;93.27172;35.72827911376953
128;150.8871;-22.887100219726562
127;110.29583;16.70417022705078
126;111.936516;14.063484191894531
125;85.760635;39.23936462402344
124;101.69579;22.30420684814453
123;90.07181;32.928192138671875
122;82.43408;39.56591796875
121;80.76519;40.23480987548828
120;61.480804;58.519195556640625
119;51.04569;67.95431137084961
118;38.172527;79.82747268676758
117;49.24832;67.75167846679688
116;41.540577;74.45942306518555
115;39.017036;75.98296356201172
114;41.438957;72.56104278564453
113;44.561333;68.43866729736328
112;53.521248;58.47875213623047
111;39.95048;71.04951858520508
110;44.885014;65.11498641967773
109;40.89706;68.10293960571289
108;40.711544;67.28845596313477
107;44.551304;62.44869613647461
106;55.08547;50.91453170776367
105;39.18003;65.8199691772461
104;40.368076;63.63192367553711
103;32.30582;70.69417953491211
102;35.787807;66.21219253540039
101;56.40408;44.59592056274414
100;52.143444;47.8565559387207
99;51.56162;47.43838119506836
98;52.17158;45.82841873168945
97;47.421925;49.57807540893555
96;41.303097;54.696903228759766
95;32.82049;62.179508209228516
94;34.15231;59.84769058227539
93;38.218845;54.78115463256836
92;37.2503;54.749698638916016
91;34.02872;56.97127914428711
90;34.751915;55.248085021972656
89;48.3156;40.68439865112305
88;39.88809;48.11191177368164
87;49.520298;37.47970199584961
86;50.45392;35.54608154296875
85;59.77089;25.229110717773438
84;77.37957;6.620429992675781
83;51.250008;31.74999237060547
82;57.57182;24.428180694580078
81;67.39202;13.607978820800781
80;66.87776;13.122238159179688
79;86.72483;-7.724830627441406
78;88.86488;-10.864883422851562
77;79.0553;-2.0552978515625
76;86.77108;-10.771080017089844
75;78.95496;-3.9549636840820312
74;75.72792;-1.7279205322265625
73;68.00237;4.997627258300781
72;69.125404;2.8745956420898438
71;90.33773;-19.337730407714844
70;72.716774;-2.7167739868164062
69;55.599213;13.400787353515625
68;59.1695;8.830501556396484
67;58.182003;8.817996978759766
66;70.9705;-4.970497131347656
65;76.24961;-11.249610900878906
64;65.533875;-1.53387451171875
63;65.724945;-2.724945068359375
62;63.70358;-1.7035789489746094
61;65.879814;-4.879814147949219
60;70.11685;-10.116851806640625
59;74.32157;-15.321571350097656
58;60.95627;-2.956268310546875
57;53.18632;3.813678741455078
56;55.67278;0.3272209167480469
55;63.094067;-8.094066619873047
54;80.12299;-26.12299346923828
53;89.755135;-36.75513458251953
52;64.087906;-12.087905883789062
51;74.267586;-23.26758575439453
50;65.33524;-15.335243225097656
49;77.9858;-28.985801696777344
48;67.10483;-19.104827880859375
47;69.077126;-22.077125549316406
46;62.560413;-16.560413360595703
45;47.240025;-2.2400245666503906
44;45.59305;-1.593048095703125
43;47.81756;-4.817558288574219
42;40.632748;1.3672523498535156
41;58.272087;-17.27208709716797
40;38.603035;1.3969650268554688
39;32.244953;6.755046844482422
38;35.13859;2.861408233642578
37;37.524403;-0.5244026184082031
36;36.240784;-0.24078369140625
35;30.089884;4.910116195678711
34;29.016287;4.983713150024414
33;30.718473;2.281526565551758
32;36.6899;-4.689899444580078
31;36.190517;-5.190517425537109
30;44.98911;-14.98910903930664
29;34.582684;-5.582683563232422
28;34.422573;-6.422573089599609
27;39.01339;-12.013389587402344
26;31.473978;-5.473978042602539
25;40.44224;-15.442241668701172
24;36.107155;-12.107154846191406
23;31.489695;-8.489694595336914
22;30.115887;-8.115886688232422
21;31.623093;-10.623092651367188
20;31.595882;-11.595882415771484
19;36.657913;-17.657913208007812
18;40.65253;-22.652530670166016
17;32.671284;-15.671283721923828
16;43.01863;-27.018630981445312
15;40.022842;-25.022842407226562
14;32.68473;-18.684730529785156
13;31.647448;-18.64744758605957
12;33.84081;-21.840808868408203
11;34.143024;-23.143024444580078
10;33.98083;-23.980831146240234
9;25.028158;-16.02815818786621
8;31.13986;-23.139860153198242
7;34.263428;-27.263427734375
6;35.230595;-29.230594635009766
5;32.846146;-27.846145629882812
4;34.904507;-30.90450668334961
3;31.97743;-28.97743034362793
2;32.39478;-30.394779205322266
1;35.91775;-34.91775131225586
0;37.663853;-37.66385269165039
78;41.594692;36.40530776977539
77;40.51838;36.48162078857422
76;41.19;34.810001373291016
75;39.648495;35.351505279541016
74;37.531128;36.4688720703125
73;39.325188;33.67481231689453
72;41.362442;30.637557983398438
71;39.788227;31.211772918701172
70;36.419533;33.580467224121094
69;41.744686;27.255313873291016
68;40.25636;27.743640899658203
67;35.263546;31.736454010009766
66;39.24557;26.75442886352539
65;39.944542;25.055458068847656
64;39.962147;24.037853240966797
63;40.073215;22.92678451538086
62;39.65952;22.34048080444336
61;37.999016;23.00098419189453
60;42.442524;17.557476043701172
59;34.755337;24.24466323852539
58;41.786587;16.21341323852539
57;42.613014;14.386985778808594
56;35.381126;20.618873596191406
55;40.42084;14.579158782958984
54;41.809383;12.190616607666016
53;41.35839;11.641609191894531
52;37.11849;14.881511688232422
51;41.68988;9.31011962890625
50;36.68091;13.319091796875
49;39.925232;9.07476806640625
48;38.404728;9.595272064208984
47;32.475517;14.524482727050781
46;37.7177;8.282299041748047
45;41.695805;3.3041954040527344
44;40.03518;3.9648208618164062
43;38.127583;4.872417449951172
42;38.90588;3.0941200256347656
41;35.12511;5.874889373779297
40;32.43065;7.5693511962890625
39;46.68509;-7.685089111328125
38;36.297306;1.7026939392089844
37;42.67263;-5.672630310058594
36;39.6654;-3.6654014587402344
35;36.251896;-1.2518959045410156
34;34.660625;-0.6606254577636719
33;30.772936;2.2270641326904297
32;36.14875;-4.148750305175781
31;38.319283;-7.319282531738281
30;34.433853;-4.4338531494140625
29;32.184647;-3.1846466064453125
28;30.949905;-2.9499053955078125
27;33.081146;-6.081146240234375
26;32.914715;-6.914714813232422
25;34.457123;-9.457122802734375
24;34.82136;-10.821361541748047
23;34.219936;-11.21993637084961
22;31.796083;-9.796083450317383
21;33.377472;-12.377471923828125
20;37.713203;-17.71320343017578
19;32.23621;-13.236209869384766
18;36.52067;-18.520671844482422
17;39.89663;-22.896629333496094
16;33.830822;-17.830821990966797
15;31.601254;-16.601253509521484
14;38.873005;-24.873004913330078
13;40.943005;-27.943004608154297
12;37.337265;-25.337265014648438
11;39.159523;-28.159523010253906
10;38.98777;-28.987770080566406
9;35.598164;-26.598163604736328
8;42.777256;-34.77725601196289
7;39.11169;-32.111690521240234
6;39.969208;-33.969207763671875
5;41.731525;-36.73152542114258
4;41.750362;-37.750362396240234
3;39.865845;-36.8658447265625
2;35.77361;-33.77360916137695
1;37.04282;-36.04281997680664
0;40.32629;-40.326290130615234
99;45.29948;53.70051956176758
98;45.006344;52.993656158447266
97;53.790096;43.209903717041016
96;53.66509;42.33491134643555
95;49.444454;45.555545806884766
94;58.642788;35.35721206665039
93;55.06762;37.93238067626953
92;52.44618;39.5538215637207
91;58.152954;32.8470458984375
90;51.974293;38.02570724487305
89;52.782166;36.21783447265625
88;48.721615;39.278385162353516
87;45.286964;41.713035583496094
86;45.97202;40.02798080444336
85;51.29802;33.70198059082031
84;48.727734;35.27226638793945
83;47.87492;35.12508010864258
82;47.518;34.481998443603516
81;47.85238;33.147621154785156
80;46.549267;33.45073318481445
79;44.253956;34.74604415893555
78;46.661728;31.338272094726562
77;50.67409;26.325908660888672
76;43.22596;32.77404022216797
75;47.65829;27.34170913696289
74;43.524364;30.475635528564453
73;43.561466;29.438533782958984
72;40.44894;31.55105972290039
71;37.33626;33.66373825073242
70;33.538483;36.461517333984375
69;26.075632;42.924367904663086
68;37.29639;30.703609466552734
67;36.75784;30.24216079711914
66;32.88573;33.1142692565918
65;31.311432;33.688568115234375
64;34.977997;29.022003173828125
63;30.882187;32.11781311035156
62;34.004356;27.995643615722656
61;31.740686;29.259313583374023
60;29.132193;30.867807388305664
59;26.368757;32.631242752075195
58;31.669739;26.33026123046875
57;25.217546;31.782453536987305
56;22.55252;33.447479248046875
55;27.753956;27.246044158935547
54;26.623537;27.376462936401367
53;29.558596;23.441404342651367
52;22.246246;29.753753662109375
51;23.90257;27.097429275512695
50;28.17113;21.82887077331543
49;26.307358;22.692642211914062
48;30.779575;17.22042465209961
47;31.226694;15.773305892944336
46;29.087831;16.912168502807617
45;35.101814;9.898185729980469
44;33.107433;10.892566680908203
43;29.690714;13.309286117553711
42;36.796432;5.2035675048828125
41;35.13565;5.864349365234375
40;32.876415;7.123584747314453
39;30.805647;8.194353103637695
38;28.060951;9.939048767089844
37;35.38213;1.6178703308105469
36;31.055199;4.944801330566406
35;25.196955;9.803045272827148
34;31.500282;2.4997177124023438
33;27.598661;5.401338577270508
32;29.497877;2.5021228790283203
31;22.974688;8.025312423706055
30;24.741262;5.258737564086914
29;20.660105;8.339895248413086
28;30.771759;-2.771759033203125
27;24.28918;2.7108192443847656
26;21.549421;4.450578689575195
25;25.573719;-0.5737190246582031
24;25.234327;-1.2343273162841797
23;28.999807;-5.999807357788086
22;28.148394;-6.148393630981445
21;29.75092;-8.750919342041016
20;29.398481;-9.398481369018555
19;28.812332;-9.812332153320312
18;26.34403;-8.344030380249023
17;27.50606;-10.506059646606445
16;24.333986;-8.333986282348633
15;25.631016;-10.63101577758789
14;30.317392;-16.317392349243164
13;30.444126;-17.44412612915039
12;31.358843;-19.358842849731445
11;30.356432;-19.35643196105957
10;28.766436;-18.766435623168945
9;30.464552;-21.46455192565918
8;28.766829;-20.766828536987305
7;28.30875;-21.30875015258789
6;28.436106;-22.436105728149414
5;24.693323;-19.693323135375977
4;29.894323;-25.894323348999023
3;37.987713;-34.98771286010742
2;26.400208;-24.40020751953125
1;35.949127;-34.949127197265625
0;37.651104;-37.65110397338867
99;40.75626;58.24374008178711
98;57.78878;40.211219787597656
97;56.13108;40.868919372558594
96;49.486652;46.51334762573242
95;61.65965;33.34035110473633
94;63.0993;30.900699615478516
93;63.523846;29.476154327392578
92;74.442245;17.557754516601562
91;65.91128;25.088722229003906
90;64.81531;25.1846923828125
89;171.05229;-82.05229187011719
88;56.186356;31.813644409179688
87;67.109695;19.890304565429688
86;235.37135;-149.37135314941406
85;115.52851;-30.52851104736328
84;66.051796;17.948204040527344
83;68.143585;14.856414794921875
82;140.47813;-58.47813415527344
81;81.57287;-0.5728683471679688
80;53.27742;26.722579956054688
79;58.630924;20.369075775146484
78;69.98862;8.011383056640625
77;58.471317;18.528682708740234
76;75.5985;0.40149688720703125
75;79.68862;-4.688621520996094
74;77.91737;-3.9173736572265625
73;46.73004;26.26995849609375
72;83.07799;-11.077987670898438
71;142.02617;-71.02616882324219
70;97.85989;-27.859893798828125
69;54.29917;14.700828552246094
68;78.28213;-10.282127380371094
67;147.28206;-80.28205871582031
66;190.94576;-124.94575500488281
65;50.70077;14.29922866821289
64;32.021564;31.978435516357422
63;44.161236;18.838764190673828
62;70.57906;-8.579063415527344
61;50.369118;10.630882263183594
60;50.818886;9.181114196777344
59;40.064426;18.93557357788086
58;112.14828;-54.148277282714844
57;69.87358;-12.873580932617188
56;54.007675;1.9923248291015625
55;53.109055;1.8909454345703125
54;23.093744;30.9062557220459
53;31.157728;21.84227180480957
52;51.748234;0.2517662048339844
51;61.397335;-10.397335052490234
50;47.51897;2.481029510498047
49;53.306587;-4.306587219238281
48;29.754648;18.245351791381836
47;29.321806;17.678194046020508
46;43.325138;2.6748619079589844
45;58.987675;-13.987674713134766
44;50.00535;-6.005348205566406
43;38.380184;4.619815826416016
42;40.460205;1.539794921875
41;45.554577;-4.554576873779297
40;40.095592;-0.09559249877929688
39;25.14337;13.856630325317383
38;24.914051;13.085948944091797
37;23.697084;13.302915573120117
36;24.72541;11.274589538574219
35;25.69842;9.301580429077148
34;33.067814;0.9321861267089844
33;88.114685;-55.11468505859375
32;46.917072;-14.917072296142578
31;37.539482;-6.539482116699219
30;37.19338;-7.193378448486328
29;72.47863;-43.47863006591797
28;28.981256;-0.9812564849853516
27;29.2329;-2.232900619506836
26;24.482527;1.5174732208251953
25;31.058558;-6.058557510375977
24;33.450764;-9.450763702392578
23;43.837097;-20.83709716796875
22;93.15103;-71.15103149414062
21;69.079475;-48.07947540283203
20;54.807564;-34.80756378173828
19;32.87493;-13.874931335449219
18;40.01542;-22.015419006347656
17;34.86233;-17.86233139038086
16;21.770788;-5.770788192749023
15;25.951273;-10.951272964477539
14;25.356771;-11.356771469116211
13;25.530165;-12.53016471862793
12;29.710741;-17.71074104309082
11;38.529392;-27.52939224243164
10;34.04762;-24.047618865966797
9;68.873825;-59.87382507324219
8;30.04781;-22.047809600830078
7;24.226002;-17.226001739501953
6;33.877773;-27.87777328491211
5;53.429546;-48.42954635620117
4;44.85671;-40.85670852661133
3;39.547592;-36.54759216308594
2;40.995403;-38.99540328979492
1;44.743603;-43.74360275268555
0;39.88642;-39.88642120361328
99;103.241875;-4.241874694824219
98;65.06028;32.939720153808594
97;68.76786;28.232139587402344
96;90.70017;5.299827575683594
95;94.77022;0.2297821044921875
94;80.22029;13.779708862304688
93;102.218124;-9.218124389648438
92;130.38164;-38.38163757324219
91;157.52025;-66.52024841308594
90;155.72704;-65.72703552246094
89;146.78148;-57.78147888183594
88;86.88296;1.1170425415039062
87;99.963936;-12.963935852050781
86;100.24384;-14.243843078613281
85;100.41511;-15.415107727050781
84;110.8554;-26.85540008544922
83;106.627754;-23.62775421142578
82;85.20204;-3.2020416259765625
81;103.99584;-22.99584197998047
80;84.81447;-4.8144683837890625
79;90.14718;-11.147178649902344
78;55.634205;22.365795135498047
77;60.735107;16.264892578125
76;60.225517;15.774482727050781
75;57.58195;17.418048858642578
74;58.061325;15.938674926757812
73;64.6316;8.368400573730469
72;64.061485;7.938514709472656
71;38.060825;32.93917465209961
70;42.644215;27.355785369873047
69;40.966312;28.033687591552734
68;38.328205;29.671794891357422
67;54.892353;12.107646942138672
66;35.562237;30.437763214111328
65;46.344975;18.655025482177734
64;41.013145;22.986854553222656
63;48.647495;14.35250473022461
62;69.40856;-7.408561706542969
61;71.80933;-10.809333801269531
60;46.315235;13.684764862060547
59;47.643898;11.356101989746094
58;43.771095;14.228904724121094
57;62.035656;-5.035655975341797
56;60.499622;-4.499622344970703
55;44.05678;10.943218231201172
54;65.56804;-11.568038940429688
53;41.045162;11.954837799072266
52;45.369617;6.630382537841797
51;42.80906;8.190940856933594
50;37.106586;12.893413543701172
49;64.989204;-15.989204406738281
48;41.928043;6.071956634521484
47;44.87424;2.1257591247558594
46;41.469757;4.530242919921875
45;43.76447;1.2355308532714844
44;59.990623;-15.990623474121094
43;66.53243;-23.532432556152344
42;52.10854;-10.108539581298828
41;37.159073;3.8409271240234375
40;39.03996;0.9600410461425781
39;42.275425;-3.2754249572753906
38;39.782074;-1.782073974609375
37;49.693707;-12.693706512451172
36;47.342518;-11.342517852783203
35;35.623924;-0.6239242553710938
34;41.336056;-7.336055755615234
33;35.321114;-2.3211135864257812
32;47.326424;-15.326423645019531
31;47.304264;-16.304264068603516
30;44.631763;-14.631763458251953
29;46.915173;-17.915172576904297
28;46.68929;-18.689289093017578
27;54.60377;-27.603771209716797
26;42.060047;-16.060047149658203
25;42.635624;-17.635623931884766
24;29.981867;-5.981866836547852
23;33.63091;-10.630908966064453
22;38.312298;-16.312297821044922
21;43.521084;-22.52108383178711
20;38.558117;-18.558116912841797
19;47.95196;-28.951961517333984
18;48.89366;-30.893661499023438
17;37.47864;-20.478641510009766
16;39.94071;-23.94070816040039
15;37.599545;-22.599544525146484
14;34.56089;-20.560890197753906
13;50.55964;-37.55963897705078
12;37.471493;-25.471492767333984
11;34.387897;-23.387897491455078
10;37.58656;-27.586559295654297
9;36.4664;-27.466400146484375
8;36.123154;-28.123153686523438
7;38.317657;-31.317657470703125
6;32.82416;-26.824161529541016
5;37.002155;-32.00215530395508
4;40.816242;-36.81624221801758
3;38.63947;-35.639469146728516
2;32.63545;-30.635448455810547
1;44.31705;-43.31705093383789
0;38.898006;-38.898006439208984
91;44.477505;46.52249526977539
90;48.2866;41.713401794433594
89;65.58659;23.413406372070312
88;62.670498;25.32950210571289
87;71.27886;15.721138000488281
86;71.049934;14.950065612792969
85;61.0369;23.96310043334961
84;68.79366;15.206336975097656
83;62.392666;20.60733413696289
82;61.588097;20.411903381347656
81;66.04734;14.952659606933594
80;62.026417;17.973583221435547
79;76.27679;2.7232131958007812
78;59.654713;18.345287322998047
77;63.26096;13.73904037475586
76;62.90893;13.091068267822266
75;65.325775;9.674224853515625
74;63.55241;10.447589874267578
73;63.62994;9.370059967041016
72;66.97663;5.023368835449219
71;58.98877;12.01123046875
70;63.41205;6.58795166015625
69;52.523632;16.476367950439453
68;60.87392;7.126079559326172
67;53.620403;13.379596710205078
66;59.3615;6.638500213623047
65;47.474667;17.525333404541016
64;38.3161;25.68389892578125
63;47.54926;15.450740814208984
62;28.339685;33.66031455993652
61;30.211046;30.78895378112793
60;29.481733;30.518266677856445
59;30.516375;28.483625411987305
58;31.706688;26.293312072753906
57;28.277561;28.72243881225586
56;26.028215;29.971784591674805
55;25.0347;29.965299606323242
54;32.289536;21.710464477539062
53;28.034155;24.965845108032227
52;34.95521;17.044788360595703
51;32.061714;18.93828582763672
50;27.503601;22.49639892578125
49;36.712524;12.2874755859375
48;28.946787;19.053213119506836
47;33.63403;13.365970611572266
46;29.494322;16.505678176879883
45;39.68713;5.312870025634766
44;29.46057;14.539430618286133
43;27.090244;15.90975570678711
42;24.715889;17.28411102294922
41;27.692335;13.30766487121582
40;33.97354;6.026458740234375
39;31.587074;7.412925720214844
38;38.44926;-0.4492607116699219
37;35.893246;1.1067543029785156
36;31.281572;4.718427658081055
35;31.868628;3.1313724517822266
34;26.275259;7.724740982055664
33;34.76862;-1.7686195373535156
32;37.470722;-5.470722198486328
31;42.647823;-11.647823333740234
30;34.295086;-4.295085906982422
29;35.99104;-6.991039276123047
28;28.873716;-0.8737163543701172
27;34.07522;-7.075218200683594
26;37.12025;-11.120250701904297
25;35.616543;-10.61654281616211
24;32.80815;-8.808151245117188
23;49.869007;-26.869007110595703
22;25.389189;-3.389188766479492
21;29.520933;-8.520933151245117
20;24.054327;-4.054327011108398
19;27.249365;-8.249364852905273
18;27.556581;-9.556581497192383
17;26.091501;-9.091501235961914
16;40.5127;-24.512699127197266
15;27.642714;-12.64271354675293
14;28.077478;-14.077478408813477
13;28.03438;-15.034379959106445
12;25.63294;-13.632940292358398
11;28.561453;-17.561452865600586
10;26.448965;-16.448965072631836
9;28.462278;-19.462278366088867
8;30.737993;-22.737993240356445
7;23.85594;-16.855939865112305
6;29.354143;-23.354143142700195
5;25.217958;-20.217958450317383
4;23.681349;-19.68134880065918
3;27.665556;-24.665555953979492
2;26.414392;-24.414392471313477
1;24.637335;-23.6373348236084
0;29.694414;-29.694414138793945
64;55.291157;8.708843231201172
63;55.414196;7.585803985595703
62;57.36453;4.635471343994141
61;55.053257;5.946743011474609
60;55.117077;4.882923126220703
59;54.82392;4.176078796386719
58;52.318356;5.681644439697266
57;50.914272;6.085727691650391
56;53.782;2.217998504638672
55;53.426826;1.5731735229492188
54;48.81183;5.18817138671875
53;51.937042;1.062957763671875
52;48.940594;3.059406280517578
51;53.459545;-2.459545135498047
50;51.695606;-1.6956062316894531
49;53.02669;-4.026691436767578
48;46.427235;1.5727653503417969
47;50.20296;-3.202960968017578
46;42.618862;3.3811378479003906
45;48.904827;-3.904827117919922
44;52.683758;-8.683757781982422
43;53.160923;-10.16092300415039
42;49.746643;-7.74664306640625
41;55.649456;-14.649456024169922
40;53.16805;-13.168048858642578
39;41.41104;-2.411041259765625
38;43.942715;-5.942714691162109
37;33.324146;3.675853729248047
36;33.957027;2.0429725646972656
35;32.116104;2.8838958740234375
34;34.75648;-0.7564811706542969
33;25.238726;7.761274337768555
32;27.111189;4.888811111450195
31;21.03877;9.96122932434082
30;15.436604;14.563396453857422
29;22.470652;6.529348373413086
28;15.408459;12.591541290283203
27;21.214098;5.78590202331543
26;14.948358;11.051642417907715
25;15.526601;9.47339916229248
24;13.128228;10.871771812438965
23;24.300219;-1.3002185821533203
22;13.455741;8.544259071350098
21;13.904838;7.095162391662598
20;11.899225;8.100774765014648
19;10.280641;8.719359397888184
18;18.700766;-0.7007656097412109
17;13.453386;3.5466136932373047
16;17.55663;-1.5566291809082031
15;15.139843;-0.13984298706054688
14;14.44752;-0.44752025604248047
13;12.73791;0.26208972930908203
12;10.2311735;1.7688264846801758
11;13.454693;-2.454692840576172
10;15.1556635;-5.15566349029541
9;14.840802;-5.840802192687988
8;22.058052;-14.058052062988281
7;21.06529;-14.065290451049805
6;16.156685;-10.156684875488281
5;14.330249;-9.330248832702637
4;21.696297;-17.69629669189453
3;13.608062;-10.608061790466309
2;10.651845;-8.65184497833252
1;11.132589;-10.132589340209961
0;11.633788;-11.633788108825684
93;40.12844;52.871559143066406
92;64.23005;27.76995086669922
91;69.36372;21.636276245117188
90;77.59551;12.404487609863281
89;78.17823;10.821769714355469
88;73.95093;14.049072265625
87;80.75182;6.248176574707031
86;79.466286;6.533714294433594
85;79.46674;5.533256530761719
84;75.306885;8.693115234375
83;70.92111;12.078887939453125
82;77.56343;4.4365692138671875
81;74.218346;6.781654357910156
80;74.690926;5.309074401855469
79;68.239624;10.7603759765625
78;67.565315;10.434684753417969
77;69.83622;7.163780212402344
76;67.41692;8.583076477050781
75;65.83941;9.160591125488281
74;64.55034;9.449661254882812
73;64.82549;8.174507141113281
72;61.723515;10.276485443115234
71;65.20629;5.793708801269531
70;67.44548;2.5545196533203125
69;63.84425;5.155750274658203
68;64.11391;3.8860931396484375
67;60.00487;6.995128631591797
66;53.197186;12.802814483642578
65;50.1829;14.817100524902344
64;42.02811;21.97188949584961
63;42.622707;20.37729263305664
62;54.33771;7.662288665771484
61;45.594227;15.405773162841797
60;31.834305;28.165695190429688
59;35.1436;23.856399536132812
58;37.416077;20.58392333984375
57;45.0362;11.963798522949219
56;44.071182;11.928817749023438
55;39.82376;15.176239013671875
54;40.230076;13.76992416381836
53;44.990314;8.009685516357422
52;36.745502;15.254497528076172
51;37.81454;13.18545913696289
50;33.876953;16.123046875
49;40.393707;8.606292724609375
48;35.935223;12.064777374267578
47;41.62018;5.37982177734375
46;37.648636;8.351364135742188
45;38.08138;6.918621063232422
44;34.0779;9.922100067138672
43;29.972017;13.027982711791992
42;30.864756;11.135244369506836
41;35.844906;5.155094146728516
40;29.87979;10.120210647583008
39;38.715065;0.28493499755859375
38;37.142933;0.8570671081542969
37;39.076527;-2.076526641845703
36;28.487234;7.512765884399414
35;27.699663;7.300336837768555
34;26.925283;7.074716567993164
33;23.255205;9.744794845581055
32;20.26932;11.730680465698242
31;22.605442;8.39455795288086
30;15.870515;14.129485130310059
29;9.643035;19.35696506500244
28;9.873038;18.126961708068848
27;15.35573;11.644269943237305
26;9.904957;16.095043182373047
25;15.979932;9.020068168640137
24;9.935784;14.064215660095215
23;8.527505;14.472495079040527
22;7.2099757;14.790024280548096
21;9.172248;11.827752113342285
20;6.0293593;13.970640659332275
19;7.756599;11.243401050567627
18;9.750831;8.24916934967041
17;9.46042;7.539580345153809
16;5.936826;10.063173770904541
15;7.203857;7.796143054962158
14;6.227575;7.772425174713135
13;8.789033;4.210967063903809
12;11.570874;0.4291257858276367
11;7.984672;3.0153279304504395
10;10.145825;-0.14582538604736328
9;9.782397;-0.7823972702026367
8;8.9768;-0.9767999649047852
7;10.775739;-3.7757387161254883
6;9.779889;-3.7798891067504883
5;9.680806;-4.6808061599731445
4;13.304362;-9.304362297058105
3;10.7419;-7.741900444030762
2;10.621194;-8.621193885803223
1;13.707526;-12.707526206970215
0;9.249984;-9.249983787536621
93;33.565437;59.43456268310547
92;55.19152;36.80847930908203
91;68.64092;22.35907745361328
90;66.86106;23.138938903808594
89;68.232544;20.7674560546875
88;71.48322;16.51677703857422
87;69.35148;17.648521423339844
86;69.35646;16.643539428710938
85;68.00243;16.99756622314453
84;62.252605;21.747394561767578
83;65.28689;17.713111877441406
82;62.175632;19.82436752319336
81;64.75886;16.24114227294922
80;66.92736;13.072639465332031
79;58.04424;20.955760955810547
78;58.49028;19.509719848632812
77;61.19757;15.80242919921875
76;56.072353;19.92764663696289
75;56.474014;18.525985717773438
74;53.11881;20.88119125366211
73;53.698814;19.301185607910156
72;51.50707;20.492931365966797
71;52.975506;18.024494171142578
70;50.917595;19.08240509033203
69;51.627132;17.372867584228516
68;50.034924;17.965076446533203
67;45.38501;21.614990234375
66;47.343445;18.65655517578125
65;44.883503;20.116497039794922
64;27.481747;36.518253326416016
63;43.551136;19.448863983154297
62;39.92706;22.072940826416016
61;34.907776;26.09222412109375
60;45.46101;14.538990020751953
59;41.28565;17.714351654052734
58;36.43216;21.567840576171875
57;44.30499;12.695011138916016
56;43.64314;12.356861114501953
55;30.062353;24.937646865844727
54;30.110243;23.88975715637207
53;33.0779;19.922100067138672
52;46.652603;5.3473968505859375
51;34.947544;16.05245590209961
50;44.392864;5.607135772705078
49;47.036007;1.9639930725097656
48;37.973835;10.026165008544922
47;46.113926;0.8860740661621094
46;41.129868;4.8701324462890625
45;33.25717;11.742828369140625
44;33.92627;10.07373046875
43;36.125908;6.874092102050781
42;33.541756;8.458244323730469
41;37.20873;3.791271209716797
40;34.70849;5.291511535644531
39;30.12435;8.875650405883789
38;37.058933;0.9410667419433594
37;30.893059;6.106941223144531
36;35.753613;0.24638748168945312
35;28.53816;6.46183967590332
34;30.605463;3.3945369720458984
33;24.390404;8.609596252441406
32;25.597424;6.402576446533203
31;21.190605;9.809394836425781
30;11.855355;18.144644737243652
29;14.9938345;14.006165504455566
28;12.7774515;15.222548484802246
27;15.475833;11.52416706085205
26;12.827872;13.172127723693848
25;8.218856;16.78114414215088
24;11.996308;12.003691673278809
23;10.649377;12.35062313079834
22;36.14515;-14.145149230957031
21;39.31983;-18.31983184814453
20;10.468829;9.531170845031738
19;14.903573;4.096426963806152
18;9.70411;8.295889854431152
17;50.933205;-33.933204650878906
16;62.927044;-46.92704391479492
15;23.7601;-8.760099411010742
14;8.692426;5.307574272155762
13;48.443764;-35.443763732910156
12;117.743454;-105.74345397949219
11;186.24344;-175.24343872070312
10;167.19673;-157.1967315673828
9;71.65119;-62.65119171142578
8;190.99976;-182.999755859375
7;160.73337;-153.73336791992188
6;23.891394;-17.891393661499023
5;89.279366;-84.27936553955078
4;57.198486;-53.198486328125
3;201.5959;-198.5959014892578
2;113.69694;-111.69693756103516
1;33.51904;-32.519039154052734
0;48.758675;-48.75867462158203
93;67.70318;25.29682159423828
92;85.05446;6.9455413818359375
91;80.58591;10.414093017578125
90;102.98859;-12.98858642578125
89;100.792694;-11.792694091796875
88;98.71323;-10.713226318359375
87;88.02124;-1.021240234375
86;80.93362;5.066383361816406
85;72.72976;12.270240783691406
84;67.509674;16.490325927734375
83;69.350945;13.649055480957031
82;67.19643;14.803573608398438
81;63.819572;17.18042755126953
80;63.299595;16.70040512084961
79;60.25967;18.74032974243164
78;54.712437;23.28756332397461
77;60.845757;16.15424346923828
76;58.69531;17.304691314697266
75;65.63924;9.360763549804688
74;60.397343;13.602657318115234
73;65.500206;7.499794006347656
72;73.15239;-1.1523895263671875
71;62.454243;8.545757293701172
70;64.74305;5.256950378417969
69;67.94514;1.0548629760742188
68;65.06479;2.935211181640625
67;62.170063;4.829936981201172
66;62.362724;3.6372756958007812
65;54.309467;10.690532684326172
64;33.17615;30.823848724365234
63;45.007736;17.992263793945312
62;42.0972;19.902801513671875
61;36.80428;24.195720672607422
60;39.22959;20.770408630371094
59;106.61292;-47.61292266845703
58;35.91467;22.085330963134766
57;39.255974;17.74402618408203
56;31.834143;24.165857315063477
55;37.263515;17.73648452758789
54;34.426537;19.573463439941406
53;39.685677;13.314323425292969
52;33.850857;18.14914321899414
51;45.535503;5.464496612548828
50;35.517437;14.482563018798828
49;61.436527;-12.436527252197266
48;43.924053;4.075946807861328
47;43.90915;3.090850830078125
46;35.655254;10.344745635986328
45;41.738384;3.261615753173828
44;40.135853;3.864147186279297
43;57.38653;-14.386531829833984
42;38.027626;3.9723739624023438
41;49.464844;-8.46484375
40;79.347374;-39.347373962402344
39;42.799534;-3.7995338439941406
38;63.826454;-25.826454162597656
37;34.472404;2.5275955200195312
36;36.398487;-0.3984870910644531
35;33.086994;1.9130058288574219
34;45.40975;-11.409751892089844
33;32.012768;0.9872322082519531
32;56.41482;-24.41482162475586
31;43.539497;-12.539497375488281
30;23.320284;6.679716110229492
29;120.295876;-91.2958755493164
28;31.283873;-3.283872604370117
27;131.05244;-104.05244445800781
26;136.48738;-110.48738098144531
25;103.28828;-78.28827667236328
24;99.130035;-75.13003540039062
23;122.678;-99.6780014038086
22;141.03622;-119.03622436523438
21;151.00616;-130.00616455078125
20;132.92805;-112.92805480957031
19;120.18706;-101.18705749511719
18;115.52446;-97.52445983886719
17;121.32236;-104.32235717773438
16;122.928535;-106.92853546142578
15;129.9631;-114.96310424804688
14;87.88913;-73.88912963867188
13;67.10761;-54.10761260986328
12;110.22162;-98.22161865234375
11;118.77683;-107.7768325805664
10;90.847176;-80.84717559814453
9;124.88004;-115.88004302978516
8;58.723175;-50.723175048828125
7;84.88813;-77.88813018798828
6;79.77038;-73.77037811279297
5;55.029575;-50.02957534790039
4;77.1929;-73.19290161132812
3;49.19472;-46.19472122192383
2;96.75684;-94.75684356689453
1;101.94793;-100.94792938232422
0;71.666664;-71.66666412353516
123;89.384865;33.615135192871094
122;109.13599;12.864013671875
121;111.62097;9.3790283203125
120;154.11198;-34.11198425292969
119;152.57831;-33.57830810546875
118;87.123604;30.87639617919922
117;124.95577;-7.955772399902344
116;93.38618;22.61382293701172
115;107.5549;7.445098876953125
114;133.77751;-19.777511596679688
113;113.49662;-0.49662017822265625
112;127.932884;-15.932884216308594
111;120.25533;-9.255332946777344
110;134.63307;-24.633071899414062
109;149.79173;-40.79173278808594
108;146.35155;-38.35154724121094
107;141.37086;-34.37086486816406
106;153.68494;-47.6849365234375
105;163.67395;-58.6739501953125
104;135.73724;-31.73724365234375
103;137.0536;-34.05360412597656
102;118.04763;-16.047630310058594
101;145.30241;-44.30241394042969
100;141.09349;-41.09349060058594
99;97.73841;1.2615890502929688
98;112.22133;-14.221328735351562
97;93.32974;3.670257568359375
96;101.01572;-5.015716552734375
95;72.43708;22.56291961669922
94;66.68286;27.317138671875
93;44.493168;48.506832122802734
92;44.20955;47.79045104980469
91;39.012684;51.9873161315918
90;51.036182;38.96381759643555
89;50.456196;38.54380416870117
88;53.80045;34.19955062866211
87;64.70318;22.29682159423828
86;34.09154;51.9084587097168
85;33.729347;51.270652770996094
84;38.051395;45.948604583740234
83;36.461254;46.53874588012695
82;38.388176;43.61182403564453
81;35.982113;45.017887115478516
80;31.017588;48.982412338256836
79;27.890425;51.109575271606445
78;54.41672;23.58327865600586
77;30.465662;46.53433799743652
76;30.250116;45.7498836517334
75;44.6785;30.32149887084961
74;35.701736;38.29826354980469
73;34.3208;38.67919921875
72;35.66963;36.33037185668945
71;51.58869;19.41130828857422
70;52.08096;17.91904067993164
69;46.192966;22.80703353881836
68;50.491417;17.508583068847656
67;45.91551;21.084491729736328
66;43.500378;22.499622344970703
65;42.9009;22.099098205566406
64;29.288216;34.71178436279297
63;40.28846;22.71154022216797
62;44.811455;17.18854522705078
61;40.82804;20.171958923339844
60;38.78738;21.21261978149414
59;66.22442;-7.224418640136719
58;54.880604;3.119396209716797
57;35.15943;21.84056854248047
56;42.252075;13.7479248046875
55;48.012856;6.987144470214844
54;61.086235;-7.086235046386719
53;47.609085;5.3909149169921875
52;43.722923;8.277076721191406
51;63.96137;-12.961368560791016
50;38.923264;11.076736450195312
49;86.20681;-37.206809997558594
48;69.042564;-21.042564392089844
47;52.50021;-5.500209808349609
46;51.078205;-5.078205108642578
45;50.659252;-5.659252166748047
44;60.778416;-16.77841567993164
43;54.36372;-11.363719940185547
42;59.07606;-17.076061248779297
41;41.095398;-0.09539794921875
40;37.4768;2.5232009887695312
39;67.18547;-28.185470581054688
38;44.92664;-6.926639556884766
37;45.21843;-8.218429565429688
36;41.337036;-5.3370361328125
35;37.436478;-2.4364776611328125
34;50.840065;-16.840065002441406
33;63.49803;-30.498031616210938
32;39.08457;-7.084571838378906
31;48.16613;-17.16613006591797
30;46.934097;-16.934097290039062
29;48.318237;-19.3182373046875
28;48.012177;-20.012176513671875
27;44.316765;-17.31676483154297
26;44.945316;-18.945316314697266
25;51.958755;-26.958755493164062
24;34.745274;-10.74527359008789
23;49.171227;-26.171226501464844
22;50.61939;-28.619388580322266
21;45.66859;-24.668590545654297
20;35.097115;-15.097114562988281
19;36.155262;-17.155261993408203
18;37.6136;-19.613601684570312
17;30.481312;-13.481311798095703
16;37.985836;-21.985836029052734
15;30.358175;-15.358175277709961
14;29.017088;-15.017087936401367
13;34.228428;-21.22842788696289
12;36.138107;-24.138107299804688
11;29.235395;-18.235395431518555
10;31.07451;-21.07451057434082
9;31.387548;-22.387548446655273
8;29.64637;-21.64636993408203
7;31.840124;-24.840124130249023
6;29.20033;-23.20033073425293
5;33.59329;-28.59328842163086
4;25.10953;-21.109529495239258
3;29.510485;-26.51048469543457
2;40.602554;-38.60255432128906
1;31.92319;-30.923189163208008
0;38.193092;-38.193092346191406
66;56.638233;9.361766815185547
65;58.718433;6.281566619873047
64;62.489567;1.5104331970214844
63;58.627815;4.372184753417969
62;57.89823;4.101768493652344
61;59.04703;1.9529685974121094
60;56.823597;3.176403045654297
59;56.781536;2.218463897705078
58;57.14838;0.8516197204589844
57;52.90722;4.092781066894531
56;54.168148;1.8318519592285156
55;57.062817;-2.062816619873047
54;55.90952;-1.9095191955566406
53;55.50957;-2.509571075439453
52;58.968136;-6.968135833740234
51;50.918217;0.08178329467773438
50;53.31905;-3.319049835205078
49;51.764374;-2.764373779296875
48;54.109768;-6.109767913818359
47;47.785786;-0.7857856750488281
46;54.49764;-8.497638702392578
45;40.386204;4.613796234130859
44;40.564213;3.4357872009277344
43;40.23881;2.761188507080078
42;39.972378;2.0276222229003906
41;49.064075;-8.064075469970703
40;45.322037;-5.3220367431640625
39;35.945633;3.0543670654296875
38;34.51013;3.4898681640625
37;35.649525;1.3504753112792969
36;38.166286;-2.1662864685058594
35;46.419323;-11.419322967529297
34;38.253685;-4.253684997558594
33;24.04592;8.954080581665039
32;22.910706;9.08929443359375
31;22.947172;8.052827835083008
30;16.84023;13.159769058227539
29;28.081827;0.9181728363037109
28;31.307146;-3.3071460723876953
27;22.445063;4.554937362670898
26;25.896124;0.10387611389160156
25;19.97743;5.02256965637207
24;13.943365;10.056634902954102
23;27.165266;-4.165266036987305
22;27.536085;-5.53608512878418
21;13.8659525;7.134047508239746
20;20.938793;-0.9387931823730469
19;11.927846;7.0721540451049805
18;13.212209;4.7877912521362305
17;18.807901;-1.807901382446289
16;16.683397;-0.6833972930908203
15;14.387413;0.6125869750976562
14;14.184213;-0.18421268463134766
13;18.99092;-5.99091911315918
12;13.579525;-1.5795249938964844
11;14.031752;-3.0317516326904297
10;21.734121;-11.734121322631836
9;15.971456;-6.9714555740356445
8;12.50637;-4.506369590759277
7;13.262451;-6.262451171875
6;15.555819;-9.555818557739258
5;15.759074;-10.759074211120605
4;14.227941;-10.227940559387207
3;11.918752;-8.91875171661377
2;21.055258;-19.05525779724121
1;15.694711;-14.694710731506348
0;14.442735;-14.442734718322754
95;36.638584;58.36141586303711
94;57.01528;36.984718322753906
93;75.82244;17.17755889892578
92;85.60233;6.397666931152344
91;81.099434;9.900566101074219
90;81.597725;8.402275085449219
89;79.85006;9.149940490722656
88;80.25343;7.7465667724609375
87;79.31214;7.687858581542969
86;75.17056;10.829437255859375
85;74.87957;10.120429992675781
84;75.45098;8.549018859863281
83;73.68859;9.311408996582031
82;78.7969;3.2031021118164062
81;76.3697;4.630302429199219
80;76.525826;3.4741744995117188
79;73.09639;5.9036102294921875
78;71.65223;6.347770690917969
77;67.42167;9.578330993652344
76;71.26113;4.738868713378906
75;71.80508;3.1949234008789062
74;70.075455;3.9245452880859375
73;67.716255;5.283744812011719
72;70.66485;1.3351516723632812
71;66.15061;4.849388122558594
70;62.552345;7.447654724121094
69;62.707436;6.292564392089844
68;60.32857;7.671428680419922
67;50.95434;16.045658111572266
66;48.51489;17.485111236572266
65;46.625298;18.37470245361328
64;37.425484;26.57451629638672
63;39.282513;23.717487335205078
62;44.584248;17.415752410888672
61;37.6273;23.372699737548828
60;38.924114;21.075885772705078
59;39.46018;19.53982162475586
58;41.039494;16.960506439208984
57;42.82944;14.17055892944336
56;45.520657;10.47934341430664
55;46.617405;8.38259506225586
54;42.94832;11.051681518554688
53;36.42039;16.579608917236328
52;38.612324;13.387676239013672
51;39.346886;11.653114318847656
50;41.88801;8.111991882324219
49;45.671474;3.3285255432128906
48;36.7792;11.22079849243164
47;39.736485;7.263515472412109
46;36.70902;9.29098129272461
45;33.199028;11.800971984863281
44;32.554337;11.445663452148438
43;39.91412;3.0858802795410156
42;43.20207;-1.2020683288574219
41;42.962925;-1.9629249572753906
40;39.68636;0.3136405944824219
39;31.458838;7.541162490844727
38;31.735369;6.264631271362305
37;29.373816;7.626184463500977
36;31.725576;4.274423599243164
35;28.646198;6.353801727294922
34;24.517517;9.48248291015625
33;24.72048;8.279520034790039
32;23.461554;8.538446426391602
31;16.906757;14.093242645263672
30;14.933616;15.066384315490723
29;26.361113;2.638887405395508
28;18.182669;9.817331314086914
27;20.778261;6.221738815307617
26;11.710053;14.289946556091309
25;13.292438;11.707562446594238
24;9.477467;14.522533416748047
23;10.945313;12.054686546325684
22;9.844167;12.15583324432373
21;12.279983;8.720017433166504
20;12.87407;7.125929832458496
19;16.267302;2.732698440551758
18;10.014424;7.9855756759643555
17;9.685899;7.314101219177246
16;9.767505;6.232495307922363
15;13.354463;1.6455373764038086
14;11.206504;2.7934961318969727
13;9.589576;3.41042423248291
12;13.270736;-1.270735740661621
11;18.005621;-7.005620956420898
10;13.228316;-3.228316307067871
9;18.731087;-9.731086730957031
8;16.42916;-8.429159164428711
7;16.130548;-9.130548477172852
6;25.181568;-19.181568145751953
5;23.096289;-18.096288681030273
4;19.922607;-15.922607421875
3;16.282867;-13.282867431640625
2;18.028688;-16.028688430786133
1;16.28834;-15.288339614868164
0;11.04436;-11.044360160827637
95;39.27091;55.72909164428711
94;63.480885;30.519115447998047
93;67.82755;25.172447204589844
92;77.668144;14.331855773925781
91;74.34186;16.65814208984375
90;72.46891;17.531089782714844
89;69.77943;19.22057342529297
88;66.789856;21.21014404296875
87;67.43354;19.56645965576172
86;73.16165;12.838348388671875
85;67.481224;17.518775939941406
84;62.803707;21.196292877197266
83;66.41386;16.586143493652344
82;64.240456;17.759544372558594
81;61.043224;19.956775665283203
80;58.779976;21.22002410888672
79;60.164722;18.835277557373047
78;55.823395;22.176605224609375
77;61.771297;15.228702545166016
76;51.839504;24.16049575805664
75;59.326553;15.673446655273438
74;56.76383;17.23617172241211
73;53.49464;19.505359649658203
72;56.279682;15.720317840576172
71;57.09389;13.906108856201172
70;54.99095;15.009048461914062
69;47.71474;21.285259246826172
68;51.922062;16.077938079833984
67;38.050663;28.949337005615234
66;25.443014;40.55698585510254
65;33.386536;31.61346435546875
64;26.356026;37.64397430419922
63;35.362827;27.63717269897461
62;35.34113;26.658870697021484
61;40.350803;20.64919662475586
60;31.731222;28.26877784729004
59;36.730614;22.269386291503906
58;34.879738;23.120262145996094
57;37.97376;19.026241302490234
56;35.65192;20.348079681396484
55;32.766605;22.233394622802734
54;36.12362;17.876380920410156
53;41.24928;11.750720977783203
52;34.93921;17.060791015625
51;38.680058;12.319942474365234
50;38.843845;11.15615463256836
49;41.54856;7.451438903808594
48;45.212063;2.7879371643066406
47;56.403145;-9.403144836425781
46;47.966393;-1.9663925170898438
45;45.508305;-0.5083045959472656
44;42.5389;1.4611015319824219
43;37.723537;5.276462554931641
42;26.118628;15.881372451782227
41;47.470093;-6.4700927734375
40;35.253323;4.746677398681641
39;33.593376;5.406623840332031
38;27.53677;10.46323013305664
37;31.074518;5.925481796264648
36;23.114145;12.885854721069336
35;32.301178;2.698822021484375
34;28.418028;5.581972122192383
33;25.058287;7.941713333129883
32;13.351611;18.648388862609863
31;14.147183;16.852816581726074
30;15.723378;14.27662181854248
29;17.490086;11.50991439819336
28;15.968814;12.0311861038208
27;23.331566;3.6684341430664062
26;21.133322;4.866678237915039
25;18.868742;6.131258010864258
24;10.71856;13.281439781188965
23;16.669842;6.330158233642578
22;45.26695;-23.266948699951172
21;55.18277;-34.182769775390625
20;77.5521;-57.552101135253906
19;162.49684;-143.49684143066406
18;200.41884;-182.41883850097656
17;27.793594;-10.793594360351562
16;74.347755;-58.347755432128906
15;165.00728;-150.0072784423828
14;206.59691;-192.59690856933594
13;161.7465;-148.7465057373047
12;189.68404;-177.6840362548828
11;196.8411;-185.84109497070312
10;175.20906;-165.2090606689453
9;132.32454;-123.32453918457031
8;184.04396;-176.04396057128906
7;198.29073;-191.2907257080078
6;156.5279;-150.52789306640625
5;157.59314;-152.5931396484375
4;135.8933;-131.89329528808594
3;44.8707;-41.87070083618164
2;77.98335;-75.98335266113281
1;170.07494;-169.07493591308594
0;151.9105;-151.91050720214844
95;165.49246;-70.49246215820312
94;126.70707;-32.707069396972656
93;92.86002;0.13997650146484375
92;104.280304;-12.280303955078125
91;100.83777;-9.8377685546875
90;97.82609;-7.826087951660156
89;84.19868;4.801322937011719
88;92.75961;-4.759613037109375
87;92.47091;-5.470909118652344
86;90.51492;-4.514923095703125
85;80.9699;4.030097961425781
84;67.22611;16.773887634277344
83;69.019745;13.980255126953125
82;65.85749;16.14250946044922
81;62.17646;18.82353973388672
80;62.293427;17.706573486328125
79;55.462116;23.537883758544922
78;62.460327;15.5396728515625
77;63.27937;13.720630645751953
76;61.755543;14.244457244873047
75;66.14612;8.8538818359375
74;63.124947;10.875053405761719
73;68.99854;4.001457214355469
72;62.78603;9.213970184326172
71;62.01245;8.987548828125
70;62.05942;7.940578460693359
69;54.105854;14.894145965576172
68;58.927788;9.072212219238281
67;45.634796;21.365203857421875
66;35.84078;30.159221649169922
65;37.417706;27.582294464111328
64;30.718176;33.28182411193848
63;35.817127;27.182872772216797
62;35.90992;26.09008026123047
61;31.467976;29.532024383544922
60;38.170357;21.82964324951172
59;27.256197;31.743803024291992
58;52.069256;5.930744171142578
57;44.929066;12.070934295654297
56;45.334515;10.665485382080078
55;38.9779;16.022098541259766
54;45.72076;8.279239654541016
53;48.213127;4.786872863769531
52;65.44838;-13.448379516601562
51;51.251842;-0.2518424987792969
50;39.11192;10.888080596923828
49;53.332672;-4.332672119140625
48;41.546295;6.453704833984375
47;48.915672;-1.9156723022460938
46;55.916557;-9.916557312011719
45;47.889256;-2.8892555236816406
44;49.51183;-5.511829376220703
43;29.509296;13.490703582763672
42;37.73404;4.265960693359375
41;32.266228;8.733772277832031
40;25.000223;14.999776840209961
39;38.082203;0.9177970886230469
38;41.571682;-3.5716819763183594
37;43.64807;-6.6480712890625
36;33.762165;2.237834930419922
35;49.824078;-14.824077606201172
34;73.06169;-39.06169128417969
33;41.942486;-8.942485809326172
32;102.61517;-70.61517333984375
31;90.66478;-59.66477966308594
30;114.646286;-84.64628601074219
29;44.42999;-15.429988861083984
28;85.466255;-57.46625518798828
27;84.333885;-57.333885192871094
26;56.69058;-30.69057846069336
25;62.656734;-37.656734466552734
24;92.189865;-68.18986511230469
23;60.042492;-37.0424919128418
22;101.33955;-79.33954620361328
21;120.54338;-99.54338073730469
20;104.48045;-84.48045349121094
19;91.43696;-72.43695831298828
18;112.21618;-94.21617889404297
17;90.34525;-73.34525299072266
16;57.322094;-41.32209396362305
15;74.413055;-59.413055419921875
14;96.072655;-82.0726547241211
13;95.68937;-82.68936920166016
12;79.455666;-67.4556655883789
11;111.106255;-100.10625457763672
10;97.39561;-87.3956069946289
9;87.76537;-78.76537322998047
8;100.69742;-92.69741821289062
7;128.9051;-121.90510559082031
6;100.93974;-94.93974304199219
5;94.403656;-89.40365600585938
4;113.08799;-109.0879898071289
3;121.96711;-118.96710968017578
2;101.23762;-99.23761749267578
1;77.3089;-76.30889892578125
0;115.97414;-115.97413635253906
115;106.249886;8.750114440917969
114;93.7313;20.268699645996094
113;121.562614;-8.562614440917969
112;152.62807;-40.62806701660156
111;111.46697;-0.46697235107421875
110;148.4904;-38.49040222167969
109;117.39312;-8.393119812011719
108;121.64898;-13.648979187011719
107;107.59967;-0.59967041015625
106;106.72934;-0.729339599609375
105;111.34413;-6.3441314697265625
104;143.59648;-39.59648132324219
103;111.22192;-8.221916198730469
102;107.305916;-5.305915832519531
101;114.079315;-13.079315185546875
100;101.54242;-1.54241943359375
99;100.89173;-1.8917312622070312
98;115.3368;-17.33679962158203
97;142.8669;-45.86689758300781
96;93.82995;2.1700515747070312
95;112.07775;-17.07775115966797
94;84.63556;9.36444091796875
93;86.05139;6.9486083984375
92;111.06934;-19.06934356689453
91;121.027054;-30.027053833007812
90;75.55143;14.448570251464844
89;79.875595;9.124404907226562
88;67.52992;20.470077514648438
87;58.741398;28.258602142333984
86;63.706345;22.293655395507812
85;41.407284;43.592716217041016
84;60.792435;23.207565307617188
83;35.852264;47.147735595703125
82;52.130077;29.869922637939453
81;67.76037;13.239631652832031
80;45.36543;34.63457107543945
79;39.9078;39.092201232910156
78;35.578636;42.421363830566406
77;44.693443;32.306556701660156
76;37.477726;38.522274017333984
75;28.363903;46.6360969543457
74;31.722761;42.277238845825195
73;44.968307;28.031692504882812
72;42.070927;29.929073333740234
71;51.356445;19.6435546875
70;59.333126;10.666873931884766
69;43.964443;25.03555679321289
68;57.002415;10.99758529663086
67;57.242733;9.757266998291016
66;50.334366;15.665634155273438
65;40.961216;24.03878402709961
64;38.106194;25.89380645751953
63;29.013193;33.986806869506836
62;47.380264;14.619735717773438
61;41.845955;19.15404510498047
60;34.287434;25.712566375732422
59;45.79564;13.204360961914062
58;41.700787;16.299213409423828
57;42.021473;14.978527069091797
56;32.100185;23.89981460571289
55;34.158794;20.841205596923828
54;39.31129;14.688709259033203
53;41.066746;11.93325424194336
52;40.462276;11.537723541259766
51;47.199566;3.800434112548828
50;33.004974;16.995025634765625
49;39.250584;9.74941635131836
48;35.1303;12.869701385498047
47;42.852093;4.147907257080078
46;45.135235;0.8647651672363281
45;38.0702;6.929798126220703
44;48.478046;-4.478046417236328
43;60.827595;-17.827594757080078
42;53.496574;-11.496574401855469
41;59.653645;-18.653644561767578
40;41.043613;-1.0436134338378906
39;39.642483;-0.6424827575683594
38;60.16548;-22.165481567382812
37;37.347576;-0.3475761413574219
36;39.37172;-3.3717193603515625
35;49.147003;-14.147003173828125
34;37.688385;-3.688385009765625
33;37.309658;-4.309658050537109
32;45.60216;-13.602161407470703
31;50.607063;-19.60706329345703
30;62.689415;-32.689414978027344
29;47.442722;-18.44272232055664
28;44.32559;-16.32558822631836
27;46.19366;-19.193660736083984
26;33.608913;-7.608913421630859
25;34.581066;-9.581066131591797
24;41.935688;-17.935688018798828
23;36.4493;-13.449298858642578
22;31.198175;-9.198175430297852
21;32.06131;-11.061309814453125
20;37.06637;-17.066368103027344
19;30.506948;-11.506948471069336
18;31.010866;-13.010866165161133
17;30.992281;-13.992280960083008
16;32.51538;-16.515380859375
15;27.034098;-12.034097671508789
14;29.86661;-15.866609573364258
13;30.738947;-17.73894691467285
12;32.63847;-20.638469696044922
11;32.912334;-21.912334442138672
10;30.527925;-20.527925491333008
9;31.984823;-22.98482322692871
8;31.886854;-23.88685417175293
7;35.48998;-28.489978790283203
6;35.1103;-29.11029815673828
5;35.417862;-30.417861938476562
4;38.38266;-34.382659912109375
3;34.204273;-31.204273223876953
2;32.52342;-30.523418426513672
1;27.571619;-26.571619033813477
0;35.162205;-35.16220474243164
28;43.772552;-15.772552490234375
27;46.508095;-19.508094787597656
26;43.83227;-17.832271575927734
25;39.918747;-14.918746948242188
24;41.529167;-17.52916717529297
23;37.217148;-14.217147827148438
22;38.367672;-16.367671966552734
21;43.716816;-22.716815948486328
20;42.685543;-22.685543060302734
19;40.81261;-21.812610626220703
18;41.674286;-23.674285888671875
17;27.372751;-10.372751235961914
16;32.620407;-16.620407104492188
15;26.087374;-11.087373733520508
14;28.116665;-14.11666488647461
13;25.040653;-12.040653228759766
12;15.357247;-3.3572473526000977
11;13.701257;-2.70125675201416
10;13.881551;-3.8815507888793945
9;17.186373;-8.186372756958008
8;13.024003;-5.024003028869629
7;15.725888;-8.7258882522583
6;10.647008;-4.647007942199707
5;9.0838175;-4.083817481994629
4;9.177896;-5.177895545959473
3;12.184772;-9.184771537780762
2;7.9426703;-5.9426703453063965
1;11.570912;-10.57091236114502
0;10.059979;-10.059979438781738
57;21.122587;35.87741279602051
56;44.26858;11.73141860961914
55;58.892605;-3.8926048278808594
54;56.446274;-2.4462738037109375
53;58.743496;-5.743495941162109
52;53.132748;-1.1327476501464844
51;55.433025;-4.433025360107422
50;62.289703;-12.289703369140625
49;59.29067;-10.290668487548828
48;56.641533;-8.641532897949219
47;54.415825;-7.415824890136719
46;55.099457;-9.099456787109375
45;52.519054;-7.519054412841797
44;55.42113;-11.421131134033203
43;54.719387;-11.71938705444336
42;48.30142;-6.301418304443359
41;49.075787;-8.075786590576172
40;49.8178;-9.817798614501953
39;49.541073;-10.541072845458984
38;54.249615;-16.249614715576172
37;43.900776;-6.900775909423828
36;45.246834;-9.246833801269531
35;47.560375;-12.560375213623047
34;44.990337;-10.990337371826172
33;48.445385;-15.445384979248047
32;42.439693;-10.439693450927734
31;44.976334;-13.976333618164062
30;42.786404;-12.78640365600586
29;40.09599;-11.095989227294922
28;38.240917;-10.240917205810547
27;34.755344;-7.755344390869141
26;35.628685;-9.628684997558594
25;34.099987;-9.099987030029297
24;32.920506;-8.92050552368164
23;33.533398;-10.533397674560547
22;31.010561;-9.010560989379883
21;27.366346;-6.36634635925293
20;28.931473;-8.931472778320312
19;24.57826;-5.57826042175293
18;27.618483;-9.61848258972168
17;28.885752;-11.885751724243164
16;22.746897;-6.746896743774414
15;14.4214525;0.578547477722168
14;16.730097;-2.7300968170166016
13;12.479171;0.5208292007446289
12;11.044042;0.955958366394043
11;16.441137;-5.441137313842773
10;8.836968;1.1630315780639648
9;7.4890876;1.5109124183654785
8;12.833394;-4.8333940505981445
7;7.1468253;-0.14682531356811523
6;5.7044196;0.2955803871154785
5;9.124515;-4.124514579772949
4;11.537034;-7.537034034729004
3;6.325542;-3.3255419731140137
2;7.308273;-5.308272838592529
1;6.4079757;-5.407975673675537
0;6.6592135;-6.659213542938232
57;19.038858;37.96114158630371
56;30.335852;25.664148330688477
55;45.416264;9.583736419677734
54;47.565945;6.434055328369141
53;49.11269;3.887310028076172
52;52.217148;-0.2171478271484375
51;54.36719;-3.3671913146972656
50;57.855427;-7.855426788330078
49;55.853313;-6.853313446044922
48;53.25252;-5.252521514892578
47;46.838924;0.16107559204101562
46;45.938797;0.0612030029296875
45;45.528133;-0.5281333923339844
44;49.33216;-5.332160949707031
43;43.73441;-0.7344093322753906
42;45.208828;-3.2088279724121094
41;44.42014;-3.4201393127441406
40;49.775703;-9.775703430175781
39;46.007668;-7.007667541503906
38;47.833065;-9.833065032958984
37;43.9865;-6.986499786376953
36;44.411446;-8.411445617675781
35;46.175625;-11.17562484741211
34;41.23915;-7.2391510009765625
33;40.435253;-7.435253143310547
32;40.420895;-8.420894622802734
31;39.127983;-8.127983093261719
30;36.130257;-6.130256652832031
29;39.867382;-10.867382049560547
28;36.832973;-8.83297348022461
27;36.18017;-9.180168151855469
26;32.568485;-6.568485260009766
25;39.197773;-14.197772979736328
24;26.39221;-2.392210006713867
23;29.501036;-6.501035690307617
22;29.248425;-7.248424530029297
21;25.03774;-4.037740707397461
20;23.92713;-3.9271297454833984
19;29.504677;-10.504676818847656
18;25.303171;-7.303171157836914
17;31.088263;-14.088262557983398
16;22.386702;-6.386701583862305
15;21.38957;-6.389570236206055
14;18.718664;-4.718664169311523
13;16.043867;-3.0438671112060547
12;10.325452;1.6745481491088867
11;19.329655;-8.329654693603516
10;12.956841;-2.956841468811035
9;18.534803;-9.53480339050293
8;7.2654757;0.7345242500305176
7;12.393015;-5.393014907836914
6;10.456811;-4.45681095123291
5;9.966092;-4.966092109680176
4;10.668071;-6.6680707931518555
3;13.559329;-10.55932903289795
2;9.953662;-7.953661918640137
1;12.683522;-11.68352222442627
0;12.785676;-12.785676002502441
57;24.830482;32.169517517089844
56;28.767221;27.232778549194336
55;45.347694;9.652305603027344
54;49.824535;4.175464630126953
53;49.43929;3.560710906982422
52;53.578587;-1.5785865783691406
51;47.726315;3.2736854553222656
50;52.314465;-2.314464569091797
49;46.88632;2.1136817932128906
48;45.896908;2.1030921936035156
47;40.171883;6.828117370605469
46;43.17544;2.8245582580566406
45;41.68468;3.315319061279297
44;41.900906;2.0990943908691406
43;40.166584;2.833415985107422
42;39.44277;2.557231903076172
41;39.793156;1.2068443298339844
40;41.03783;-1.0378303527832031
39;46.258606;-7.25860595703125
38;44.410145;-6.410144805908203
37;50.746822;-13.746822357177734
36;46.674038;-10.67403793334961
35;46.091007;-11.091007232666016
34;51.41642;-17.416419982910156
33;59.345657;-26.345657348632812
32;63.104496;-31.104496002197266
31;56.53573;-25.535728454589844
30;139.0377;-109.03770446777344
29;44.9474;-15.947399139404297
28;61.292915;-33.29291534423828
27;69.50335;-42.50334930419922
26;32.426624;-6.426624298095703
25;41.41869;-16.418689727783203
24;108.464455;-84.4644546508789
23;53.996143;-30.996143341064453
22;110.74015;-88.74015045166016
21;38.579273;-17.579273223876953
20;35.280834;-15.280834197998047
19;48.440266;-29.440265655517578
18;55.79605;-37.796051025390625
17;23.792427;-6.792427062988281
16;31.229185;-15.229185104370117
15;26.608667;-11.608667373657227
14;30.780455;-16.780454635620117
13;47.787643;-34.78764343261719
12;21.023155;-9.023155212402344
11;56.75468;-45.75468063354492
10;42.297123;-32.297122955322266
9;27.15127;-18.151269912719727
8;73.26615;-65.26615142822266
7;252.87425;-245.87425231933594
6;231.23723;-225.2372283935547
5;245.4297;-240.42970275878906
4;248.80116;-244.80116271972656
3;242.70924;-239.70924377441406
2;257.53555;-255.53555297851562
1;214.41118;-213.4111785888672
0;256.3107;-256.3106994628906
267;239.99622;27.0037841796875
266;201.7541;64.24589538574219
265;73.187065;191.81293487548828
264;230.0067;33.99330139160156
263;65.08842;197.91158294677734
262;75.52493;186.47506713867188
261;172.68463;88.31536865234375
260;79.209305;180.7906951904297
259;91.84269;167.15731048583984
258;102.24046;155.75953674316406
257;96.953316;160.04668426513672
256;89.35783;166.64217376708984
255;67.989456;187.0105438232422
254;90.52477;163.47522735595703
253;65.474106;187.52589416503906
252;124.17234;127.8276596069336
251;89.79118;161.2088165283203
250;161.30856;88.69143676757812
249;69.85976;179.14024353027344
248;75.89052;172.10948181152344
247;65.45039;181.5496063232422
246;192.62862;53.37138366699219
245;187.33153;57.66847229003906
244;73.141914;170.85808563232422
243;71.82869;171.1713104248047
242;80.92962;161.07038116455078
241;96.11253;144.88746643066406
240;106.305824;133.69417572021484
239;47.673374;191.3266258239746
238;56.244675;181.7553253173828
237;66.58262;170.4173812866211
236;44.217625;191.78237533569336
235;28.296297;206.70370292663574
234;20.88389;213.11610984802246
233;28.22534;204.77466011047363
232;21.266745;210.73325538635254
231;27.545662;203.45433807373047
230;30.018078;199.9819221496582
229;24.667248;204.3327522277832
228;21.861128;206.13887214660645
227;45.256023;181.74397659301758
226;123.52015;102.47985076904297
225;44.674374;180.32562637329102
224;126.60943;97.39057159423828
223;182.21077;40.78923034667969
222;152.30782;69.69218444824219
221;162.50302;58.496978759765625
220;185.78976;34.210235595703125
219;199.25987;19.740127563476562
218;189.3235;28.676498413085938
217;205.34268;11.657318115234375
216;193.78905;22.210952758789062
215;156.14226;58.85774230957031
214;159.83946;54.16053771972656
213;167.7549;45.24510192871094
212;200.11676;11.88323974609375
211;210.15761;0.8423919677734375
210;183.68668;26.313323974609375
209;177.06847;31.931533813476562
208;216.96767;-8.967666625976562
207;209.98824;-2.9882354736328125
206;201.17537;4.8246307373046875
205;180.24077;24.759231567382812
204;191.9351;12.064895629882812
203;232.63286;-29.632858276367188
202;233.34178;-31.341781616210938
201;191.10945;9.890548706054688
200;215.1603;-15.160293579101562
199;204.37563;-5.3756256103515625
198;189.28558;8.71441650390625
197;178.37321;18.626785278320312
196;196.47304;-0.4730377197265625
195;192.61928;2.3807220458984375
194;196.61351;-2.6135101318359375
193;174.66975;18.330245971679688
192;180.85762;11.142379760742188
191;210.24243;-19.242431640625
190;215.49934;-25.499343872070312
189;187.73357;1.2664337158203125
188;194.45831;-6.45831298828125
187;177.86699;9.133010864257812
186;160.01263;25.98736572265625
185;166.99513;18.004867553710938
184;165.94688;18.053115844726562
183;172.6433;10.356704711914062
182;37.54976;144.4502410888672
181;161.63855;19.3614501953125
180;174.11073;5.8892669677734375
179;173.90414;5.095855712890625
178;165.4267;12.57330322265625
177;164.59738;12.402618408203125
176;152.21721;23.782791137695312
175;166.24942;8.750579833984375
174;153.94824;20.0517578125
173;160.73639;12.26361083984375
172;143.82175;28.178253173828125
171;160.953;10.0469970703125
170;148.28513;21.714874267578125
169;116.50508;52.49491882324219
168;179.17172;-11.171722412109375
167;140.59685;26.403152465820312
166;152.80898;13.191024780273438
165;125.54282;39.457176208496094
164;91.689545;72.31045532226562
163;107.884346;55.11565399169922
162;126.16106;35.83894348144531
161;107.825294;53.174705505371094
160;114.52876;45.47123718261719
159;146.2845;12.715499877929688
158;137.82892;20.17108154296875
157;70.16558;86.83441925048828
156;145.14311;10.856887817382812
155;132.36581;22.634185791015625
154;132.49867;21.501327514648438
153;142.41768;10.582321166992188
152;139.69621;12.303787231445312
151;148.78036;2.219635009765625
150;126.37158;23.62841796875
149;120.68625;28.313751220703125
148;133.08675;14.913253784179688
147;152.71764;-5.7176361083984375
146;132.27217;13.727828979492188
145;152.44164;-7.4416351318359375
144;137.46666;6.5333404541015625
143;146.43346;-3.4334564208984375
142;150.69086;-8.69085693359375
141;143.06696;-2.06695556640625
140;110.04415;29.955848693847656
139;131.26292;7.7370758056640625
138;124.1525;13.847503662109375
137;103.536995;33.46300506591797
136;130.46536;5.534637451171875
135;116.91487;18.085128784179688
134;145.93373;-11.933731079101562
133;138.43138;-5.4313812255859375
132;137.38878;-5.3887786865234375
131;118.51151;12.488487243652344
130;141.38048;-11.380477905273438
129;125.087364;3.9126358032226562
128;140.19707;-12.197067260742188
127;143.88274;-16.882736206054688
126;143.06224;-17.062240600585938
125;112.64669;12.353309631347656
124;149.85515;-25.855148315429688
123;117.069;5.930999755859375
122;113.59989;8.400108337402344
121;102.40418;18.59581756591797
120;108.159035;11.840965270996094
119;109.60609;9.393913269042969
118;109.75689;8.243110656738281
117;87.93376;29.066238403320312
116;92.91901;23.08099365234375
115;116.717705;-1.7177047729492188
114;95.665085;18.334915161132812
113;108.378334;4.621665954589844
112;114.27523;-2.2752304077148438
111;124.12009;-13.120086669921875
110;109.920296;0.07970428466796875
109;107.93531;1.0646896362304688
108;74.07324;33.9267578125
107;93.62996;13.370040893554688
106;82.245674;23.75432586669922
105;83.86926;21.1307373046875
104;95.426994;8.573005676269531
103;74.95204;28.047958374023438
102;91.74445;10.255546569824219
101;114.79888;-13.798881530761719
100;103.149734;-3.1497344970703125
99;75.106865;23.89313507080078
98;104.166275;-6.1662750244140625
97;78.2859;18.71410369873047
96;93.92839;2.0716094970703125
95;83.94886;11.051139831542969
94;83.83385;10.166152954101562
93;71.95301;21.04698944091797
92;100.75698;-8.756980895996094
91;76.44788;14.552116394042969
90;71.29139;18.70861053466797
89;78.01984;10.98016357421875
88;75.855034;12.144966125488281
87;86.88222;0.1177825927734375
86;74.99983;11.000167846679688
85;78.94838;6.0516204833984375
84;83.57136;0.42864227294921875
83;90.22718;-7.227180480957031
82;60.380127;21.619873046875
81;71.19649;9.803512573242188
80;67.825874;12.174125671386719
79;87.23283;-8.232826232910156
78;74.022865;3.9771347045898438
77;83.23036;-6.2303619384765625
76;98.01717;-22.017173767089844
75;107.05733;-32.05732727050781
74;80.9688;-6.968803405761719
73;70.766014;2.2339859008789062
72;59.560215;12.43978500366211
71;81.053825;-10.053825378417969
70;63.981564;6.018436431884766
69;64.2594;4.7406005859375
68;55.376095;12.623905181884766
67;64.26549;2.7345123291015625
66;59.36647;6.6335296630859375
65;60.00562;4.994380950927734
64;47.215565;16.784435272216797
63;47.927372;15.072628021240234
62;55.80971;6.190288543701172
61;41.01392;19.986080169677734
60;48.90872;11.09128189086914
59;52.153194;6.846805572509766
58;36.713696;21.286304473876953
57;34.24321;22.756790161132812
56;43.59087;12.409130096435547
55;47.516186;7.483814239501953
54;46.92362;7.076381683349609
53;59.028492;-6.028491973876953
52;40.534374;11.465625762939453
51;39.363277;11.636722564697266
50;33.601044;16.398956298828125
49;32.036007;16.963993072509766
48;31.847319;16.152681350708008
47;38.125427;8.87457275390625
46;34.39262;11.607379913330078
45;35.1143;9.885700225830078
44;45.069798;-1.0697975158691406
43;40.313457;2.686542510986328
42;57.289272;-15.28927230834961
41;52.404938;-11.404937744140625
40;54.7219;-14.721900939941406
39;50.5424;-11.542400360107422
38;50.308582;-12.308582305908203
37;36.87341;0.12659072875976562
36;38.374706;-2.374706268310547
35;50.5629;-15.56290054321289
34;51.551426;-17.55142593383789
33;36.78184;-3.781841278076172
32;33.30543;-1.3054313659667969
31;47.852978;-16.852977752685547
30;51.271748;-21.271747589111328
29;52.92705;-23.927051544189453
28;33.997578;-5.997577667236328
27;38.57331;-11.573310852050781
26;38.35004;-12.350040435791016
25;31.833677;-6.833677291870117
24;23.51103;0.4889698028564453
23;41.488705;-18.488704681396484
22;34.183285;-12.183284759521484
21;33.77373;-12.773731231689453
20;33.0296;-13.029598236083984
19;42.334263;-23.33426284790039
18;34.384914;-16.38491439819336
17;28.661436;-11.661436080932617
16;26.188475;-10.188474655151367
15;27.382078;-12.382078170776367
14;30.5203;-16.520299911499023
13;27.195219;-14.195219039916992
12;28.79666;-16.796659469604492
11;27.825499;-16.825498580932617
10;31.319235;-21.31923484802246
9;35.023006;-26.023006439208984
8;33.632946;-25.632946014404297
7;28.079367;-21.07936668395996
6;24.578978;-18.578977584838867
5;23.456694;-18.456693649291992
4;29.01534;-25.01534080505371
3;29.086752;-26.08675193786621
2;22.429235;-20.429235458374023
1;19.088896;-18.088895797729492
0;23.525297;-23.525297164916992
82;44.0192;37.98080062866211
81;35.828827;45.171173095703125
80;42.445633;37.55436706542969
79;43.03018;35.969818115234375
78;43.354546;34.64545440673828
77;42.886623;34.11337661743164
76;47.16241;28.837589263916016
75;39.158863;35.84113693237305
74;43.369255;30.63074493408203
73;44.38771;28.612289428710938
72;40.55833;31.441669464111328
71;36.17805;34.82194900512695
70;38.196697;31.803302764892578
69;45.019077;23.98092269897461
68;42.467396;25.532604217529297
67;40.123688;26.876312255859375
66;38.257725;27.74227523803711
65;41.892498;23.107501983642578
64;34.896812;29.103187561035156
63;46.259686;16.740314483642578
62;45.529118;16.470882415771484
61;40.62228;20.37771987915039
60;38.471104;21.52889633178711
59;40.67925;18.320751190185547
58;40.039143;17.960857391357422
57;40.213257;16.7867431640625
56;45.606625;10.393375396728516
55;40.07677;14.923229217529297
54;45.365025;8.63497543334961
53;49.440514;3.5594863891601562
52;37.928204;14.071796417236328
51;42.289005;8.710994720458984
50;39.042267;10.957733154296875
49;38.080193;10.919807434082031
48;40.85404;7.145961761474609
47;27.079828;19.9201717376709
46;37.905983;8.094017028808594
45;35.797573;9.20242691040039
44;41.053577;2.946422576904297
43;42.71323;0.2867698669433594
42;42.62904;-0.6290397644042969
41;39.991856;1.0081443786621094
40;39.886753;0.11324691772460938
39;39.85861;-0.8586082458496094
38;36.89531;1.1046905517578125
37;31.315523;5.684476852416992
36;33.422836;2.5771636962890625
35;41.352856;-6.352855682373047
34;39.96801;-5.968009948730469
33;44.639725;-11.639724731445312
32;35.971443;-3.9714431762695312
31;32.303905;-1.3039054870605469
30;31.61931;-1.6193103790283203
29;31.455267;-2.4552669525146484
28;31.206957;-3.2069568634033203
27;37.799255;-10.79925537109375
26;36.750538;-10.750537872314453
25;33.80193;-8.801929473876953
24;35.113277;-11.113277435302734
23;31.229948;-8.229948043823242
22;32.537163;-10.537162780761719
21;32.659264;-11.659263610839844
20;37.015133;-17.015132904052734
19;31.934351;-12.934350967407227
18;39.979816;-21.979816436767578
17;43.5337;-26.53369903564453
16;42.365574;-26.36557388305664
15;39.518917;-24.518917083740234
14;37.737514;-23.73751449584961
13;34.465252;-21.465251922607422
12;35.86781;-23.867809295654297
11;35.172592;-24.172592163085938
10;43.696163;-33.696163177490234
9;44.405537;-35.40553665161133
8;35.03128;-27.031280517578125
7;40.216496;-33.216495513916016
6;35.148254;-29.14825439453125
5;31.273603;-26.273603439331055
4;34.71741;-30.717411041259766
3;30.444752;-27.444751739501953
2;33.225754;-31.225753784179688
1;37.536255;-36.5362548828125
0;41.6593;-41.6593017578125
99;50.12409;48.875911712646484
98;54.29501;43.70499038696289
97;59.64376;37.356239318847656
96;61.519226;34.48077392578125
95;60.745655;34.25434494018555
94;56.573124;37.426876068115234
93;60.843285;32.156715393066406
92;51.181767;40.818233489990234
91;51.016674;39.98332595825195
90;55.338264;34.66173553466797
89;52.600353;36.3996467590332
88;50.17225;37.82775115966797
87;49.23528;37.76472091674805
86;54.294544;31.705455780029297
85;51.33677;33.663230895996094
84;51.94814;32.05186080932617
83;46.989132;36.010868072509766
82;49.093697;32.90630340576172
81;43.16462;37.83538055419922
80;42.61993;37.380069732666016
79;47.242836;31.757164001464844
78;41.33379;36.66621017456055
77;48.770916;28.229084014892578
76;45.898647;30.10135269165039
75;45.80412;29.195880889892578
74;38.873188;35.12681198120117
73;35.899147;37.100852966308594
72;37.80778;34.19221878051758
71;37.915966;33.08403396606445
70;30.705132;39.29486846923828
69;30.935106;38.06489372253418
68;30.953157;37.04684257507324
67;25.011837;41.988162994384766
66;29.396051;36.60394859313965
65;29.7893;35.2106990814209
64;29.185144;34.81485557556152
63;30.793205;32.20679473876953
62;27.873884;34.126115798950195
61;25.959177;35.040822982788086
60;28.848518;31.15148162841797
59;28.81327;30.186729431152344
58;28.225557;29.774442672729492
57;30.897587;26.102413177490234
56;30.040821;25.959178924560547
55;29.176773;25.823226928710938
54;34.93594;19.06406021118164
53;31.211836;21.788164138793945
52;30.91834;21.0816593170166
51;26.691137;24.308862686157227
50;30.877537;19.12246322631836
49;34.098663;14.901336669921875
48;34.00582;13.994178771972656
47;32.520725;14.47927474975586
46;32.353806;13.646194458007812
45;34.073196;10.926803588867188
44;31.04099;12.959009170532227
43;29.529215;13.470785140991211
42;27.192404;14.807596206665039
41;32.93966;8.060340881347656
40;37.198345;2.801654815673828
39;32.91371;6.0862884521484375
38;29.740667;8.259332656860352
37;34.0483;2.9516983032226562
36;36.347725;-0.34772491455078125
35;31.429552;3.5704479217529297
34;41.24182;-7.2418212890625
33;31.519857;1.480142593383789
32;39.537853;-7.537853240966797
31;36.8218;-5.821800231933594
30;37.11276;-7.112758636474609
29;34.319057;-5.319057464599609
28;26.777315;1.2226848602294922
27;27.102633;-0.10263252258300781
26;32.50053;-6.500530242919922
25;37.55602;-12.556018829345703
24;30.196924;-6.196924209594727
23;35.30615;-12.306148529052734
22;28.181097;-6.181097030639648
21;29.831728;-8.831727981567383
20;28.786505;-8.786504745483398
19;34.008278;-15.008277893066406
18;26.962421;-8.962421417236328
17;28.66201;-11.662010192871094
16;26.147076;-10.147075653076172
15;28.907585;-13.907585144042969
14;31.757162;-17.75716209411621
13;31.570807;-18.5708065032959
12;28.86826;-16.86825942993164
11;33.050095;-22.050094604492188
10;22.711811;-12.711811065673828
9;26.749945;-17.74994468688965
8;30.166367;-22.166366577148438
7;33.12354;-26.123538970947266
6;26.534348;-20.534347534179688
5;34.83929;-29.839290618896484
4;34.410828;-30.41082763671875
3;23.610659;-20.610658645629883
2;30.818092;-28.818092346191406
1;31.23285;-30.23284912109375
0;26.095404;-26.09540367126465
99;41.417088;57.58291244506836
98;41.95209;56.047908782958984
97;58.49568;38.50431823730469
96;58.13593;37.864070892333984
95;58.091736;36.90826416015625
94;66.72139;27.278610229492188
93;77.10017;15.899833679199219
92;66.24253;25.757469177246094
91;69.88634;21.113662719726562
90;62.06545;27.934551239013672
89;66.10947;22.890533447265625
88;64.13167;23.868331909179688
87;57.503963;29.496036529541016
86;62.635433;23.364566802978516
85;69.21107;15.788932800292969
84;65.81019;18.18981170654297
83;64.31346;18.686538696289062
82;63.96027;18.039730072021484
81;66.51003;14.489967346191406
80;76.29959;3.700408935546875
79;93.772125;-14.772125244140625
78;90.46662;-12.466621398925781
77;52.574245;24.42575454711914
76;67.54115;8.458847045898438
75;78.967964;-3.9679641723632812
74;60.165695;13.834304809570312
73;53.923405;19.076595306396484
72;36.825897;35.174102783203125
71;54.961872;16.038127899169922
70;62.74427;7.255729675292969
69;63.926388;5.073612213134766
68;41.470276;26.52972412109375
67;65.54145;1.4585494995117188
66;49.431076;16.568923950195312
65;199.45287;-134.45286560058594
64;44.790894;19.2091064453125
63;31.344343;31.655656814575195
62;68.00783;-6.0078277587890625
61;29.885792;31.114208221435547
60;37.029575;22.97042465209961
59;103.054054;-44.054054260253906
58;71.196556;-13.196556091308594
57;31.415068;25.584932327270508
56;80.15519;-24.155189514160156
55;53.09077;1.9092292785644531
54;58.644035;-4.644035339355469
53;160.5999;-107.59989929199219
52;47.291546;4.708454132080078
51;98.03582;-47.03582000732422
50;38.710617;11.289382934570312
49;56.10388;-7.1038818359375
48;79.13197;-31.131973266601562
47;107.64909;-60.64909362792969
46;31.130299;14.869701385498047
45;28.35239;16.64760971069336
44;48.927574;-4.927574157714844
43;78.91953;-35.919532775878906
42;167.07353;-125.07353210449219
41;85.10516;-44.10516357421875
40;62.32355;-22.323551177978516
39;76.966354;-37.96635437011719
38;72.71566;-34.715660095214844
37;72.92453;-35.924530029296875
36;27.310228;8.68977165222168
35;32.314426;2.6855735778808594
34;36.240627;-2.2406272888183594
33;33.595367;-0.595367431640625
32;60.13979;-28.139789581298828
31;64.62823;-33.62822723388672
30;89.99432;-59.99432373046875
29;74.8798;-45.879798889160156
28;38.98711;-10.987110137939453
27;42.740902;-15.740901947021484
26;27.631453;-1.6314525604248047
25;21.874971;3.125028610229492
24;21.984188;2.0158119201660156
23;31.668499;-8.668498992919922
22;38.61467;-16.614669799804688
21;129.91153;-108.91152954101562
20;56.645893;-36.64589309692383
19;52.297432;-33.29743194580078
18;44.120853;-26.120853424072266
17;39.77518;-22.77518081665039
16;20.999495;-4.999494552612305
15;31.289862;-16.28986167907715
14;26.318243;-12.318243026733398
13;41.698795;-28.698795318603516
12;26.575174;-14.575174331665039
11;29.489832;-18.489831924438477
10;25.853668;-15.853668212890625
9;37.24259;-28.242591857910156
8;19.676888;-11.676887512207031
7;30.613495;-23.613494873046875
6;56.979378;-50.97937774658203
5;41.3381;-36.33810043334961
4;26.966393;-22.966392517089844
3;36.21579;-33.215789794921875
2;30.333376;-28.333375930786133
1;33.58736;-32.58736038208008
0;31.837536;-31.837535858154297
99;43.744984;55.2550163269043
98;44.816055;53.18394470214844
97;78.97673;18.023269653320312
96;64.265465;31.734535217285156
95;84.77923;10.220771789550781
94;111.02364;-17.023643493652344
93;127.542915;-34.54291534423828
92;91.61364;0.38636016845703125
91;94.24598;-3.2459793090820312
90;87.622086;2.3779144287109375
89;81.7126;7.2873992919921875
88;72.36037;15.639633178710938
87;77.55378;9.446220397949219
86;84.39332;1.6066818237304688
85;69.83526;15.164741516113281
84;67.44691;16.55309295654297
83;68.904495;14.095504760742188
82;67.99211;14.007888793945312
81;63.937275;17.062725067138672
80;68.6404;11.359596252441406
79;77.32156;1.678436279296875
78;77.48214;0.5178604125976562
77;69.65325;7.346748352050781
76;72.60792;3.3920822143554688
75;72.72775;2.272247314453125
74;48.784904;25.21509552001953
73;58.100723;14.899276733398438
72;45.459057;26.540943145751953
71;70.15726;0.842742919921875
70;43.715435;26.284564971923828
69;50.15546;18.844539642333984
68;57.495083;10.50491714477539
67;53.00713;13.992870330810547
66;58.261196;7.738803863525391
65;50.262436;14.737564086914062
64;60.203773;3.7962265014648438
63;88.79832;-25.798316955566406
62;77.81571;-15.815711975097656
61;42.621677;18.37832260131836
60;77.832726;-17.832725524902344
59;43.928402;15.071598052978516
58;72.96558;-14.965583801269531
57;68.89062;-11.890617370605469
56;36.91242;19.087581634521484
55;35.245243;19.754756927490234
54;49.765923;4.234077453613281
53;44.876987;8.12301254272461
52;50.526585;1.4734153747558594
51;63.878685;-12.878684997558594
50;40.133816;9.86618423461914
49;44.40198;4.598018646240234
48;90.53174;-42.53173828125
47;49.72346;-2.723461151123047
46;61.52661;-15.526611328125
45;61.043274;-16.04327392578125
44;56.916676;-12.916675567626953
43;54.55764;-11.557640075683594
42;45.79024;-3.790241241455078
41;49.596428;-8.596427917480469
40;50.180397;-10.180397033691406
39;51.060886;-12.06088638305664
38;36.48904;1.5109596252441406
37;39.88485;-2.8848495483398438
36;48.888435;-12.888435363769531
35;46.99498;-11.994979858398438
34;44.805553;-10.805553436279297
33;50.826645;-17.826644897460938
32;44.424572;-12.424571990966797
31;43.96292;-12.962921142578125
30;36.234272;-6.234272003173828
29;47.221363;-18.221363067626953
28;56.746178;-28.746177673339844
27;43.774265;-16.77426528930664
26;46.868935;-20.868934631347656
25;33.88329;-8.883289337158203
24;39.122906;-15.122905731201172
23;37.701717;-14.701717376708984
22;33.646484;-11.646484375
21;41.11761;-20.117610931396484
20;30.522968;-10.522968292236328
19;41.509007;-22.50900650024414
18;45.60513;-27.60512924194336
17;46.805584;-29.805583953857422
16;41.289516;-25.28951644897461
15;46.750217;-31.75021743774414
14;47.54614;-33.546138763427734
13;42.708355;-29.708354949951172
12;44.57383;-32.573829650878906
11;30.87975;-19.879749298095703
10;43.354584;-33.354583740234375
9;38.228336;-29.228336334228516
8;40.465458;-32.465457916259766
7;39.366383;-32.36638259887695
6;33.432594;-27.432594299316406
5;39.178993;-34.178993225097656
4;41.96385;-37.96384811401367
3;42.171772;-39.17177200317383
2;43.809765;-41.80976486206055
1;30.774029;-29.774028778076172
0;29.224226;-29.224225997924805
87;50.340008;36.65999221801758
86;59.53747;26.462528228759766
85;62.324326;22.675674438476562
84;67.91985;16.08014678955078
83;65.1284;17.871597290039062
82;73.33547;8.664527893066406
81;64.63917;16.36083221435547
80;67.43079;12.569206237792969
79;65.90719;13.092811584472656
78;73.161674;4.838325500488281
77;65.6991;11.3009033203125
76;68.77408;7.225921630859375
75;66.681015;8.318984985351562
74;65.318146;8.681854248046875
73;62.99304;10.006961822509766
72;68.38139;3.6186065673828125
71;65.15042;5.849578857421875
70;66.45369;3.5463104248046875
69;56.743458;12.256542205810547
68;64.88403;3.115966796875
67;60.085064;6.914936065673828
66;57.16635;8.833648681640625
65;58.71242;6.287578582763672
64;54.328106;9.671894073486328
63;59.07246;3.927539825439453
62;56.50925;5.490749359130859
61;41.03364;19.966358184814453
60;43.16229;16.837711334228516
59;27.02121;31.978790283203125
58;24.943644;33.05635643005371
57;29.611513;27.388486862182617
56;27.278143;28.72185707092285
55;27.028294;27.97170639038086
54;29.639235;24.36076545715332
53;28.777956;24.222043991088867
52;40.24369;11.756309509277344
51;35.3967;15.60329818725586
50;36.659843;13.340156555175781
49;30.40305;18.59695053100586
48;32.37475;15.625251770019531
47;34.596905;12.403095245361328
46;30.630922;15.369077682495117
45;47.715084;-2.7150840759277344
44;40.80811;3.1918907165527344
43;41.565044;1.4349555969238281
42;37.384937;4.615062713623047
41;35.869976;5.130023956298828
40;35.170307;4.829692840576172
39;35.593674;3.4063262939453125
38;48.505093;-10.50509262084961
37;38.628395;-1.6283950805664062
36;42.777374;-6.777374267578125
35;33.810226;1.1897735595703125
34;51.388256;-17.388256072998047
33;40.077305;-7.077304840087891
32;29.115591;2.884408950805664
31;30.679522;0.3204784393310547
30;46.80331;-16.80331039428711
29;27.574865;1.4251346588134766
28;35.957928;-7.957927703857422
27;30.938803;-3.938802719116211
26;30.573114;-4.573114395141602
25;34.671017;-9.671016693115234
24;34.269363;-10.269363403320312
23;30.625893;-7.625892639160156
22;24.22476;-2.224760055541992
21;25.484182;-4.484182357788086
20;30.642862;-10.642862319946289
19;29.350016;-10.350015640258789
18;24.256437;-6.256437301635742
17;30.779547;-13.779546737670898
16;26.823912;-10.823911666870117
15;40.31297;-25.312969207763672
14;29.77247;-15.772470474243164
13;33.72664;-20.726638793945312
12;21.96211;-9.96211051940918
11;27.22212;-16.22212028503418
10;23.658087;-13.658086776733398
9;20.484816;-11.48481559753418
8;28.301695;-20.301694869995117
7;33.32845;-26.328449249267578
6;43.829884;-37.82988357543945
5;34.261227;-29.261226654052734
4;22.242937;-18.242937088012695
3;28.995241;-25.995241165161133
2;28.055666;-26.055665969848633
1;32.105743;-31.105743408203125
0;28.92623;-28.92622947692871
93;49.887333;43.112667083740234
92;57.381535;34.618465423583984
91;55.12242;35.87757873535156
90;49.599266;40.400733947753906
89;56.119335;32.88066482543945
88;53.897007;34.10299301147461
87;49.385952;37.61404800415039
86;50.302883;35.69711685180664
85;49.74937;35.25062942504883
84;45.823055;38.176944732666016
83;54.15761;28.842388153076172
82;51.215557;30.784442901611328
81;53.604603;27.395397186279297
80;48.379204;31.62079620361328
79;47.027096;31.972904205322266
78;55.14643;22.85356903076172
77;52.2486;24.751399993896484
76;45.205357;30.79464340209961
75;51.40495;23.595050811767578
74;48.798748;25.201251983642578
73;50.485233;22.514766693115234
72;46.296383;25.703617095947266
71;44.73294;26.267059326171875
70;47.840874;22.15912628173828
69;45.655983;23.344017028808594
68;49.923058;18.076942443847656
67;49.793186;17.20681381225586
66;44.332214;21.66778564453125
65;46.067295;18.93270492553711
64;49.043407;14.956592559814453
63;48.525364;14.47463607788086
62;35.20945;26.790550231933594
61;47.339535;13.660465240478516
60;50.371075;9.628925323486328
59;47.158207;11.841793060302734
58;40.803814;17.196186065673828
57;49.270138;7.729862213134766
56;44.494938;11.505062103271484
55;40.02988;14.97011947631836
54;40.93678;13.063220977783203
53;48.690624;4.309375762939453
52;38.34597;13.654029846191406
51;39.119694;11.880306243896484
50;49.023617;0.9763832092285156
49;39.03011;9.969890594482422
48;35.767254;12.232746124267578
47;48.22511;-1.2251091003417969
46;43.207508;2.792491912841797
45;41.714504;3.2854957580566406
44;50.21728;-6.217281341552734
43;43.39041;-0.390411376953125
42;44.532284;-2.5322837829589844
41;38.72859;2.271411895751953
40;40.49455;-0.4945487976074219
39;38.237114;0.7628860473632812
38;44.077145;-6.077144622802734
37;45.831074;-8.831073760986328
36;40.897366;-4.897365570068359
35;38.906452;-3.906452178955078
34;37.914577;-3.9145774841308594
33;32.05893;0.941070556640625
32;40.724945;-8.724945068359375
31;34.421818;-3.4218177795410156
30;40.150726;-10.150726318359375
29;48.12574;-19.12574005126953
28;47.421463;-19.421463012695312
27;48.991756;-21.991756439208984
26;34.13413;-8.13412857055664
25;25.109045;-0.10904502868652344
24;36.166454;-12.166454315185547
23;43.11974;-20.119739532470703
22;36.01762;-14.017620086669922
21;41.130302;-20.13030242919922
20;36.215244;-16.21524429321289
19;36.211845;-17.21184539794922
18;41.426666;-23.426666259765625
17;41.107433;-24.107433319091797
16;39.57859;-23.578590393066406
15;35.792934;-20.79293441772461
14;39.23418;-25.234180450439453
13;31.669298;-18.66929817199707
12;36.81238;-24.812381744384766
11;40.063873;-29.063873291015625
10;35.34403;-25.34402847290039
9;32.23522;-23.23522186279297
8;30.375097;-22.375097274780273
7;35.276443;-28.276443481445312
6;36.200935;-30.20093536376953
5;38.448456;-33.448455810546875
4;38.39571;-34.39570999145508
3;28.444277;-25.444276809692383
2;28.711096;-26.711095809936523
1;34.801937;-33.801937103271484
0;28.82479;-28.82478904724121
99;53.55154;45.44845962524414
98;64.54874;33.451263427734375
97;63.990643;33.00935745239258
96;64.88811;31.111892700195312
95;67.23569;27.764312744140625
94;63.990505;30.00949478149414
93;62.37451;30.62548828125
92;70.244934;21.75506591796875
91;64.04005;26.95995330810547
90;61.11307;28.88692855834961
89;60.69205;28.30794906616211
88;60.51148;27.488521575927734
87;53.641605;33.358394622802734
86;55.314877;30.685123443603516
85;57.51846;27.48154067993164
84;53.22868;30.771320343017578
83;55.87905;27.120948791503906
82;53.8447;28.15530014038086
81;52.589718;28.410282135009766
80;52.09329;27.90671157836914
79;51.73685;27.26314926147461
78;54.05882;23.941181182861328
77;53.42261;23.577388763427734
76;51.32041;24.679588317871094
75;54.51314;20.486858367919922
74;57.527622;16.47237777709961
73;53.803875;19.196125030517578
72;55.07527;16.924728393554688
71;48.909504;22.090496063232422
70;39.69999;30.300010681152344
69;34.5547;34.4453010559082
68;41.687496;26.312503814697266
67;38.88766;28.11233901977539
66;40.98763;25.012371063232422
65;48.929115;16.070884704589844
64;44.100964;19.899036407470703
63;29.056284;33.943716049194336
62;39.06116;22.938838958740234
61;44.372036;16.62796401977539
60;47.79409;12.205909729003906
59;39.726925;19.273075103759766
58;35.3417;22.65829849243164
57;40.401943;16.59805679321289
56;29.10212;26.89788055419922
55;36.988445;18.011554718017578
54;55.652004;-1.6520042419433594
53;43.58032;9.419681549072266
52;42.0891;9.910900115966797
51;43.292316;7.707683563232422
50;38.96349;11.036510467529297
49;37.60168;11.398319244384766
48;33.460426;14.539573669433594
47;28.636332;18.36366844177246
46;29.817234;16.18276596069336
45;34.62028;10.379718780517578
44;36.845737;7.154262542724609
43;37.224247;5.775753021240234
42;30.55226;11.44774055480957
41;31.897818;9.102182388305664
40;31.078394;8.921606063842773
39;35.73366;3.266338348388672
38;30.198944;7.801055908203125
37;33.685738;3.3142623901367188
36;26.160748;9.839252471923828
35;33.259827;1.74017333984375
34;29.449926;4.550073623657227
33;33.23592;-0.23591995239257812
32;28.042055;3.957944869995117
31;28.627771;2.3722286224365234
30;28.486788;1.5132122039794922
29;30.2795;-1.2794990539550781
28;29.798227;-1.798227310180664
27;27.85483;-0.8548297882080078
26;23.951267;2.0487327575683594
25;21.781527;3.218473434448242
24;30.582514;-6.582513809204102
23;27.827005;-4.827005386352539
22;32.476395;-10.476394653320312
21;25.431217;-4.431217193603516
20;27.56536;-7.565359115600586
19;30.57424;-11.574239730834961
18;30.517023;-12.517023086547852
17;26.78156;-9.781560897827148
16;28.871443;-12.871442794799805
15;20.85817;-5.8581695556640625
14;29.47782;-15.477819442749023
13;33.66716;-20.667160034179688
12;28.106918;-16.106918334960938
11;24.446327;-13.446327209472656
10;25.683674;-15.683673858642578
9;26.44095;-17.440950393676758
8;27.672;-19.672000885009766
7;30.526678;-23.52667808532715
6;26.747519;-20.74751853942871
5;27.729961;-22.729961395263672
4;28.367743;-24.36774253845215
3;29.301603;-26.301603317260742
2;28.809935;-26.809934616088867
1;26.57321;-25.573209762573242
0;29.795345;-29.795345306396484
99;41.12072;57.87928009033203
98;48.555347;49.44465255737305
97;54.83415;42.16585159301758
96;60.811195;35.188804626464844
95;56.841328;38.15867233276367
94;52.68358;41.31642150878906
93;56.010826;36.989173889160156
92;53.83022;38.16978073120117
91;50.67309;40.326908111572266
90;52.76204;37.23796081542969
89;49.98511;39.014888763427734
88;50.538837;37.46116256713867
87;43.479706;43.520294189453125
86;52.883755;33.11624526977539
85;53.478203;31.52179718017578
84;54.57092;29.429080963134766
83;46.269825;36.73017501831055
82;45.131245;36.86875534057617
81;52.257694;28.742305755615234
80;47.176212;32.823787689208984
79;43.2131;35.78689956665039
78;55.068245;22.93175506591797
77;57.63;19.369998931884766
76;49.449017;26.550983428955078
75;45.684998;29.31500244140625
74;50.472095;23.527904510498047
73;47.203182;25.796817779541016
72;55.348644;16.651355743408203
71;44.16728;26.832721710205078
70;44.456917;25.54308319091797
69;31.146418;37.85358238220215
68;36.475338;31.524662017822266
67;33.265854;33.73414611816406
66;28.823193;37.17680740356445
65;26.02207;38.97793006896973
64;28.906036;35.093963623046875
63;20.937681;42.06231880187988
62;28.444792;33.55520820617676
61;34.322697;26.677303314208984
60;36.82151;23.178489685058594
59;31.109102;27.890897750854492
58;32.480362;25.519638061523438
57;22.939457;34.060543060302734
56;25.945646;30.054353713989258
55;37.65224;17.347759246826172
54;33.563213;20.436786651611328
53;29.606981;23.39301872253418
52;27.398413;24.601587295532227
51;31.96589;19.034109115600586
50;27.269606;22.73039436340332
49;25.866901;23.133098602294922
48;26.75273;21.247270584106445
47;25.891396;21.108604431152344
46;18.105621;27.894378662109375
45;25.745798;19.254201889038086
44;25.171568;18.828432083129883
43;28.593105;14.40689468383789
42;26.13392;15.866079330444336
41;23.58181;17.418190002441406
40;26.09131;13.908689498901367
39;27.902414;11.097585678100586
38;28.359667;9.64033317565918
37;32.269844;4.730155944824219
36;33.48831;2.511688232421875
35;40.10847;-5.108470916748047
34;29.04019;4.959810256958008
33;28.811825;4.188175201416016
32;33.233047;-1.2330474853515625
31;35.66617;-4.666168212890625
30;29.49193;0.5080699920654297
29;33.52003;-4.520030975341797
28;24.329702;3.670297622680664
27;52.674866;-25.67486572265625
26;66.52076;-40.52075958251953
25;46.17589;-21.175891876220703
24;61.69157;-37.69157028198242
23;122.18646;-99.18646240234375
22;34.78781;-12.787811279296875
21;48.101906;-27.101905822753906
20;60.16742;-40.16741943359375
19;40.50371;-21.503711700439453
18;28.130554;-10.13055419921875
17;29.70529;-12.705289840698242
16;30.625576;-14.62557601928711
15;32.645615;-17.645614624023438
14;38.110527;-24.11052703857422
13;30.72529;-17.725290298461914
12;31.734154;-19.734153747558594
11;33.949116;-22.949115753173828
10;29.2843;-19.284299850463867
9;32.709282;-23.70928192138672
8;37.591038;-29.59103775024414
7;49.89626;-42.89625930786133
6;39.719395;-33.71939468383789
5;32.69866;-27.69866180419922
4;41.824566;-37.82456588745117
3;43.840412;-40.84041213989258
2;41.715805;-39.71580505371094
1;32.62094;-31.620941162109375
0;35.624336;-35.62433624267578
99;39.442852;59.55714797973633
98;57.77087;40.229129791259766
97;67.88027;29.119728088378906
96;73.79783;22.202171325683594
95;72.32243;22.677566528320312
94;69.96623;24.033767700195312
93;85.7611;7.238899230957031
92;69.45278;22.547218322753906
91;71.63212;19.367881774902344
90;78.51468;11.485321044921875
89;94.39861;-5.398612976074219
88;84.93215;3.0678482055664062
87;75.582756;11.417243957519531
86;105.13108;-19.131080627441406
85;90.51013;-5.5101318359375
84;111.72985;-27.72985076904297
83;99.64543;-16.645431518554688
82;69.845825;12.1541748046875
81;62.700092;18.299907684326172
80;65.38149;14.618507385253906
79;62.49995;16.500049591064453
78;60.315815;17.684185028076172
77;71.17207;5.8279266357421875
76;62.33275;13.667251586914062
75;54.69814;20.301860809326172
74;69.62604;4.37396240234375
73;52.16279;20.83721160888672
72;39.672577;32.327423095703125
71;33.828117;37.17188262939453
70;40.424465;29.57553482055664
69;41.51876;27.481239318847656
68;28.442055;39.557945251464844
67;39.411663;27.588336944580078
66;33.004192;32.99580764770508
65;36.763638;28.23636245727539
64;33.60372;30.396278381347656
63;32.43851;30.56148910522461
62;53.379612;8.62038803100586
61;41.938858;19.061141967773438
60;44.711823;15.288177490234375
59;37.44376;21.55624008178711
58;38.57291;19.42708969116211
57;37.45299;19.547008514404297
56;41.17709;14.82291030883789
55;41.545406;13.454593658447266
54;42.10625;11.893749237060547
53;46.661373;6.338626861572266
52;43.223328;8.77667236328125
51;45.276833;5.723167419433594
50;41.26541;8.734588623046875
49;44.443123;4.556877136230469
48;45.93195;2.0680503845214844
47;47.650196;-0.6501960754394531
46;48.049652;-2.049652099609375
45;61.012703;-16.01270294189453
44;68.27418;-24.27417755126953
43;57.383247;-14.383247375488281
42;48.34009;-6.340091705322266
41;48.56515;-7.565151214599609
40;53.31839;-13.318389892578125
39;48.65536;-9.65536117553711
38;53.20492;-15.20492172241211
37;49.997845;-12.997844696044922
36;45.738373;-9.738372802734375
35;49.467335;-14.467334747314453
34;47.077686;-13.077686309814453
33;53.7887;-20.788700103759766
32;60.510143;-28.510143280029297
31;44.236317;-13.236316680908203
30;57.923122;-27.92312240600586
29;40.031918;-11.031917572021484
28;47.44653;-19.446529388427734
27;56.641796;-29.641796112060547
26;54.166744;-28.166744232177734
25;53.318157;-28.318157196044922
24;62.954884;-38.95488357543945
23;54.682934;-31.682933807373047
22;53.435356;-31.43535614013672
21;61.913654;-40.91365432739258
20;50.90348;-30.903480529785156
19;50.282295;-31.28229522705078
18;52.00709;-34.0070915222168
17;46.395153;-29.395153045654297
16;84.38975;-68.3897476196289
15;82.95989;-67.95989227294922
14;71.15305;-57.153053283691406
13;59.821697;-46.82169723510742
12;73.44929;-61.44928741455078
11;72.35246;-61.35246276855469
10;54.92692;-44.92692184448242
9;58.688343;-49.6883430480957
8;56.156548;-48.15654754638672
7;40.27539;-33.275390625
6;68.57208;-62.57208251953125
5;53.601162;-48.60116195678711
4;55.70689;-51.70689010620117
3;59.71139;-56.71139144897461
2;50.50117;-48.50117111206055
1;55.955173;-54.95517349243164
0;73.776695;-73.77669525146484
76;45.076405;30.923595428466797
75;60.18513;14.814868927001953
74;67.32676;6.673240661621094
73;65.539894;7.460105895996094
72;95.13832;-23.138320922851562
71;76.1561;-5.156097412109375
70;77.82158;-7.8215789794921875
69;112.15429;-43.15428924560547
68;82.81087;-14.810867309570312
67;70.16181;-3.1618118286132812
66;63.39416;2.6058387756347656
65;76.506035;-11.506034851074219
64;74.76055;-10.760551452636719
63;70.80352;-7.803520202636719
62;71.47666;-9.476661682128906
61;64.827354;-3.8273544311523438
60;63.837505;-3.837505340576172
59;56.5314;2.4686012268066406
58;57.067745;0.9322547912597656
57;66.65854;-9.658538818359375
56;55.165264;0.8347358703613281
55;55.87969;-0.8796882629394531
54;59.13196;-5.131961822509766
53;62.86466;-9.86465835571289
52;54.18185;-2.1818504333496094
51;56.3834;-5.383399963378906
50;38.862637;11.13736343383789
49;49.94555;-0.9455490112304688
48;47.596268;0.4037322998046875
47;37.691616;9.30838394165039
46;33.827114;12.17288589477539
45;36.407238;8.592761993408203
44;35.66338;8.336620330810547
43;29.86764;13.132360458374023
42;27.960138;14.039861679077148
41;31.930338;9.069662094116211
40;28.848185;11.151815414428711
39;33.645767;5.3542327880859375
38;27.712656;10.287343978881836
37;27.105555;9.894445419311523
36;28.007406;7.992593765258789
35;26.994383;8.005617141723633
34;25.558805;8.441194534301758
33;30.047146;2.9528541564941406
32;26.282637;5.717363357543945
31;24.269934;6.730066299438477
30;25.811045;4.188955307006836
29;34.008186;-5.008186340332031
28;35.139507;-7.139507293701172
27;25.084902;1.9150981903076172
26;30.022211;-4.022211074829102
25;24.377493;0.6225070953369141
24;30.87705;-6.877050399780273
23;36.915215;-13.915214538574219
22;32.112064;-10.112064361572266
21;25.30763;-4.30763053894043
20;28.22898;-8.228979110717773
19;38.24742;-19.247421264648438
18;23.729822;-5.729822158813477
17;25.92887;-8.928869247436523
16;23.084349;-7.084348678588867
15;25.179972;-10.179971694946289
14;22.1205;-8.120500564575195
13;24.624205;-11.624204635620117
12;28.69377;-16.693769454956055
11;30.576162;-19.576162338256836
10;30.42423;-20.424230575561523
9;23.605474;-14.605474472045898
8;27.28652;-19.28652000427246
7;23.429201;-16.429201126098633
6;26.965742;-20.965742111206055
5;24.01126;-19.011259078979492
4;23.3142;-19.314199447631836
3;26.492624;-23.492624282836914
2;25.975103;-23.9751033782959
1;21.120745;-20.120744705200195
0;25.48282;-25.482820510864258
98;57.222897;40.777103424072266
97;58.01163;38.98836898803711
96;55.540165;40.459835052490234
95;48.97984;46.02016067504883
94;52.080875;41.919124603271484
93;43.784588;49.21541213989258
92;45.73068;46.26932144165039
91;46.460464;44.53953552246094
90;48.460968;41.539031982421875
89;49.10116;39.898841857910156
88;44.888092;43.111907958984375
87;47.017597;39.98240280151367
86;45.21208;40.78792190551758
85;49.51095;35.489051818847656
84;53.320408;30.67959213256836
83;39.7638;43.23619842529297
82;42.53166;39.46834182739258
81;49.50059;31.499408721923828
80;38.95953;41.040470123291016
79;48.24117;30.758831024169922
78;49.706493;28.293506622314453
77;50.31396;26.686038970947266
76;53.269627;22.73037338256836
75;49.597847;25.40215301513672
74;52.180027;21.81997299194336
73;50.779118;22.220882415771484
72;51.75163;20.248371124267578
71;53.54855;17.45145034790039
70;54.04045;15.959548950195312
69;56.36581;12.63418960571289
68;52.083534;15.916465759277344
67;37.481663;29.51833724975586
66;40.962677;25.037322998046875
65;39.96121;25.03879165649414
64;38.634155;25.3658447265625
63;40.78565;22.214351654052734
62;45.939667;16.060333251953125
61;44.26704;16.732959747314453
60;41.281345;18.71865463256836
59;42.981358;16.01864242553711
58;46.26048;11.739521026611328
57;39.412243;17.587757110595703
56;43.82771;12.172290802001953
55;39.510326;15.489673614501953
54;44.001797;9.99820327758789
53;43.815083;9.184917449951172
52;50.65846;1.3415412902832031
51;44.02859;6.971408843994141
50;44.664387;5.335613250732422
49;38.46722;10.532779693603516
48;42.3244;5.67559814453125
47;39.412163;7.587837219238281
46;39.876595;6.123405456542969
45;35.81981;9.180191040039062
44;32.617733;11.382266998291016
43;34.571857;8.428142547607422
42;36.53735;5.462650299072266
41;35.082367;5.917633056640625
40;32.906227;7.093772888183594
39;34.50294;4.497058868408203
38;32.916767;5.083232879638672
37;35.205666;1.7943344116210938
36;28.0778;7.922199249267578
35;39.771828;-4.771827697753906
34;37.468735;-3.4687347412109375
33;34.656723;-1.6567230224609375
32;27.882301;4.117698669433594
31;35.238903;-4.238903045654297
30;33.863026;-3.863025665283203
29;33.875736;-4.875736236572266
28;27.953594;0.046405792236328125
27;34.144543;-7.144542694091797
26;29.081835;-3.0818347930908203
25;25.625973;-0.6259727478027344
24;28.827496;-4.827495574951172
23;30.116703;-7.116703033447266
22;31.512772;-9.512771606445312
21;32.85943;-11.859428405761719
20;26.461782;-6.461782455444336
19;33.177334;-14.17733383178711
18;38.62512;-20.625118255615234
17;38.751972;-21.751972198486328
16;42.092052;-26.092052459716797
15;34.173336;-19.173336029052734
14;24.170557;-10.170557022094727
13;26.981995;-13.98199462890625
12;30.439014;-18.439014434814453
11;33.01168;-22.011680603027344
10;29.60948;-19.609479904174805
9;34.957157;-25.957157135009766
8;34.230988;-26.230987548828125
7;37.8082;-30.80820083618164
6;36.65332;-30.6533203125
5;37.323643;-32.32364273071289
4;28.68429;-24.684289932250977
3;35.81416;-32.81415939331055
2;29.098042;-27.098041534423828
1;35.709454;-34.70945358276367
0;35.576725;-35.576725006103516
99;51.923447;47.07655334472656
98;59.177464;38.82253646850586
97;65.3665;31.633499145507812
96;69.93946;26.06053924560547
95;70.08917;24.91082763671875
94;67.03009;26.96990966796875
93;61.265293;31.73470687866211
92;54.445095;37.55490493774414
91;63.809246;27.190753936767578
90;61.564014;28.435985565185547
89;60.235966;28.764034271240234
88;58.84644;29.153560638427734
87;53.99464;33.0053596496582
86;48.20697;37.79302978515625
85;49.17927;35.82072830200195
84;50.794308;33.205692291259766
83;53.81049;29.189510345458984
82;52.458443;29.54155731201172
81;50.01196;30.988040924072266
80;46.597034;33.4029655456543
79;46.22134;32.77865982055664
78;45.15942;32.840579986572266
77;42.74761;34.25239181518555
76;41.685383;34.31461715698242
75;46.200302;28.799697875976562
74;40.825245;33.17475509643555
73;37.13615;35.86384963989258
72;43.698685;28.301315307617188
71;36.11787;34.88212966918945
70;32.142605;37.85739517211914
69;33.8343;35.16569900512695
68;28.49378;39.5062198638916
67;27.50382;39.49617958068848
66;27.5529;38.447099685668945
65;29.901045;35.098955154418945
64;33.85885;30.141151428222656
63;31.629827;31.37017250061035
62;24.824965;37.17503547668457
61;25.699274;35.30072593688965
60;26.95503;33.04496955871582
59;28.076265;30.923734664916992
58;26.22887;31.771129608154297
57;27.480616;29.519384384155273
56;28.172682;27.82731819152832
55;28.115973;26.8840274810791
54;31.412676;22.587324142456055
53;29.743727;23.25627326965332
52;28.296133;23.703866958618164
51;29.823435;21.176565170288086
50;31.16862;18.83138084411621
49;29.693342;19.306657791137695
48;32.140804;15.859195709228516
47;37.644062;9.355937957763672
46;26.991018;19.008981704711914
45;37.150093;7.849906921386719
44;39.241764;4.758235931396484
43;28.747957;14.252042770385742
42;30.528913;11.471086502075195
41;26.654047;14.345952987670898
40;29.298273;10.701726913452148
39;37.242443;1.7575569152832031
38;34.735825;3.2641754150390625
37;32.524765;4.4752349853515625
36;33.60621;2.3937911987304688
35;30.068;4.931999206542969
34;36.662354;-2.662353515625
33;34.608738;-1.6087379455566406
32;38.27349;-6.273490905761719
31;36.050335;-5.050334930419922
30;29.331608;0.6683921813964844
29;41.167484;-12.167484283447266
28;40.705498;-12.705497741699219
27;36.19678;-9.196781158447266
26;35.278637;-9.278636932373047
25;33.6337;-8.63370132446289
24;34.74077;-10.740768432617188
23;40.552288;-17.552288055419922
22;39.5918;-17.591800689697266
21;46.5193;-25.519298553466797
20;37.110695;-17.110694885253906
19;36.196327;-17.196327209472656
18;35.08673;-17.08673095703125
17;43.306084;-26.30608367919922
16;36.388676;-20.388675689697266
15;40.364346;-25.36434555053711
14;44.419;-30.41899871826172
13;40.3171;-27.317100524902344
12;45.00939;-33.00939178466797
11;39.457664;-28.457664489746094
10;39.246372;-29.24637222290039
9;43.805298;-34.8052978515625
8;42.59813;-34.59812927246094
7;40.615356;-33.6153564453125
6;36.018654;-30.018653869628906
5;36.480038;-31.480037689208984
4;33.547916;-29.547916412353516
3;40.201614;-37.20161437988281
2;32.03708;-30.037078857421875
1;33.23416;-32.234161376953125
0;29.81008;-29.81007957458496
99;46.05456;52.945438385009766
98;58.09055;39.90945053100586
97;59.640987;37.359012603759766
96;60.198494;35.80150604248047
95;64.82962;30.170379638671875
94;62.630627;31.369373321533203
93;58.666744;34.333255767822266
92;58.674862;33.325138092041016
91;52.65897;38.34103012084961
90;55.831856;34.16814422607422
89;48.663025;40.33697509765625
88;46.73952;41.26047897338867
87;50.829582;36.17041778564453
86;47.97829;38.02170944213867
85;49.454662;35.54533767700195
84;43.3947;40.60530090332031
83;47.192856;35.80714416503906
82;52.86225;29.13774871826172
81;43.36598;37.6340217590332
80;46.626194;33.37380599975586
79;53.487362;25.512638092041016
78;48.068928;29.931072235107422
77;49.42562;27.574378967285156
76;46.798054;29.201946258544922
75;49.350822;25.64917755126953
74;39.568123;34.43187713623047
73;37.20241;35.79758834838867
72;37.412033;34.58796691894531
71;27.94588;43.05411911010742
70;28.374828;41.62517166137695
69;37.08247;31.917530059814453
68;38.49621;29.50379180908203
67;33.12713;33.87287139892578
66;35.08821;30.911788940429688
65;25.128492;39.87150764465332
64;28.60402;35.39598083496094
63;35.31641;27.683589935302734
62;51.332893;10.667106628417969
61;41.072956;19.927043914794922
60;39.559155;20.440845489501953
59;40.195774;18.80422592163086
58;33.03016;24.96984100341797
57;32.734867;24.265132904052734
56;37.36933;18.63066864013672
55;39.156395;15.843605041503906
54;59.14065;-5.140651702880859
53;40.859562;12.140438079833984
52;39.37385;12.626148223876953
51;46.454327;4.545673370361328
50;39.217495;10.78250503540039
49;41.95484;7.045158386230469
48;33.11045;14.889549255371094
47;39.074512;7.925487518310547
46;42.3465;3.6534996032714844
45;61.884384;-16.884384155273438
44;77.293106;-33.29310607910156
43;45.925007;-2.925006866455078
42;28.764894;13.235105514526367
41;27.5749;13.425100326538086
40;46.233067;-6.233066558837891
39;35.449116;3.550884246826172
38;45.94848;-7.948478698730469
37;36.816364;0.18363571166992188
36;30.814394;5.185606002807617
35;32.38926;2.6107406616210938
34;33.191998;0.8080024719238281
33;30.81759;2.1824092864990234
32;28.831347;3.1686534881591797
31;29.436428;1.5635719299316406
30;29.457422;0.5425777435302734
29;24.993101;4.006898880004883
28;25.759222;2.2407779693603516
27;26.642597;0.3574028015136719
26;25.313887;0.6861133575439453
25;36.900578;-11.900577545166016
24;26.449564;-2.449563980102539
23;36.737114;-13.737113952636719
22;26.022844;-4.022844314575195
21;31.380646;-10.380645751953125
20;35.409332;-15.409332275390625
19;31.568743;-12.568742752075195
18;32.499546;-14.49954605102539
17;34.178703;-17.17870330810547
16;31.965858;-15.965858459472656
15;30.491362;-15.491361618041992
14;28.110146;-14.110145568847656
13;25.860504;-12.860504150390625
12;32.704082;-20.704082489013672
11;32.03185;-21.031848907470703
10;23.247208;-13.247207641601562
9;23.624308;-14.624307632446289
8;45.160664;-37.16066360473633
7;28.890772;-21.890771865844727
6;36.93969;-30.93968963623047
5;36.98095;-31.98094940185547
4;34.47283;-30.47283172607422
3;39.03246;-36.0324592590332
2;39.732777;-37.7327766418457
1;40.106636;-39.10663604736328
0;36.37601;-36.37601089477539
99;41.70692;57.2930793762207
98;48.180904;49.819095611572266
97;65.87921;31.12078857421875
96;76.32284;19.677162170410156
95;77.1549;17.84510040283203
94;75.53958;18.460418701171875
93;69.01416;23.98583984375
92;56.918743;35.08125686645508
91;51.740425;39.25957489013672
90;63.337658;26.662342071533203
89;55.34182;33.658180236816406
88;95.998215;-7.9982147216796875
87;51.088478;35.911521911621094
86;64.16468;21.83531951904297
85;39.396114;45.603885650634766
84;81.05044;2.9495620727539062
83;59.22659;23.77341079711914
82;42.15259;39.847408294677734
81;53.65759;27.342411041259766
80;57.12011;22.87989044189453
79;55.07466;23.925338745117188
78;73.36069;4.639312744140625
77;57.811962;19.188037872314453
76;43.20428;32.795719146728516
75;46.021946;28.97805404663086
74;51.70447;22.295528411865234
73;38.029804;34.97019577026367
72;49.040035;22.959964752197266
71;47.79378;23.206218719482422
70;59.181137;10.818862915039062
69;48.546833;20.453166961669922
68;47.813133;20.186866760253906
67;51.59615;15.403850555419922
66;47.404076;18.595924377441406
65;57.820908;7.1790924072265625
64;45.962555;18.037445068359375
63;45.725567;17.274433135986328
62;59.368557;2.6314430236816406
61;67.00637;-6.006370544433594
60;70.93148;-10.931480407714844
59;78.192184;-19.192184448242188
58;64.64369;-6.6436920166015625
57;64.587364;-7.587364196777344
56;62.103363;-6.103363037109375
55;66.18554;-11.185539245605469
54;68.50865;-14.508651733398438
53;76.91858;-23.9185791015625
52;49.37897;2.6210289001464844
51;49.434498;1.5655021667480469
50;40.40096;9.599040985107422
49;44.926865;4.0731353759765625
48;50.71;-2.7099990844726562
47;43.887794;3.1122055053710938
46;47.43999;-1.4399909973144531
45;52.447956;-7.447956085205078
44;51.079266;-7.079265594482422
43;62.222027;-19.222026824951172
42;59.572273;-17.57227325439453
41;70.97448;-29.97447967529297
40;48.77582;-8.775821685791016
39;44.68613;-5.686130523681641
38;53.360046;-15.36004638671875
37;43.3836;-6.383598327636719
36;57.381245;-21.381244659423828
35;79.95965;-44.95964813232422
34;63.100994;-29.100994110107422
33;62.33386;-29.333858489990234
32;62.430492;-30.430492401123047
31;57.19093;-26.190929412841797
30;55.704037;-25.704036712646484
29;63.626648;-34.62664794921875
28;52.99094;-24.99094009399414
27;51.86161;-24.861610412597656
26;61.690712;-35.690711975097656
25;66.46581;-41.46581268310547
24;36.272266;-12.272266387939453
23;49.21731;-26.21731185913086
22;56.413986;-34.41398620605469
21;58.1528;-37.152801513671875
20;55.79361;-35.793609619140625
19;44.19726;-25.197261810302734
18;32.90091;-14.900909423828125
17;42.781883;-25.781883239746094
16;41.92843;-25.928428649902344
15;66.70585;-51.705848693847656
14;56.402096;-42.402095794677734
13;49.930492;-36.93049240112305
12;60.622868;-48.622867584228516
11;38.958706;-27.95870590209961
10;33.66957;-23.669570922851562
9;39.75653;-30.75653076171875
8;42.521915;-34.521915435791016
7;39.61394;-32.61394119262695
6;52.597992;-46.597991943359375
5;30.492825;-25.49282455444336
4;34.583935;-30.583934783935547
3;46.24824;-43.24824142456055
2;42.43233;-40.43233108520508
1;31.78271;-30.7827091217041
0;32.144848;-32.14484786987305
71;44.48699;26.51300811767578
70;54.793224;15.206775665283203
69;55.767853;13.232147216796875
68;53.968063;14.031936645507812
67;52.464077;14.53592300415039
66;53.40128;12.59872055053711
65;55.951195;9.048805236816406
64;60.380512;3.619487762451172
63;54.211845;8.788154602050781
62;60.726845;1.2731552124023438
61;59.9154;1.0845985412597656
60;61.899815;-1.8998146057128906
59;59.04815;-0.04814910888671875
58;60.444668;-2.4446678161621094
57;59.6169;-2.616901397705078
56;58.656948;-2.6569480895996094
55;58.194973;-3.1949729919433594
54;57.82651;-3.8265113830566406
53;61.24741;-8.24740982055664
52;59.85571;-7.855709075927734
51;58.6619;-7.661899566650391
50;54.433395;-4.4333953857421875
49;52.976868;-3.97686767578125
48;51.27989;-3.279888153076172
47;55.86324;-8.863239288330078
46;45.50498;0.4950218200683594
45;52.862106;-7.8621063232421875
44;35.770515;8.229484558105469
43;39.653534;3.346466064453125
42;35.123272;6.876728057861328
41;34.646305;6.353694915771484
40;31.966223;8.033777236938477
39;24.903774;14.09622573852539
38;40.34181;-2.341808319091797
37;36.036015;0.9639854431152344
36;31.225332;4.774667739868164
35;34.885723;0.11427688598632812
34;31.200615;2.7993850708007812
33;36.3795;-3.3795013427734375
32;33.45768;-1.4576797485351562
31;31.078386;-0.07838630676269531
30;33.351135;-3.35113525390625
29;31.858965;-2.8589649200439453
28;39.081955;-11.081954956054688
27;26.498308;0.5016918182373047
26;32.565105;-6.565105438232422
25;47.79806;-22.79806137084961
24;33.14152;-9.141521453857422
23;31.516695;-8.516695022583008
22;27.932436;-5.932435989379883
21;24.613276;-3.6132755279541016
20;37.77692;-17.776920318603516
19;30.79711;-11.797109603881836
18;24.873869;-6.873868942260742
17;33.150085;-16.15008544921875
16;32.871006;-16.87100601196289
15;25.373869;-10.373868942260742
14;22.016195;-8.016195297241211
13;24.643717;-11.643716812133789
12;23.43382;-11.433820724487305
11;24.369612;-13.369611740112305
10;19.721842;-9.721841812133789
9;31.784216;-22.784215927124023
8;25.384172;-17.384172439575195
7;25.3332;-18.333200454711914
6;26.02633;-20.026330947875977
5;24.712328;-19.71232795715332
4;23.119986;-19.119985580444336
3;26.46808;-23.468080520629883
2;25.33595;-23.33595085144043
1;21.274153;-20.274152755737305
0;23.082636;-23.0826358795166
87;48.421375;38.5786247253418
86;43.91922;42.080780029296875
85;46.39135;38.60865020751953
84;46.878483;37.121517181396484
83;47.4334;35.56660079956055
82;46.90971;35.09029006958008
81;42.387722;38.61227798461914
80;43.032776;36.96722412109375
79;45.05855;33.94144821166992
78;45.457478;32.54252243041992
77;44.006996;32.993003845214844
76;41.123257;34.87674331665039
75;43.228573;31.771427154541016
74;40.047398;33.95260238647461
73;43.4303;29.569698333740234
72;45.007977;26.992023468017578
71;39.350163;31.649837493896484
70;47.740303;22.25969696044922
69;35.71233;33.28767013549805
68;35.457123;32.542877197265625
67;39.48291;27.51708984375
66;40.689716;25.310283660888672
65;39.889175;25.110824584960938
64;42.141262;21.85873794555664
63;39.708073;23.291927337646484
62;40.69171;21.30828857421875
61;41.53738;19.46261978149414
60;40.760715;19.23928451538086
59;38.836483;20.163516998291016
58;39.04317;18.956829071044922
57;35.59283;21.407169342041016
56;37.551277;18.44872283935547
55;40.998714;14.001285552978516
54;40.418247;13.58175277709961
53;37.568676;15.431324005126953
52;39.55541;12.444591522216797
51;42.518917;8.481082916259766
50;42.578453;7.421546936035156
49;50.094738;-1.0947380065917969
48;42.19247;5.807529449462891
47;46.44109;0.5589103698730469
46;48.826557;-2.826557159423828
45;41.93592;3.0640792846679688
44;46.85886;-2.8588600158691406
43;41.68343;1.3165702819824219
42;38.39345;3.606548309326172
41;42.068737;-1.0687370300292969
40;44.745846;-4.745845794677734
39;40.570496;-1.57049560546875
38;42.309063;-4.309062957763672
37;39.598427;-2.5984268188476562
36;43.57622;-7.576221466064453
35;38.97952;-3.9795188903808594
34;46.18153;-12.181529998779297
33;45.89509;-12.895088195800781
32;41.320465;-9.320465087890625
31;44.413044;-13.413043975830078
30;40.957554;-10.95755386352539
29;41.84662;-12.84661865234375
28;36.586178;-8.586177825927734
27;40.761814;-13.76181411743164
26;35.244293;-9.244293212890625
25;34.16086;-9.160858154296875
24;36.72625;-12.726249694824219
23;27.698822;-4.698822021484375
22;26.282507;-4.282506942749023
21;36.936615;-15.936614990234375
20;41.926228;-21.926227569580078
19;41.718224;-22.718223571777344
18;42.5991;-24.599098205566406
17;47.210194;-30.210193634033203
16;48.721058;-32.7210578918457
15;42.21381;-27.213809967041016
14;38.5725;-24.572498321533203
13;38.218216;-25.218215942382812
12;35.763958;-23.763957977294922
11;36.640114;-25.640113830566406
10;32.00983;-22.009830474853516
9;31.460928;-22.460927963256836
8;27.746674;-19.746673583984375
7;30.026865;-23.026865005493164
6;27.677774;-21.67777442932129
5;34.171288;-29.171287536621094
4;36.395138;-32.395137786865234
3;36.429897;-33.42989730834961
2;39.405727;-37.40572738647461
1;39.041565;-38.04156494140625
0;36.5329;-36.532901763916016
99;54.596382;44.40361785888672
98;61.62798;36.37202072143555
97;64.08959;32.91040802001953
96;65.52252;30.47747802734375
95;64.28804;30.711959838867188
94;61.09113;32.908870697021484
93;60.634727;32.365272521972656
92;59.01846;32.98154067993164
91;59.519257;31.480743408203125
90;52.0882;37.911800384521484
89;54.896614;34.10338592529297
88;50.91896;37.08103942871094
87;53.79517;33.204830169677734
86;50.730526;35.269474029541016
85;54.35305;30.646949768066406
84;54.06129;29.938709259033203
83;50.151325;32.84867477416992
82;50.5498;31.450199127197266
81;53.99886;27.001140594482422
80;49.667126;30.332874298095703
79;45.789745;33.21025466918945
78;46.02749;31.972511291503906
77;49.733906;27.266094207763672
76;48.77371;27.22629165649414
75;51.36153;23.638469696044922
74;40.838123;33.1618766784668
73;40.49573;32.504268646240234
72;42.45824;29.541759490966797
71;35.5376;35.462398529052734
70;29.961584;40.03841590881348
69;27.084587;41.91541290283203
68;27.93989;40.060110092163086
67;30.806023;36.19397735595703
66;24.290075;41.70992469787598
65;27.048084;37.9519157409668
64;27.061304;36.93869590759277
63;25.451801;37.54819869995117
62;27.244167;34.75583267211914
61;34.043034;26.956966400146484
60;31.677721;28.32227897644043
59;37.276062;21.72393798828125
58;32.098907;25.901092529296875
57;33.163563;23.836437225341797
56;38.61542;17.384578704833984
55;41.77776;13.222240447998047
54;35.434296;18.565704345703125
53;33.485462;19.514537811279297
52;29.100222;22.899778366088867
51;27.854456;23.145544052124023
50;30.9476;19.052400588989258
49;33.972374;15.027626037597656
48;26.77585;21.224149703979492
47;32.43157;14.568431854248047
46;40.667007;5.3329925537109375
45;29.840303;15.159696578979492
44;33.53432;10.465679168701172
43;25.653875;17.34612464904785
42;27.898594;14.10140609741211
41;22.614752;18.3852481842041
40;25.509686;14.490314483642578
39;26.37142;12.628580093383789
38;28.087652;9.912347793579102
37;27.929663;9.070337295532227
36;24.182146;11.817853927612305
35;31.254595;3.7454051971435547
34;30.77598;3.224020004272461
33;25.415934;7.584066390991211
32;24.911745;7.088254928588867
31;31.050936;-0.05093574523925781
30;32.42047;-2.42047119140625
29;25.05763;3.9423694610595703
28;24.724543;3.2754573822021484
27;23.853043;3.1469573974609375
26;25.242971;0.7570285797119141
25;29.733284;-4.733283996582031
24;31.87229;-7.872289657592773
23;36.49962;-13.499618530273438
22;38.910698;-16.91069793701172
21;39.023277;-18.023277282714844
20;40.182045;-20.182044982910156
19;40.310944;-21.310943603515625
18;32.27877;-14.278770446777344
17;35.393192;-18.393192291259766
16;35.81515;-19.81515121459961
15;32.50604;-17.506038665771484
14;37.3292;-23.329200744628906
13;29.671276;-16.671276092529297
12;33.27624;-21.276241302490234
11;30.508427;-19.508426666259766
10;32.73087;-22.73086929321289
9;27.148794;-18.148794174194336
8;33.4912;-25.491199493408203
7;29.013178;-22.0131778717041
6;31.79244;-25.79244041442871
5;27.861599;-22.86159896850586
4;33.673317;-29.673316955566406
3;37.046116;-34.04611587524414
2;34.383114;-32.383113861083984
1;32.38925;-31.389251708984375
0;32.375366;-32.3753662109375
99;40.155647;58.84435272216797
98;47.03885;50.961151123046875
97;46.04169;50.958309173583984
96;50.983295;45.01670455932617
95;49.04008;45.95991897583008
94;47.784645;46.215354919433594
93;50.710285;42.28971481323242
92;52.78311;39.216888427734375
91;57.32401;33.67599105834961
90;54.51893;35.48107147216797
89;55.84992;33.150081634521484
88;52.27793;35.722068786621094
87;55.540943;31.459056854248047
86;56.81789;29.182109832763672
85;57.7859;27.214099884033203
84;56.8535;27.146499633789062
83;62.9412;20.058799743652344
82;62.632725;19.36727523803711
81;60.695225;20.30477523803711
80;61.11556;18.884441375732422
79;58.1116;20.88840103149414
78;60.381634;17.618366241455078
77;57.164894;19.835105895996094
76;57.34614;18.653858184814453
75;61.4059;13.594100952148438
74;59.119305;14.880695343017578
73;48.14758;24.852420806884766
72;47.601772;24.39822769165039
71;40.887066;30.112934112548828
70;51.180454;18.81954574584961
69;24.63249;44.367509841918945
68;22.32728;45.672719955444336
67;23.41802;43.581979751586914
66;27.92666;38.07333946228027
65;21.66065;43.3393497467041
64;30.218166;33.78183364868164
63;52.23592;10.764080047607422
62;34.8533;27.14670181274414
61;49.132175;11.86782455444336
60;50.340767;9.659233093261719
59;47.94913;11.05086898803711
58;59.941105;-1.9411048889160156
57;36.50353;20.496471405029297
56;36.436905;19.563095092773438
55;73.3951;-18.395103454589844
54;42.287994;11.712005615234375
53;53.780178;-0.7801780700683594
52;40.69484;11.305160522460938
51;79.01569;-28.01569366455078
50;38.083134;11.916866302490234
49;52.938046;-3.9380455017089844
48;149.23642;-101.23641967773438
47;84.03353;-37.033531188964844
46;55.52818;-9.528179168701172
45;44.617226;0.38277435302734375
44;52.44772;-8.44771957397461
43;80.34243;-37.342430114746094
42;147.45213;-105.45213317871094
41;55.454918;-14.454917907714844
40;45.47875;-5.478748321533203
39;56.97848;-17.97848129272461
38;39.97949;-1.9794883728027344
37;47.223232;-10.22323226928711
36;41.841053;-5.841053009033203
35;39.896473;-4.896472930908203
34;26.819778;7.1802215576171875
33;56.118946;-23.118946075439453
32;28.61577;3.3842296600341797
31;21.382591;9.617408752441406
30;27.818666;2.181333541870117
29;31.023672;-2.023672103881836
28;32.409676;-4.409675598144531
27;25.041233;1.9587669372558594
26;25.853212;0.1467876434326172
25;25.7688;-0.7688007354736328
24;16.421728;7.578271865844727
23;26.222452;-3.222452163696289
22;35.00962;-13.009620666503906
21;25.19445;-4.194450378417969
20;32.139793;-12.139793395996094
19;41.40579;-22.40578842163086
18;30.210493;-12.210493087768555
17;26.24222;-9.242219924926758
16;45.062016;-29.062015533447266
15;28.927572;-13.927572250366211
14;32.381805;-18.381805419921875
13;28.993494;-15.993494033813477
12;28.77435;-16.774349212646484
11;26.467716;-15.467716217041016
10;23.53453;-13.534530639648438
9;55.550518;-46.55051803588867
8;38.858875;-30.858875274658203
7;41.16706;-34.16706085205078
6;49.084217;-43.0842170715332
5;38.457;-33.457000732421875
4;44.48628;-40.48627853393555
3;36.206852;-33.206851959228516
2;30.165676;-28.16567611694336
1;47.26499;-46.264991760253906
0;31.62758;-31.627580642700195
99;99.70171;-0.7017135620117188
98;192.66182;-94.66181945800781
97;187.96391;-90.96391296386719
96;223.20772;-127.20771789550781
95;169.60107;-74.60107421875
94;217.72786;-123.72785949707031
93;198.59795;-105.59794616699219
92;168.90645;-76.90644836425781
91;142.40034;-51.40034484863281
90;150.24474;-60.24473571777344
89;134.43217;-45.43217468261719
88;114.23466;-26.234657287597656
87;129.19287;-42.19287109375
86;129.00694;-43.00694274902344
85;120.160225;-35.16022491455078
84;99.66271;-15.662712097167969
83;105.2817;-22.281700134277344
82;86.94106;-4.941062927246094
81;77.8418;3.158203125
80;80.3593;-0.3592987060546875
79;70.023636;8.976364135742188
78;78.95933;-0.9593276977539062
77;64.006454;12.993545532226562
76;66.98465;9.015350341796875
75;66.880745;8.119255065917969
74;54.123573;19.876426696777344
73;80.69428;-7.694282531738281
72;61.632496;10.367504119873047
71;42.758053;28.241947174072266
70;45.294292;24.705707550048828
69;57.240387;11.759613037109375
68;35.989925;32.010074615478516
67;56.220913;10.77908706665039
66;47.589607;18.41039276123047
65;26.802511;38.19748878479004
64;34.188942;29.811058044433594
63;38.913795;24.086204528808594
62;39.036137;22.963863372802734
61;52.89391;8.106090545654297
60;35.28201;24.71799087524414
59;50.964436;8.035564422607422
58;47.15681;10.843189239501953
57;54.084446;2.9155540466308594
56;40.045696;15.954303741455078
55;38.262142;16.737857818603516
54;52.29202;1.7079811096191406
53;42.100124;10.89987564086914
52;43.422165;8.577835083007812
51;33.928703;17.07129669189453
50;46.12534;3.8746604919433594
49;49.991486;-0.991485595703125
48;49.678867;-1.6788673400878906
47;54.50606;-7.506061553955078
46;54.81701;-8.817008972167969
45;44.065697;0.9343032836914062
44;43.291737;0.7082633972167969
43;51.88662;-8.886619567871094
42;52.583973;-10.583972930908203
41;62.190132;-21.19013214111328
40;63.350792;-23.350791931152344
39;50.917004;-11.917003631591797
38;66.27339;-28.273391723632812
37;56.91959;-19.91958999633789
36;51.16019;-15.16019058227539
35;54.47551;-19.475509643554688
34;33.6416;0.3583984375
33;41.37982;-8.37982177734375
32;45.06712;-13.067119598388672
31;41.061245;-10.06124496459961
30;41.839653;-11.839653015136719
29;38.79227;-9.79227066040039
28;33.87242;-5.8724212646484375
27;48.880238;-21.880237579345703
26;32.94657;-6.946571350097656
25;39.622036;-14.62203598022461
24;38.49915;-14.499149322509766
23;35.624203;-12.624202728271484
22;47.29489;-25.294891357421875
21;40.22949;-19.229488372802734
20;39.48102;-19.481021881103516
19;65.04372;-46.04371643066406
18;41.759937;-23.759937286376953
17;47.66922;-30.669219970703125
16;46.876156;-30.876155853271484
15;34.702465;-19.702465057373047
14;50.750736;-36.750736236572266
13;44.784748;-31.784748077392578
12;31.78893;-19.788930892944336
11;39.666332;-28.666332244873047
10;35.69918;-25.699180603027344
9;39.771652;-30.771652221679688
8;39.98731;-31.987308502197266
7;33.262016;-26.26201629638672
6;41.802715;-35.80271530151367
5;32.094387;-27.09438705444336
4;26.679186;-22.67918586730957
3;28.594618;-25.59461784362793
2;27.451153;-25.451152801513672
1;30.685942;-29.685941696166992
0;36.816486;-36.81648635864258
82;46.492245;35.507755279541016
81;62.615818;18.38418197631836
80;67.790375;12.209625244140625
79;60.339294;18.66070556640625
78;58.969517;19.03048324584961
77;59.68252;17.31747817993164
76;65.103294;10.896705627441406
75;63.568798;11.431201934814453
74;63.740658;10.259342193603516
73;72.01927;0.9807281494140625
72;81.850334;-9.850334167480469
71;90.22382;-19.22382354736328
70;63.235317;6.764682769775391
69;71.501175;-2.5011749267578125
68;69.428635;-1.4286346435546875
67;58.512867;8.487133026123047
66;66.42643;-0.42642974853515625
65;76.05621;-11.05621337890625
64;67.339775;-3.3397750854492188
63;70.63447;-7.634468078613281
62;64.768005;-2.76800537109375
61;56.488934;4.511066436767578
60;72.63116;-12.631156921386719
59;66.0026;-7.002601623535156
58;67.50791;-9.507911682128906
57;56.16022;0.8397789001464844
56;48.838963;7.161037445068359
55;54.845654;0.15434646606445312
54;32.376717;21.62328338623047
53;23.9241;29.075899124145508
52;25.385801;26.614198684692383
51;27.297243;23.702756881713867
50;28.796755;21.203245162963867
49;32.729954;16.27004623413086
48;29.313944;18.68605613708496
47;28.320707;18.679292678833008
46;29.109129;16.890871047973633
45;30.402266;14.597734451293945
44;28.138952;15.861047744750977
43;26.892439;16.107561111450195
42;30.51668;11.483320236206055
41;30.674532;10.325468063354492
40;28.906645;11.093355178833008
39;30.335;8.665000915527344
38;30.525404;7.47459602355957
37;26.066072;10.933927536010742
36;35.209515;0.7904853820800781
35;29.833063;5.166936874389648
34;32.301975;1.6980247497558594
33;34.16667;-1.1666717529296875
32;27.957727;4.042272567749023
31;32.797356;-1.7973556518554688
30;24.492952;5.507047653198242
29;28.605854;0.3941459655761719
28;26.85195;1.148050308227539
27;30.54463;-3.5446300506591797
26;35.030766;-9.030765533447266
25;34.92316;-9.923160552978516
24;30.860533;-6.860532760620117
23;32.488632;-9.488632202148438
22;27.771017;-5.771017074584961
21;21.923399;-0.9233989715576172
20;28.956312;-8.95631217956543
19;27.722242;-8.72224235534668
18;29.603472;-11.603471755981445
17;30.034697;-13.034696578979492
16;28.047266;-12.047266006469727
15;26.978466;-11.978466033935547
14;25.68373;-11.68372917175293
13;29.298407;-16.29840660095215
12;27.65867;-15.658670425415039
11;24.192617;-13.192617416381836
10;24.679876;-14.679876327514648
9;18.155706;-9.155706405639648
8;26.725473;-18.725473403930664
7;34.180805;-27.180805206298828
6;31.789011;-25.789011001586914
5;31.882223;-26.88222312927246
4;18.530725;-14.530725479125977
3;29.508158;-26.50815773010254
2;24.447;-22.44700050354004
1;36.58193;-35.58192825317383
0;28.11968;-28.119680404663086
85;44.55718;40.44282150268555
84;45.502514;38.49748611450195
83;50.095955;32.90404510498047
82;48.17866;33.82133865356445
81;47.342022;33.65797805786133
80;51.351803;28.648197174072266
79;46.858017;32.14198303222656
78;42.95103;35.04896926879883
77;45.758896;31.241104125976562
76;43.999462;32.00053787231445
75;45.831768;29.168231964111328
74;45.907207;28.092792510986328
73;52.19367;20.806331634521484
72;49.39666;22.60334014892578
71;49.28791;21.71208953857422
70;50.478413;19.521587371826172
69;52.49129;16.508708953857422
68;44.565884;23.43411636352539
67;45.24579;21.75421142578125
66;45.383297;20.616703033447266
65;44.048378;20.951622009277344
64;41.890133;22.109867095947266
63;40.595654;22.404346466064453
62;44.86521;17.134788513183594
61;38.75394;22.24605941772461
60;41.0752;18.924800872802734
59;36.857883;22.14211654663086
58;41.730606;16.269393920898438
57;40.28217;16.717830657958984
56;42.74499;13.255008697509766
55;47.064686;7.935314178466797
54;44.18668;9.81332015991211
53;40.95759;12.042411804199219
52;42.50594;9.494060516357422
51;36.483837;14.516162872314453
50;32.492355;17.507644653320312
49;43.84511;5.154888153076172
48;43.55856;4.441440582275391
47;38.671124;8.328876495361328
46;40.10827;5.891731262207031
45;42.553642;2.4463577270507812
44;40.153427;3.8465728759765625
43;34.530563;8.469436645507812
42;42.510822;-0.5108222961425781
41;37.026165;3.973834991455078
40;42.795483;-2.795482635498047
39;37.89891;1.1010894775390625
38;39.140865;-1.1408653259277344
37;36.34997;0.6500282287597656
36;42.34705;-6.347049713134766
35;37.421246;-2.421245574951172
34;41.927166;-7.927165985107422
33;40.138668;-7.138668060302734
32;35.4004;-3.4003982543945312
31;34.44118;-3.441181182861328
30;38.50147;-8.501468658447266
29;40.0488;-11.04880142211914
28;37.28879;-9.28879165649414
27;34.10271;-7.102710723876953
26;30.235048;-4.235048294067383
25;34.61343;-9.61343002319336
24;32.887783;-8.88778305053711
23;31.901665;-8.901664733886719
22;30.004873;-8.004873275756836
21;43.61058;-22.610580444335938
20;38.962025;-18.962024688720703
19;33.424007;-14.424007415771484
18;38.485905;-20.485904693603516
17;46.738262;-29.738262176513672
16;49.26387;-33.26387023925781
15;46.100887;-31.100887298583984
14;45.072186;-31.072185516357422
13;39.982334;-26.98233413696289
12;46.957256;-34.95725631713867
11;39.92966;-28.92966079711914
10;37.735012;-27.73501205444336
9;42.34317;-33.343170166015625
8;41.198215;-33.19821548461914
7;37.794315;-30.794315338134766
6;47.369022;-41.369022369384766
5;46.671047;-41.67104721069336
4;43.41663;-39.416629791259766
3;48.817356;-45.81735610961914
2;51.183678;-49.183677673339844
1;45.861515;-44.861515045166016
0;44.36535;-44.36534881591797
99;55.946384;43.05361557006836
98;53.361588;44.63841247558594
97;58.452328;38.547672271728516
96;52.033245;43.96675491333008
95;55.36559;39.6344108581543
94;50.473812;43.526187896728516
93;55.21201;37.78799057006836
92;54.91231;37.08768844604492
91;54.068638;36.93136215209961
90;60.521908;29.478092193603516
89;55.148136;33.851863861083984
88;51.048496;36.95150375366211
87;52.915707;34.084293365478516
86;44.55622;41.44377899169922
85;45.440983;39.559017181396484
84;48.71229;35.2877082824707
83;47.690727;35.30927276611328
82;44.346146;37.65385437011719
81;43.84341;37.15658950805664
80;45.358322;34.64167785644531
79;40.96382;38.03617858886719
78;40.61262;37.38737869262695
77;45.53014;31.469860076904297
76;41.857254;34.14274597167969
75;34.739674;40.26032638549805
74;37.720463;36.279537200927734
73;36.6505;36.3494987487793
72;38.130253;33.869747161865234
71;38.109833;32.890167236328125
70;31.707027;38.292972564697266
69;36.321255;32.67874526977539
68;33.721466;34.278533935546875
67;33.257637;33.74236297607422
66;31.657442;34.34255790710449
65;25.6737;39.3262996673584
64;20.587557;43.41244316101074
63;21.20135;41.79865074157715
62;30.102365;31.897634506225586
61;26.317394;34.6826057434082
60;25.395342;34.604658126831055
59;29.090471;29.909528732299805
58;31.621593;26.378406524658203
57;25.138418;31.861581802368164
56;29.089502;26.910497665405273
55;24.94268;30.05731964111328
54;30.708178;23.29182243347168
53;30.024527;22.975473403930664
52;27.919182;24.08081817626953
51;29.391058;21.60894203186035
50;30.356623;19.64337730407715
49;24.558092;24.44190788269043
48;28.39445;19.60555076599121
47;30.900259;16.099740982055664
46;23.386805;22.613195419311523
45;29.751623;15.248376846313477
44;25.950426;18.04957389831543
43;27.043373;15.956626892089844
42;27.64788;14.352119445800781
41;22.7178;18.28219985961914
40;36.04501;3.9549903869628906
39;37.610798;1.3892021179199219
38;30.941095;7.058904647827148
37;34.000237;2.9997634887695312
36;37.098934;-1.0989341735839844
35;31.550648;3.449352264404297
34;29.356947;4.64305305480957
33;32.433506;0.5664939880371094
32;38.22052;-6.22052001953125
31;36.696255;-5.696254730224609
30;40.257713;-10.257713317871094
29;31.365782;-2.365781784057617
28;26.057562;1.9424381256103516
27;27.337828;-0.3378276824951172
26;35.132603;-9.13260269165039
25;26.591227;-1.591226577758789
24;31.813944;-7.813943862915039
23;36.597965;-13.597965240478516
22;31.44445;-9.444450378417969
21;36.1446;-15.144599914550781
20;32.862904;-12.862903594970703
19;25.98348;-6.983480453491211
18;28.145817;-10.145816802978516
17;26.878283;-9.87828254699707
16;33.260395;-17.260395050048828
15;30.75648;-15.756479263305664
14;26.299406;-12.299406051635742
13;21.76469;-8.764690399169922
12;32.562027;-20.562026977539062
11;35.508526;-24.508525848388672
10;32.061966;-22.061965942382812
9;29.156797;-20.156797409057617
8;32.754093;-24.754093170166016
7;26.833502;-19.8335018157959
6;24.850128;-18.850128173828125
5;29.169134;-24.16913414001465
4;32.666847;-28.666847229003906
3;30.635317;-27.635316848754883
2;27.330545;-25.33054542541504
1;28.955908;-27.955907821655273
0;35.124123;-35.124122619628906
99;39.622906;59.37709426879883
98;41.542213;56.457786560058594
97;47.41128;49.58871841430664
96;58.367672;37.632328033447266
95;53.933727;41.0662727355957
94;52.053562;41.94643783569336
93;53.73483;39.26517105102539
92;54.488796;37.51120376586914
91;73.83561;17.164390563964844
90;64.6963;25.30370330810547
89;64.25319;24.746810913085938
88;59.871372;28.12862777709961
87;57.232662;29.767337799072266
86;75.181725;10.818275451660156
85;59.6025;25.397499084472656
84;59.57903;24.420970916748047
83;64.117096;18.882904052734375
82;61.279438;20.720561981201172
81;53.55063;27.449371337890625
80;44.91714;35.08285903930664
79;40.84251;38.15748977661133
78;49.278175;28.721824645996094
77;52.067757;24.93224334716797
76;50.86117;25.13882827758789
75;51.443775;23.556224822998047
74;38.83532;35.16468048095703
73;37.303684;35.69631576538086
72;88.87681;-16.876808166503906
71;35.343517;35.6564826965332
70;64.06663;5.933372497558594
69;55.823402;13.176597595214844
68;33.250706;34.74929428100586
67;32.41671;34.583290100097656
66;37.36777;28.63222885131836
65;37.54601;27.453990936279297
64;50.083763;13.916236877441406
63;181.50752;-118.50752258300781
62;51.293262;10.706737518310547
61;108.7891;-47.789100646972656
60;64.20597;-4.205970764160156
59;74.58059;-15.580589294433594
58;60.899803;-2.8998031616210938
57;59.132465;-2.132465362548828
56;71.263756;-15.263755798339844
55;44.156254;10.843746185302734
54;54.823345;-0.8233451843261719
53;41.552727;11.447273254394531
52;44.91356;7.0864410400390625
51;77.11603;-26.11602783203125
50;59.91415;-9.91415023803711
49;71.00864;-22.008636474609375
48;29.101107;18.898893356323242
47;41.000603;5.999397277832031
46;38.430492;7.569507598876953
45;29.998304;15.00169563293457
44;34.163525;9.836475372314453
43;42.81403;0.18597030639648438
42;113.580086;-71.58008575439453
41;185.17116;-144.17115783691406
40;40.467148;-0.4671478271484375
39;93.32944;-54.329437255859375
38;89.844475;-51.84447479248047
37;106.28471;-69.28471374511719
36;48.630806;-12.630805969238281
35;86.31559;-51.315589904785156
34;48.28731;-14.287311553955078
33;73.49369;-40.493690490722656
32;39.477505;-7.477504730224609
31;36.5182;-5.518199920654297
30;31.437075;-1.4370746612548828
29;40.984287;-11.98428726196289
28;34.959133;-6.959133148193359
27;29.011179;-2.011178970336914
26;46.039265;-20.039264678955078
25;28.277925;-3.277925491333008
24;50.832714;-26.832714080810547
23;27.83576;-4.835760116577148
22;22.562672;-0.5626716613769531
21;22.719236;-1.7192363739013672
20;26.543621;-6.543621063232422
19;26.324492;-7.324491500854492
18;31.046316;-13.046316146850586
17;26.038263;-9.038263320922852
16;18.400892;-2.4008922576904297
15;22.81612;-7.816120147705078
14;32.02796;-18.02796173095703
13;31.034529;-18.034528732299805
12;27.566;-15.565999984741211
11;39.564053;-28.56405258178711
10;50.26088;-40.26087951660156
9;21.556864;-12.556863784790039
8;39.137417;-31.13741683959961
7;21.272367;-14.272367477416992
6;23.120787;-17.120786666870117
5;21.916006;-16.916006088256836
4;26.454748;-22.454748153686523
3;33.71739;-30.717388153076172
2;30.90655;-28.90654945373535
1;28.171206;-27.171205520629883
0;27.302074;-27.302074432373047
99;40.146946;58.85305404663086
98;64.420555;33.579444885253906
97;82.69193;14.308067321777344
96;93.23361;2.766387939453125
95;79.59919;15.400810241699219
94;89.26905;4.730949401855469
93;109.867386;-16.867385864257812
92;107.517265;-15.517265319824219
91;109.75599;-18.75598907470703
90;124.189;-34.189002990722656
89;110.57979;-21.579788208007812
88;85.51325;2.4867477416992188
87;90.07518;-3.0751800537109375
86;80.3426;5.657402038574219
85;80.90721;4.0927886962890625
84;87.17089;-3.1708908081054688
83;86.73545;-3.7354507446289062
82;73.23543;8.764572143554688
81;91.980034;-10.980033874511719
80;77.46393;2.53607177734375
79;82.98426;-3.9842605590820312
78;64.29807;13.701927185058594
77;88.42741;-11.427406311035156
76;79.68439;-3.68438720703125
75;74.323235;0.6767654418945312
74;61.66817;12.331829071044922
73;59.32903;13.670970916748047
72;85.1355;-13.135498046875
71;44.472523;26.527477264404297
70;42.55724;27.442760467529297
69;82.088165;-13.088165283203125
68;40.77883;27.221168518066406
67;68.5895;-1.5895004272460938
66;50.816074;15.18392562866211
65;52.475433;12.524566650390625
64;61.850544;2.149456024169922
63;44.32282;18.677181243896484
62;53.26835;8.731651306152344
61;46.834404;14.165596008300781
60;40.422195;19.577804565429688
59;37.828148;21.171852111816406
58;54.748325;3.2516746520996094
57;38.477463;18.522537231445312
56;56.618744;-0.618743896484375
55;51.57298;3.427021026611328
54;39.477573;14.52242660522461
53;41.283607;11.716392517089844
52;31.368362;20.631637573242188
51;50.641018;0.3589820861816406
50;47.176937;2.8230628967285156
49;37.5219;11.478099822998047
48;57.89817;-9.898170471191406
47;56.344322;-9.344322204589844
46;63.289516;-17.28951644897461
45;67.529045;-22.52904510498047
44;57.202938;-13.202938079833984
43;57.575768;-14.575767517089844
42;99.603325;-57.60332489013672
41;73.47862;-32.47862243652344
40;84.04897;-44.048973083496094
39;98.46193;-59.46192932128906
38;53.120495;-15.120494842529297
37;64.839264;-27.839263916015625
36;92.75013;-56.75012969970703
35;70.61475;-35.61475372314453
34;55.650944;-21.650943756103516
33;60.228943;-27.22894287109375
32;52.677082;-20.677082061767578
31;42.163532;-11.163532257080078
30;43.27847;-13.27846908569336
29;44.27975;-15.27975082397461
28;37.75217;-9.75217056274414
27;38.932064;-11.932064056396484
26;38.848133;-12.848133087158203
25;44.613415;-19.613414764404297
24;62.70362;-38.70362091064453
23;43.69633;-20.696331024169922
22;54.909763;-32.90976333618164
21;38.160007;-17.16000747680664
20;32.273006;-12.273006439208984
19;35.22722;-16.227218627929688
18;38.45002;-20.45001983642578
17;37.93187;-20.931869506835938
16;31.04412;-15.044120788574219
15;39.187023;-24.187023162841797
14;47.00845;-33.00844955444336
13;41.151123;-28.151123046875
12;40.160465;-28.160465240478516
11;31.576584;-20.576583862304688
10;34.267704;-24.267704010009766
9;33.255814;-24.255813598632812
8;28.761713;-20.7617130279541
7;26.706709;-19.706708908081055
6;34.446297;-28.44629669189453
5;33.520332;-28.52033233642578
4;28.44132;-24.441320419311523
3;33.681232;-30.681232452392578
2;34.173046;-32.17304611206055
1;39.92335;-38.9233512878418
0;34.38396;-34.38396072387695
84;46.82649;37.17351150512695
83;53.998928;29.00107192993164
82;62.61206;19.387939453125
81;62.629967;18.370033264160156
80;66.01411;13.985893249511719
79;65.92613;13.073867797851562
78;62.836086;15.16391372680664
77;65.868454;11.131546020507812
76;63.44253;12.55746841430664
75;62.26977;12.730228424072266
74;63.88426;10.115741729736328
73;66.916695;6.083305358886719
72;67.38181;4.618186950683594
71;64.63716;6.3628387451171875
70;67.77878;2.221221923828125
69;73.102005;-4.1020050048828125
68;66.07482;1.9251785278320312
67;61.75511;5.2448883056640625
66;64.073135;1.9268646240234375
65;62.371445;2.6285552978515625
64;56.643932;7.356067657470703
63;71.24216;-8.242156982421875
62;66.124;-4.124000549316406
61;78.91729;-17.91728973388672
60;69.17275;-9.172752380371094
59;57.31491;1.685089111328125
58;56.262356;1.7376441955566406
57;61.068806;-4.068805694580078
56;48.060307;7.939693450927734
55;51.58684;3.413158416748047
54;34.273354;19.726646423339844
53;49.273933;3.7260665893554688
52;34.80746;17.19253921508789
51;28.985313;22.014686584472656
50;27.039392;22.960607528686523
49;28.56301;20.43699073791504
48;27.072908;20.927091598510742
47;26.052155;20.947845458984375
46;28.90119;17.09881019592285
45;28.240149;16.759851455688477
44;29.705954;14.294046401977539
43;27.757772;15.242227554321289
42;27.405533;14.594467163085938
41;30.08156;10.918439865112305
40;28.208624;11.791376113891602
39;26.302732;12.697267532348633
38;26.479876;11.520124435424805
37;28.104628;8.89537239074707
36;23.791693;12.208307266235352
35;27.423807;7.576192855834961
34;26.169844;7.830156326293945
33;25.09447;7.90553092956543
32;24.735777;7.264223098754883
31;24.924177;6.075822830200195
30;28.929491;1.0705089569091797
29;26.217073;2.782926559448242
28;24.454847;3.5451526641845703
27;23.126486;3.873514175415039
26;25.022894;0.9771060943603516
25;30.110846;-5.110845565795898
24;22.563131;1.436868667602539
23;22.64997;0.35003089904785156
22;27.681868;-5.681867599487305
21;34.331043;-13.331043243408203
20;35.486713;-15.486713409423828
19;28.009184;-9.009183883666992
18;26.267645;-8.267644882202148
17;29.00422;-12.004219055175781
16;30.979364;-14.979364395141602
15;26.239973;-11.239973068237305
14;25.777292;-11.777292251586914
13;30.07934;-17.0793399810791
12;26.326792;-14.326791763305664
11;24.786348;-13.786348342895508
10;23.181807;-13.181806564331055
9;29.782778;-20.782777786254883
8;30.024076;-22.024076461791992
7;29.894197;-22.894197463989258
6;25.82345;-19.823450088500977
5;33.723225;-28.723224639892578
4;23.219023;-19.219022750854492
3;28.266909;-25.266908645629883
2;21.89263;-19.892629623413086
1;29.692373;-28.692373275756836
0;21.612226;-21.612226486206055
40;49.516735;-9.516735076904297
39;47.204693;-8.204692840576172
38;47.762775;-9.762775421142578
37;52.45336;-15.453361511230469
36;52.84649;-16.84648895263672
35;53.594006;-18.594005584716797
34;52.81743;-18.817428588867188
33;49.81085;-16.810848236083984
32;47.52061;-15.520610809326172
31;47.348564;-16.34856414794922
30;47.929585;-17.929584503173828
29;47.16904;-18.16904067993164
28;45.79141;-17.79140853881836
27;42.747574;-15.747573852539062
26;39.7064;-13.706401824951172
25;38.14992;-13.149921417236328
24;37.902893;-13.90289306640625
23;37.009876;-14.009876251220703
22;38.672604;-16.672603607177734
21;32.55279;-11.552791595458984
20;28.493057;-8.493057250976562
19;30.392076;-11.39207649230957
18;23.340775;-5.3407745361328125
17;19.181105;-2.1811046600341797
16;28.16274;-12.162740707397461
15;18.246271;-3.2462711334228516
14;13.137336;0.8626642227172852
13;14.274867;-1.274867057800293
12;13.492288;-1.4922876358032227
11;12.525851;-1.5258512496948242
10;9.233491;0.7665090560913086
9;11.033387;-2.0333871841430664
8;13.833974;-5.8339738845825195
7;8.361182;-1.3611822128295898
6;8.517276;-2.517275810241699
5;9.472779;-4.472779273986816
4;10.527257;-6.527256965637207
3;9.547215;-6.547215461730957
2;6.108152;-4.108151912689209
1;9.0371065;-8.03710651397705
0;7.180715;-7.180715084075928
69;30.428339;38.5716609954834
68;42.288292;25.711708068847656
67;55.405113;11.594886779785156
66;55.962048;10.037952423095703
65;60.742577;4.257423400878906
64;53.966183;10.033817291259766
63;58.253242;4.746757507324219
62;53.11658;8.883419036865234
61;45.771908;15.228092193603516
60;55.311295;4.6887054443359375
59;53.02529;5.974708557128906
58;49.247704;8.752296447753906
57;58.96551;-1.9655113220214844
56;49.237427;6.7625732421875
55;53.863514;1.1364860534667969
54;54.973347;-0.9733467102050781
53;52.109386;0.8906135559082031
52;54.9082;-2.9081993103027344
51;52.07636;-1.0763587951660156
50;52.892635;-2.8926353454589844
49;53.1869;-4.186901092529297
48;47.957455;0.042545318603515625
47;47.331516;-0.3315162658691406
46;53.61983;-7.619831085205078
45;53.620113;-8.620113372802734
44;48.701683;-4.701683044433594
43;49.8325;-6.832500457763672
42;49.551556;-7.551555633544922
41;46.128597;-5.128597259521484
40;47.608646;-7.608646392822266
39;44.651287;-5.651287078857422
38;40.079224;-2.0792236328125
37;43.4189;-6.4188995361328125
36;41.54457;-5.5445709228515625
35;45.18759;-10.187591552734375
34;36.745834;-2.7458343505859375
33;36.24974;-3.2497406005859375
32;36.328224;-4.328224182128906
31;40.425697;-9.425697326660156
30;35.275642;-5.275642395019531
29;35.081734;-6.081733703613281
28;29.203688;-1.2036876678466797
27;28.001577;-1.001577377319336
26;28.77577;-2.7757701873779297
25;26.831812;-1.8318119049072266
24;25.622814;-1.6228141784667969
23;18.180658;4.819341659545898
22;18.015951;3.984048843383789
21;25.05537;-4.055370330810547
20;18.050274;1.9497261047363281
19;22.244522;-3.2445220947265625
18;17.865797;0.1342029571533203
17;15.91812;1.0818796157836914
16;20.8726;-4.872600555419922
15;10.630082;4.369917869567871
14;12.339519;1.6604814529418945
13;9.723924;3.276076316833496
12;11.446656;0.5533437728881836
11;8.766734;2.2332658767700195
10;8.901536;1.098464012145996
9;9.141454;-0.14145374298095703
8;8.489606;-0.4896059036254883
7;8.728599;-1.7285985946655273
6;9.309087;-3.309086799621582
5;8.791774;-3.791773796081543
4;10.364261;-6.364260673522949
3;7.751554;-4.751554012298584
2;7.3624015;-5.362401485443115
1;8.711581;-7.711581230163574
0;9.840959;-9.840958595275879
69;22.078533;46.92146682739258
68;36.587063;31.41293716430664
67;52.142193;14.857807159423828
66;57.13399;8.866008758544922
65;58.135303;6.864696502685547
64;58.794674;5.205326080322266
63;59.70841;3.2915916442871094
62;56.564068;5.435932159423828
61;56.589905;4.41009521484375
60;61.07812;-1.0781211853027344
59;52.622684;6.377315521240234
58;51.944916;6.055084228515625
57;48.959232;8.040767669677734
56;52.249977;3.7500228881835938
55;49.502186;5.497814178466797
54;52.011364;1.9886360168457031
53;46.50672;6.493278503417969
52;44.761078;7.238922119140625
51;44.809963;6.190036773681641
50;42.611572;7.388427734375
49;39.601555;9.398445129394531
48;45.6266;2.373401641845703
47;43.902866;3.0971336364746094
46;47.802624;-1.8026237487792969
45;48.41688;-3.416881561279297
44;48.47556;-4.475559234619141
43;44.402084;-1.4020843505859375
42;42.77605;-0.7760505676269531
41;38.5768;2.423198699951172
40;40.598236;-0.598236083984375
39;36.50741;2.4925918579101562
38;36.542202;1.4577980041503906
37;35.652523;1.3474769592285156
36;46.475986;-10.47598648071289
35;35.197407;-0.19740676879882812
34;34.27356;-0.2735595703125
33;32.294693;0.7053070068359375
32;31.641596;0.35840415954589844
31;28.073938;2.9260616302490234
30;26.512205;3.487794876098633
29;27.94813;1.051870346069336
28;29.059689;-1.0596885681152344
27;18.52498;8.475019454956055
26;21.8449;4.155099868774414
25;25.500547;-0.5005474090576172
24;23.770586;0.2294139862060547
23;20.524324;2.475675582885742
22;24.73547;-2.7354698181152344
21;18.60204;2.397960662841797
20;12.648591;7.351408958435059
19;11.884154;7.115845680236816
18;12.718551;5.281449317932129
17;18.12521;-1.1252098083496094
16;8.205205;7.794795036315918
15;5.722484;9.277515888214111
14;5.688421;8.31157922744751
13;6.1404014;6.859598636627197
12;4.4333987;7.566601276397705
11;6.9273715;4.072628498077393
10;9.927617;0.07238292694091797
9;5.9476104;3.052389621734619
8;5.4821563;2.517843723297119
7;5.177032;1.8229680061340332
6;5.3584;0.6416001319885254
5;6.6552615;-1.655261516571045
4;4.463987;-0.463986873626709
3;7.2692504;-4.269250392913818
2;4.3549895;-2.354989528656006
1;8.848958;-7.8489580154418945
0;6.715774;-6.715774059295654
69;25.632978;43.367021560668945
68;53.572;14.428001403808594
67;59.167233;7.832767486572266
66;68.13441;-2.1344070434570312
65;84.206024;-19.206024169921875
64;75.83376;-11.833763122558594
63;87.87849;-24.87848663330078
62;81.81095;-19.810951232910156
61;66.8613;-5.861297607421875
60;69.10822;-9.108222961425781
59;66.91309;-7.913093566894531
58;67.57621;-9.576210021972656
57;56.94038;0.059619903564453125
56;58.56985;-2.5698509216308594
55;51.419285;3.5807151794433594
54;62.1395;-8.13949966430664
53;55.33471;-2.3347091674804688
52;63.031307;-11.031307220458984
51;63.03272;-12.032718658447266
50;55.24347;-5.24346923828125
49;56.882442;-7.882442474365234
48;63.641342;-15.641342163085938
47;72.941;-25.941001892089844
46;66.43963;-20.43962860107422
45;64.978325;-19.97832489013672
44;60.510506;-16.51050567626953
43;55.681408;-12.681407928466797
42;59.72611;-17.72610855102539
41;51.164387;-10.164386749267578
40;27.393877;12.606122970581055
39;29.659449;9.340551376342773
38;51.593147;-13.593147277832031
37;35.50062;1.4993782043457031
36;35.270695;0.7293052673339844
35;39.415207;-4.4152069091796875
34;68.28125;-34.28125
33;31.100512;1.8994884490966797
32;130.60431;-98.60430908203125
31;107.46162;-76.46161651611328
30;59.363132;-29.36313247680664
29;48.10599;-19.10599136352539
28;52.965775;-24.965774536132812
27;154.61134;-127.61134338378906
26;119.95581;-93.955810546875
25;123.52517;-98.5251693725586
24;151.26233;-127.2623291015625
23;120.186264;-97.18626403808594
22;158.50362;-136.5036163330078
21;103.376305;-82.37630462646484
20;29.695213;-9.695213317871094
19;163.25443;-144.25442504882812
18;89.081276;-71.0812759399414
17;121.80508;-104.8050765991211
16;31.701824;-15.701824188232422
15;29.317343;-14.317342758178711
14;39.47788;-25.47787857055664
13;165.93501;-152.9350128173828
12;203.55023;-191.55023193359375
11;209.83955;-198.8395538330078
10;216.03566;-206.03565979003906
9;251.44057;-242.44056701660156
8;212.60541;-204.60540771484375
7;127.13409;-120.13408660888672
6;162.10704;-156.10704040527344
5;30.311594;-25.311594009399414
4;91.61991;-87.61991119384766
3;126.2279;-123.22789764404297
2;28.670204;-26.670204162597656
1;200.38707;-199.38706970214844
0;146.8749;-146.87489318847656
219;212.03896;6.9610443115234375
218;236.7996;-18.799606323242188
217;172.78374;44.21626281738281
216;97.82903;118.17096710205078
215;271.25854;-56.258544921875
214;233.48381;-19.483810424804688
213;73.43592;139.56407928466797
212;222.41417;-10.414169311523438
211;158.07562;52.92437744140625
210;167.67082;42.32917785644531
209;164.18343;44.81657409667969
208;182.47835;25.521652221679688
207;211.03488;-4.034881591796875
206;141.82407;64.17593383789062
205;150.72661;54.27339172363281
204;148.46266;55.53733825683594
203;134.21202;68.78797912597656
202;92.17187;109.82813262939453
201;129.89616;71.10383605957031
200;112.96719;87.03280639648438
199;114.94332;84.05667877197266
198;139.6874;58.31260681152344
197;117.89517;79.10482788085938
196;102.71308;93.28691864013672
195;143.2759;51.72410583496094
194;106.361046;87.63895416259766
193;116.234184;76.76581573486328
192;103.09894;88.90106201171875
191;93.639366;97.36063385009766
190;54.66113;135.33887100219727
189;47.070534;141.9294662475586
188;39.83538;148.16461944580078
187;55.871437;131.1285629272461
186;61.561916;124.43808364868164
185;116.97773;68.02227020263672
184;95.471886;88.52811431884766
183;76.1749;106.82510375976562
182;110.11849;71.88150787353516
181;94.04498;86.95501708984375
180;55.136036;124.86396408081055
179;46.41765;132.5823516845703
178;37.860508;140.1394920349121
177;33.778137;143.22186279296875
176;48.26593;127.73406982421875
175;24.527403;150.47259712219238
174;43.260094;130.73990631103516
173;19.25051;153.74949073791504
172;28.893436;143.10656356811523
171;27.409117;143.59088325500488
170;37.828297;132.17170333862305
169;65.77193;103.22807312011719
168;18.46108;149.53891944885254
167;56.98403;110.0159683227539
166;98.18656;67.81343841552734
165;47.883213;117.11678695678711
164;96.25574;67.7442626953125
163;155.0068;7.993194580078125
162;159.04814;2.9518585205078125
161;158.49672;2.5032806396484375
160;148.97533;11.024673461914062
159;166.39816;-7.398162841796875
158;183.5783;-25.578292846679688
157;170.74268;-13.74267578125
156;167.09944;-11.099441528320312
155;174.56914;-19.569137573242188
154;145.97961;8.0203857421875
153;162.12048;-9.1204833984375
152;156.65208;-4.6520843505859375
151;124.99058;26.009422302246094
150;133.89012;16.109878540039062
149;138.17685;10.823150634765625
148;131.64003;16.359970092773438
147;144.10176;2.8982391357421875
146;119.495;26.50499725341797
145;172.70163;-27.701629638671875
144;152.62456;-8.624557495117188
143;130.89615;12.103851318359375
142;101.28743;40.71257019042969
141;136.05717;4.9428253173828125
140;132.2414;7.75860595703125
139;129.05971;9.940292358398438
138;141.87167;-3.871673583984375
137;123.17271;13.827293395996094
136;130.74992;5.2500762939453125
135;113.150795;21.849205017089844
134;54.75478;79.24522018432617
133;83.58157;49.418426513671875
132;117.332344;14.667655944824219
131;123.599556;7.400444030761719
130;140.08316;-10.083160400390625
129;76.91404;52.085960388183594
128;120.715225;7.2847747802734375
127;126.75216;0.24784088134765625
126;124.94334;1.0566635131835938
125;127.59463;-2.5946273803710938
124;115.68726;8.312736511230469
123;102.18647;20.81352996826172
122;110.01617;11.983833312988281
121;120.44605;0.5539474487304688
120;123.33833;-3.3383331298828125
119;101.08237;17.917633056640625
118;115.44622;2.5537796020507812
117;107.129166;9.870834350585938
116;101.66124;14.338760375976562
115;121.30467;-6.3046722412109375
114;119.03833;-5.038330078125
113;72.46241;40.53759002685547
112;120.12994;-8.129936218261719
111;94.633865;16.366134643554688
110;106.00563;3.9943695068359375
109;108.48211;0.5178909301757812
108;102.965096;5.034904479980469
107;102.145065;4.8549346923828125
106;105.40279;0.5972137451171875
105;89.27387;15.726127624511719
104;89.91887;14.081130981445312
103;61.126762;41.87323760986328
102;75.525856;26.474143981933594
101;78.20551;22.79448699951172
100;78.44902;21.550979614257812
99;85.3532;13.646797180175781
98;92.97137;5.028633117675781
97;88.06403;8.935966491699219
96;85.94442;10.055580139160156
95;76.72085;18.279151916503906
94;118.01044;-24.01043701171875
93;92.98694;0.0130615234375
92;77.85849;14.141510009765625
91;86.10019;4.899810791015625
90;72.58592;17.414077758789062
89;103.01057;-14.010566711425781
88;98.725426;-10.725425720214844
87;93.37738;-6.37738037109375
86;88.220245;-2.220245361328125
85;80.71808;4.28192138671875
84;91.99764;-7.997642517089844
83;92.36416;-9.364158630371094
82;96.6009;-14.600898742675781
81;102.87716;-21.877159118652344
80;107.64767;-27.647666931152344
79;96.346695;-17.346694946289062
78;96.68229;-18.682289123535156
77;78.07633;-1.0763320922851562
76;64.571754;11.428245544433594
75;62.767376;12.232624053955078
74;63.481453;10.518547058105469
73;80.83974;-7.8397369384765625
72;76.49119;-4.491188049316406
71;70.266335;0.7336654663085938
70;71.10596;-1.10595703125
69;63.80224;5.197761535644531
68;52.124435;15.875564575195312
67;71.40398;-4.4039764404296875
66;80.35726;-14.357261657714844
65;66.80491;-1.8049087524414062
64;52.32999;11.67000961303711
63;49.739185;13.260814666748047
62;61.204895;0.79510498046875
61;50.742542;10.257457733154297
60;48.388557;11.611442565917969
59;48.65562;10.344379425048828
58;39.67095;18.32904815673828
57;56.84089;0.15911102294921875
56;38.58473;17.415271759033203
55;64.25447;-9.254470825195312
54;45.54424;8.455760955810547
53;73.22539;-20.225387573242188
52;34.777843;17.222156524658203
51;58.890034;-7.890033721923828
50;45.12707;4.872928619384766
49;38.087593;10.912406921386719
48;34.922577;13.077423095703125
47;53.5675;-6.567501068115234
46;37.745716;8.254283905029297
45;37.3426;7.657398223876953
44;41.358433;2.6415672302246094
43;43.382206;-0.3822059631347656
42;42.454483;-0.4544830322265625
41;30.237398;10.762601852416992
40;39.34657;0.6534309387207031
39;42.326656;-3.3266563415527344
38;50.21844;-12.218441009521484
37;36.389164;0.6108360290527344
36;44.683918;-8.683917999267578
35;44.983112;-9.983112335205078
34;49.104565;-15.104564666748047
33;38.575027;-5.5750274658203125
32;45.65538;-13.655380249023438
31;36.564976;-5.564975738525391
30;41.123665;-11.123664855957031
29;31.481613;-2.4816131591796875
28;31.245718;-3.245718002319336
27;30.108746;-3.108745574951172
26;28.007574;-2.0075740814208984
25;39.33056;-14.330558776855469
24;28.105461;-4.105461120605469
23;37.771854;-14.771854400634766
22;28.802599;-6.80259895324707
21;30.996193;-9.996192932128906
20;31.853682;-11.853681564331055
19;39.01263;-20.012630462646484
18;34.917927;-16.917926788330078
17;31.554052;-14.554052352905273
16;25.96308;-9.963079452514648
15;33.094913;-18.094913482666016
14;36.368855;-22.368854522705078
13;27.343893;-14.343893051147461
12;28.92555;-16.92555046081543
11;29.964178;-18.96417808532715
10;22.766367;-12.766366958618164
9;27.136194;-18.136194229125977
8;28.29024;-20.290239334106445
7;27.631346;-20.631345748901367
6;27.066599;-21.066598892211914
5;28.245108;-23.245107650756836
4;26.947447;-22.947446823120117
3;25.478132;-22.478132247924805
2;25.324911;-23.32491111755371
1;25.575377;-24.575376510620117
0;28.172129;-28.172128677368164
44;55.189526;-11.189525604248047
43;49.860683;-6.860683441162109
42;50.433666;-8.433666229248047
41;47.93514;-6.935138702392578
40;47.53776;-7.537761688232422
39;43.58559;-4.585590362548828
38;47.822346;-9.822345733642578
37;50.16288;-13.162879943847656
36;50.90349;-14.903488159179688
35;50.22935;-15.229351043701172
34;49.56181;-15.561809539794922
33;49.97906;-16.979061126708984
32;46.103344;-14.103343963623047
31;45.176067;-14.176067352294922
30;42.449066;-12.449066162109375
29;37.06921;-8.069210052490234
28;44.298195;-16.298194885253906
27;43.573475;-16.573474884033203
26;37.488514;-11.488513946533203
25;34.46988;-9.469879150390625
24;28.165335;-4.165334701538086
23;28.644049;-5.644048690795898
22;23.274637;-1.274637222290039
21;23.868681;-2.868680953979492
20;13.797023;6.202977180480957
19;17.961153;1.0388469696044922
18;11.34188;6.658120155334473
17;13.560944;3.439056396484375
16;15.420394;0.5796060562133789
15;14.49092;0.5090799331665039
14;12.419982;1.5800180435180664
13;13.452252;-0.4522523880004883
12;13.67118;-1.6711797714233398
11;10.574594;0.42540645599365234
10;9.6018915;0.39810848236083984
9;11.005498;-2.005497932434082
8;11.135131;-3.1351308822631836
7;14.545501;-7.545500755310059
6;11.90805;-5.908049583435059
5;13.334754;-8.33475399017334
4;11.857198;-7.8571977615356445
3;11.546547;-8.546546936035156
2;9.973062;-7.973061561584473
1;12.136022;-11.136021614074707
0;9.321452;-9.321452140808105
73;22.476984;50.52301597595215
72;46.85503;25.144969940185547
71;53.471394;17.528606414794922
70;50.96072;19.03927993774414
69;57.657658;11.342342376708984
68;50.600487;17.399513244628906
67;60.297146;6.702854156494141
66;58.63541;7.364589691162109
65;61.701046;3.2989540100097656
64;48.02663;15.973369598388672
63;55.74635;7.253650665283203
62;54.478367;7.521633148193359
61;51.886517;9.113483428955078
60;57.503864;2.496135711669922
59;54.039417;4.960582733154297
58;52.906395;5.093605041503906
57;49.792522;7.207477569580078
56;51.318336;4.681663513183594
55;52.067783;2.9322166442871094
54;58.49252;-4.492519378662109
53;62.11149;-9.111488342285156
52;50.932713;1.0672874450683594
51;50.814617;0.18538284301757812
50;50.62826;-0.6282615661621094
49;51.85767;-2.8576698303222656
48;55.068657;-7.068656921386719
47;55.485916;-8.485916137695312
46;51.277077;-5.277076721191406
45;42.96705;2.0329513549804688
44;36.052227;7.947772979736328
43;35.35702;7.642978668212891
42;38.877937;3.1220626831054688
41;37.93543;3.0645713806152344
40;36.625454;3.3745460510253906
39;37.860897;1.1391029357910156
38;39.159435;-1.1594352722167969
37;41.08437;-4.084369659423828
36;40.538933;-4.538932800292969
35;40.967808;-5.967807769775391
34;38.809093;-4.809093475341797
33;37.66685;-4.666851043701172
32;33.923748;-1.9237480163574219
31;38.06936;-7.069358825683594
30;34.73335;-4.733348846435547
29;28.318014;0.6819858551025391
28;26.801638;1.1983623504638672
27;27.561653;-0.5616531372070312
26;22.71124;3.288759231567383
25;28.444386;-3.444385528564453
24;23.36669;0.6333103179931641
23;23.868475;-0.8684749603271484
22;23.9557;-1.9556999206542969
21;13.049592;7.950407981872559
20;22.580942;-2.580942153930664
19;23.5345;-4.5345001220703125
18;10.285666;7.714333534240723
17;9.281875;7.718125343322754
16;9.540213;6.459787368774414
15;12.877187;2.1228132247924805
14;7.939609;6.060390949249268
13;8.3036375;4.696362495422363
12;9.482207;2.5177927017211914
11;8.500499;2.4995012283325195
10;9.250331;0.749669075012207
9;9.427766;-0.4277658462524414
8;10.923686;-2.9236860275268555
7;9.621255;-2.6212549209594727
6;9.277963;-3.2779626846313477
5;11.943055;-6.943055152893066
4;10.548173;-6.548172950744629
3;11.631738;-8.63173770904541
2;10.266321;-8.266321182250977
1;13.659452;-12.659452438354492
0;19.082453;-19.08245277404785
73;27.029165;45.970834732055664
72;46.79841;25.20159149169922
71;52.83251;18.16748809814453
70;50.924213;19.075786590576172
69;52.46004;16.539958953857422
68;52.77302;15.226978302001953
67;54.814617;12.185382843017578
66;51.277805;14.72219467163086
65;55.809437;9.190563201904297
64;62.27541;1.7245903015136719
63;59.864933;3.1350669860839844
62;56.29193;5.70806884765625
61;55.518494;5.48150634765625
60;52.911705;7.088294982910156
59;51.60408;7.3959197998046875
58;54.35499;3.6450119018554688
57;52.727417;4.2725830078125
56;55.2577;0.7422981262207031
55;55.363335;-0.36333465576171875
54;55.15757;-1.1575698852539062
53;48.00096;4.9990386962890625
52;47.28259;4.717411041259766
51;51.141575;-0.14157485961914062
50;42.27351;7.726490020751953
49;45.87453;3.125469207763672
48;47.874264;0.12573623657226562
47;42.646698;4.353302001953125
46;38.905926;7.094074249267578
45;40.672943;4.327056884765625
44;33.144188;10.855812072753906
43;35.193047;7.806953430175781
42;36.668915;5.331085205078125
41;37.968014;3.0319862365722656
40;30.400087;9.599912643432617
39;38.50558;0.4944190979003906
38;33.274483;4.725517272949219
37;35.094734;1.9052658081054688
36;39.290043;-3.2900428771972656
35;32.528717;2.471282958984375
34;26.832663;7.167337417602539
33;32.64833;0.3516693115234375
32;26.033865;5.966135025024414
31;26.44023;4.559770584106445
30;21.105661;8.894338607788086
29;17.756857;11.243143081665039
28;21.311253;6.688747406005859
27;19.244165;7.755834579467773
26;19.93324;6.06675910949707
25;20.320053;4.6799468994140625
24;19.367716;4.632284164428711
23;18.386786;4.613214492797852
22;18.579834;3.420166015625
21;16.612404;4.387596130371094
20;16.386816;3.6131839752197266
19;16.163004;2.836996078491211
18;14.762504;3.2374963760375977
17;11.374509;5.625491142272949
16;9.970287;6.029712677001953
15;6.3116126;8.688387393951416
14;4.9164023;9.083597660064697
13;5.8232837;7.176716327667236
12;9.329865;2.6701345443725586
11;4.0062766;6.993723392486572
10;4.151426;5.848574161529541
9;5.5744147;3.4255852699279785
8;4.882957;3.1170430183410645
7;6.0825286;0.9174714088439941
6;4.485006;1.5149941444396973
5;4.1018195;0.8981804847717285
4;6.297462;-2.297461986541748
3;7.7618594;-4.76185941696167
2;5.801965;-3.8019652366638184
1;6.6127906;-5.612790584564209
0;3.9985442;-3.998544216156006
73;24.47722;48.52277946472168
72;38.210506;33.789493560791016
71;45.78655;25.213451385498047
70;89.65717;-19.65717315673828
69;84.160065;-15.160064697265625
68;82.97622;-14.976219177246094
67;84.14146;-17.141456604003906
66;81.40894;-15.408943176269531
65;72.840744;-7.8407440185546875
64;60.54623;3.4537696838378906
63;63.236248;-0.23624801635742188
62;58.475193;3.5248069763183594
61;56.890095;4.109905242919922
60;50.388294;9.611705780029297
59;54.46659;4.533409118652344
58;52.721306;5.278694152832031
57;53.30967;3.6903305053710938
56;66.11899;-10.118988037109375
55;58.42425;-3.4242515563964844
54;53.16643;0.8335685729980469
53;48.45691;4.5430908203125
52;55.905674;-3.9056739807128906
51;52.00456;-1.0045585632324219
50;58.245716;-8.245716094970703
49;57.97264;-8.972640991210938
48;54.77412;-6.774120330810547
47;55.904057;-8.904056549072266
46;44.91554;1.0844612121582031
45;62.173325;-17.173324584960938
44;61.96368;-17.963680267333984
43;45.83273;-2.8327293395996094
42;64.524315;-22.524314880371094
41;87.59194;-46.591941833496094
40;21.574022;18.42597770690918
39;33.676994;5.323005676269531
38;40.414158;-2.4141578674316406
37;28.412775;8.587224960327148
36;34.793003;1.2069969177246094
35;29.356695;5.643304824829102
34;31.69574;2.30426025390625
33;26.109392;6.890607833862305
32;37.552425;-5.552425384521484
31;35.875572;-4.875572204589844
30;28.173553;1.826446533203125
29;20.031622;8.968378067016602
28;24.095964;3.9040355682373047
27;52.06162;-25.06161880493164
26;80.651794;-54.65179443359375
25;38.413403;-13.413402557373047
24;68.401276;-44.401275634765625
23;54.477024;-31.47702407836914
22;25.310907;-3.3109073638916016
21;32.90444;-11.904441833496094
20;149.09264;-129.09263610839844
19;20.901121;-1.9011211395263672
18;18.64628;-0.6462802886962891
17;51.110115;-34.11011505126953
16;49.32326;-33.32326126098633
15;63.68131;-48.68130874633789
14;20.927237;-6.927236557006836
13;10.217422;2.782578468322754
12;38.144054;-26.144054412841797
11;22.527956;-11.527956008911133
10;41.20592;-31.205921173095703
9;48.12855;-39.1285514831543
8;171.79286;-163.79286193847656
7;203.71776;-196.71775817871094
6;181.3405;-175.3404998779297
5;93.22481;-88.22480773925781
4;200.65695;-196.65695190429688
3;182.81764;-179.81764221191406
2;204.83627;-202.83627319335938
1;152.0517;-151.05169677734375
0;141.5556;-141.55560302734375
203;182.90894;20.091064453125
202;120.399506;81.60049438476562
201;117.63624;83.36376190185547
200;141.36537;58.63462829589844
199;87.48254;111.51746368408203
198;151.42384;46.57615661621094
197;146.06683;50.93316650390625
196;83.24411;112.75588989257812
195;149.86726;45.13273620605469
194;133.31674;60.683258056640625
193;151.37238;41.62762451171875
192;161.07343;30.92657470703125
191;87.59569;103.40431213378906
190;89.703476;100.29652404785156
189;62.24133;126.75867080688477
188;118.62947;69.37052917480469
187;73.91097;113.08902740478516
186;116.35592;69.64408111572266
185;68.7771;116.222900390625
184;84.404526;99.59547424316406
183;103.676674;79.32332611083984
182;156.9186;25.081405639648438
181;135.2772;45.72279357910156
180;84.54044;95.45955657958984
179;78.43635;100.56365203857422
178;111.73789;66.2621078491211
177;96.76179;80.23821258544922
176;75.26888;100.73111724853516
175;88.07955;86.92044830322266
174;55.99;118.0099983215332
173;64.03124;108.96875762939453
172;54.71094;117.28905868530273
171;62.18843;108.81156921386719
170;57.86124;112.13875961303711
169;65.99374;103.00626373291016
168;38.07934;129.92065811157227
167;57.609425;109.39057540893555
166;53.732944;112.26705551147461
165;137.0525;27.947494506835938
164;79.35084;84.64916229248047
163;98.89785;64.1021499633789
162;69.92749;92.072509765625
161;64.04708;96.95291900634766
160;43.57543;116.42456817626953
159;60.58408;98.41592025756836
158;48.019707;109.98029327392578
157;61.19615;95.80384826660156
156;54.718464;101.28153610229492
155;36.32088;118.67911911010742
154;22.861593;131.13840675354004
153;46.924206;106.0757942199707
152;60.455822;91.5441780090332
151;39.45466;111.54534149169922
150;64.01634;85.98365783691406
149;56.902756;92.09724426269531
148;29.773607;118.22639274597168
147;70.30809;76.69190979003906
146;32.08936;113.91064071655273
145;58.270638;86.72936248779297
144;115.5566;28.443397521972656
143;102.10931;40.89069366455078
142;113.88063;28.119369506835938
141;109.45498;31.545021057128906
140;120.88385;19.11614990234375
139;137.16692;1.8330841064453125
138;143.33589;-5.3358917236328125
137;122.700584;14.299415588378906
136;114.75644;21.243560791015625
135;98.21812;36.781883239746094
134;144.2445;-10.2445068359375
133;94.188225;38.81177520751953
132;115.25802;16.741981506347656
131;104.5233;26.476699829101562
130;104.42133;25.57866668701172
129;142.24211;-13.242111206054688
128;119.265915;8.734085083007812
127;86.512474;40.487525939941406
126;143.11076;-17.110763549804688
125;141.76825;-16.76824951171875
124;116.434074;7.565925598144531
123;134.60664;-11.606643676757812
122;115.79441;6.205589294433594
121;120.10241;0.8975906372070312
120;123.71236;-3.7123565673828125
119;116.3837;2.616302490234375
118;117.701904;0.298095703125
117;118.87419;-1.8741912841796875
116;111.87217;4.127830505371094
115;87.78132;27.21868133544922
114;112.811295;1.1887054443359375
113;115.079475;-2.0794754028320312
112;119.792595;-7.792594909667969
111;110.799576;0.2004241943359375
110;114.721886;-4.721885681152344
109;113.84026;-4.840263366699219
108;99.31242;8.687576293945312
107;110.47649;-3.4764862060546875
106;106.511406;-0.5114059448242188
105;118.75174;-13.751739501953125
104;126.62342;-22.62342071533203
103;77.993065;25.006935119628906
102;111.439896;-9.439895629882812
101;105.10998;-4.109977722167969
100;107.25381;-7.253807067871094
99;105.59545;-6.595451354980469
98;89.82543;8.174568176269531
97;90.810875;6.189125061035156
96;79.027145;16.972854614257812
95;78.55718;16.44281768798828
94;83.95427;10.045730590820312
93;77.15142;15.848579406738281
92;79.97051;12.029487609863281
91;76.08495;14.915046691894531
90;73.6839;16.31610107421875
89;83.70151;5.298492431640625
88;78.19724;9.802757263183594
87;86.68047;0.31952667236328125
86;58.52678;27.473220825195312
85;90.40333;-5.403327941894531
84;87.10284;-3.1028366088867188
83;86.11155;-3.1115493774414062
82;73.317154;8.682846069335938
81;71.906334;9.093666076660156
80;69.755844;10.244155883789062
79;70.3263;8.673698425292969
78;85.17564;-7.175636291503906
77;74.02798;2.9720230102539062
76;63.111618;12.888381958007812
75;80.315926;-5.315925598144531
74;78.291435;-4.291435241699219
73;80.33356;-7.33355712890625
72;78.043335;-6.0433349609375
71;76.5476;-5.547599792480469
70;71.38381;-1.3838119506835938
69;52.320946;16.679054260253906
68;52.86357;15.136428833007812
67;56.772884;10.227115631103516
66;82.11965;-16.119651794433594
65;64.70971;0.29029083251953125
64;57.346786;6.6532135009765625
63;63.012215;-0.01221466064453125
62;79.53481;-17.534812927246094
61;41.715088;19.284912109375
60;43.482407;16.517593383789062
59;54.75201;4.247989654541016
58;59.617386;-1.6173858642578125
57;41.127457;15.872543334960938
56;56.243664;-0.24366378784179688
55;56.809673;-1.8096733093261719
54;70.10697;-16.106971740722656
53;72.46955;-19.46955108642578
52;52.874874;-0.8748741149902344
51;52.13351;-1.1335105895996094
50;42.381855;7.618144989013672
49;49.929028;-0.9290275573730469
48;36.954563;11.04543685913086
47;36.1342;10.865798950195312
46;41.61585;4.384151458740234
45;38.257145;6.742855072021484
44;35.684666;8.31533432006836
43;42.09375;0.90625
42;39.309486;2.6905136108398438
41;54.899204;-13.89920425415039
40;33.741528;6.258472442626953
39;42.7932;-3.793201446533203
38;36.16342;1.836578369140625
37;40.517963;-3.517963409423828
36;40.145638;-4.145637512207031
35;27.508041;7.4919586181640625
34;38.649784;-4.649784088134766
33;29.923235;3.0767650604248047
32;34.140312;-2.1403121948242188
31;38.17249;-7.172489166259766
30;31.236303;-1.2363033294677734
29;31.248182;-2.2481822967529297
28;31.80142;-3.801420211791992
27;29.736029;-2.7360286712646484
26;30.74947;-4.749469757080078
25;30.640793;-5.6407928466796875
24;26.138357;-2.138357162475586
23;28.789156;-5.789155960083008
22;29.015;-7.0149993896484375
21;29.507345;-8.507345199584961
20;39.782726;-19.782726287841797
19;37.443645;-18.443645477294922
18;29.813326;-11.813325881958008
17;24.197205;-7.19720458984375
16;26.600073;-10.600072860717773
15;30.964972;-15.964971542358398
14;32.284084;-18.28408432006836
13;32.431538;-19.431537628173828
12;29.189688;-17.189687728881836
11;33.717766;-22.71776580810547
10;30.010752;-20.010751724243164
9;25.353636;-16.353635787963867
8;26.976618;-18.97661781311035
7;35.69814;-28.698139190673828
6;31.2046;-25.204599380493164
5;34.580593;-29.58059310913086
4;33.357304;-29.357303619384766
3;27.731077;-24.731077194213867
2;25.797396;-23.797395706176758
1;36.06363;-35.063629150390625
0;33.18104;-33.1810417175293
97;48.99714;48.00286102294922
96;44.03239;51.96760940551758
95;45.974876;49.025123596191406
94;47.604042;46.395957946777344
93;49.626904;43.37309646606445
92;48.09583;43.904170989990234
91;52.75758;38.2424201965332
90;44.474323;45.52567672729492
89;49.61455;39.38544845581055
88;48.52679;39.473209381103516
87;51.673637;35.32636260986328
86;46.56213;39.437870025634766
85;52.02459;32.97541046142578
84;43.929424;40.07057571411133
83;52.922787;30.077213287353516
82;46.470226;35.5297737121582
81;49.394688;31.60531234741211
80;43.29578;36.704219818115234
79;43.78332;35.216678619384766
78;40.20568;37.79431915283203
77;36.427948;40.572052001953125
76;38.029694;37.970306396484375
75;41.52396;33.47603988647461
74;43.293518;30.70648193359375
73;41.34524;31.65475845336914
72;38.74605;33.25394821166992
71;40.26475;30.735248565673828
70;47.0071;22.992900848388672
69;51.099316;17.900684356689453
68;50.03141;17.968589782714844
67;56.17721;10.82278823852539
66;46.737144;19.262855529785156
65;48.473026;16.526973724365234
64;45.55084;18.449161529541016
63;41.113285;21.886714935302734
62;42.479916;19.520084381103516
61;46.157074;14.842926025390625
60;47.52322;12.47677993774414
59;50.60252;8.397480010986328
58;46.030415;11.969585418701172
57;43.206738;13.793262481689453
56;39.356808;16.643192291259766
55;43.920742;11.07925796508789
54;47.20611;6.793891906738281
53;46.15932;6.840679168701172
52;43.737247;8.262752532958984
51;41.76623;9.233768463134766
50;33.996273;16.003726959228516
49;47.03661;1.9633903503417969
48;47.42162;0.5783805847167969
47;41.8866;5.113399505615234
46;37.74615;8.253849029541016
45;42.383434;2.616565704345703
44;42.64371;1.3562889099121094
43;47.44313;-4.4431304931640625
42;42.907578;-0.9075775146484375
41;38.82047;2.1795310974121094
40;40.79585;-0.7958488464355469
39;40.055294;-1.0552940368652344
38;37.70106;0.2989387512207031
37;31.328115;5.671884536743164
36;37.70868;-1.70867919921875
35;36.96882;-1.9688186645507812
34;38.988247;-4.988246917724609
33;37.6665;-4.666500091552734
32;35.12857;-3.128570556640625
31;36.75317;-5.753170013427734
30;36.909016;-6.909015655517578
29;34.646526;-5.646526336669922
28;51.29533;-23.295330047607422
27;42.81021;-15.810211181640625
26;46.310158;-20.310157775878906
25;36.062366;-11.062366485595703
24;37.77931;-13.779308319091797
23;43.350086;-20.350086212158203
22;44.97522;-22.9752197265625
21;36.53357;-15.5335693359375
20;36.191982;-16.19198226928711
19;37.052853;-18.052852630615234
18;41.057896;-23.05789566040039
17;40.832188;-23.83218765258789
16;37.26105;-21.261051177978516
15;40.88795;-25.887950897216797
14;28.492636;-14.492635726928711
13;30.26668;-17.266679763793945
12;34.557728;-22.557727813720703
11;35.25401;-24.254009246826172
10;32.78584;-22.785839080810547
9;31.780706;-22.78070640563965
8;37.86589;-29.865890502929688
7;26.85481;-19.85481071472168
6;34.09504;-28.09503936767578
5;40.85397;-35.85396957397461
4;34.56593;-30.565929412841797
3;45.2104;-42.21039962768555
2;46.1088;-44.10879898071289
1;44.904976;-43.90497589111328
0;45.703423;-45.70342254638672
99;62.768932;36.2310676574707
98;66.554054;31.445945739746094
97;68.01282;28.9871826171875
96;69.38281;26.6171875
95;73.931526;21.06847381591797
94;69.39535;24.604652404785156
93;66.06032;26.939682006835938
92;69.35883;22.64116668701172
91;63.139446;27.860553741455078
90;67.10325;22.896751403808594
89;67.12074;21.879257202148438
88;62.212475;25.787525177001953
87;68.18993;18.81006622314453
86;62.91753;23.082469940185547
85;59.222534;25.7774658203125
84;61.171177;22.82882308959961
83;58.124744;24.875255584716797
82;57.0827;24.917301177978516
81;52.10648;28.89352035522461
80;55.4885;24.51150131225586
79;53.41229;25.587711334228516
78;49.87076;28.12923812866211
77;50.16905;26.830951690673828
76;54.16152;21.838481903076172
75;47.556683;27.443317413330078
74;49.988384;24.011615753173828
73;47.470554;25.52944564819336
72;48.18242;23.817581176757812
71;41.139038;29.8609619140625
70;32.176044;37.82395553588867
69;42.533436;26.466564178466797
68;33.51977;34.480228424072266
67;35.92162;31.078380584716797
66;28.047474;37.9525260925293
65;37.446926;27.55307388305664
64;33.57327;30.42673110961914
63;34.72031;28.27968978881836
62;33.5312;28.468799591064453
61;28.766863;32.233137130737305
60;32.256386;27.743614196777344
59;31.971994;27.028005599975586
58;34.421883;23.57811737060547
57;28.883848;28.116151809692383
56;37.855427;18.144573211669922
55;38.648567;16.35143280029297
54;33.533283;20.466716766357422
53;28.797146;24.20285415649414
52;30.602537;21.397462844848633
51;33.93399;17.066009521484375
50;27.3036;22.696399688720703
49;26.614218;22.38578224182129
48;36.861797;11.138202667236328
47;34.66236;12.337638854980469
46;34.157726;11.842273712158203
45;31.27212;13.727880477905273
44;30.215048;13.784952163696289
43;29.047003;13.952997207641602
42;35.43564;6.564361572265625
41;33.936783;7.0632171630859375
40;37.036346;2.963653564453125
39;35.3009;3.6991004943847656
38;36.524223;1.4757766723632812
37;40.876152;-3.8761520385742188
36;32.894585;3.1054153442382812
35;39.30412;-4.304119110107422
34;37.598515;-3.5985145568847656
33;35.780388;-2.7803878784179688
32;35.423794;-3.4237937927246094
31;37.459866;-6.459865570068359
30;36.690758;-6.690757751464844
29;38.254604;-9.25460433959961
28;34.395298;-6.395298004150391
27;38.70908;-11.70907974243164
26;35.39616;-9.396160125732422
25;31.16483;-6.164829254150391
24;28.765842;-4.765842437744141
23;41.117233;-18.117233276367188
22;37.127853;-15.127853393554688
21;41.271294;-20.27129364013672
20;39.333164;-19.33316421508789
19;36.717358;-17.717357635498047
18;42.52936;-24.529361724853516
17;33.99466;-16.994659423828125
16;31.844988;-15.844987869262695
15;33.652466;-18.6524658203125
14;31.461021;-17.461021423339844
13;32.893982;-19.89398193359375
12;29.75392;-17.75391960144043
11;33.00526;-22.005260467529297
10;29.186419;-19.186418533325195
9;27.522167;-18.522167205810547
8;31.463602;-23.46360206604004
7;29.661026;-22.661026000976562
6;29.603167;-23.603166580200195
5;33.91658;-28.916580200195312
4;27.43549;-23.435489654541016
3;33.43061;-30.43061065673828
2;24.853855;-22.85385513305664
1;31.898504;-30.89850425720215
0;32.793674;-32.79367446899414
99;39.453556;59.546443939208984
98;49.026695;48.973304748535156
97;59.77096;37.22903823852539
96;53.056744;42.94325637817383
95;58.20442;36.79558181762695
94;51.32257;42.67742919921875
93;51.253765;41.74623489379883
92;48.293175;43.706825256347656
91;49.522;41.47800064086914
90;46.06676;43.9332389831543
89;41.807426;47.19257354736328
88;49.125122;38.8748779296875
87;43.17965;43.820350646972656
86;44.7961;41.20389938354492
85;42.160183;42.83981704711914
84;47.252506;36.747493743896484
83;38.950306;44.0496940612793
82;48.229256;33.77074432373047
81;50.24024;30.759761810302734
80;46.03897;33.961029052734375
79;42.719715;36.2802848815918
78;48.223972;29.77602767944336
77;47.948895;29.051105499267578
76;42.903545;33.09645462036133
75;44.4505;30.54949951171875
74;46.149086;27.850914001464844
73;40.705288;32.29471206665039
72;35.05475;36.94525146484375
71;39.73688;31.263118743896484
70;34.15591;35.84408950805664
69;31.252548;37.74745178222656
68;28.694323;39.30567741394043
67;43.513416;23.486583709716797
66;37.79523;28.204769134521484
65;32.049362;32.95063781738281
64;44.48002;19.519981384277344
63;38.73493;24.265071868896484
62;38.238285;23.761714935302734
61;43.556812;17.443187713623047
60;42.92546;17.074539184570312
59;39.291153;19.708847045898438
58;34.88265;23.117351531982422
57;35.9186;21.081401824951172
56;41.37815;14.621849060058594
55;42.2111;12.788898468017578
54;38.795628;15.20437240600586
53;36.8227;16.17729949951172
52;31.346706;20.65329360961914
51;32.915817;18.084182739257812
50;33.6928;16.307201385498047
49;33.19626;15.803741455078125
48;33.857807;14.142192840576172
47;33.722233;13.277767181396484
46;25.890688;20.109312057495117
45;31.502348;13.497652053833008
44;29.39794;14.602060317993164
43;26.50926;16.490739822387695
42;27.616995;14.383005142211914
41;27.305048;13.694952011108398
40;29.17489;10.825109481811523
39;25.923006;13.076993942260742
38;27.251448;10.748552322387695
37;33.852882;3.1471176147460938
36;33.61084;2.38916015625
35;28.016777;6.983222961425781
34;34.804546;-0.8045463562011719
33;26.076729;6.923271179199219
32;28.990313;3.0096874237060547
31;32.00025;-1.0002517700195312
30;26.76521;3.234790802001953
29;32.911255;-3.9112548828125
28;30.138914;-2.138914108276367
27;32.27333;-5.2733306884765625
26;31.725958;-5.725957870483398
25;27.997013;-2.9970130920410156
24;32.708652;-8.70865249633789
23;31.215044;-8.215044021606445
22;37.62761;-15.627609252929688
21;32.61251;-11.612510681152344
20;31.659267;-11.65926742553711
19;29.710863;-10.71086311340332
18;27.379877;-9.379877090454102
17;29.970728;-12.970727920532227
16;30.539526;-14.539525985717773
15;38.411755;-23.411754608154297
14;34.76482;-20.764820098876953
13;33.59543;-20.595428466796875
12;30.931944;-18.931943893432617
11;38.951397;-27.951396942138672
10;40.35687;-30.356868743896484
9;29.396803;-20.39680290222168
8;34.705154;-26.705154418945312
7;29.163414;-22.163414001464844
6;29.016926;-23.016925811767578
5;33.630695;-28.630695343017578
4;29.91769;-25.91769027709961
3;30.252092;-27.252092361450195
2;26.093199;-24.093198776245117
1;30.687426;-29.68742561340332
0;37.325962;-37.32596206665039
99;46.79286;52.2071418762207
98;54.494446;43.50555419921875
97;76.612885;20.387115478515625
96;67.642715;28.357284545898438
95;82.28946;12.710540771484375
94;68.48058;25.51941680908203
93;64.80091;28.19908905029297
92;79.50999;12.490013122558594
91;98.253944;-7.253944396972656
90;65.889946;24.11005401611328
89;68.189766;20.81023406982422
88;51.226154;36.77384567260742
87;90.66004;-3.6600418090820312
86;99.86272;-13.862716674804688
85;85.76473;-0.7647323608398438
84;53.966297;30.033702850341797
83;56.944202;26.055797576904297
82;77.29277;4.7072296142578125
81;74.96105;6.038948059082031
80;62.188004;17.811996459960938
79;55.943703;23.056297302246094
78;58.20781;19.792190551757812
77;58.63103;18.368968963623047
76;49.965233;26.034767150878906
75;57.463036;17.536964416503906
74;67.86736;6.132637023925781
73;54.246456;18.753543853759766
72;54.278217;17.721782684326172
71;35.668114;35.331886291503906
70;31.562899;38.43710136413574
69;44.257935;24.7420654296875
68;49.779797;18.220203399658203
67;54.15702;12.842979431152344
66;50.575203;15.424797058105469
65;76.13391;-11.1339111328125
64;62.753765;1.2462348937988281
63;51.00118;11.998821258544922
62;41.593765;20.406234741210938
61;41.172474;19.827526092529297
60;48.42158;11.578418731689453
59;42.73732;16.262680053710938
58;61.749767;-3.749767303466797
57;63.885464;-6.885463714599609
56;41.077293;14.922706604003906
55;52.68542;2.3145790100097656
54;45.182438;8.817562103271484
53;47.952732;5.047267913818359
52;48.190075;3.809925079345703
51;51.991795;-0.9917945861816406
50;55.122555;-5.122554779052734
49;56.45509;-7.455089569091797
48;42.098175;5.901824951171875
47;52.54638;-5.546379089355469
46;56.914593;-10.914592742919922
45;33.023735;11.976264953613281
44;35.426594;8.573406219482422
43;39.887897;3.112102508544922
42;57.906837;-15.906837463378906
41;40.129093;0.8709068298339844
40;42.640995;-2.6409950256347656
39;53.766586;-14.766586303710938
38;56.189175;-18.18917465209961
37;44.99714;-7.997138977050781
36;53.620884;-17.62088394165039
35;98.90327;-63.90326690673828
34;65.02837;-31.02837371826172
33;73.57984;-40.57984161376953
32;54.1005;-22.10049819946289
31;47.058315;-16.05831527709961
30;42.628784;-12.6287841796875
29;53.256996;-24.256996154785156
28;35.331665;-7.3316650390625
27;40.711727;-13.711727142333984
26;42.2557;-16.255699157714844
25;43.110134;-18.11013412475586
24;38.728474;-14.728473663330078
23;30.479279;-7.479278564453125
22;35.488277;-13.488277435302734
21;33.04305;-12.043048858642578
20;30.854017;-10.85401725769043
19;33.97639;-14.976390838623047
18;31.680058;-13.680057525634766
17;32.83793;-15.837928771972656
16;46.623325;-30.62332534790039
15;31.438625;-16.43862533569336
14;35.236477;-21.23647689819336
13;35.032642;-22.032642364501953
12;33.835476;-21.83547592163086
11;32.365463;-21.365463256835938
10;31.628157;-21.628156661987305
9;34.41769;-25.41769027709961
8;32.317917;-24.317916870117188
7;28.795185;-21.795185089111328
6;35.781624;-29.78162384033203
5;35.366234;-30.366233825683594
4;35.83113;-31.831130981445312
3;33.69957;-30.699569702148438
2;29.06993;-27.069929122924805
1;32.828407;-31.828407287597656
0;27.974356;-27.974355697631836
72;41.51454;30.485458374023438
71;35.58047;35.41952896118164
70;52.966927;17.03307342529297
69;76.12473;-7.124732971191406
68;57.393486;10.606513977050781
67;55.049118;11.950881958007812
66;61.070084;4.9299163818359375
65;57.5283;7.471698760986328
64;64.44243;-0.4424285888671875
63;60.669018;2.330982208251953
62;52.622337;9.377662658691406
61;51.938572;9.06142807006836
60;52.15923;7.840770721435547
59;52.490826;6.509174346923828
58;52.51681;5.483188629150391
57;51.769535;5.230464935302734
56;51.8971;4.102901458740234
55;50.849712;4.150287628173828
54;50.83588;3.1641197204589844
53;56.3117;-3.3116989135742188
52;53.445187;-1.4451866149902344
51;55.433346;-4.433345794677734
50;47.194164;2.805835723876953
49;51.975758;-2.975757598876953
48;50.106636;-2.1066360473632812
47;35.769665;11.230335235595703
46;46.83768;-0.8376808166503906
45;40.08894;4.911060333251953
44;24.923262;19.076738357543945
43;26.15422;16.845779418945312
42;24.426268;17.573732376098633
41;26.352888;14.647111892700195
40;24.768938;15.231061935424805
39;25.37773;13.622270584106445
38;24.953238;13.046762466430664
37;24.988543;12.011457443237305
36;25.91532;10.084680557250977
35;22.706133;12.293867111206055
34;24.965384;9.034616470336914
33;24.33922;8.66077995300293
32;29.954725;2.0452747344970703
31;24.981005;6.01899528503418
30;24.202356;5.797643661499023
29;27.206514;1.7934856414794922
28;23.865835;4.134164810180664
27;22.654455;4.345544815063477
26;23.93445;2.065549850463867
25;22.15251;2.8474903106689453
24;23.236773;0.7632274627685547
23;24.8356;-1.8355998992919922
22;23.807959;-1.8079586029052734
21;23.805017;-2.8050174713134766
20;24.719873;-4.719873428344727
19;23.488466;-4.488466262817383
18;30.039171;-12.03917121887207
17;23.787535;-6.787534713745117
16;28.316954;-12.316953659057617
15;25.40019;-10.400190353393555
14;29.441;-15.440999984741211
13;26.330084;-13.330083847045898
12;24.60214;-12.602140426635742
11;25.876356;-14.87635612487793
10;33.169285;-23.16928482055664
9;31.348524;-22.34852409362793
8;17.88936;-9.889360427856445
7;26.773436;-19.773435592651367
6;29.714079;-23.714078903198242
5;21.864447;-16.86444664001465
4;27.914228;-23.914228439331055
3;25.538008;-22.538007736206055
2;23.794085;-21.794084548950195
1;30.069494;-29.069494247436523
0;24.27979;-24.2797908782959
79;46.70576;32.29423904418945
78;42.983917;35.016082763671875
77;45.042027;31.95797348022461
76;47.73208;28.267921447753906
75;44.79204;30.207958221435547
74;44.63182;29.368179321289062
73;41.012024;31.98797607421875
72;42.964176;29.035823822021484
71;38.001347;32.998653411865234
70;43.83532;26.16468048095703
69;43.255398;25.74460220336914
68;38.761364;29.238636016845703
67;42.285114;24.714885711669922
66;44.093197;21.906803131103516
65;40.808952;24.19104766845703
64;44.921627;19.078372955322266
63;45.64474;17.35525894165039
62;44.907715;17.09228515625
61;44.398098;16.60190200805664
60;43.956264;16.04373550415039
59;42.363796;16.63620376586914
58;43.75648;14.243518829345703
57;41.815765;15.184234619140625
56;36.831474;19.16852569580078
55;44.703545;10.296455383300781
54;40.738873;13.261127471923828
53;36.547848;16.452152252197266
52;40.30982;11.690181732177734
51;43.370655;7.629344940185547
50;33.656876;16.343124389648438
49;37.620052;11.379947662353516
48;40.083107;7.916893005371094
47;37.86771;9.13228988647461
46;44.07097;1.9290313720703125
45;33.396572;11.60342788696289
44;34.616238;9.38376235961914
43;35.492725;7.507274627685547
42;36.552807;5.447193145751953
41;37.873966;3.1260337829589844
40;43.441105;-3.4411048889160156
39;43.96877;-4.968769073486328
38;40.259907;-2.259906768798828
37;41.735073;-4.735073089599609
36;38.69808;-2.698078155517578
35;31.425003;3.5749969482421875
34;36.97958;-2.9795799255371094
33;33.634087;-0.6340866088867188
32;37.535744;-5.535743713378906
31;35.10105;-4.101051330566406
30;37.73599;-7.735988616943359
29;30.906752;-1.9067516326904297
28;35.602886;-7.602886199951172
27;32.626427;-5.626426696777344
26;36.31706;-10.317058563232422
25;32.07227;-7.072269439697266
24;29.677258;-5.677257537841797
23;37.353043;-14.353042602539062
22;34.508923;-12.508922576904297
21;31.994078;-10.994077682495117
20;28.72343;-8.723430633544922
19;32.333817;-13.333816528320312
18;35.31636;-17.316360473632812
17;35.003242;-18.00324249267578
16;32.082367;-16.082366943359375
15;35.983906;-20.983905792236328
14;34.709988;-20.70998764038086
13;30.992422;-17.992422103881836
12;34.916695;-22.91669464111328
11;32.585716;-21.585716247558594
10;41.14853;-31.148529052734375
9;28.591494;-19.591493606567383
8;29.780638;-21.780637741088867
7;29.406347;-22.406347274780273
6;30.583132;-24.583131790161133
5;33.12853;-28.128528594970703
4;44.002445;-40.002445220947266
3;31.769426;-28.769426345825195
2;33.11925;-31.119251251220703
1;35.824387;-34.82438659667969
0;35.175056;-35.17505645751953
99;42.736397;56.26360321044922
98;52.772217;45.227783203125
97;56.011955;40.98804473876953
96;54.483025;41.51697540283203
95;55.869358;39.13064193725586
94;56.657005;37.342994689941406
93;59.309334;33.69066619873047
92;59.664867;32.33513259887695
91;51.128513;39.87148666381836
90;59.330875;30.669124603271484
89;57.65361;31.346389770507812
88;57.694145;30.30585479736328
87;55.465797;31.534202575683594
86;55.550205;30.44979476928711
85;53.291;31.708999633789062
84;54.771717;29.228282928466797
83;52.96317;30.03683090209961
82;50.427574;31.572425842285156
81;45.013985;35.98601531982422
80;45.099735;34.900264739990234
79;45.646286;33.35371398925781
78;46.074574;31.925426483154297
77;47.659607;29.34039306640625
76;46.548824;29.451175689697266
75;42.697136;32.30286407470703
74;41.930763;32.069236755371094
73;40.103775;32.89622497558594
72;43.209698;28.790302276611328
71;42.319405;28.68059539794922
70;30.730612;39.26938819885254
69;29.104502;39.895498275756836
68;37.121418;30.878582000732422
67;27.786432;39.21356773376465
66;30.416294;35.58370590209961
65;31.660212;33.33978843688965
64;29.06845;34.931549072265625
63;32.14138;30.858619689941406
62;35.075756;26.924243927001953
61;30.719763;30.280237197875977
60;25.285463;34.71453666687012
59;27.964624;31.035375595092773
58;25.790083;32.209917068481445
57;31.29519;25.704809188842773
56;26.44303;29.556970596313477
55;32.151287;22.848712921142578
54;32.00228;21.997718811035156
53;31.864223;21.13577651977539
52;33.229977;18.770023345947266
51;33.262302;17.73769760131836
50;31.585161;18.414838790893555
49;30.33189;18.668109893798828
48;31.505892;16.494108200073242
47;27.70259;19.297409057617188
46;31.57114;14.42885971069336
45;30.628931;14.371068954467773
44;28.316076;15.683923721313477
43;33.68858;9.311420440673828
42;30.896494;11.103506088256836
41;27.438326;13.561674118041992
40;27.298155;12.701845169067383
39;26.339247;12.66075325012207
38;24.887127;13.112873077392578
37;28.711132;8.288867950439453
36;22.424885;13.575115203857422
35;26.953957;8.046043395996094
34;28.696293;5.303707122802734
33;26.992811;6.00718879699707
32;25.81836;6.181640625
31;22.498772;8.501228332519531
30;29.944387;0.05561256408691406
29;30.582067;-1.5820674896240234
28;28.751432;-0.7514324188232422
27;30.202873;-3.2028732299804688
26;28.124197;-2.124197006225586
25;26.800161;-1.800161361694336
24;27.139252;-3.139251708984375
23;29.899137;-6.899137496948242
22;28.204714;-6.204713821411133
21;38.07062;-17.070621490478516
20;27.662058;-7.662057876586914
19;21.70866;-2.708660125732422
18;28.610863;-10.610862731933594
17;25.53162;-8.531620025634766
16;22.060095;-6.060094833374023
15;31.009542;-16.00954246520996
14;28.650717;-14.650716781616211
13;27.447474;-14.447473526000977
12;33.305172;-21.305171966552734
11;32.280018;-21.280017852783203
10;31.305124;-21.305124282836914
9;29.880838;-20.88083839416504
8;29.293642;-21.293642044067383
7;36.6805;-29.680500030517578
6;27.59147;-21.59147071838379
5;29.961094;-24.96109390258789
4;35.53477;-31.534770965576172
3;31.179472;-28.179471969604492
2;32.513493;-30.513492584228516
1;27.289577;-26.28957748413086
0;25.730555;-25.730554580688477
99;34.11213;64.88787078857422
98;53.80176;44.198238372802734
97;60.983696;36.01630401611328
96;67.37249;28.62751007080078
95;59.127903;35.87209701538086
94;66.88453;27.11547088623047
93;63.951923;29.048076629638672
92;58.738922;33.261077880859375
91;60.123825;30.876174926757812
90;68.67469;21.32530975341797
89;70.42925;18.57074737548828
88;62.291027;25.708972930908203
87;99.73881;-12.738807678222656
86;60.84582;25.154178619384766
85;57.72589;27.27410888671875
84;65.36242;18.63758087158203
83;90.18574;-7.185737609863281
82;98.15708;-16.157081604003906
81;54.065453;26.934547424316406
80;76.88199;3.118011474609375
79;62.88238;16.117618560791016
78;59.21221;18.78778839111328
77;69.81045;7.189552307128906
76;75.06277;0.9372329711914062
75;71.022606;3.9773941040039062
74;44.47442;29.52558135986328
73;257.5465;-184.5465087890625
72;203.79494;-131.79493713378906
71;218.45;-147.4499969482422
70;60.9771;9.022899627685547
69;236.31645;-167.3164520263672
68;49.08431;18.915691375732422
67;43.57827;23.421730041503906
66;96.99376;-30.993759155273438
65;148.90334;-83.90333557128906
64;240.5718;-176.57179260253906
63;82.59071;-19.590713500976562
62;32.333885;29.666114807128906
61;60.354656;0.6453437805175781
60;56.459133;3.5408668518066406
59;136.98134;-77.98133850097656
58;103.2294;-45.229400634765625
57;42.38241;14.617591857910156
56;49.80823;6.191768646240234
55;167.55891;-112.55891418457031
54;117.82226;-63.82225799560547
53;127.49164;-74.49163818359375
52;198.87895;-146.8789520263672
51;190.86366;-139.86366271972656
50;131.17703;-81.17703247070312
49;102.00446;-53.00446319580078
48;120.76881;-72.76880645751953
47;127.9239;-80.92389678955078
46;190.942;-144.94200134277344
45;147.2837;-102.28370666503906
44;94.21207;-50.212066650390625
43;103.33077;-60.330772399902344
42;77.57435;-35.57434844970703
41;161.41222;-120.41221618652344
40;102.01299;-62.01299285888672
39;173.71059;-134.71058654785156
38;52.618206;-14.618206024169922
37;68.33561;-31.335609436035156
36;68.71452;-32.71452331542969
35;40.203854;-5.203853607177734
34;40.27753;-6.277530670166016
33;26.636236;6.363763809204102
32;23.738298;8.261701583862305
31;28.599352;2.4006481170654297
30;24.29033;5.70966911315918
29;31.574617;-2.574617385864258
28;33.94347;-5.943470001220703
27;32.87527;-5.875270843505859
26;34.73244;-8.732440948486328
25;32.919075;-7.919075012207031
24;34.09989;-10.099891662597656
23;29.456656;-6.456655502319336
22;41.443882;-19.44388198852539
21;30.932192;-9.932191848754883
20;43.520428;-23.520427703857422
19;65.27561;-46.275611877441406
18;46.767273;-28.76727294921875
17;42.362835;-25.362834930419922
16;38.432396;-22.432395935058594
15;42.73491;-27.734909057617188
14;38.785564;-24.785564422607422
13;39.20621;-26.20621109008789
12;36.81039;-24.81039047241211
11;26.40087;-15.400869369506836
10;35.630215;-25.63021469116211
9;25.440159;-16.44015884399414
8;30.96984;-22.969839096069336
7;41.59501;-34.595008850097656
6;41.27352;-35.273521423339844
5;62.310608;-57.31060791015625
4;33.387222;-29.387222290039062
3;100.07258;-97.07257843017578
2;68.921814;-66.92181396484375
1;60.05668;-59.056678771972656
0;60.38314;-60.383140563964844
99;127.33439;-28.334388732910156
98;124.83298;-26.832977294921875
97;99.902336;-2.9023361206054688
96;108.99163;-12.991630554199219
95;97.44695;-2.4469528198242188
94;122.89805;-28.898048400878906
93;104.121284;-11.121284484863281
92;130.90465;-38.90464782714844
91;133.63264;-42.63264465332031
90;91.27677;-1.2767715454101562
89;106.14306;-17.14305877685547
88;126.033104;-38.033103942871094
87;96.34229;-9.342292785644531
86;92.58016;-6.580162048339844
85;72.538025;12.46197509765625
84;86.20476;-2.2047576904296875
83;95.942314;-12.942314147949219
82;103.72481;-21.724807739257812
81;89.53593;-8.535926818847656
80;96.77459;-16.77458953857422
79;73.172966;5.827033996582031
78;71.59497;6.405029296875
77;64.66967;12.330329895019531
76;70.77211;5.2278900146484375
75;61.15692;13.84307861328125
74;75.10737;-1.1073684692382812
73;54.285103;18.71489715576172
72;70.27744;1.7225570678710938
71;59.22978;11.770221710205078
70;41.98067;28.019329071044922
69;42.65173;26.348270416259766
68;42.985256;25.01474380493164
67;32.727543;34.272457122802734
66;32.720222;33.27977752685547
65;45.032894;19.967105865478516
64;41.814686;22.185314178466797
63;81.545456;-18.545455932617188
62;44.492485;17.50751495361328
61;65.6668;-4.666801452636719
60;41.67565;18.32434844970703
59;43.115566;15.88443374633789
58;45.988598;12.011402130126953
57;45.74025;11.259750366210938
56;52.161663;3.838336944580078
55;40.25488;14.745121002197266
54;48.134712;5.865287780761719
53;33.18242;19.817581176757812
52;39.547726;12.452274322509766
51;49.820408;1.1795921325683594
50;45.58165;4.4183502197265625
49;47.253525;1.7464752197265625
48;51.61333;-3.613330841064453
47;62.589188;-15.589187622070312
46;62.891624;-16.891624450683594
45;48.514526;-3.5145263671875
44;38.37298;5.627021789550781
43;44.771503;-1.7715034484863281
42;53.940548;-11.940547943115234
41;53.861416;-12.86141586303711
40;39.592747;0.4072532653808594
39;50.378433;-11.378433227539062
38;30.47867;7.521329879760742
37;44.40707;-7.407070159912109
36;29.793856;6.206144332885742
35;39.991177;-4.991176605224609
34;41.843304;-7.843303680419922
33;33.42603;-0.4260292053222656
32;40.197826;-8.197826385498047
31;30.272226;0.7277736663818359
30;31.010073;-1.0100727081298828
29;39.0588;-10.058799743652344
28;39.246758;-11.246757507324219
27;46.86794;-19.867938995361328
26;42.16736;-16.1673583984375
25;52.44876;-27.448760986328125
24;55.62988;-31.629878997802734
23;52.13631;-29.136310577392578
22;43.90362;-21.903621673583984
21;47.92374;-26.92374038696289
20;52.130653;-32.130653381347656
19;54.829403;-35.829402923583984
18;49.43573;-31.43572998046875
17;43.687695;-26.687694549560547
16;47.00194;-31.001941680908203
15;40.765865;-25.765865325927734
14;44.801907;-30.80190658569336
13;38.16264;-25.162639617919922
12;57.473335;-45.47333526611328
11;36.605267;-25.605266571044922
10;45.548275;-35.548274993896484
9;36.178585;-27.178585052490234
8;35.948635;-27.94863510131836
7;43.643284;-36.64328384399414
6;44.360363;-38.3603630065918
5;38.00094;-33.000938415527344
4;48.11514;-44.11513900756836
3;40.107967;-37.107967376708984
2;44.18242;-42.18241882324219
1;61.213085;-60.21308517456055
0;46.749622;-46.7496223449707
90;49.852207;40.14779281616211
89;61.364445;27.635555267333984
88;67.55766;20.442337036132812
87;67.40202;19.597976684570312
86;77.389694;8.610305786132812
85;76.08912;8.910881042480469
84;68.43546;15.564537048339844
83;65.8767;17.12329864501953
82;72.91892;9.081077575683594
81;70.866234;10.133766174316406
80;66.76636;13.233642578125
79;66.00648;12.993522644042969
78;75.72855;2.2714462280273438
77;66.00872;10.991279602050781
76;65.89915;10.100852966308594
75;59.11284;15.887161254882812
74;64.52878;9.471221923828125
73;61.611687;11.388313293457031
72;71.12241;0.8775863647460938
71;66.01685;4.983146667480469
70;66.74455;3.2554473876953125
69;70.39406;-1.3940582275390625
68;72.595665;-4.595664978027344
67;67.981064;-0.9810638427734375
66;64.34072;1.6592788696289062
65;56.02172;8.978279113769531
64;55.91353;8.086471557617188
63;47.268497;15.731502532958984
62;42.087505;19.912494659423828
61;36.096798;24.903202056884766
60;34.85361;25.14638900756836
59;32.00396;26.99604034423828
58;27.741243;30.258756637573242
57;38.147636;18.85236358642578
56;26.772333;29.2276668548584
55;39.70161;15.298389434814453
54;36.097866;17.90213394165039
53;38.51895;14.481048583984375
52;36.328663;15.671337127685547
51;38.575413;12.42458724975586
50;32.26407;17.735931396484375
49;29.893528;19.10647201538086
48;27.90796;20.092039108276367
47;29.0128;17.987199783325195
46;27.770935;18.22906494140625
45;33.127872;11.872127532958984
44;27.794567;16.205432891845703
43;31.489315;11.510684967041016
42;28.286074;13.713926315307617
41;26.95894;14.041059494018555
40;25.564346;14.435653686523438
39;30.345741;8.654258728027344
38;37.35381;0.6461906433105469
37;31.354155;5.645845413208008
36;33.270973;2.7290267944335938
35;40.538425;-5.538425445556641
34;28.353514;5.646486282348633
33;39.273045;-6.273044586181641
32;27.051558;4.948442459106445
31;36.53678;-5.536781311035156
30;40.10383;-10.103828430175781
29;34.060543;-5.060543060302734
28;36.784603;-8.784603118896484
27;34.060383;-7.060382843017578
26;29.401857;-3.401857376098633
25;46.682846;-21.682846069335938
24;30.387426;-6.387426376342773
23;39.079994;-16.079994201660156
22;39.09506;-17.09505844116211
21;32.194782;-11.194782257080078
20;32.739918;-12.739917755126953
19;37.70994;-18.709941864013672
18;28.894003;-10.894002914428711
17;27.292158;-10.292158126831055
16;31.095816;-15.095815658569336
15;31.21517;-16.21516990661621
14;29.846273;-15.846273422241211
13;31.873995;-18.873994827270508
12;27.400084;-15.400083541870117
11;28.926725;-17.926725387573242
10;32.060184;-22.060184478759766
9;25.987768;-16.987768173217773
8;27.069212;-19.069211959838867
7;29.065321;-22.06532096862793
6;42.81047;-36.81047058105469
5;24.116076;-19.11607551574707
4;31.64768;-27.647680282592773
3;26.551199;-23.551198959350586
2;26.54783;-24.54783058166504
1;23.320044;-22.320043563842773
0;20.447897;-20.44789695739746
34;46.047253;-12.047252655029297
33;46.159836;-13.159835815429688
32;50.896027;-18.896026611328125
31;47.81483;-16.814830780029297
30;50.204;-20.203998565673828
29;48.595554;-19.59555435180664
28;44.755795;-16.755794525146484
27;37.956203;-10.95620346069336
26;43.66692;-17.666919708251953
25;45.86394;-20.863941192626953
24;41.193134;-17.193134307861328
23;40.784863;-17.784862518310547
22;33.294052;-11.294052124023438
21;40.484085;-19.484085083007812
20;34.573025;-14.57302474975586
19;31.977133;-12.977132797241211
18;32.12401;-14.124008178710938
17;29.014368;-12.014368057250977
16;26.6361;-10.636100769042969
15;20.65707;-5.657070159912109
14;24.042068;-10.042068481445312
13;14.50664;-1.5066404342651367
12;13.282058;-1.282057762145996
11;16.289503;-5.28950309753418
10;16.117636;-6.117635726928711
9;12.149774;-3.149773597717285
8;8.971744;-0.9717435836791992
7;13.593038;-6.5930376052856445
6;14.945233;-8.945233345031738
5;11.541108;-6.541108131408691
4;10.470433;-6.470433235168457
3;10.607137;-7.6071367263793945
2;12.804423;-10.804423332214355
1;10.598306;-9.598305702209473
0;9.080821;-9.08082103729248
63;25.632437;37.367563247680664
62;45.430847;16.56915283203125
61;53.133297;7.866703033447266
60;56.215466;3.784534454345703
59;62.837055;-3.837055206298828
58;58.394688;-0.3946876525878906
57;63.115704;-6.115703582763672
56;58.24033;-2.2403297424316406
55;62.142933;-7.142932891845703
54;61.54809;-7.548091888427734
53;53.176586;-0.17658615112304688
52;57.871235;-5.871234893798828
51;58.64432;-7.644321441650391
50;55.615902;-5.615901947021484
49;50.519787;-1.5197868347167969
48;52.2265;-4.22650146484375
47;56.739063;-9.739063262939453
46;52.83082;-6.830818176269531
45;51.76083;-6.760829925537109
44;49.597233;-5.597232818603516
43;52.01524;-9.015239715576172
42;47.199738;-5.199737548828125
41;48.241524;-7.241523742675781
40;53.838703;-13.838703155517578
39;46.413372;-7.413372039794922
38;47.494236;-9.49423599243164
37;49.2924;-12.292400360107422
36;44.850567;-8.850566864013672
35;37.760757;-2.7607574462890625
34;42.514225;-8.514225006103516
33;42.693638;-9.69363784790039
32;43.094723;-11.094722747802734
31;43.932095;-12.93209457397461
30;40.432438;-10.432437896728516
29;43.466072;-14.466072082519531
28;41.475754;-13.475753784179688
27;36.283978;-9.283977508544922
26;32.75377;-6.7537689208984375
25;34.597477;-9.597476959228516
24;34.09463;-10.09463119506836
23;28.91937;-5.919370651245117
22;35.48119;-13.481189727783203
21;29.181967;-8.181966781616211
20;29.629152;-9.629152297973633
19;31.161121;-12.161121368408203
18;18.69892;-0.6989192962646484
17;15.537543;1.4624567031860352
16;19.491758;-3.491758346557617
15;10.714452;4.285548210144043
14;12.237496;1.7625036239624023
13;12.56458;0.43542003631591797
12;9.203885;2.796114921569824
11;10.638167;0.3618326187133789
10;9.900491;0.09950923919677734
9;8.3838415;0.6161584854125977
8;6.7278953;1.2721047401428223
7;7.128473;-0.12847280502319336
6;8.754634;-2.754633903503418
5;7.206611;-2.206611156463623
4;6.92703;-2.927030086517334
3;5.6434855;-2.6434855461120605
2;5.330812;-3.3308119773864746
1;7.888496;-6.888495922088623
0;6.6230006;-6.623000621795654
63;11.839383;51.160616874694824
62;39.67772;22.322280883789062
61;41.861683;19.138317108154297
60;53.63573;6.364269256591797
59;54.94149;4.058509826660156
58;53.413628;4.586372375488281
57;54.83337;2.1666297912597656
56;55.959587;0.04041290283203125
55;58.43124;-3.4312400817871094
54;48.64946;5.3505401611328125
53;49.843937;3.1560630798339844
52;44.64404;7.355960845947266
51;47.07432;3.925678253173828
50;48.72153;1.2784690856933594
49;51.330326;-2.3303260803222656
48;45.360073;2.6399269104003906
47;47.575375;-0.5753746032714844
46;46.782818;-0.7828178405761719
45;46.128918;-1.1289176940917969
44;37.953747;6.046253204345703
43;46.97543;-3.9754295349121094
42;43.93074;-1.9307403564453125
41;41.902782;-0.9027824401855469
40;43.028023;-3.0280227661132812
39;42.438023;-3.4380226135253906
38;42.326805;-4.326805114746094
37;44.625492;-7.625492095947266
36;41.17709;-5.177089691162109
35;36.216846;-1.2168464660644531
34;35.213535;-1.2135353088378906
33;30.37764;2.6223602294921875
32;35.59339;-3.5933914184570312
31;34.019806;-3.019805908203125
30;39.140278;-9.140277862548828
29;40.430775;-11.430774688720703
28;31.068094;-3.068094253540039
27;27.80298;-0.8029804229736328
26;32.76081;-6.760810852050781
25;29.947199;-4.947198867797852
24;25.732786;-1.7327861785888672
23;28.077215;-5.077215194702148
22;22.197725;-0.1977252960205078
21;17.110367;3.8896331787109375
20;16.152506;3.847494125366211
19;21.625925;-2.625925064086914
18;12.977254;5.0227460861206055
17;11.469087;5.530913352966309
16;12.60159;3.398409843444824
15;8.657971;6.342028617858887
14;8.432036;5.567963600158691
13;11.613355;1.3866453170776367
12;6.5229545;5.47704553604126
11;8.343682;2.656317710876465
10;5.3054976;4.694502353668213
9;4.8170753;4.182924747467041
8;4.250232;3.749767780303955
7;5.1664367;1.8335633277893066
6;1.5765814;4.423418641090393
5;4.0749984;0.9250016212463379
4;6.012964;-2.0129637718200684
3;4.742498;-1.7424979209899902
2;4.136316;-2.1363158226013184
1;3.0266395;-2.026639461517334
0;9.509381;-9.509381294250488
63;10.995929;52.00407123565674
62;30.358675;31.641324996948242
61;58.845516;2.1544837951660156
60;57.667282;2.3327178955078125
59;65.37685;-6.3768463134765625
58;66.13643;-8.136428833007812
57;50.508713;6.4912872314453125
56;53.4904;2.509601593017578
55;60.71904;-5.7190399169921875
54;59.68954;-5.689540863037109
53;51.15949;1.8405113220214844
52;59.207104;-7.207103729248047
51;51.573215;-0.5732154846191406
50;58.630306;-8.630306243896484
49;58.89578;-9.89577865600586
48;45.69777;2.3022308349609375
47;46.948383;0.051616668701171875
46;49.235485;-3.235485076904297
45;51.22518;-6.225181579589844
44;43.401466;0.5985336303710938
43;49.368694;-6.368694305419922
42;46.924564;-4.924564361572266
41;44.94599;-3.9459915161132812
40;51.88242;-11.88241958618164
39;61.773903;-22.773902893066406
38;53.848507;-15.848506927490234
37;60.97575;-23.975749969482422
36;56.306667;-20.30666732788086
35;45.20739;-10.207389831542969
34;244.37184;-210.37184143066406
33;121.81548;-88.81548309326172
32;223.42276;-191.42276000976562
31;101.44567;-70.44567108154297
30;96.689026;-66.68902587890625
29;40.537525;-11.537525177001953
28;199.0393;-171.039306640625
27;44.923656;-17.923656463623047
26;28.403494;-2.403493881225586
25;57.317585;-32.31758499145508
24;35.092384;-11.092384338378906
23;96.483955;-73.48395538330078
22;168.28618;-146.2861785888672
21;83.13295;-62.13294982910156
20;116.809204;-96.8092041015625
19;48.13294;-29.132938385009766
18;74.635376;-56.6353759765625
17;105.53618;-88.53617858886719
16;87.36961;-71.36961364746094
15;49.97251;-34.972511291503906
14;93.21547;-79.21546936035156
13;51.88696;-38.886959075927734
12;167.37212;-155.3721160888672
11;17.632841;-6.632841110229492
10;146.67915;-136.6791534423828
9;57.65938;-48.65938186645508
8;18.380083;-10.380083084106445
7;140.06833;-133.06832885742188
6;117.876785;-111.87678527832031
5;46.99282;-41.992820739746094
4;120.554146;-116.55414581298828
3;153.3915;-150.39149475097656
2;111.48592;-109.48592376708984
1;223.78569;-222.7856903076172
0;209.8419;-209.84190368652344
243;283.34753;-40.3475341796875
242;229.96419;12.035812377929688
241;130.13359;110.86640930175781
240;182.16579;57.83421325683594
239;75.37026;163.6297378540039
238;233.98386;4.016143798828125
237;103.193565;133.80643463134766
236;128.1862;107.81379699707031
235;126.39531;108.60469055175781
234;111.041664;122.95833587646484
233;95.80186;137.1981430053711
232;166.8899;65.110107421875
231;91.0199;139.9801025390625
230;123.0776;106.92240142822266
229;196.56679;32.43321228027344
228;109.55507;118.44493103027344
227;139.0071;87.99290466308594
226;113.094734;112.90526580810547
225;82.01875;142.9812469482422
224;100.138954;123.86104583740234
223;108.64294;114.35706329345703
222;89.62249;132.37751007080078
221;62.224873;158.77512741088867
220;135.23067;84.76933288574219
219;111.41118;107.58882141113281
218;91.73744;126.26255798339844
217;84.04097;132.9590301513672
216;80.003075;135.9969253540039
215;88.09605;126.9039535522461
214;150.42952;63.57048034667969
213;83.805115;129.19488525390625
212;186.17;25.830001831054688
211;58.053448;152.94655227661133
210;74.213234;135.7867660522461
209;126.41834;82.58165740966797
208;101.57413;106.42587280273438
207;50.697727;156.30227279663086
206;101.59381;104.40618896484375
205;132.76521;72.23478698730469
204;101.52409;102.47590637207031
203;59.747005;143.25299453735352
202;109.021614;92.97838592529297
201;60.590473;140.40952682495117
200;72.24928;127.75071716308594
199;71.940155;127.05984497070312
198;51.451176;146.54882431030273
197;56.114864;140.88513565063477
196;46.40965;149.59035110473633
195;96.83114;98.16886138916016
194;54.112453;139.88754653930664
193;83.617905;109.38209533691406
192;115.828255;76.17174530029297
191;174.74355;16.256454467773438
190;129.03369;60.96630859375
189;76.872536;112.1274642944336
188;132.46428;55.53572082519531
187;179.09636;7.9036407470703125
186;171.03072;14.969284057617188
185;111.98006;73.01994323730469
184;168.93976;15.06024169921875
183;175.214;7.7859954833984375
182;154.09413;27.905868530273438
181;124.29192;56.70807647705078
180;195.22552;-15.22552490234375
179;216.92055;-37.92054748535156
178;186.8596;-8.859603881835938
177;151.4333;25.566696166992188
176;178.43355;-2.4335479736328125
175;159.76573;15.234268188476562
174;145.59532;28.404678344726562
173;164.62677;8.37322998046875
172;174.32303;-2.323028564453125
171;106.83677;64.1632308959961
170;157.68874;12.311264038085938
169;138.31001;30.689987182617188
168;146.27611;21.723892211914062
167;49.795162;117.20483779907227
166;97.87095;68.1290512084961
165;20.120062;144.87993812561035
164;105.229195;58.77080535888672
163;120.906235;42.09376525878906
162;137.22972;24.770278930664062
161;118.789314;42.21068572998047
160;90.735054;69.26494598388672
159;149.68532;9.314682006835938
158;145.05649;12.943511962890625
157;151.88106;5.1189422607421875
156;66.67389;89.32611083984375
155;167.56866;-12.56866455078125
154;144.68628;9.313720703125
153;112.32244;40.67755889892578
152;134.34451;17.655487060546875
151;135.77402;15.225982666015625
150;86.53726;63.462738037109375
149;86.36273;62.63726806640625
148;62.289997;85.71000289916992
147;77.407486;69.59251403808594
146;121.667854;24.33214569091797
145;96.81479;48.185211181640625
144;124.45691;19.5430908203125
143;116.925316;26.074684143066406
142;101.02354;40.976463317871094
141;126.379425;14.620574951171875
140;130.49081;9.509185791015625
139;109.56934;29.43065643310547
138;123.21242;14.787582397460938
137;112.78848;24.211517333984375
136;138.23561;-2.2356109619140625
135;127.95035;7.049652099609375
134;137.52504;-3.5250396728515625
133;110.36186;22.638137817382812
132;121.618965;10.381034851074219
131;98.75072;32.24928283691406
130;128.54059;1.45941162109375
129;105.99215;23.007850646972656
128;123.92554;4.074462890625
127;116.56852;10.431480407714844
126;116.15482;9.845176696777344
125;91.95165;33.04834747314453
124;112.66811;11.331886291503906
123;54.375202;68.62479782104492
122;115.0494;6.950599670410156
121;120.775665;0.224334716796875
120;96.28771;23.71228790283203
119;117.67042;1.3295822143554688
118;86.70602;31.293983459472656
117;93.075554;23.92444610595703
116;106.06682;9.933181762695312
115;101.36474;13.635261535644531
114;78.28366;35.716339111328125
113;106.94731;6.0526885986328125
112;118.832184;-6.832183837890625
111;106.5476;4.452400207519531
110;104.36411;5.635887145996094
109;92.477806;16.522193908691406
108;83.62057;24.379432678222656
107;76.796036;30.203964233398438
106;87.63946;18.36054229736328
105;89.24349;15.756507873535156
104;94.228676;9.771324157714844
103;80.98229;22.01770782470703
102;105.251335;-3.2513351440429688
101;79.63453;21.36547088623047
100;84.289856;15.71014404296875
99;95.21144;3.7885589599609375
98;99.70648;-1.70648193359375
97;82.107956;14.892044067382812
96;72.033424;23.966575622558594
95;73.89685;21.1031494140625
94;90.23252;3.7674789428710938
93;75.14723;17.852767944335938
92;71.613914;20.386085510253906
91;79.6227;11.377296447753906
90;60.136932;29.863067626953125
89;59.838085;29.161914825439453
88;80.072105;7.927894592285156
87;56.619488;30.380512237548828
86;52.57307;33.42692947387695
85;55.251232;29.748767852783203
84;83.56202;0.43798065185546875
83;79.329895;3.67010498046875
82;77.79082;4.2091827392578125
81;120.460434;-39.46043395996094
80;94.386536;-14.38653564453125
79;90.81934;-11.819343566894531
78;70.293106;7.7068939208984375
77;70.64723;6.3527679443359375
76;65.70157;10.298431396484375
75;84.115074;-9.115074157714844
74;61.568623;12.431377410888672
73;65.44035;7.5596466064453125
72;57.568672;14.431327819824219
71;69.99587;1.0041275024414062
70;53.201862;16.798137664794922
69;51.42321;17.57678985595703
68;70.38877;-2.3887710571289062
67;45.803406;21.19659423828125
66;54.555237;11.44476318359375
65;45.191525;19.808475494384766
64;52.191284;11.8087158203125
63;67.5823;-4.582298278808594
62;69.224;-7.2239990234375
61;49.33626;11.663738250732422
60;44.24307;15.75693130493164
59;50.548737;8.451263427734375
58;55.77624;2.2237586975097656
57;45.507015;11.492984771728516
56;64.81393;-8.813926696777344
55;61.649574;-6.649574279785156
54;89.85504;-35.85504150390625
53;55.04863;-2.0486297607421875
52;76.39151;-24.391510009765625
51;37.58178;13.418220520019531
50;55.572086;-5.572086334228516
49;50.835857;-1.8358573913574219
48;43.57158;4.4284210205078125
47;43.924297;3.075702667236328
46;37.922325;8.077674865722656
45;36.53978;8.460220336914062
44;31.652124;12.347875595092773
43;47.181744;-4.181743621826172
42;41.702484;0.297515869140625
41;33.38755;7.612449645996094
40;42.654312;-2.6543121337890625
39;40.725246;-1.7252464294433594
38;45.736954;-7.7369537353515625
37;32.523495;4.476505279541016
36;33.305813;2.6941871643066406
35;37.4367;-2.4366989135742188
34;44.52694;-10.526939392089844
33;35.68102;-2.681018829345703
32;31.423609;0.5763912200927734
31;38.694683;-7.694683074951172
30;38.912952;-8.912952423095703
29;33.06132;-4.061321258544922
28;27.49323;0.5067691802978516
27;37.690594;-10.690593719482422
26;30.238249;-4.238248825073242
25;31.935724;-6.935724258422852
24;28.346071;-4.346071243286133
23;31.832602;-8.832601547241211
22;27.615503;-5.615503311157227
21;27.214384;-6.214384078979492
20;28.050238;-8.050237655639648
19;28.079481;-9.07948112487793
18;26.319868;-8.319868087768555
17;28.542063;-11.542062759399414
16;25.122053;-9.122053146362305
15;29.353693;-14.353693008422852
14;30.643599;-16.643598556518555
13;28.42362;-15.423620223999023
12;28.275839;-16.27583885192871
11;28.809103;-17.80910301208496
10;28.09767;-18.09766960144043
9;25.830816;-16.8308162689209
8;30.895994;-22.895994186401367
7;25.278913;-18.278913497924805
6;31.33885;-25.338850021362305
5;28.498404;-23.498403549194336
4;24.573812;-20.57381248474121
3;25.42523;-22.425230026245117
2;32.121975;-30.12197494506836
1;31.357138;-30.35713768005371
0;23.488638;-23.488637924194336
56;59.91072;-3.9107208251953125
55;59.03453;-4.0345306396484375
54;63.015816;-9.015815734863281
53;62.745785;-9.745784759521484
52;61.147465;-9.147464752197266
51;61.35691;-10.356910705566406
50;65.135635;-15.135635375976562
49;57.932507;-8.932506561279297
48;57.39777;-9.397769927978516
47;54.808727;-7.808727264404297
46;49.86942;-3.8694190979003906
45;52.678226;-7.678226470947266
44;55.305847;-11.30584716796875
43;54.470448;-11.470447540283203
42;57.109074;-15.109073638916016
41;53.494694;-12.494693756103516
40;43.48117;-3.481170654296875
39;39.07856;-0.07855987548828125
38;37.64292;0.35707855224609375
37;45.307888;-8.30788803100586
36;38.40411;-2.4041099548339844
35;42.629826;-7.629825592041016
34;28.585936;5.414064407348633
33;33.040245;-0.04024505615234375
32;32.347046;-0.3470458984375
31;37.593204;-6.593204498291016
30;31.05357;-1.0535697937011719
29;28.579197;0.4208030700683594
28;25.500145;2.4998550415039062
27;27.686842;-0.6868419647216797
26;19.529852;6.470148086547852
25;17.024778;7.975221633911133
24;20.77643;3.223569869995117
23;25.359396;-2.359395980834961
22;17.945787;4.05421257019043
21;15.383819;5.616181373596191
20;15.447889;4.55211067199707
19;20.305857;-1.305856704711914
18;21.984919;-3.9849185943603516
17;15.295502;1.704498291015625
16;15.284593;0.7154073715209961
15;13.774654;1.2253456115722656
14;12.0897255;1.9102745056152344
13;13.743363;-0.7433633804321289
12;21.278143;-9.278142929077148
11;15.146487;-4.146487236022949
10;21.908964;-11.908964157104492
9;21.758928;-12.758928298950195
8;12.130845;-4.130845069885254
7;19.322428;-12.322427749633789
6;9.196973;-3.1969728469848633
5;12.583717;-7.583717346191406
4;8.444222;-4.444222450256348
3;13.022927;-10.022927284240723
2;11.759868;-9.759867668151855
1;12.458214;-11.458213806152344
0;12.484578;-12.484578132629395
85;40.17458;44.82542037963867
84;57.010113;26.989887237548828
83;68.24505;14.754951477050781
82;68.63883;13.361167907714844
81;67.983345;13.016654968261719
80;69.778244;10.221755981445312
79;72.7375;6.2624969482421875
78;85.02485;-7.024848937988281
77;79.11685;-2.116851806640625
76;73.56124;2.4387588500976562
75;77.35271;-2.3527069091796875
74;72.13509;1.8649063110351562
73;63.76977;9.230228424072266
72;67.74156;4.2584381103515625
71;68.91534;2.0846633911132812
70;60.78478;9.215221405029297
69;63.89747;5.102531433105469
68;56.24088;11.75912094116211
67;59.876102;7.123897552490234
66;59.742916;6.257083892822266
65;60.260017;4.739982604980469
64;59.864815;4.135185241699219
63;56.709694;6.290306091308594
62;56.30334;5.696659088134766
61;52.937977;8.062023162841797
60;51.57943;8.420570373535156
59;48.99225;10.00775146484375
58;39.88783;18.112171173095703
57;42.9755;14.02450180053711
56;30.099115;25.9008846282959
55;32.60952;22.390480041503906
54;41.85028;12.14971923828125
53;41.336857;11.663143157958984
52;36.18823;15.811771392822266
51;24.40531;26.594690322875977
50;36.227524;13.772476196289062
49;32.70466;16.29534149169922
48;34.79373;13.206268310546875
47;36.700054;10.299945831298828
46;42.78189;3.218109130859375
45;47.74511;-2.7451095581054688
44;51.411434;-7.411434173583984
43;48.79973;-5.7997283935546875
42;49.490963;-7.490962982177734
41;44.846252;-3.84625244140625
40;44.979572;-4.979572296142578
39;38.509125;0.490875244140625
38;33.86423;4.135768890380859
37;36.678646;0.3213539123535156
36;37.672752;-1.6727523803710938
35;42.271122;-7.271121978759766
34;35.168045;-1.1680450439453125
33;37.077923;-4.077922821044922
32;32.89165;-0.8916511535644531
31;33.205822;-2.205821990966797
30;28.397852;1.6021480560302734
29;22.96395;6.036050796508789
28;21.973185;6.026815414428711
27;12.4736;14.526399612426758
26;13.557816;12.442184448242188
25;15.944425;9.055575370788574
24;12.808072;11.191927909851074
23;14.479466;8.520533561706543
22;16.050547;5.949453353881836
21;16.345194;4.654806137084961
20;14.349947;5.650053024291992
19;16.818121;2.1818790435791016
18;10.05679;7.943209648132324
17;13.202943;3.7970571517944336
16;12.233598;3.766402244567871
15;11.21951;3.780489921569824
14;6.4196715;7.580328464508057
13;11.339364;1.6606359481811523
12;10.105287;1.8947134017944336
11;13.0878525;-2.0878524780273438
10;7.155975;2.844025135040283
9;14.60772;-5.607720375061035
8;6.7831035;1.2168965339660645
7;7.0866942;-0.08669424057006836
6;6.120069;-0.12006902694702148
5;15.249671;-10.24967098236084
4;8.998475;-4.998475074768066
3;10.65894;-7.658940315246582
2;9.4571905;-7.45719051361084
1;11.389245;-10.38924503326416
0;8.800345;-8.800345420837402
85;34.555584;50.44441604614258
84;52.936497;31.06350326538086
83;55.18164;27.818359375
82;58.50524;23.49475860595703
81;63.681526;17.31847381591797
80;60.574352;19.425647735595703
79;64.55931;14.440689086914062
78;59.23995;18.760051727294922
77;68.11601;8.883987426757812
76;66.190926;9.809074401855469
75;61.17766;13.822338104248047
74;59.37528;14.62472152709961
73;57.854214;15.14578628540039
72;55.817036;16.182964324951172
71;56.38941;14.610591888427734
70;51.656982;18.343017578125
69;53.759575;15.240425109863281
68;56.99282;11.007179260253906
67;58.328503;8.671497344970703
66;56.650234;9.34976577758789
65;57.700653;7.299346923828125
64;56.29239;7.707611083984375
63;51.95099;11.04901123046875
62;53.174564;8.825435638427734
61;55.640812;5.359188079833984
60;50.74284;9.257160186767578
59;50.441563;8.55843734741211
58;41.32926;16.670738220214844
57;38.533566;18.466434478759766
56;27.215113;28.784887313842773
55;34.58507;20.414928436279297
54;32.699272;21.30072784423828
53;35.131397;17.868602752685547
52;26.286585;25.713415145874023
51;34.81296;16.18703842163086
50;41.327343;8.672657012939453
49;25.362825;23.637174606323242
48;28.929361;19.07063865661621
47;31.199713;15.800287246704102
46;34.8279;11.172100067138672
45;34.652363;10.347637176513672
44;32.51482;11.485179901123047
43;30.457575;12.542425155639648
42;38.572353;3.4276466369628906
41;29.163607;11.836393356323242
40;32.867153;7.132846832275391
39;35.032326;3.9676742553710938
38;35.800575;2.1994247436523438
37;33.428467;3.571533203125
36;34.984936;1.0150642395019531
35;32.37676;2.623241424560547
34;28.837282;5.162717819213867
33;20.977703;12.022296905517578
32;25.624472;6.375528335571289
31;20.53137;10.468629837036133
30;29.13071;0.8692893981933594
29;13.552907;15.44709300994873
28;12.563964;15.436036109924316
27;16.649145;10.350854873657227
26;15.916539;10.083460807800293
25;8.905667;16.094332695007324
24;9.096494;14.9035062789917
23;9.531207;13.468792915344238
22;11.653831;10.346169471740723
21;7.885965;13.11403512954712
20;9.86649;10.133509635925293
19;9.73841;9.261590003967285
18;6.3806205;11.61937952041626
17;9.808751;7.191248893737793
16;14.094377;1.905623435974121
15;34.897514;-19.89751434326172
14;43.95248;-29.95248031616211
13;5.975267;7.024733066558838
12;12.947892;-0.9478921890258789
11;6.8712516;4.128748416900635
10;12.207734;-2.2077341079711914
9;14.441663;-5.441662788391113
8;14.076406;-6.0764055252075195
7;11.462899;-4.462899208068848
6;14.8600645;-8.860064506530762
5;26.974106;-21.974105834960938
4;9.061288;-5.061287879943848
3;42.646908;-39.646907806396484
2;28.39305;-26.393049240112305
1;17.379622;-16.379621505737305
0;23.62356;-23.623559951782227
85;83.316826;1.6831741333007812
84;82.71691;1.2830886840820312
83;86.36866;-3.3686599731445312
82;124.24533;-42.245330810546875
81;81.27849;-0.2784881591796875
80;82.655556;-2.6555557250976562
79;86.33916;-7.3391571044921875
78;86.382545;-8.382545471191406
77;83.55335;-6.553352355957031
76;72.804276;3.1957244873046875
75;71.35463;3.6453704833984375
74;64.41712;9.582878112792969
73;86.59228;-13.592277526855469
72;66.979675;5.02032470703125
71;70.26526;0.7347412109375
70;69.94115;0.0588531494140625
69;65.17008;3.8299179077148438
68;59.30287;8.697128295898438
67;59.824955;7.175045013427734
66;61.525578;4.474422454833984
65;59.435085;5.564914703369141
64;62.19537;1.8046302795410156
63;49.304688;13.6953125
62;66.23542;-4.235420227050781
61;57.680805;3.319194793701172
60;67.089714;-7.089714050292969
59;50.126083;8.873916625976562
58;58.048824;-0.048824310302734375
57;47.493507;9.506492614746094
56;29.155817;26.84418296813965
55;109.324104;-54.32410430908203
54;62.23805;-8.238048553466797
53;139.0905;-86.09049987792969
52;59.294437;-7.294437408447266
51;113.44462;-62.444618225097656
50;57.992626;-7.992626190185547
49;70.05243;-21.05242919921875
48;44.524376;3.4756240844726562
47;54.898453;-7.8984527587890625
46;69.68154;-23.681541442871094
45;62.826233;-17.82623291015625
44;39.869373;4.130626678466797
43;35.740025;7.259975433349609
42;96.50524;-54.50524139404297
41;33.277935;7.722064971923828
40;45.497997;-5.497997283935547
39;86.77828;-47.778282165527344
38;40.459896;-2.4598960876464844
37;26.947302;10.052698135375977
36;23.56759;12.432409286499023
35;25.879332;9.120668411254883
34;53.716553;-19.716552734375
33;26.0814;6.918600082397461
32;38.740864;-6.740863800048828
31;19.616323;11.383676528930664
30;58.298286;-28.29828643798828
29;18.51875;10.481250762939453
28;41.39365;-13.39365005493164
27;50.203075;-23.203075408935547
26;85.11431;-59.11431121826172
25;32.651978;-7.6519775390625
24;118.131676;-94.13167572021484
23;49.742558;-26.742557525634766
22;136.54752;-114.54751586914062
21;124.89666;-103.89665985107422
20;96.817696;-76.81769561767578
19;81.69565;-62.695648193359375
18;98.16204;-80.16204071044922
17;71.25272;-54.252723693847656
16;94.89395;-78.89395141601562
15;133.20525;-118.20524597167969
14;87.56606;-73.5660629272461
13;138.90924;-125.90924072265625
12;136.33437;-124.33436584472656
11;64.241875;-53.24187469482422
10;143.67873;-133.67872619628906
9;112.19859;-103.19859313964844
8;117.41598;-109.41597747802734
7;18.38119;-11.381189346313477
6;88.23097;-82.23097229003906
5;51.573086;-46.57308578491211
4;103.51335;-99.51335144042969
3;62.185284;-59.18528366088867
2;127.35555;-125.35555267333984
1;68.53295;-67.53295135498047
0;20.57828;-20.578279495239258
155;59.203583;95.79641723632812
154;81.45801;72.5419921875
153;82.028114;70.97188568115234
152;119.4459;32.554100036621094
151;124.26299;26.73700714111328
150;116.94795;33.05204772949219
149;112.030525;36.96947479248047
148;98.01953;49.98046875
147;101.21401;45.785987854003906
146;106.123055;39.87694549560547
145;106.38055;38.61945343017578
144;108.32285;35.677146911621094
143;102.51929;40.480712890625
142;101.548805;40.451194763183594
141;123.770676;17.229324340820312
140;126.18791;13.812088012695312
139;133.7889;5.2111053466796875
138;107.9834;30.0166015625
137;103.566444;33.433555603027344
136;110.20198;25.798019409179688
135;109.08028;25.919723510742188
134;124.74026;9.259742736816406
133;145.26721;-12.2672119140625
132;102.03002;29.96997833251953
131;101.90795;29.09204864501953
130;96.909386;33.090614318847656
129;82.493645;46.50635528564453
128;84.197;43.803001403808594
127;79.364624;47.6353759765625
126;77.60781;48.392189025878906
125;61.01624;63.983760833740234
124;74.76159;49.23841094970703
123;51.438484;71.56151580810547
122;61.159763;60.84023666381836
121;57.945595;63.054405212402344
120;66.49007;53.50993347167969
119;74.220314;44.779685974121094
118;65.023254;52.97674560546875
117;67.423454;49.57654571533203
116;49.08148;66.91852188110352
115;45.779205;69.22079467773438
114;67.88691;46.11309051513672
113;69.004234;43.995765686035156
112;78.91215;33.087852478027344
111;78.35366;32.646339416503906
110;66.89034;43.109657287597656
109;60.47439;48.525611877441406
108;65.26657;42.733428955078125
107;62.85856;44.141441345214844
106;73.52707;32.472930908203125
105;65.47683;39.523170471191406
104;50.005383;53.9946174621582
103;36.650436;66.34956359863281
102;50.91164;51.08835983276367
101;54.11884;46.881160736083984
100;41.607235;58.392765045166016
99;39.051567;59.94843292236328
98;31.174376;66.82562446594238
97;40.299732;56.70026779174805
96;47.690437;48.30956268310547
95;48.882618;46.11738204956055
94;62.29575;31.70425033569336
93;74.10201;18.897987365722656
92;66.18321;25.816787719726562
91;62.766407;28.233592987060547
90;77.21013;12.789871215820312
89;63.29135;25.708648681640625
88;92.501015;-4.501014709472656
87;99.2367;-12.236701965332031
86;113.25194;-27.251937866210938
85;116.930595;-31.93059539794922
84;110.266815;-26.266815185546875
83;95.82168;-12.821678161621094
82;66.12759;15.872413635253906
81;90.10972;-9.109718322753906
80;99.53352;-19.533523559570312
79;68.216545;10.783454895019531
78;70.67041;7.32958984375
77;77.42721;-0.42720794677734375
76;77.040955;-1.04095458984375
75;77.87097;-2.8709716796875
74;85.33543;-11.335426330566406
73;76.614296;-3.6142959594726562
72;86.44382;-14.443817138671875
71;56.79716;14.202838897705078
70;72.69235;-2.692352294921875
69;50.454002;18.545997619628906
68;59.68619;8.31380844116211
67;64.691505;2.3084945678710938
66;66.33881;-0.33881378173828125
65;60.392605;4.607395172119141
64;51.169186;12.830814361572266
63;53.61526;9.38473892211914
62;71.517006;-9.517005920410156
61;74.0345;-13.034500122070312
60;60.32639;-0.3263893127441406
59;80.85282;-21.852821350097656
58;75.68527;-17.685272216796875
57;46.469402;10.530597686767578
56;69.72777;-13.727767944335938
55;72.12297;-17.122970581054688
54;89.75068;-35.75067901611328
53;81.46531;-28.465309143066406
52;59.66412;-7.664119720458984
51;61.76782;-10.767818450927734
50;59.320164;-9.32016372680664
49;50.604694;-1.6046943664550781
48;66.62556;-18.62555694580078
47;45.229015;1.7709846496582031
46;48.091675;-2.0916748046875
45;47.273197;-2.2731971740722656
44;48.451286;-4.451286315917969
43;44.100407;-1.1004066467285156
42;36.83904;5.160961151123047
41;36.981415;4.018585205078125
40;48.099155;-8.09915542602539
39;46.026585;-7.026584625244141
38;50.641277;-12.641277313232422
37;38.606335;-1.6063346862792969
36;35.007572;0.9924278259277344
35;37.921036;-2.9210357666015625
34;35.531002;-1.5310020446777344
33;42.573956;-9.573955535888672
32;35.18439;-3.1843910217285156
31;40.877598;-9.87759780883789
30;37.058422;-7.058422088623047
29;47.395893;-18.395893096923828
28;37.217274;-9.217273712158203
27;36.25331;-9.253311157226562
26;34.48102;-8.481021881103516
25;35.69308;-10.69308090209961
24;47.803078;-23.803077697753906
23;50.087963;-27.087963104248047
22;52.878174;-30.878173828125
21;47.921608;-26.921607971191406
20;33.913544;-13.913543701171875
19;34.94733;-15.947330474853516
18;29.163;-11.163000106811523
17;29.39319;-12.393190383911133
16;34.72822;-18.728221893310547
15;27.59379;-12.593790054321289
14;33.685234;-19.68523406982422
13;31.837624;-18.837623596191406
12;27.232935;-15.232934951782227
11;27.81929;-16.819290161132812
10;32.37984;-22.379840850830078
9;31.914724;-22.914724349975586
8;31.91836;-23.918359756469727
7;26.491518;-19.491518020629883
6;26.696432;-20.69643211364746
5;29.608814;-24.608814239501953
4;33.245323;-29.245323181152344
3;31.391972;-28.391971588134766
2;29.767426;-27.767425537109375
1;25.671766;-24.67176628112793
0;27.39564;-27.395639419555664
