Real;Predicted;Error
118;43.056;74.944
117;41.022;75.97800000000001
116;39.042;76.958
115;43.442;71.55799999999999
114;40.798;73.202
113;39.028;73.97200000000001
112;36.848;75.152
111;35.876;75.124
110;39.104;70.896
109;36.94;72.06
108;39.406;68.594
107;40.442;66.55799999999999
106;44.966;61.034
105;39.88;65.12
104;40.946;63.054
103;41.498;61.502
102;42.53;59.47
101;38.334;62.666
100;43.832;56.168
99;42.164;56.836
98;39.528;58.472
97;43.754;53.246
96;43.17;52.83
95;38.046;56.954
94;38.466;55.534
93;36.364;56.636
92;34.89;57.11
91;37.846;53.154
90;38.204;51.796
89;34.214;54.786
88;34.932;53.068
87;37.014;49.986
86;36.018;49.982
85;44.838;40.162
84;37.572;46.428
83;37.452;45.548
82;34.946;47.054
81;37.314;43.686
80;35.554;44.446
79;35.772;43.228
78;32.814;45.186
77;32.746;44.254
76;32.918;43.082
75;37.46;37.54
74;35.694;38.306
73;36.706;36.294
72;36.486;35.514
71;30.468;40.532
70;38.598;31.402
69;37.498;31.502000000000002
68;32.038;35.962
67;33.432;33.568
66;28.24;37.760000000000005
65;26.194;38.806
64;28.336;35.664
63;27.148;35.852000000000004
62;27.904;34.096000000000004
61;34.51;26.490000000000002
60;26.49;33.510000000000005
59;25.878;33.122
58;26.736;31.264
57;24.132;32.867999999999995
56;35.762;20.238
55;29.652;25.348
54;26.868;27.132
53;29.618;23.382
52;29.684;22.316
51;29.052;21.948
50;25.652;24.348
49;25.344;23.656
48;29.558;18.442
47;27.182;19.818
46;28.15;17.85
45;24.374;20.626
44;22.664;21.336
43;22.05;20.95
42;21.962;20.038
41;22.51;18.49
40;23.36;16.64
39;20.164;18.836
38;21.324;16.676
37;22.664;14.335999999999999
36;19.908;16.092
35;20.71;14.29
34;22.05;11.95
33;21.196;11.803999999999998
32;23.142;8.858
31;21.764;9.236
30;22.378;7.622
29;21.416;7.584
28;17.686;10.314
27;17.608;9.392
26;16.128;9.872
25;13.962;11.038
24;15.758;8.242
23;15.892;7.1080000000000005
22;15.456;6.5440000000000005
21;16.52;4.48
20;11.44;8.56
19;12.554;6.446
18;16.012;1.9879999999999995
17;15.946;1.0540000000000003
16;14.882;1.1180000000000003
15;15.814;-0.8140000000000001
14;13.354;0.6460000000000008
13;13.338;-0.3379999999999992
12;14.718;-2.718
11;14.3;-3.3000000000000007
10;15.782;-5.782
9;17.218;-8.218
8;15.276;-7.276
7;16.728;-9.728000000000002
6;16.674;-10.674
5;18.08;-13.079999999999998
4;16.706;-12.706
3;15.362;-12.362
2;14.106;-12.106
1;14.442;-13.442
0;14.156;-14.156
99;85.576;13.424000000000007
98;88.626;9.373999999999995
97;86.278;10.721999999999994
96;87.674;8.325999999999993
95;85.33;9.670000000000002
94;85.008;8.992000000000004
93;86.444;6.555999999999997
92;85.9;6.099999999999994
91;80.278;10.721999999999994
90;40.658;49.342
89;38.742;50.258
88;41.27;46.73
87;42.474;44.526
86;39.444;46.556
85;41.58;43.42
84;37.888;46.112
83;39.594;43.406
82;32.468;49.532
81;33.464;47.536
80;36.622;43.378
79;35.55;43.45
78;36.206;41.794
77;33.768;43.232
76;36.004;39.996
75;40.264;34.736
74;39.882;34.118
73;39.622;33.378
72;39.83;32.17
71;40.076;30.924
70;38.254;31.746000000000002
69;44.06;24.939999999999998
68;41.726;26.274
67;43.238;23.762
66;39.568;26.432000000000002
65;39.496;25.503999999999998
64;34.452;29.548000000000002
63;39.436;23.564
62;41.34;20.659999999999997
61;35.578;25.421999999999997
60;35.978;24.022
59;36.55;22.450000000000003
58;30.18;27.82
57;25.708;31.292
56;38.34;17.659999999999997
55;32.616;22.384
54;34.088;19.912
53;30.212;22.788
52;33.62;18.380000000000003
51;31.294;19.706
50;38.602;11.398000000000003
49;47.99;1.009999999999998
48;37.876;10.124000000000002
47;45.816;1.1839999999999975
46;39.908;6.091999999999999
45;38.71;6.289999999999999
44;40.722;3.2779999999999987
43;31.852;11.148
42;33.046;8.954
41;29.928;11.072
40;43.006;-3.0060000000000002
39;31.816;7.184000000000001
38;29.934;8.065999999999999
37;28.13;8.870000000000001
36;31.578;4.422000000000001
35;29.158;5.841999999999999
34;27.156;6.844000000000001
33;46.634;-13.634
32;34.612;-2.612000000000002
31;30.228;0.7719999999999985
30;28.414;1.5859999999999985
29;43.49;-14.490000000000002
28;33.544;-5.543999999999997
27;31.148;-4.148
26;29.184;-3.184000000000001
25;28.192;-3.192
24;30.424;-6.4239999999999995
23;30.234;-7.234000000000002
22;32.946;-10.945999999999998
21;29.624;-8.623999999999999
20;26.392;-6.3919999999999995
19;26.086;-7.0859999999999985
18;25.094;-7.094000000000001
17;27.864;-10.864
16;27.114;-11.114
15;23.966;-8.966000000000001
14;25.242;-11.242
13;22.802;-9.802
12;25.91;-13.91
11;25.264;-14.264
10;24.982;-14.982
9;25.29;-16.29
8;24.424;-16.424
7;21.652;-14.652000000000001
6;21.48;-15.48
5;20.442;-15.442
4;21.248;-17.248
3;20.432;-17.432
2;18.184;-16.184
1;18.722;-17.722
0;16.516;-16.516
99;87.706;11.293999999999997
98;91.124;6.876000000000005
97;88.808;8.191999999999993
96;85.056;10.944000000000003
95;89.022;5.977999999999994
94;86.852;7.147999999999996
93;86.372;6.628
92;66.064;25.936000000000007
91;80.296;10.703999999999994
90;38.738;51.262
89;36.68;52.32
88;34.498;53.502
87;40.442;46.558
86;33.836;52.164
85;35.012;49.988
84;35.45;48.55
83;36.17;46.83
82;34.44;47.56
81;35.21;45.79
80;33.596;46.404
79;33.704;45.296
78;33.972;44.028
77;34.004;42.996
76;32.866;43.134
75;34.85;40.15
74;30.186;43.814
73;33.79;39.21
72;40.134;31.866
71;43.146;27.854
70;41.384;28.616
69;45.84;23.159999999999997
68;40.91;27.090000000000003
67;42.7;24.299999999999997
66;40.392;25.607999999999997
65;42.004;22.996000000000002
64;48.27;15.729999999999997
63;44.624;18.375999999999998
62;39.302;22.698
61;45.464;15.536000000000001
60;44.692;15.308
59;40.878;18.122
58;40.43;17.57
57;48.124;8.875999999999998
56;42.744;13.256
55;46.7;8.299999999999997
54;40.57;13.43
53;37.352;15.648000000000003
52;38.034;13.966000000000001
51;31.54;19.46
50;36.922;13.078000000000003
49;37.412;11.588000000000001
48;32.144;15.856000000000002
47;31.99;15.010000000000002
46;37.98;8.020000000000003
45;37.522;7.4780000000000015
44;41.4;2.6000000000000014
43;42.086;0.9140000000000015
42;33.438;8.561999999999998
41;46.388;-5.387999999999998
40;48.618;-8.618000000000002
39;37.596;1.4040000000000035
38;44.962;-6.962000000000003
37;35.342;1.6580000000000013
36;31.478;4.5219999999999985
35;39.558;-4.558
34;41.11;-7.109999999999999
33;32.824;0.17600000000000193
32;32.284;-0.2839999999999989
31;31.514;-0.5139999999999993
30;32.128;-2.128
29;28.974;0.0259999999999998
28;29.704;-1.7040000000000006
27;26.002;0.9980000000000011
26;26.54;-0.5399999999999991
25;41.41;-16.409999999999997
24;26.012;-2.0120000000000005
23;24.88;-1.879999999999999
22;21.868;0.13200000000000145
21;30.964;-9.963999999999999
20;24.738;-4.7379999999999995
19;24.184;-5.184000000000001
18;23.558;-5.558
17;21.998;-4.998000000000001
16;20.854;-4.853999999999999
15;23.204;-8.204
14;19.72;-5.719999999999999
13;22.988;-9.988
12;18.616;-6.616
11;15.998;-4.997999999999999
10;16.18;-6.18
9;17.802;-8.802
8;19.898;-11.898
7;17.848;-10.847999999999999
6;15.864;-9.864
5;16.62;-11.620000000000001
4;16.864;-12.864
3;18.882;-15.882000000000001
2;18.008;-16.008
1;18.234;-17.234
0;19.764;-19.764
99;73.08;25.92
98;78.49;19.510000000000005
97;86.194;10.805999999999997
96;84.976;11.024000000000001
95;88.118;6.882000000000005
94;73.4;20.599999999999994
93;77.242;15.757999999999996
92;84.114;7.885999999999996
91;79.202;11.798000000000002
90;50.432;39.568
89;44.168;44.832
88;41.724;46.276
87;46.958;40.042
86;46.918;39.082
85;42.3;42.7
84;42.382;41.618
83;43.984;39.016
82;43.914;38.086
81;39.464;41.536
80;42.226;37.774
79;42.774;36.226
78;45.956;32.044
77;41.92;35.08
76;43.222;32.778
75;42.978;32.022
74;41.524;32.476
73;41.064;31.936
72;42.808;29.192
71;41.252;29.747999999999998
70;41.894;28.106
69;42.466;26.534
68;46.538;21.462000000000003
67;41.698;25.302
66;38.124;27.875999999999998
65;42.514;22.485999999999997
64;46.804;17.195999999999998
63;43.516;19.484
62;42.854;19.146
61;39.84;21.159999999999997
60;37.494;22.506
59;29.042;29.958
58;32.964;25.036
57;37.672;19.328000000000003
56;41.024;14.975999999999999
55;45.934;9.066000000000003
54;45.426;8.573999999999998
53;40.998;12.002000000000002
52;34.01;17.990000000000002
51;45.288;5.712000000000003
50;48.294;1.706000000000003
49;42.83;6.170000000000002
48;39.918;8.082
47;46.08;0.9200000000000017
46;40.976;5.024000000000001
45;42.214;2.7860000000000014
44;36.736;7.264000000000003
43;35.734;7.265999999999998
42;30.116;11.884
41;34.496;6.503999999999998
40;41.834;-1.8340000000000032
39;31.494;7.506
38;32.828;5.171999999999997
37;30.98;6.02
36;40.194;-4.194000000000003
35;33.842;1.1580000000000013
34;30.022;3.9780000000000015
33;30.42;2.5799999999999983
32;32.922;-0.921999999999997
31;46.656;-15.655999999999999
30;36.616;-6.616
29;30.112;-1.1119999999999983
28;32.976;-4.975999999999999
27;32.462;-5.462000000000003
26;32.176;-6.176000000000002
25;31.394;-6.393999999999998
24;27.876;-3.8760000000000012
23;27.286;-4.286000000000001
22;26.906;-4.905999999999999
21;25.06;-4.059999999999999
20;26.78;-6.780000000000001
19;27.492;-8.492
18;25.57;-7.57
17;23.07;-6.07
16;26.43;-10.43
15;24.518;-9.518
14;22.584;-8.584
13;22.082;-9.082
12;26.364;-14.364
11;24.03;-13.030000000000001
10;22.958;-12.957999999999998
9;23.976;-14.975999999999999
8;22.848;-14.847999999999999
7;22.118;-15.117999999999999
6;18.142;-12.142
5;20.63;-15.629999999999999
4;21.526;-17.526
3;24.16;-21.16
2;21.184;-19.184
1;20.094;-19.094
0;18.974;-18.974
71;84.374;-13.373999999999995
70;76.336;-6.3359999999999985
69;87.284;-18.284000000000006
68;76.104;-8.104
67;88.892;-21.891999999999996
66;87.306;-21.305999999999997
65;86.236;-21.236000000000004
64;73.604;-9.604
63;79.014;-16.013999999999996
62;36.372;25.628
61;35.908;25.092
60;36.128;23.872
59;40.0;19.0
58;40.964;17.036
57;38.15;18.85
56;41.394;14.606000000000002
55;39.932;15.067999999999998
54;35.154;18.845999999999997
53;36.484;16.516
52;39.874;12.125999999999998
51;40.24;10.759999999999998
50;35.554;14.445999999999998
49;36.898;12.101999999999997
48;37.524;10.475999999999999
47;39.03;7.969999999999999
46;41.218;4.7819999999999965
45;42.136;2.863999999999997
44;42.338;1.661999999999999
43;48.62;-5.619999999999997
42;46.29;-4.289999999999999
41;47.624;-6.624000000000002
40;51.592;-11.591999999999999
39;48.79;-9.79
38;49.766;-11.765999999999998
37;45.882;-8.881999999999998
36;46.838;-10.838000000000001
35;47.668;-12.668
34;45.466;-11.466000000000001
33;49.87;-16.869999999999997
32;41.61;-9.61
31;40.62;-9.619999999999997
30;42.218;-12.218000000000004
29;40.626;-11.625999999999998
28;35.204;-7.204000000000001
27;44.202;-17.201999999999998
26;45.946;-19.945999999999998
25;46.7;-21.700000000000003
24;34.446;-10.445999999999998
23;33.51;-10.509999999999998
22;31.84;-9.84
21;40.302;-19.302
20;40.834;-20.834000000000003
19;38.314;-19.314
18;35.652;-17.652
17;30.722;-13.722000000000001
16;38.352;-22.351999999999997
15;43.878;-28.878
14;33.27;-19.270000000000003
13;34.348;-21.348
12;31.02;-19.02
11;42.216;-31.216
10;32.826;-22.826
9;27.83;-18.83
8;60.66;-52.66
7;31.834;-24.834
6;30.756;-24.756
5;28.178;-23.178
4;25.942;-21.942
3;26.522;-23.522
2;25.918;-23.918
1;24.37;-23.37
0;25.464;-25.464
114;41.002;72.99799999999999
113;44.97;68.03
112;48.052;63.948
111;46.402;64.598
110;45.146;64.854
109;42.432;66.568
108;40.29;67.71000000000001
107;48.374;58.626
106;41.276;64.72399999999999
105;46.812;58.188
104;57.926;46.074
103;48.436;54.564
102;55.536;46.464
101;48.102;52.898
100;45.372;54.628
99;43.156;55.844
98;70.384;27.616
97;37.712;59.288
96;38.656;57.344
95;42.508;52.492
94;42.894;51.106
93;38.004;54.996
92;40.72;51.28
91;39.964;51.036
90;38.4;51.6
89;35.238;53.762
88;39.58;48.42
87;40.86;46.14
86;40.526;45.474
85;37.766;47.234
84;34.916;49.084
83;40.818;42.182
82;39.544;42.456
81;40.282;40.718
80;33.528;46.472
79;32.876;46.124
78;37.648;40.352
77;32.314;44.686
76;32.41;43.59
75;34.262;40.738
74;33.108;40.892
73;27.324;45.676
72;29.736;42.263999999999996
71;31.072;39.928
70;34.38;35.62
69;32.872;36.128
68;29.712;38.288
67;31.52;35.480000000000004
66;33.832;32.168
65;32.532;32.468
64;27.586;36.414
63;32.318;30.682000000000002
62;36.944;25.055999999999997
61;37.352;23.648000000000003
60;38.386;21.613999999999997
59;41.684;17.316000000000003
58;38.79;19.21
57;38.56;18.439999999999998
56;35.442;20.558
55;34.052;20.948
54;36.728;17.272
53;37.784;15.216000000000001
52;35.632;16.368000000000002
51;41.69;9.310000000000002
50;36.984;13.015999999999998
49;39.1;9.899999999999999
48;40.236;7.764000000000003
47;36.574;10.426000000000002
46;38.76;7.240000000000002
45;54.174;-9.174
44;42.134;1.8659999999999997
43;43.148;-0.14800000000000324
42;42.938;-0.9380000000000024
41;39.618;1.381999999999998
40;42.834;-2.834000000000003
39;40.35;-1.3500000000000014
38;42.278;-4.277999999999999
37;43.9;-6.899999999999999
36;37.758;-1.7580000000000027
35;41.66;-6.659999999999997
34;35.478;-1.4780000000000015
33;40.662;-7.661999999999999
32;36.04;-4.039999999999999
31;40.02;-9.020000000000003
30;39.924;-9.924
29;40.414;-11.414000000000001
28;33.914;-5.9140000000000015
27;33.796;-6.795999999999999
26;31.136;-5.135999999999999
25;35.824;-10.823999999999998
24;30.066;-6.065999999999999
23;31.564;-8.564
22;40.506;-18.506
21;30.472;-9.472000000000001
20;29.616;-9.616
19;29.26;-10.260000000000002
18;25.498;-7.498000000000001
17;32.474;-15.473999999999997
16;28.222;-12.222000000000001
15;39.33;-24.33
14;29.996;-15.995999999999999
13;31.252;-18.252
12;30.678;-18.678
11;27.482;-16.482
10;42.426;-32.426
9;29.43;-20.43
8;28.272;-20.272
7;30.382;-23.382
6;28.686;-22.686
5;27.812;-22.812
4;26.696;-22.696
3;25.54;-22.54
2;26.656;-24.656
1;24.096;-23.096
0;22.2;-22.2
99;79.862;19.138000000000005
98;89.428;8.572000000000003
97;88.74;8.260000000000005
96;87.178;8.822000000000003
95;85.48;9.519999999999996
94;85.296;8.703999999999994
93;83.414;9.585999999999999
92;84.008;7.992000000000004
91;78.778;12.221999999999994
90;42.474;47.526
89;45.472;43.528
88;45.73;42.27
87;47.912;39.088
86;44.328;41.672
85;44.018;40.982
84;44.966;39.034
83;46.57;36.43
82;42.794;39.206
81;45.4;35.6
80;41.456;38.544
79;45.58;33.42
78;38.314;39.686
77;43.222;33.778
76;36.156;39.844
75;38.578;36.422
74;37.82;36.18
73;37.938;35.062
72;38.432;33.568
71;46.54;24.46
70;40.142;29.857999999999997
69;38.784;30.216
68;38.232;29.768
67;40.834;26.165999999999997
66;39.796;26.204
65;40.036;24.964
64;39.316;24.683999999999997
63;42.146;20.854
62;40.192;21.808
61;33.226;27.774
60;38.396;21.604
59;39.594;19.406
58;38.046;19.954
57;30.558;26.442
56;32.208;23.792
55;35.722;19.278
54;36.97;17.03
53;35.802;17.198
52;33.78;18.22
51;35.132;15.868000000000002
50;36.238;13.762
49;38.978;10.021999999999998
48;38.738;9.262
47;39.678;7.322000000000003
46;40.98;5.020000000000003
45;39.69;5.310000000000002
44;43.654;0.34599999999999653
43;42.254;0.7460000000000022
42;44.552;-2.5519999999999996
41;37.062;3.9380000000000024
40;37.396;2.603999999999999
39;37.648;1.3519999999999968
38;45.2;-7.200000000000003
37;45.134;-8.134
36;42.084;-6.084000000000003
35;39.33;-4.329999999999998
34;40.242;-6.241999999999997
33;37.84;-4.840000000000003
32;36.0;-4.0
31;41.466;-10.466000000000001
30;43.108;-13.107999999999997
29;42.474;-13.473999999999997
28;43.758;-15.758000000000003
27;36.59;-9.590000000000003
26;42.474;-16.473999999999997
25;44.768;-19.768
24;43.114;-19.113999999999997
23;42.34;-19.340000000000003
22;43.968;-21.968000000000004
21;48.994;-27.994
20;44.862;-24.862000000000002
19;44.356;-25.356
18;39.214;-21.214
17;39.522;-22.522
16;41.508;-25.508000000000003
15;40.748;-25.747999999999998
14;27.692;-13.692
13;36.562;-23.561999999999998
12;36.338;-24.338
11;35.122;-24.122
10;41.69;-31.689999999999998
9;33.154;-24.154000000000003
8;51.336;-43.336
7;40.618;-33.618
6;44.372;-38.372
5;39.674;-34.674
4;40.518;-36.518
3;39.72;-36.72
2;35.91;-33.91
1;35.096;-34.096
0;30.808;-30.808
99;88.846;10.153999999999996
98;90.886;7.114000000000004
97;87.992;9.007999999999996
96;79.55;16.450000000000003
95;72.09;22.909999999999997
94;72.486;21.513999999999996
93;77.486;15.513999999999996
92;81.42;10.579999999999998
91;79.044;11.956000000000003
90;48.866;41.134
89;46.312;42.688
88;48.196;39.804
87;44.388;42.612
86;43.434;42.566
85;44.614;40.386
84;60.556;23.444000000000003
83;45.986;37.014
82;49.8;32.2
81;47.202;33.798
80;50.878;29.122
79;49.268;29.732
78;45.95;32.05
77;43.758;33.242
76;45.048;30.951999999999998
75;39.452;35.548
74;43.54;30.46
73;35.962;37.038
72;35.06;36.94
71;43.454;27.546
70;39.174;30.826
69;35.354;33.646
68;43.49;24.509999999999998
67;36.114;30.886000000000003
66;40.288;25.712000000000003
65;43.51;21.490000000000002
64;39.342;24.658
63;36.266;26.734
62;41.73;20.270000000000003
61;35.966;25.034
60;43.784;16.216
59;43.646;15.354
58;43.48;14.520000000000003
57;38.43;18.57
56;38.568;17.432000000000002
55;37.932;17.067999999999998
54;39.956;14.043999999999997
53;33.638;19.362000000000002
52;32.092;19.908
51;32.27;18.729999999999997
50;30.854;19.146
49;30.614;18.386
48;33.076;14.924
47;33.862;13.137999999999998
46;33.926;12.073999999999998
45;29.294;15.706
44;36.83;7.170000000000002
43;37.064;5.936
42;36.688;5.311999999999998
41;35.118;5.881999999999998
40;37.594;2.405999999999999
39;42.252;-3.2520000000000024
38;37.968;0.031999999999996476
37;36.738;0.26200000000000045
36;38.352;-2.3519999999999968
35;36.608;-1.607999999999997
34;38.798;-4.798000000000002
33;42.706;-9.706000000000003
32;39.176;-7.176000000000002
31;40.634;-9.634
30;37.83;-7.829999999999998
29;40.914;-11.914000000000001
28;38.064;-10.064
27;42.522;-15.521999999999998
26;38.378;-12.378
25;43.818;-18.817999999999998
24;42.784;-18.784
23;41.522;-18.522
22;37.212;-15.212000000000003
21;37.824;-16.823999999999998
20;40.298;-20.298000000000002
19;40.474;-21.473999999999997
18;41.552;-23.552
17;33.754;-16.753999999999998
16;49.342;-33.342
15;48.854;-33.854
14;53.592;-39.592
13;42.336;-29.336
12;38.51;-26.509999999999998
11;43.068;-32.068
10;41.924;-31.924
9;44.388;-35.388
8;38.06;-30.060000000000002
7;36.906;-29.906
6;35.882;-29.881999999999998
5;39.418;-34.418
4;34.344;-30.344
3;38.796;-35.796
2;31.23;-29.23
1;32.138;-31.137999999999998
0;40.13;-40.13
99;91.742;7.257999999999996
98;72.984;25.016000000000005
97;75.936;21.063999999999993
96;65.36;30.64
95;87.094;7.906000000000006
94;89.452;4.548000000000002
93;84.378;8.622
92;70.398;21.602000000000004
91;54.716;36.284
90;44.17;45.83
89;43.456;45.544
88;42.812;45.188
87;40.444;46.556
86;41.436;44.564
85;39.244;45.756
84;39.532;44.468
83;52.664;30.336
82;45.226;36.774
81;45.096;35.904
80;46.904;33.096
79;41.362;37.638
78;43.504;34.496
77;48.584;28.415999999999997
76;47.894;28.106
75;42.604;32.396
74;46.376;27.624000000000002
73;58.92;14.079999999999998
72;41.166;30.834000000000003
71;43.004;27.996000000000002
70;44.98;25.020000000000003
69;37.58;31.42
68;41.456;26.543999999999997
67;41.622;25.378
66;41.994;24.006
65;41.462;23.537999999999997
64;40.692;23.308
63;38.442;24.558
62;43.384;18.616
61;39.244;21.756
60;37.602;22.398000000000003
59;44.218;14.781999999999996
58;42.028;15.972000000000001
57;40.638;16.362000000000002
56;45.748;10.252000000000002
55;37.668;17.332
54;33.24;20.759999999999998
53;36.274;16.726
52;40.192;11.808
51;35.438;15.561999999999998
50;33.66;16.340000000000003
49;31.766;17.234
48;35.384;12.616
47;35.298;11.701999999999998
46;30.116;15.884
45;32.354;12.646
44;34.668;9.332
43;36.578;6.421999999999997
42;36.146;5.853999999999999
41;35.018;5.981999999999999
40;35.52;4.479999999999997
39;37.936;1.064
38;40.42;-2.4200000000000017
37;38.228;-1.2280000000000015
36;40.982;-4.981999999999999
35;41.356;-6.356000000000002
34;41.124;-7.124000000000002
33;43.24;-10.240000000000002
32;40.292;-8.292000000000002
31;39.556;-8.555999999999997
30;42.022;-12.021999999999998
29;42.536;-13.536000000000001
28;38.248;-10.247999999999998
27;40.532;-13.531999999999996
26;34.066;-8.066000000000003
25;36.87;-11.869999999999997
24;39.202;-15.201999999999998
23;38.032;-15.031999999999996
22;38.44;-16.439999999999998
21;39.896;-18.896
20;40.68;-20.68
19;41.462;-22.462000000000003
18;37.294;-19.293999999999997
17;40.818;-23.817999999999998
16;39.594;-23.594
15;39.6;-24.6
14;37.106;-23.106
13;35.466;-22.466
12;45.826;-33.826
11;37.11;-26.11
10;35.536;-25.536
9;38.828;-29.828000000000003
8;32.876;-24.875999999999998
7;39.324;-32.324
6;39.298;-33.298
5;35.844;-30.844
4;36.78;-32.78
3;36.636;-33.636
2;34.294;-32.294
1;33.892;-32.892
0;41.118;-41.118
75;74.284;0.715999999999994
74;91.464;-17.464
73;90.164;-17.164
72;89.16;-17.159999999999997
71;80.87;-9.870000000000005
70;87.488;-17.488
69;79.592;-10.591999999999999
68;79.57;-11.569999999999993
67;55.55;11.450000000000003
66;42.33;23.67
65;37.66;27.340000000000003
64;37.672;26.328000000000003
63;37.154;25.845999999999997
62;38.062;23.938000000000002
61;43.868;17.131999999999998
60;49.51;10.490000000000002
59;39.458;19.542
58;39.29;18.71
57;39.144;17.856
56;38.146;17.854
55;43.43;11.57
54;38.27;15.729999999999997
53;39.496;13.503999999999998
52;36.03;15.969999999999999
51;40.79;10.21
50;48.896;1.1039999999999992
49;45.026;3.9739999999999966
48;40.882;7.118000000000002
47;42.244;4.756
46;44.946;1.054000000000002
45;54.618;-9.618000000000002
44;45.118;-1.118000000000002
43;49.69;-6.689999999999998
42;50.278;-8.277999999999999
41;46.744;-5.744
40;43.78;-3.780000000000001
39;39.456;-0.45600000000000307
38;48.514;-10.514000000000003
37;43.17;-6.170000000000002
36;38.2;-2.200000000000003
35;38.19;-3.1899999999999977
34;40.238;-6.2379999999999995
33;37.382;-4.381999999999998
32;34.87;-2.8699999999999974
31;33.36;-2.3599999999999994
30;33.448;-3.4480000000000004
29;29.568;-0.5680000000000014
28;29.174;-1.1739999999999995
27;29.362;-2.3619999999999983
26;30.0;-4.0
25;30.76;-5.760000000000002
24;40.194;-16.194000000000003
23;42.046;-19.046
22;40.734;-18.734
21;43.042;-22.042
20;43.096;-23.095999999999997
19;42.078;-23.078000000000003
18;41.702;-23.701999999999998
17;44.04;-27.04
16;41.436;-25.436
15;39.424;-24.424
14;38.532;-24.531999999999996
13;38.702;-25.701999999999998
12;40.356;-28.356
11;37.984;-26.984
10;36.85;-26.85
9;37.038;-28.037999999999997
8;39.834;-31.834000000000003
7;37.126;-30.125999999999998
6;41.5;-35.5
5;41.174;-36.174
4;40.702;-36.702
3;40.476;-37.476
2;45.822;-43.822
1;43.568;-42.568
0;47.05;-47.05
107;39.638;67.362
106;38.144;67.856
105;37.77;67.22999999999999
104;36.096;67.904
103;40.856;62.144
102;37.616;64.384
101;34.2;66.8
100;32.586;67.414
99;33.942;65.05799999999999
98;37.64;60.36
97;36.552;60.448
96;32.286;63.714
95;44.554;50.446
94;37.504;56.496
93;36.54;56.46
92;37.89;54.11
91;44.006;46.994
90;38.74;51.26
89;40.614;48.386
88;44.744;43.256
87;43.986;43.014
86;44.274;41.726
85;39.72;45.28
84;39.51;44.49
83;43.182;39.818
82;45.908;36.092
81;46.506;34.494
80;43.902;36.098
79;49.818;29.182000000000002
78;51.65;26.35
77;56.036;20.964
76;52.854;23.146
75;51.82;23.18
74;52.044;21.956000000000003
73;49.114;23.886000000000003
72;44.752;27.247999999999998
71;44.51;26.490000000000002
70;47.804;22.195999999999998
69;44.374;24.625999999999998
68;49.466;18.534
67;48.538;18.462000000000003
66;42.344;23.656
65;44.786;20.214
64;47.564;16.436
63;47.334;15.665999999999997
62;47.974;14.026000000000003
61;47.344;13.655999999999999
60;45.56;14.439999999999998
59;45.822;13.177999999999997
58;48.998;9.002000000000002
57;45.228;11.771999999999998
56;47.162;8.838000000000001
55;47.958;7.042000000000002
54;47.344;6.655999999999999
53;47.432;5.567999999999998
52;52.238;-0.23799999999999955
51;50.876;0.12400000000000233
50;47.46;2.539999999999999
49;49.514;-0.5140000000000029
48;49.442;-1.4420000000000002
47;46.484;0.5159999999999982
46;48.774;-2.774000000000001
45;54.218;-9.218000000000004
44;49.132;-5.131999999999998
43;46.352;-3.3519999999999968
42;47.8;-5.799999999999997
41;47.318;-6.317999999999998
40;45.6;-5.600000000000001
39;48.016;-9.015999999999998
38;44.888;-6.887999999999998
37;41.168;-4.167999999999999
36;44.378;-8.378
35;43.734;-8.734000000000002
34;43.414;-9.414000000000001
33;42.748;-9.747999999999998
32;44.232;-12.232
31;42.276;-11.276000000000003
30;40.554;-10.554000000000002
29;40.878;-11.878
28;39.294;-11.293999999999997
27;41.848;-14.847999999999999
26;38.954;-12.954
25;37.36;-12.36
24;40.49;-16.490000000000002
23;39.78;-16.78
22;35.31;-13.310000000000002
21;33.532;-12.531999999999996
20;38.404;-18.404000000000003
19;35.994;-16.994
18;43.308;-25.308
17;41.628;-24.628
16;43.196;-27.195999999999998
15;40.008;-25.008000000000003
14;37.01;-23.009999999999998
13;36.798;-23.798000000000002
12;39.35;-27.35
11;36.772;-25.772
10;45.118;-35.118
9;38.12;-29.119999999999997
8;37.038;-29.037999999999997
7;33.07;-26.07
6;31.146;-25.146
5;33.47;-28.47
4;40.04;-36.04
3;36.706;-33.706
2;35.706;-33.706
1;35.57;-34.57
0;36.524;-36.524
99;90.216;8.784000000000006
98;89.766;8.233999999999995
97;89.568;7.432000000000002
96;86.472;9.528000000000006
95;85.944;9.055999999999997
94;86.406;7.593999999999994
93;83.92;9.079999999999998
92;86.178;5.822000000000003
91;79.318;11.682000000000002
90;44.554;45.446
89;43.11;45.89
88;50.408;37.592
87;48.008;38.992
86;43.626;42.374
85;49.708;35.292
84;49.098;34.902
83;48.758;34.242
82;53.758;28.241999999999997
81;53.374;27.625999999999998
80;50.498;29.502000000000002
79;53.566;25.433999999999997
78;47.388;30.612000000000002
77;48.844;28.156
76;48.69;27.310000000000002
75;46.714;28.286
74;56.596;17.404000000000003
73;53.862;19.137999999999998
72;49.678;22.322000000000003
71;53.914;17.086
70;49.414;20.586
69;53.584;15.415999999999997
68;56.412;11.588000000000001
67;59.808;7.192
66;58.402;7.597999999999999
65;60.298;4.701999999999998
64;59.786;4.213999999999999
63;52.948;10.052
62;51.574;10.426000000000002
61;50.516;10.484000000000002
60;56.526;3.4739999999999966
59;56.72;2.280000000000001
58;52.134;5.866
57;57.112;-0.11200000000000188
56;58.628;-2.628
55;52.082;2.9179999999999993
54;52.198;1.8019999999999996
53;52.7;0.29999999999999716
52;54.316;-2.3160000000000025
51;46.596;4.4040000000000035
50;45.074;4.926000000000002
49;47.356;1.6439999999999984
48;48.638;-0.6379999999999981
47;42.376;4.624000000000002
46;44.892;1.107999999999997
45;42.238;2.7620000000000005
44;46.956;-2.956000000000003
43;47.912;-4.911999999999999
42;48.822;-6.822000000000003
41;45.452;-4.451999999999998
40;50.904;-10.904000000000003
39;51.182;-12.182000000000002
38;53.366;-15.366
37;55.09;-18.090000000000003
36;54.98;-18.979999999999997
35;52.868;-17.868000000000002
34;56.402;-22.402
33;54.146;-21.146
32;55.352;-23.351999999999997
31;53.81;-22.810000000000002
30;51.718;-21.718000000000004
29;51.458;-22.458
28;47.674;-19.674
27;51.174;-24.174
26;47.54;-21.54
25;48.474;-23.473999999999997
24;46.084;-22.084000000000003
23;45.086;-22.086
22;46.36;-24.36
21;42.958;-21.958
20;43.718;-23.718000000000004
19;42.494;-23.494
18;39.106;-21.106
17;44.304;-27.304000000000002
16;39.796;-23.796
15;40.094;-25.094
14;41.156;-27.156
13;38.774;-25.774
12;39.644;-27.644
11;40.984;-29.984
10;38.206;-28.206000000000003
9;36.904;-27.904000000000003
8;39.834;-31.834000000000003
7;36.888;-29.887999999999998
6;35.992;-29.991999999999997
5;47.516;-42.516
4;36.87;-32.87
3;35.988;-32.988
2;37.872;-35.872
1;36.682;-35.682
0;40.298;-40.298
99;86.516;12.483999999999995
98;91.21;6.790000000000006
97;88.622;8.378
96;87.112;8.888000000000005
95;88.702;6.298000000000002
94;85.972;8.028000000000006
93;84.92;8.079999999999998
92;85.7;6.299999999999997
91;73.636;17.364000000000004
90;44.116;45.884
89;44.996;44.004
88;41.57;46.43
87;43.676;43.324
86;42.334;43.666
85;43.628;41.372
84;48.0;36.0
83;51.698;31.302
82;52.198;29.802
81;46.86;34.14
80;50.96;29.04
79;50.326;28.674
78;55.07;22.93
77;57.104;19.896
76;56.428;19.572000000000003
75;53.614;21.386000000000003
74;56.624;17.375999999999998
73;59.78;13.219999999999999
72;56.604;15.396
71;54.008;16.991999999999997
70;48.976;21.024
69;51.934;17.066000000000003
68;47.112;20.887999999999998
67;43.768;23.232
66;43.822;22.177999999999997
65;42.292;22.708
64;39.846;24.154000000000003
63;42.218;20.781999999999996
62;53.912;8.088000000000001
61;50.014;10.985999999999997
60;54.942;5.058
59;47.376;11.624000000000002
58;52.792;5.207999999999998
57;51.486;5.514000000000003
56;54.018;1.9819999999999993
55;47.416;7.584000000000003
54;42.812;11.188000000000002
53;48.238;4.7620000000000005
52;43.292;8.707999999999998
51;45.156;5.844000000000001
50;47.212;2.7879999999999967
49;52.584;-3.584000000000003
48;53.174;-5.1739999999999995
47;51.056;-4.055999999999997
46;50.606;-4.606000000000002
45;50.284;-5.283999999999999
44;49.578;-5.578000000000003
43;50.464;-7.463999999999999
42;51.266;-9.265999999999998
41;49.324;-8.323999999999998
40;51.17;-11.170000000000002
39;49.502;-10.502000000000002
38;52.984;-14.984000000000002
37;49.564;-12.564
36;51.388;-15.387999999999998
35;51.542;-16.542
34;49.602;-15.601999999999997
33;52.376;-19.375999999999998
32;51.448;-19.448
31;51.056;-20.055999999999997
30;52.862;-22.862000000000002
29;48.206;-19.206000000000003
28;50.476;-22.476
27;46.984;-19.984
26;51.232;-25.232
25;49.082;-24.082
24;44.172;-20.171999999999997
23;50.29;-27.29
22;48.792;-26.792
21;47.46;-26.46
20;46.256;-26.256
19;47.064;-28.064
18;47.056;-29.055999999999997
17;46.63;-29.630000000000003
16;49.358;-33.358
15;50.222;-35.222
14;47.628;-33.628
13;45.206;-32.206
12;46.536;-34.536
11;45.83;-34.83
10;49.126;-39.126
9;43.172;-34.172
8;44.092;-36.092
7;41.336;-34.336
6;39.832;-33.832
5;37.98;-32.98
4;34.698;-30.698
3;45.72;-42.72
2;39.022;-37.022
1;39.368;-38.368
0;45.43;-45.43
99;88.312;10.688000000000002
98;87.386;10.614000000000004
97;86.628;10.372
96;84.966;11.034000000000006
95;84.942;10.058000000000007
94;85.56;8.439999999999998
93;85.37;7.6299999999999955
92;84.224;7.775999999999996
91;70.948;20.052000000000007
90;50.004;39.996
89;41.512;47.488
88;40.648;47.352
87;40.182;46.818
86;38.182;47.818
85;44.018;40.982
84;42.62;41.38
83;36.43;46.57
82;39.762;42.238
81;42.776;38.224
80;39.078;40.922
79;42.858;36.142
78;55.874;22.125999999999998
77;39.332;37.668
76;38.172;37.828
75;43.624;31.375999999999998
74;43.374;30.625999999999998
73;44.542;28.458
72;48.15;23.85
71;35.752;35.248
70;42.396;27.604
69;44.992;24.008000000000003
68;46.03;21.97
67;48.334;18.665999999999997
66;49.746;16.253999999999998
65;47.844;17.156
64;48.422;15.578000000000003
63;53.332;9.668
62;54.342;7.658000000000001
61;57.744;3.2560000000000002
60;58.224;1.7760000000000034
59;55.082;3.9179999999999993
58;51.996;6.003999999999998
57;53.668;3.3320000000000007
56;58.036;-2.0360000000000014
55;50.418;4.582000000000001
54;55.206;-1.206000000000003
53;55.582;-2.5820000000000007
52;53.052;-1.0519999999999996
51;51.072;-0.07200000000000273
50;50.936;-0.9359999999999999
49;53.598;-4.597999999999999
48;55.936;-7.936
47;54.802;-7.802
46;53.116;-7.116
45;53.942;-8.942
44;52.636;-8.636000000000003
43;54.018;-11.018
42;50.72;-8.719999999999999
41;53.178;-12.177999999999997
40;51.626;-11.625999999999998
39;49.066;-10.066000000000003
38;51.35;-13.350000000000001
37;50.578;-13.578000000000003
36;51.372;-15.372
35;48.51;-13.509999999999998
34;48.752;-14.752000000000002
33;50.584;-17.584000000000003
32;48.418;-16.418
31;48.696;-17.695999999999998
30;45.634;-15.634
29;45.238;-16.238
28;41.956;-13.956000000000003
27;48.616;-21.616
26;41.114;-15.113999999999997
25;41.826;-16.826
24;42.612;-18.612000000000002
23;45.958;-22.958
22;41.978;-19.978
21;43.508;-22.508000000000003
20;40.662;-20.662
19;41.394;-22.394
18;40.72;-22.72
17;43.522;-26.522
16;48.224;-32.224
15;42.616;-27.616
14;40.14;-26.14
13;39.28;-26.28
12;37.158;-25.158
11;40.594;-29.594
10;40.886;-30.886000000000003
9;38.12;-29.119999999999997
8;33.296;-25.296
7;33.716;-26.716
6;33.068;-27.067999999999998
5;38.248;-33.248
4;34.66;-30.659999999999997
3;37.72;-34.72
2;37.644;-35.644
1;34.26;-33.26
0;32.6;-32.6
82;86.596;-4.596000000000004
81;89.128;-8.128
80;88.794;-8.793999999999997
79;83.97;-4.969999999999999
78;86.058;-8.058000000000007
77;87.382;-10.382000000000005
76;87.246;-11.245999999999995
75;86.072;-11.072000000000003
74;83.276;-9.275999999999996
73;47.44;25.560000000000002
72;49.606;22.394
71;52.176;18.823999999999998
70;47.984;22.016
69;49.822;19.177999999999997
68;51.276;16.723999999999997
67;49.458;17.542
66;49.21;16.79
65;51.196;13.804000000000002
64;46.224;17.776000000000003
63;51.3;11.700000000000003
62;58.444;3.5559999999999974
61;50.516;10.484000000000002
60;57.63;2.3699999999999974
59;53.244;5.756
58;61.726;-3.725999999999999
57;51.558;5.442
56;52.85;3.1499999999999986
55;60.354;-5.353999999999999
54;52.412;1.588000000000001
53;58.154;-5.1540000000000035
52;49.318;2.682000000000002
51;48.772;2.2280000000000015
50;48.774;1.225999999999999
49;55.852;-6.851999999999997
48;54.21;-6.210000000000001
47;53.342;-6.341999999999999
46;56.766;-10.765999999999998
45;51.38;-6.380000000000003
44;59.666;-15.665999999999997
43;56.634;-13.634
42;51.556;-9.555999999999997
41;54.898;-13.898000000000003
40;55.004;-15.003999999999998
39;53.28;-14.280000000000001
38;49.408;-11.408000000000001
37;50.816;-13.816000000000003
36;54.648;-18.648000000000003
35;49.38;-14.380000000000003
34;47.698;-13.698
33;50.082;-17.082
32;52.464;-20.464
31;52.174;-21.174
30;49.36;-19.36
29;52.628;-23.628
28;50.22;-22.22
27;48.49;-21.490000000000002
26;48.1;-22.1
25;50.72;-25.72
24;52.712;-28.712000000000003
23;50.662;-27.662
22;47.376;-25.375999999999998
21;51.754;-30.753999999999998
20;48.886;-28.886000000000003
19;48.368;-29.368000000000002
18;49.5;-31.5
17;49.5;-32.5
16;48.33;-32.33
15;47.2;-32.2
14;44.282;-30.281999999999996
13;48.098;-35.098
12;49.786;-37.786
11;43.218;-32.218
10;46.896;-36.896
9;50.92;-41.92
8;48.686;-40.686
7;48.586;-41.586
6;49.298;-43.298
5;52.308;-47.308
4;50.782;-46.782
3;50.518;-47.518
2;46.026;-44.026
1;42.164;-41.164
0;44.35;-44.35
99;39.964;59.036
98;39.006;58.994
97;39.396;57.604
96;39.03;56.97
95;39.104;55.896
94;35.474;58.526
93;35.98;57.02
92;39.732;52.268
91;43.672;47.328
90;44.14;45.86
89;42.486;46.514
88;43.084;44.916
87;44.19;42.81
86;45.772;40.228
85;41.066;43.934
84;44.126;39.874
83;45.782;37.218
82;42.278;39.722
81;47.134;33.866
80;45.332;34.668
79;42.962;36.038
78;47.188;30.811999999999998
77;44.648;32.352
76;42.872;33.128
75;45.608;29.392000000000003
74;45.292;28.708
73;39.212;33.788
72;39.15;32.85
71;44.8;26.200000000000003
70;44.704;25.296
69;44.122;24.878
68;43.332;24.668
67;41.412;25.588
66;43.108;22.892000000000003
65;43.086;21.914
64;37.884;26.116
63;42.478;20.522
62;42.652;19.348
61;37.97;23.03
60;35.624;24.375999999999998
59;39.164;19.836
58;39.694;18.305999999999997
57;39.458;17.542
56;42.012;13.988
55;45.066;9.933999999999997
54;43.43;10.57
53;43.142;9.857999999999997
52;39.678;12.322000000000003
51;41.564;9.436
50;51.418;-1.4179999999999993
49;41.346;7.6540000000000035
48;36.898;11.101999999999997
47;46.142;0.857999999999997
46;36.574;9.426000000000002
45;35.42;9.579999999999998
44;49.914;-5.9140000000000015
43;47.268;-4.268000000000001
42;54.752;-12.752000000000002
41;49.89;-8.89
40;46.494;-6.494
39;45.414;-6.4140000000000015
38;45.986;-7.985999999999997
37;41.756;-4.756
36;41.726;-5.725999999999999
35;44.536;-9.536000000000001
34;43.352;-9.351999999999997
33;44.874;-11.874000000000002
32;44.634;-12.634
31;45.71;-14.71
30;36.512;-6.5120000000000005
29;53.074;-24.073999999999998
28;46.98;-18.979999999999997
27;42.71;-15.71
26;45.236;-19.235999999999997
25;49.056;-24.055999999999997
24;48.462;-24.462000000000003
23;46.81;-23.810000000000002
22;49.158;-27.158
21;45.29;-24.29
20;40.328;-20.328000000000003
19;41.286;-22.286
18;44.52;-26.520000000000003
17;41.608;-24.607999999999997
16;39.03;-23.03
15;39.982;-24.982
14;39.914;-25.914
13;40.524;-27.524
12;38.356;-26.356
11;40.1;-29.1
10;35.406;-25.406
9;34.844;-25.844
8;37.604;-29.604
7;39.492;-32.492
6;38.436;-32.436
5;37.218;-32.218
4;39.48;-35.48
3;38.3;-35.3
2;36.672;-34.672
1;36.076;-35.076
0;38.294;-38.294
99;95.108;3.891999999999996
98;94.742;3.2579999999999956
97;94.224;2.7759999999999962
96;93.814;2.186000000000007
95;92.522;2.4779999999999944
94;91.552;2.4479999999999933
93;91.242;1.7579999999999956
92;89.536;2.4639999999999986
91;88.952;2.048000000000002
90;34.292;55.708
89;34.666;54.334
88;33.502;54.498
87;36.55;50.45
86;35.074;50.926
85;35.116;49.884
84;32.092;51.908
83;34.482;48.518
82;32.312;49.688
81;34.366;46.634
80;36.61;43.39
79;36.618;42.382
78;37.38;40.62
77;35.928;41.072
76;36.0;40.0
75;35.73;39.27
74;40.226;33.774
73;35.418;37.582
72;38.44;33.56
71;39.558;31.442
70;37.25;32.75
69;35.02;33.98
68;34.152;33.848
67;36.72;30.28
66;35.636;30.363999999999997
65;36.724;28.276000000000003
64;39.916;24.084000000000003
63;37.18;25.82
62;37.88;24.119999999999997
61;38.362;22.637999999999998
60;42.856;17.144
59;42.918;16.082
58;41.588;16.412
57;39.206;17.793999999999997
56;38.308;17.692
55;34.712;20.287999999999997
54;32.814;21.186
53;33.624;19.375999999999998
52;34.506;17.494
51;34.588;16.412
50;36.536;13.463999999999999
49;38.57;10.43
48;40.728;7.2719999999999985
47;40.668;6.332000000000001
46;40.062;5.938000000000002
45;37.566;7.4339999999999975
44;40.006;3.9939999999999998
43;41.844;1.1559999999999988
42;37.574;4.426000000000002
41;42.002;-1.0020000000000024
40;32.836;7.1640000000000015
39;40.456;-1.456000000000003
38;44.988;-6.9879999999999995
37;39.686;-2.686
36;43.514;-7.514000000000003
35;42.738;-7.7379999999999995
34;47.938;-13.938000000000002
33;48.0;-15.0
32;49.552;-17.552
31;50.312;-19.311999999999998
30;50.134;-20.134
29;46.862;-17.862000000000002
28;46.764;-18.764000000000003
27;49.59;-22.590000000000003
26;44.796;-18.796
25;48.554;-23.554000000000002
24;44.694;-20.694000000000003
23;42.972;-19.972
22;46.922;-24.921999999999997
21;46.13;-25.130000000000003
20;49.656;-29.656
19;48.708;-29.708
18;47.494;-29.494
17;47.812;-30.811999999999998
16;53.616;-37.616
15;54.618;-39.618
14;51.344;-37.344
13;49.204;-36.204
12;41.724;-29.723999999999997
11;42.468;-31.468000000000004
10;43.188;-33.188
9;45.474;-36.474
8;47.13;-39.13
7;43.15;-36.15
6;38.4;-32.4
5;33.874;-28.874000000000002
4;35.254;-31.253999999999998
3;38.798;-35.798
2;40.508;-38.508
1;42.68;-41.68
0;40.254;-40.254
99;94.738;4.2620000000000005
98;95.244;2.7560000000000002
97;94.264;2.736000000000004
96;93.698;2.3020000000000067
95;93.21;1.7900000000000063
94;92.034;1.965999999999994
93;91.596;1.4039999999999964
92;90.856;1.1440000000000055
91;88.93;2.069999999999993
90;39.15;50.85
89;39.758;49.242
88;39.246;48.754
87;36.038;50.962
86;37.2;48.8
85;37.454;47.546
84;37.61;46.39
83;35.966;47.034
82;38.888;43.112
81;40.842;40.158
80;41.834;38.166
79;43.072;35.928
78;42.396;35.604
77;42.412;34.588
76;42.616;33.384
75;45.904;29.095999999999997
74;44.268;29.732
73;44.738;28.262
72;44.244;27.756
71;45.846;25.154000000000003
70;45.514;24.485999999999997
69;44.724;24.276000000000003
68;47.288;20.712000000000003
67;44.21;22.79
66;41.576;24.424
65;47.038;17.962000000000003
64;47.408;16.592
63;45.744;17.256
62;43.796;18.204
61;42.68;18.32
60;44.942;15.058
59;44.73;14.270000000000003
58;44.124;13.875999999999998
57;43.99;13.009999999999998
56;40.904;15.095999999999997
55;38.156;16.844
54;38.42;15.579999999999998
53;41.362;11.637999999999998
52;43.07;8.93
51;42.37;8.630000000000003
50;41.516;8.484000000000002
49;44.932;4.067999999999998
48;46.776;1.2239999999999966
47;39.134;7.866
46;43.638;2.362000000000002
45;39.544;5.456000000000003
44;41.466;2.533999999999999
43;44.188;-1.1880000000000024
42;38.7;3.299999999999997
41;43.184;-2.1839999999999975
40;40.662;-0.661999999999999
39;46.308;-7.308
38;48.55;-10.549999999999997
37;43.544;-6.543999999999997
36;33.412;2.588000000000001
35;38.556;-3.5559999999999974
34;44.86;-10.86
33;47.282;-14.281999999999996
32;49.778;-17.778
31;50.048;-19.048000000000002
30;50.788;-20.787999999999997
29;49.428;-20.427999999999997
28;40.668;-12.668
27;44.434;-17.433999999999997
26;46.542;-20.542
25;51.516;-26.516
24;55.228;-31.228
23;53.43;-30.43
22;51.732;-29.732
21;44.402;-23.402
20;46.53;-26.53
19;49.306;-30.305999999999997
18;48.862;-30.862000000000002
17;45.948;-28.948
16;41.784;-25.784
15;49.42;-34.42
14;44.92;-30.92
13;42.47;-29.47
12;43.814;-31.814
11;43.714;-32.714
10;46.092;-36.092
9;43.52;-34.52
8;46.84;-38.84
7;43.224;-36.224
6;43.918;-37.918
5;40.94;-35.94
4;40.854;-36.854
3;41.294;-38.294
2;41.068;-39.068
1;41.47;-40.47
0;40.264;-40.264
99;92.134;6.866
98;93.306;4.694000000000003
97;93.192;3.808000000000007
96;92.984;3.0160000000000053
95;92.088;2.912000000000006
94;91.848;2.152000000000001
93;91.796;1.2039999999999935
92;90.624;1.3760000000000048
91;90.214;0.7860000000000014
90;44.308;45.692
89;40.81;48.19
88;39.372;48.628
87;37.17;49.83
86;36.962;49.038
85;35.034;49.966
84;36.798;47.202
83;37.526;45.474
82;37.014;44.986
81;39.794;41.206
80;39.646;40.354
79;33.648;45.352
78;35.618;42.382
77;36.532;40.468
76;35.092;40.908
75;37.506;37.494
74;35.71;38.29
73;36.794;36.206
72;34.91;37.09
71;31.236;39.763999999999996
70;36.256;33.744
69;40.932;28.067999999999998
68;40.886;27.113999999999997
67;36.754;30.246000000000002
66;38.18;27.82
65;39.58;25.42
64;38.458;25.542
63;35.932;27.067999999999998
62;39.016;22.984
61;36.214;24.786
60;36.948;23.052
59;31.958;27.042
58;34.824;23.176000000000002
57;36.82;20.18
56;37.85;18.15
55;37.446;17.554000000000002
54;37.898;16.101999999999997
53;42.414;10.585999999999999
52;46.938;5.061999999999998
51;44.352;6.648000000000003
50;47.526;2.4739999999999966
49;44.45;4.549999999999997
48;46.556;1.4440000000000026
47;46.532;0.4680000000000035
46;44.352;1.6480000000000032
45;42.694;2.3059999999999974
44;42.55;1.4500000000000028
43;44.398;-1.3980000000000032
42;47.698;-5.698
41;41.24;-0.240000000000002
40;49.762;-9.762
39;35.872;3.128
38;46.258;-8.258000000000003
37;46.956;-9.956000000000003
36;48.272;-12.271999999999998
35;46.448;-11.448
34;41.02;-7.020000000000003
33;47.332;-14.332
32;42.04;-10.04
31;44.21;-13.21
30;42.048;-12.048000000000002
29;46.638;-17.637999999999998
28;35.2;-7.200000000000003
27;35.1;-8.100000000000001
26;39.964;-13.963999999999999
25;43.648;-18.648000000000003
24;46.16;-22.159999999999997
23;45.26;-22.259999999999998
22;33.678;-11.677999999999997
21;40.412;-19.412
20;39.382;-19.381999999999998
19;34.688;-15.688000000000002
18;40.808;-22.808
17;39.074;-22.073999999999998
16;41.24;-25.240000000000002
15;45.988;-30.988
14;45.426;-31.426000000000002
13;40.352;-27.351999999999997
12;40.524;-28.524
11;43.192;-32.192
10;44.646;-34.646
9;43.332;-34.332
8;44.552;-36.552
7;43.182;-36.182
6;43.288;-37.288
5;42.954;-37.954
4;40.032;-36.032
3;40.796;-37.796
2;40.104;-38.104
1;42.486;-41.486
0;41.574;-41.574
90;92.118;-2.117999999999995
89;94.504;-5.504000000000005
88;93.088;-5.087999999999994
87;92.962;-5.962000000000003
86;92.124;-6.123999999999995
85;91.922;-6.921999999999997
84;90.032;-6.0319999999999965
83;89.586;-6.5859999999999985
82;87.648;-5.647999999999996
81;39.028;41.972
80;39.904;40.096
79;40.16;38.84
78;39.732;38.268
77;41.698;35.302
76;44.114;31.886000000000003
75;40.262;34.738
74;40.926;33.074
73;41.786;31.214
72;42.928;29.072000000000003
71;42.596;28.404000000000003
70;39.472;30.528
69;36.064;32.936
68;35.738;32.262
67;38.68;28.32
66;37.036;28.964
65;38.276;26.723999999999997
64;38.566;25.433999999999997
63;44.452;18.548000000000002
62;47.44;14.560000000000002
61;44.114;16.886000000000003
60;41.988;18.012
59;37.446;21.554000000000002
58;42.172;15.828000000000003
57;39.45;17.549999999999997
56;39.584;16.415999999999997
55;45.418;9.582
54;38.762;15.238
53;39.97;13.030000000000001
52;32.304;19.695999999999998
51;39.806;11.194000000000003
50;39.088;10.911999999999999
49;37.304;11.695999999999998
48;43.214;4.786000000000001
47;45.118;1.881999999999998
46;38.792;7.207999999999998
45;38.762;6.2379999999999995
44;34.91;9.090000000000003
43;37.818;5.182000000000002
42;42.022;-0.021999999999998465
41;35.918;5.082000000000001
40;34.614;5.386000000000003
39;38.346;0.6540000000000035
38;39.114;-1.1139999999999972
37;34.856;2.1439999999999984
36;36.818;-0.8179999999999978
35;37.442;-2.442
34;37.896;-3.896000000000001
33;44.076;-11.076
32;45.078;-13.078000000000003
31;44.768;-13.768
30;46.75;-16.75
29;41.484;-12.484000000000002
28;36.042;-8.042000000000002
27;38.476;-11.475999999999999
26;42.002;-16.002000000000002
25;42.162;-17.162
24;62.284;-38.284
23;46.94;-23.939999999999998
22;44.386;-22.386000000000003
21;46.526;-25.526000000000003
20;38.566;-18.566000000000003
19;38.406;-19.406
18;49.454;-31.454
17;53.786;-36.786
16;48.298;-32.298
15;40.96;-25.96
14;53.748;-39.748
13;44.336;-31.336
12;43.632;-31.631999999999998
11;43.94;-32.94
10;52.638;-42.638
9;49.818;-40.818
8;47.664;-39.664
7;44.626;-37.626
6;46.426;-40.426
5;45.244;-40.244
4;41.694;-37.694
3;43.32;-40.32
2;46.87;-44.87
1;47.126;-46.126
0;38.894;-38.894
117;38.882;78.118
116;41.944;74.056
115;32.942;82.05799999999999
114;32.94;81.06
113;34.194;78.806
112;35.79;76.21000000000001
111;31.796;79.20400000000001
110;31.776;78.224
109;33.362;75.638
108;32.08;75.92
107;32.29;74.71000000000001
106;39.634;66.366
105;47.626;57.374
104;36.826;67.174
103;39.246;63.754
102;36.798;65.202
101;39.856;61.144
100;40.508;59.492
99;40.654;58.346
98;38.172;59.828
97;34.928;62.072
96;39.63;56.37
95;39.814;55.186
94;40.688;53.312
93;41.55;51.45
92;41.144;50.856
91;36.592;54.408
90;45.174;44.826
89;37.196;51.804
88;36.408;51.592
87;38.972;48.028
86;44.856;41.144
85;43.604;41.396
84;43.584;40.416
83;44.232;38.768
82;40.416;41.584
81;39.128;41.872
80;36.762;43.238
79;38.16;40.84
78;38.932;39.068
77;40.422;36.578
76;42.438;33.562
75;37.634;37.366
74;36.978;37.022
73;32.004;40.996
72;26.774;45.226
71;30.098;40.902
70;27.82;42.18
69;35.934;33.066
68;37.456;30.543999999999997
67;41.616;25.384
66;39.366;26.634
65;35.3;29.700000000000003
64;36.428;27.572000000000003
63;31.7;31.3
62;33.474;28.526000000000003
61;34.464;26.536
60;38.35;21.65
59;36.404;22.595999999999997
58;27.502;30.498
57;27.154;29.846
56;26.39;29.61
55;24.12;30.88
54;26.462;27.538
53;38.834;14.165999999999997
52;28.398;23.602
51;28.892;22.108
50;28.836;21.164
49;50.546;-1.5459999999999994
48;32.47;15.530000000000001
47;30.292;16.708
46;29.336;16.664
45;31.25;13.75
44;27.292;16.708
43;23.71;19.29
42;23.5;18.5
41;23.678;17.322
40;21.808;18.192
39;21.016;17.984
38;19.408;18.592
37;22.356;14.643999999999998
36;21.242;14.758
35;22.1;12.899999999999999
34;22.364;11.636
33;26.866;6.134
32;22.164;9.835999999999999
31;22.724;8.276
30;22.99;7.010000000000002
29;21.838;7.161999999999999
28;24.878;3.122
27;23.392;3.6080000000000005
26;23.258;2.742000000000001
25;21.372;3.628
24;20.144;3.8560000000000016
23;19.866;3.1340000000000003
22;19.87;2.129999999999999
21;18.216;2.783999999999999
20;19.824;0.17599999999999838
19;19.816;-0.815999999999999
18;16.338;1.661999999999999
17;19.262;-2.2620000000000005
16;17.88;-1.879999999999999
15;18.664;-3.6640000000000015
14;17.438;-3.437999999999999
13;17.648;-4.648
12;17.252;-5.251999999999999
11;18.456;-7.4559999999999995
10;17.82;-7.82
9;18.072;-9.072
8;17.572;-9.572
7;16.394;-9.393999999999998
6;15.994;-9.994
5;16.428;-11.428
4;16.646;-12.646
3;17.03;-14.030000000000001
2;15.34;-13.34
1;14.9;-13.9
0;15.894;-15.894
99;87.204;11.796000000000006
98;89.58;8.420000000000002
97;87.396;9.604
96;89.01;6.989999999999995
95;87.128;7.872
94;84.088;9.912000000000006
93;84.038;8.962000000000003
92;84.15;7.849999999999994
91;80.476;10.524000000000001
90;44.854;45.146
89;47.912;41.088
88;45.106;42.894
87;42.296;44.704
86;41.276;44.724
85;40.29;44.71
84;40.02;43.98
83;34.998;48.002
82;33.53;48.47
81;37.192;43.808
80;38.948;41.052
79;36.736;42.264
78;30.542;47.458
77;36.714;40.286
76;32.976;43.024
75;38.374;36.626
74;40.612;33.388
73;39.892;33.108
72;42.978;29.022
71;39.838;31.162
70;38.124;31.875999999999998
69;43.372;25.628
68;41.806;26.194000000000003
67;39.4;27.6
66;48.558;17.442
65;43.19;21.810000000000002
64;41.324;22.676000000000002
63;43.662;19.338
62;41.648;20.351999999999997
61;43.618;17.381999999999998
60;40.034;19.966
59;40.402;18.598
58;44.44;13.560000000000002
57;50.09;6.909999999999997
56;42.184;13.816000000000003
55;37.014;17.985999999999997
54;37.238;16.762
53;44.348;8.652000000000001
52;44.508;7.491999999999997
51;41.212;9.787999999999997
50;38.9;11.100000000000001
49;38.096;10.904000000000003
48;38.504;9.496000000000002
47;36.712;10.287999999999997
46;39.202;6.798000000000002
45;32.728;12.271999999999998
44;31.472;12.527999999999999
43;26.69;16.31
42;35.916;6.084000000000003
41;44.862;-3.862000000000002
40;38.89;1.1099999999999994
39;38.27;0.7299999999999969
38;37.662;0.33800000000000097
37;33.77;3.229999999999997
36;36.124;-0.12400000000000233
35;39.824;-4.823999999999998
34;37.168;-3.1679999999999993
33;40.266;-7.265999999999998
32;36.858;-4.857999999999997
31;41.236;-10.235999999999997
30;34.854;-4.853999999999999
29;29.732;-0.7319999999999993
28;31.908;-3.9080000000000013
27;26.916;0.08399999999999963
26;36.074;-10.073999999999998
25;28.016;-3.0159999999999982
24;26.498;-2.498000000000001
23;36.87;-13.869999999999997
22;26.736;-4.736000000000001
21;26.986;-5.986000000000001
20;26.74;-6.739999999999998
19;25.626;-6.626000000000001
18;27.92;-9.920000000000002
17;29.016;-12.015999999999998
16;24.802;-8.802
15;24.674;-9.674
14;27.21;-13.21
13;24.302;-11.302
12;25.034;-13.033999999999999
11;26.962;-15.962
10;25.796;-15.796
9;25.594;-16.594
8;26.988;-18.988
7;26.182;-19.182
6;26.946;-20.946
5;25.908;-20.908
4;22.502;-18.502
3;26.096;-23.096
2;23.882;-21.882
1;25.018;-24.018
0;25.118;-25.118
99;83.912;15.087999999999994
98;68.828;29.171999999999997
97;80.164;16.836
96;80.93;15.069999999999993
95;79.306;15.694000000000003
94;85.366;8.634
93;83.24;9.760000000000005
92;63.25;28.75
91;77.564;13.436000000000007
90;40.538;49.462
89;38.958;50.042
88;38.022;49.978
87;37.582;49.418
86;42.62;43.38
85;39.382;45.618
84;45.504;38.496
83;44.252;38.748
82;44.44;37.56
81;49.638;31.362000000000002
80;46.122;33.878
79;44.048;34.952
78;45.166;32.834
77;41.402;35.598
76;44.954;31.046
75;43.656;31.344
74;45.478;28.522
73;41.172;31.828000000000003
72;40.664;31.336
71;41.88;29.119999999999997
70;42.182;27.817999999999998
69;41.7;27.299999999999997
68;41.834;26.165999999999997
67;42.302;24.698
66;41.398;24.601999999999997
65;41.772;23.228
64;37.944;26.055999999999997
63;37.812;25.188000000000002
62;40.474;21.526000000000003
61;41.184;19.816000000000003
60;40.814;19.186
59;35.504;23.496000000000002
58;38.412;19.588
57;38.072;18.927999999999997
56;40.314;15.686
55;42.274;12.725999999999999
54;42.292;11.707999999999998
53;42.028;10.972000000000001
52;37.762;14.238
51;40.512;10.488
50;40.776;9.223999999999997
49;42.544;6.456000000000003
48;40.506;7.494
47;39.242;7.758000000000003
46;39.366;6.634
45;38.496;6.503999999999998
44;38.042;5.957999999999998
43;42.122;0.8780000000000001
42;37.29;4.710000000000001
41;39.204;1.7959999999999994
40;32.894;7.106000000000002
39;37.316;1.6839999999999975
38;40.322;-2.3220000000000027
37;34.478;2.5219999999999985
36;40.37;-4.369999999999997
35;30.712;4.288
34;28.344;5.655999999999999
33;28.622;4.378
32;29.824;2.1759999999999984
31;34.244;-3.2439999999999998
30;29.684;0.31599999999999895
29;29.238;-0.23799999999999955
28;26.836;1.1640000000000015
27;25.668;1.3320000000000007
26;28.612;-2.6119999999999983
25;23.068;1.9319999999999986
24;22.314;1.686
23;24.322;-1.3219999999999992
22;21.376;0.6239999999999988
21;22.65;-1.6499999999999986
20;23.168;-3.1679999999999993
19;23.6;-4.600000000000001
18;26.352;-8.352
17;24.804;-7.8039999999999985
16;25.536;-9.536000000000001
15;27.63;-12.629999999999999
14;25.708;-11.707999999999998
13;22.972;-9.972000000000001
12;22.84;-10.84
11;25.032;-14.032
10;21.886;-11.886
9;22.462;-13.462
8;22.402;-14.402000000000001
7;25.55;-18.55
6;24.776;-18.776
5;23.618;-18.618
4;24.796;-20.796
3;21.974;-18.974
2;20.028;-18.028
1;23.108;-22.108
0;21.584;-21.584
99;86.886;12.114000000000004
98;87.506;10.494
97;85.982;11.018
96;85.448;10.552000000000007
95;79.836;15.164000000000001
94;85.84;8.159999999999997
93;80.078;12.921999999999997
92;62.31;29.689999999999998
91;78.396;12.604
90;39.766;50.234
89;43.032;45.968
88;49.73;38.27
87;42.116;44.884
86;42.2;43.8
85;36.654;48.346
84;36.736;47.264
83;46.314;36.686
82;43.246;38.754
81;44.63;36.37
80;43.176;36.824
79;41.152;37.848
78;42.602;35.398
77;40.012;36.988
76;41.894;34.106
75;41.892;33.108
74;37.698;36.302
73;44.392;28.607999999999997
72;43.74;28.259999999999998
71;38.904;32.096
70;39.696;30.304000000000002
69;40.234;28.766
68;39.466;28.534
67;38.216;28.784
66;40.11;25.89
65;38.736;26.264000000000003
64;45.726;18.274
63;44.808;18.192
62;42.16;19.840000000000003
61;47.306;13.694000000000003
60;49.256;10.744
59;47.6;11.399999999999999
58;45.152;12.847999999999999
57;39.84;17.159999999999997
56;44.418;11.582
55;45.03;9.969999999999999
54;44.15;9.850000000000001
53;47.36;5.640000000000001
52;42.562;9.438000000000002
51;42.158;8.841999999999999
50;42.434;7.5660000000000025
49;40.332;8.668
48;42.088;5.911999999999999
47;42.048;4.951999999999998
46;44.038;1.9620000000000033
45;40.18;4.82
44;47.574;-3.573999999999998
43;43.9;-0.8999999999999986
42;39.05;2.950000000000003
41;37.94;3.0600000000000023
40;39.226;0.7740000000000009
39;37.61;1.3900000000000006
38;35.276;2.7239999999999966
37;39.454;-2.4540000000000006
36;37.868;-1.868000000000002
35;41.674;-6.6739999999999995
34;40.754;-6.753999999999998
33;37.432;-4.432000000000002
32;31.478;0.5219999999999985
31;45.288;-14.287999999999997
30;32.272;-2.2719999999999985
29;35.58;-6.579999999999998
28;34.576;-6.5760000000000005
27;51.63;-24.630000000000003
26;39.598;-13.597999999999999
25;40.916;-15.915999999999997
24;37.39;-13.39
23;33.846;-10.845999999999997
22;34.754;-12.753999999999998
21;37.068;-16.067999999999998
20;37.056;-17.055999999999997
19;30.268;-11.268
18;26.676;-8.675999999999998
17;24.588;-7.588000000000001
16;24.786;-8.786000000000001
15;23.068;-8.068000000000001
14;23.052;-9.052
13;23.128;-10.128
12;23.406;-11.405999999999999
11;26.946;-15.946000000000002
10;25.902;-15.902000000000001
9;23.6;-14.600000000000001
8;25.342;-17.342
7;21.684;-14.684000000000001
6;20.642;-14.642
5;22.68;-17.68
4;21.152;-17.152
3;21.996;-18.996
2;24.628;-22.628
1;21.832;-20.832
0;22.412;-22.412
72;84.336;-12.335999999999999
71;88.006;-17.006
70;88.848;-18.848
69;89.32;-20.319999999999993
68;86.194;-18.194000000000003
67;70.508;-3.5079999999999956
66;87.978;-21.977999999999994
65;85.734;-20.733999999999995
64;81.214;-17.214
63;35.576;27.424
62;30.82;31.18
61;30.398;30.602
60;26.396;33.604
59;29.432;29.568
58;31.236;26.764
57;30.572;26.428
56;32.98;23.020000000000003
55;37.178;17.822000000000003
54;36.026;17.973999999999997
53;36.012;16.988
52;32.324;19.676000000000002
51;33.7;17.299999999999997
50;42.65;7.350000000000001
49;37.948;11.052
48;40.324;7.676000000000002
47;40.196;6.804000000000002
46;38.396;7.603999999999999
45;38.746;6.253999999999998
44;36.598;7.402000000000001
43;33.18;9.82
42;37.568;4.432000000000002
41;38.236;2.764000000000003
40;36.392;3.607999999999997
39;31.616;7.384
38;43.36;-5.359999999999999
37;38.058;-1.0579999999999998
36;41.418;-5.417999999999999
35;40.454;-5.454000000000001
34;42.74;-8.740000000000002
33;39.698;-6.698
32;39.626;-7.625999999999998
31;39.858;-8.857999999999997
30;40.698;-10.698
29;38.248;-9.247999999999998
28;37.114;-9.113999999999997
27;42.918;-15.918
26;40.33;-14.329999999999998
25;39.86;-14.86
24;37.766;-13.765999999999998
23;37.096;-14.095999999999997
22;31.004;-9.004000000000001
21;38.79;-17.79
20;32.708;-12.707999999999998
19;37.032;-18.031999999999996
18;43.918;-25.918
17;46.472;-29.472
16;37.988;-21.988
15;40.556;-25.555999999999997
14;42.364;-28.363999999999997
13;35.878;-22.878
12;41.73;-29.729999999999997
11;44.844;-33.844
10;42.564;-32.564
9;42.296;-33.296
8;42.75;-34.75
7;43.35;-36.35
6;33.086;-27.086
5;36.65;-31.65
4;33.072;-29.072000000000003
3;33.228;-30.228
2;28.73;-26.73
1;23.998;-22.998
0;22.26;-22.26
98;51.424;46.576
97;49.398;47.602
96;46.522;49.478
95;45.192;49.808
94;41.308;52.692
93;42.99;50.01
92;40.08;51.92
91;38.832;52.168
90;42.046;47.954
89;39.926;49.074
88;41.178;46.822
87;37.884;49.116
86;38.148;47.852
85;35.706;49.294
84;37.052;46.948
83;37.14;45.86
82;37.694;44.306
81;36.206;44.794
80;33.7;46.3
79;35.32;43.68
78;32.45;45.55
77;32.524;44.476
76;31.472;44.528
75;34.1;40.9
74;37.538;36.462
73;33.57;39.43
72;36.224;35.776
71;36.028;34.972
70;36.746;33.254
69;34.584;34.416
68;38.344;29.656
67;44.48;22.520000000000003
66;42.256;23.744
65;43.052;21.948
64;43.034;20.966
63;45.834;17.165999999999997
62;41.902;20.098
61;37.904;23.095999999999997
60;42.73;17.270000000000003
59;41.158;17.842
58;37.166;20.834000000000003
57;38.976;18.024
56;37.252;18.747999999999998
55;39.602;15.398000000000003
54;41.082;12.918
53;41.95;11.049999999999997
52;42.55;9.450000000000003
51;40.118;10.881999999999998
50;42.184;7.8160000000000025
49;41.384;7.616
48;40.716;7.283999999999999
47;37.774;9.225999999999999
46;40.506;5.494
45;42.658;2.3419999999999987
44;41.44;2.5600000000000023
43;38.584;4.415999999999997
42;44.756;-2.7560000000000002
41;41.538;-0.5379999999999967
40;43.038;-3.0379999999999967
39;37.738;1.2620000000000005
38;39.83;-1.8299999999999983
37;42.696;-5.695999999999998
36;36.952;-0.9519999999999982
35;44.918;-9.918
34;42.798;-8.798000000000002
33;50.196;-17.195999999999998
32;40.63;-8.630000000000003
31;42.664;-11.664000000000001
30;44.81;-14.810000000000002
29;45.234;-16.234
28;40.15;-12.149999999999999
27;38.98;-11.979999999999997
26;50.102;-24.101999999999997
25;48.162;-23.162
24;48.856;-24.856
23;42.716;-19.716
22;38.17;-16.17
21;46.642;-25.642000000000003
20;42.738;-22.738
19;48.584;-29.584000000000003
18;39.71;-21.71
17;42.864;-25.863999999999997
16;45.928;-29.927999999999997
15;45.542;-30.542
14;45.422;-31.421999999999997
13;42.818;-29.817999999999998
12;45.124;-33.124
11;43.464;-32.464
10;41.944;-31.944000000000003
9;41.402;-32.402
8;40.058;-32.058
7;43.22;-36.22
6;40.57;-34.57
5;42.164;-37.164
4;41.65;-37.65
3;44.75;-41.75
2;41.548;-39.548
1;43.104;-42.104
0;41.106;-41.106
99;93.27;5.730000000000004
98;95.828;2.171999999999997
97;95.41;1.5900000000000034
96;93.996;2.004000000000005
95;93.186;1.813999999999993
94;92.572;1.4279999999999973
93;91.774;1.225999999999999
92;90.772;1.2279999999999944
91;89.754;1.2459999999999951
90;55.598;34.402
89;50.522;38.478
88;47.7;40.3
87;44.888;42.112
86;43.998;42.002
85;41.53;43.47
84;35.924;48.076
83;39.79;43.21
82;37.102;44.898
81;36.608;44.392
80;36.288;43.712
79;35.996;43.004
78;38.114;39.886
77;33.336;43.664
76;31.37;44.629999999999995
75;33.57;41.43
74;36.708;37.292
73;36.564;36.436
72;34.786;37.214
71;35.708;35.292
70;40.432;29.567999999999998
69;37.706;31.293999999999997
68;40.816;27.183999999999997
67;41.6;25.4
66;45.47;20.53
65;38.24;26.759999999999998
64;42.014;21.985999999999997
63;39.906;23.094
62;39.314;22.686
61;42.234;18.766
60;36.43;23.57
59;38.246;20.753999999999998
58;37.004;20.996000000000002
57;38.47;18.53
56;42.016;13.984000000000002
55;45.216;9.783999999999999
54;46.614;7.386000000000003
53;48.114;4.886000000000003
52;44.604;7.396000000000001
51;44.51;6.490000000000002
50;45.12;4.880000000000003
49;42.808;6.192
48;44.038;3.9620000000000033
47;41.882;5.118000000000002
46;40.036;5.963999999999999
45;39.76;5.240000000000002
44;38.83;5.170000000000002
43;38.032;4.9680000000000035
42;35.296;6.704000000000001
41;39.166;1.8340000000000032
40;40.81;-0.8100000000000023
39;41.62;-2.6199999999999974
38;42.96;-4.960000000000001
37;38.93;-1.9299999999999997
36;36.046;-0.045999999999999375
35;35.728;-0.7280000000000015
34;33.832;0.16799999999999926
33;36.23;-3.229999999999997
32;34.512;-2.5120000000000005
31;41.496;-10.496000000000002
30;31.988;-1.9879999999999995
29;37.55;-8.549999999999997
28;42.452;-14.451999999999998
27;41.096;-14.095999999999997
26;53.646;-27.646
25;45.648;-20.648000000000003
24;50.244;-26.244
23;49.75;-26.75
22;47.936;-25.936
21;47.392;-26.392000000000003
20;44.924;-24.924
19;38.132;-19.131999999999998
18;33.316;-15.316000000000003
17;40.53;-23.53
16;44.022;-28.022
15;44.236;-29.235999999999997
14;41.074;-27.073999999999998
13;46.588;-33.588
12;49.804;-37.804
11;45.624;-34.624
10;50.176;-40.176
9;46.68;-37.68
8;45.75;-37.75
7;49.404;-42.404
6;48.128;-42.128
5;47.368;-42.368
4;45.918;-41.918
3;50.018;-47.018
2;47.27;-45.27
1;43.738;-42.738
0;41.6;-41.6
99;91.952;7.048000000000002
98;94.082;3.9180000000000064
97;93.474;3.5259999999999962
96;93.17;2.8299999999999983
95;93.228;1.7720000000000056
94;90.262;3.7379999999999995
93;89.842;3.1580000000000013
92;89.674;2.3259999999999934
91;89.3;1.7000000000000028
90;50.228;39.772
89;52.36;36.64
88;51.974;36.026
87;45.62;41.38
86;44.754;41.246
85;42.206;42.794
84;42.154;41.846
83;41.942;41.058
82;40.822;41.178
81;41.88;39.12
80;40.918;39.082
79;41.794;37.206
78;39.342;38.658
77;40.212;36.788
76;40.564;35.436
75;37.488;37.512
74;42.944;31.055999999999997
73;41.964;31.036
72;40.186;31.814
71;40.342;30.658
70;41.488;28.512
69;45.052;23.948
68;40.146;27.854
67;40.076;26.924
66;38.068;27.932000000000002
65;37.216;27.784
64;34.754;29.246000000000002
63;33.494;29.506
62;35.946;26.054000000000002
61;35.882;25.118000000000002
60;32.494;27.506
59;33.574;25.426000000000002
58;37.742;20.258000000000003
57;37.946;19.054000000000002
56;39.51;16.490000000000002
55;37.9;17.1
54;40.788;13.212000000000003
53;41.968;11.031999999999996
52;38.998;13.002000000000002
51;38.096;12.904000000000003
50;39.75;10.25
49;39.056;9.944000000000003
48;38.872;9.128
47;40.386;6.613999999999997
46;37.076;8.924
45;42.014;2.985999999999997
44;41.966;2.033999999999999
43;38.75;4.25
42;40.936;1.064
41;41.592;-0.5919999999999987
40;43.416;-3.415999999999997
39;41.512;-2.5120000000000005
38;39.614;-1.6139999999999972
37;41.196;-4.195999999999998
36;40.126;-4.125999999999998
35;38.48;-3.479999999999997
34;39.184;-5.1839999999999975
33;39.874;-6.874000000000002
32;38.804;-6.804000000000002
31;37.87;-6.869999999999997
30;43.554;-13.554000000000002
29;34.784;-5.783999999999999
28;37.74;-9.740000000000002
27;41.544;-14.543999999999997
26;53.488;-27.488
25;41.41;-16.409999999999997
24;56.24;-32.24
23;40.332;-17.332
22;48.432;-26.432000000000002
21;45.772;-24.772
20;45.238;-25.238
19;50.576;-31.576
18;48.136;-30.136000000000003
17;42.522;-25.522
16;44.026;-28.026000000000003
15;52.662;-37.662
14;43.794;-29.793999999999997
13;49.192;-36.192
12;50.154;-38.154
11;45.766;-34.766
10;50.524;-40.524
9;50.876;-41.876
8;48.324;-40.324
7;46.308;-39.308
6;47.416;-41.416
5;47.542;-42.542
4;48.01;-44.01
3;45.994;-42.994
2;41.9;-39.9
1;41.834;-40.834
0;40.926;-40.926
99;94.082;4.918000000000006
98;93.804;4.195999999999998
97;94.358;2.641999999999996
96;93.788;2.2120000000000033
95;92.188;2.8119999999999976
94;89.984;4.016000000000005
93;90.69;2.3100000000000023
92;87.754;4.245999999999995
91;87.284;3.715999999999994
90;59.708;30.292
89;56.244;32.756
88;50.168;37.832
87;47.778;39.222
86;45.142;40.858
85;44.886;40.114
84;43.564;40.436
83;42.314;40.686
82;40.614;41.386
81;38.67;42.33
80;31.68;48.32
79;31.918;47.082
78;32.372;45.628
77;35.636;41.364
76;37.304;38.696
75;34.564;40.436
74;36.57;37.43
73;35.546;37.454
72;36.018;35.982
71;33.598;37.402
70;37.886;32.114
69;38.162;30.838
68;40.212;27.787999999999997
67;41.894;25.106
66;38.086;27.914
65;36.382;28.618000000000002
64;36.318;27.682000000000002
63;35.774;27.226
62;39.312;22.688000000000002
61;41.834;19.165999999999997
60;41.364;18.636000000000003
59;40.6;18.4
58;37.596;20.404000000000003
57;33.842;23.158
56;41.626;14.374000000000002
55;44.804;10.195999999999998
54;44.014;9.985999999999997
53;43.598;9.402000000000001
52;42.586;9.414000000000001
51;42.568;8.432000000000002
50;40.108;9.892000000000003
49;39.28;9.719999999999999
48;39.842;8.158000000000001
47;45.202;1.7980000000000018
46;43.64;2.3599999999999994
45;43.41;1.5900000000000034
44;40.234;3.7659999999999982
43;37.816;5.1839999999999975
42;41.164;0.8359999999999985
41;37.026;3.9739999999999966
40;32.326;7.6739999999999995
39;34.532;4.4680000000000035
38;39.168;-1.1679999999999993
37;43.504;-6.503999999999998
36;46.096;-10.095999999999997
35;44.698;-9.698
34;42.226;-8.225999999999999
33;42.806;-9.805999999999997
32;40.948;-8.948
31;42.062;-11.061999999999998
30;45.536;-15.536000000000001
29;41.542;-12.542000000000002
28;43.766;-15.765999999999998
27;39.886;-12.886000000000003
26;43.492;-17.491999999999997
25;51.82;-26.82
24;47.824;-23.823999999999998
23;52.774;-29.774
22;44.162;-22.162
21;49.906;-28.906
20;42.282;-22.281999999999996
19;43.12;-24.119999999999997
18;42.56;-24.560000000000002
17;45.696;-28.695999999999998
16;43.334;-27.334000000000003
15;49.108;-34.108
14;48.424;-34.424
13;49.108;-36.108
12;44.756;-32.756
11;46.944;-35.944
10;47.772;-37.772
9;47.896;-38.896
8;45.196;-37.196
7;44.738;-37.738
6;42.454;-36.454
5;39.654;-34.654
4;37.714;-33.714
3;33.762;-30.762
2;35.766;-33.766
1;36.184;-35.184
0;36.282;-36.282
91;94.212;-3.2120000000000033
90;96.4;-6.400000000000006
89;95.394;-6.3940000000000055
88;94.464;-6.463999999999999
87;92.65;-5.650000000000006
86;92.002;-6.001999999999995
85;90.91;-5.909999999999997
84;90.106;-6.1059999999999945
83;87.49;-4.489999999999995
82;49.32;32.68
81;50.336;30.664
80;45.582;34.418
79;43.942;35.058
78;42.582;35.418
77;39.812;37.188
76;35.708;40.292
75;36.16;38.84
74;38.85;35.15
73;37.118;35.882
72;35.712;36.288
71;38.292;32.708
70;36.38;33.62
69;34.17;34.83
68;37.896;30.104
67;39.338;27.662
66;39.174;26.826
65;40.574;24.426000000000002
64;40.78;23.22
63;39.576;23.424
62;43.508;18.491999999999997
61;42.674;18.326
60;43.044;16.956000000000003
59;38.82;20.18
58;41.056;16.944000000000003
57;43.134;13.866
56;41.256;14.744
55;40.792;14.207999999999998
54;41.504;12.496000000000002
53;42.944;10.055999999999997
52;38.822;13.177999999999997
51;43.002;7.9979999999999976
50;41.844;8.155999999999999
49;42.844;6.155999999999999
48;40.054;7.945999999999998
47;40.832;6.167999999999999
46;45.808;0.19200000000000017
45;44.582;0.41799999999999926
44;37.328;6.671999999999997
43;43.728;-0.7280000000000015
42;47.066;-5.0660000000000025
41;47.294;-6.293999999999997
40;43.932;-3.932000000000002
39;38.288;0.7120000000000033
38;37.25;0.75
37;39.226;-2.225999999999999
36;40.48;-4.479999999999997
35;35.988;-0.9879999999999995
34;41.646;-7.646000000000001
33;40.848;-7.847999999999999
32;43.45;-11.450000000000003
31;39.7;-8.700000000000003
30;43.294;-13.293999999999997
29;44.678;-15.677999999999997
28;50.918;-22.918
27;43.962;-16.962000000000003
26;43.328;-17.328000000000003
25;41.256;-16.256
24;40.452;-16.451999999999998
23;42.694;-19.694000000000003
22;37.596;-15.595999999999997
21;37.004;-16.003999999999998
20;32.032;-12.031999999999996
19;37.168;-18.168
18;32.738;-14.738
17;40.674;-23.674
16;38.468;-22.468000000000004
15;34.488;-19.488
14;42.532;-28.531999999999996
13;41.606;-28.606
12;44.536;-32.536
11;49.206;-38.206
10;52.636;-42.636
9;52.786;-43.786
8;47.452;-39.452
7;51.896;-44.896
6;46.73;-40.73
5;49.074;-44.074
4;48.01;-44.01
3;49.98;-46.98
2;51.004;-49.004
1;46.426;-45.426
0;46.034;-46.034
105;56.162;48.838
104;51.026;52.974
103;50.224;52.776
102;48.388;53.612
101;57.236;43.764
100;56.828;43.172
99;53.022;45.978
98;53.534;44.466
97;49.268;47.732
96;54.906;41.094
95;50.314;44.686
94;51.846;42.154
93;50.306;42.694
92;50.148;41.852
91;49.81;41.19
90;47.186;42.814
89;48.604;40.396
88;44.034;43.966
87;47.412;39.588
86;46.638;39.362
85;43.634;41.366
84;44.152;39.848
83;41.68;41.32
82;42.994;39.006
81;44.62;36.38
80;44.258;35.742
79;46.486;32.514
78;47.878;30.122
77;49.362;27.637999999999998
76;48.594;27.406
75;48.456;26.543999999999997
74;39.228;34.772
73;51.092;21.908
72;45.376;26.624000000000002
71;39.428;31.572000000000003
70;43.622;26.378
69;42.408;26.592
68;41.922;26.078000000000003
67;45.666;21.334000000000003
66;43.722;22.278
65;33.588;31.412
64;38.654;25.345999999999997
63;42.46;20.54
62;42.59;19.409999999999997
61;45.296;15.704
60;46.234;13.765999999999998
59;45.482;13.518
58;53.728;4.2719999999999985
57;54.428;2.5720000000000027
56;53.764;2.235999999999997
55;49.368;5.631999999999998
54;54.458;-0.4579999999999984
53;54.43;-1.4299999999999997
52;54.34;-2.3400000000000034
51;52.988;-1.9879999999999995
50;53.12;-3.1199999999999974
49;56.18;-7.18
48;47.918;0.08200000000000074
47;49.61;-2.6099999999999994
46;40.106;5.893999999999998
45;39.61;5.390000000000001
44;39.002;4.9979999999999976
43;44.58;-1.5799999999999983
42;47.486;-5.485999999999997
41;45.21;-4.210000000000001
40;46.296;-6.295999999999999
39;45.966;-6.966000000000001
38;42.428;-4.427999999999997
37;44.894;-7.893999999999998
36;44.744;-8.744
35;42.196;-7.195999999999998
34;45.76;-11.759999999999998
33;44.234;-11.234000000000002
32;43.15;-11.149999999999999
31;46.762;-15.762
30;48.38;-18.380000000000003
29;45.42;-16.42
28;46.804;-18.804000000000002
27;45.238;-18.238
26;46.308;-20.308
25;41.992;-16.991999999999997
24;42.096;-18.095999999999997
23;44.698;-21.698
22;41.718;-19.718000000000004
21;49.172;-28.171999999999997
20;44.782;-24.781999999999996
19;43.458;-24.458
18;45.924;-27.924
17;41.82;-24.82
16;42.752;-26.752000000000002
15;46.46;-31.46
14;46.07;-32.07
13;46.794;-33.794
12;46.934;-34.934
11;48.382;-37.382
10;42.798;-32.798
9;45.304;-36.304
8;46.636;-38.636
7;43.802;-36.802
6;42.068;-36.068
5;46.858;-41.858
4;45.57;-41.57
3;42.892;-39.892
2;43.482;-41.482
1;42.458;-41.458
0;41.826;-41.826
99;93.918;5.081999999999994
98;91.804;6.195999999999998
97;85.21;11.790000000000006
96;83.246;12.754000000000005
95;84.948;10.052000000000007
94;88.066;5.9339999999999975
93;87.886;5.114000000000004
92;83.872;8.128
91;81.134;9.866
90;51.684;38.316
89;47.264;41.736
88;56.016;31.984
87;51.114;35.886
86;49.806;36.194
85;48.064;36.936
84;48.164;35.836
83;48.112;34.888
82;44.71;37.29
81;53.03;27.97
80;51.592;28.408
79;51.51;27.490000000000002
78;48.43;29.57
77;57.664;19.336
76;58.418;17.582
75;52.214;22.786
74;53.986;20.014000000000003
73;54.822;18.177999999999997
72;52.446;19.554000000000002
71;51.452;19.548000000000002
70;51.318;18.682000000000002
69;47.686;21.314
68;50.538;17.462000000000003
67;44.498;22.502000000000002
66;48.01;17.990000000000002
65;47.672;17.328000000000003
64;44.872;19.128
63;43.792;19.208
62;44.906;17.094
61;42.876;18.124000000000002
60;39.176;20.823999999999998
59;41.32;17.68
58;44.9;13.100000000000001
57;37.88;19.119999999999997
56;41.488;14.512
55;44.996;10.003999999999998
54;52.908;1.0919999999999987
53;46.01;6.990000000000002
52;45.622;6.378
51;42.538;8.462000000000003
50;46.822;3.1779999999999973
49;47.576;1.4239999999999995
48;45.286;2.7139999999999986
47;44.62;2.3800000000000026
46;47.36;-1.3599999999999994
45;42.374;2.6259999999999977
44;47.308;-3.308
43;47.758;-4.758000000000003
42;43.006;-1.0060000000000002
41;47.912;-6.911999999999999
40;43.486;-3.485999999999997
39;43.844;-4.844000000000001
38;47.808;-9.808
37;47.474;-10.473999999999997
36;53.144;-17.144
35;47.736;-12.735999999999997
34;45.524;-11.524000000000001
33;47.312;-14.311999999999998
32;45.976;-13.975999999999999
31;45.22;-14.219999999999999
30;45.12;-15.119999999999997
29;47.134;-18.134
28;43.018;-15.018
27;45.248;-18.247999999999998
26;48.174;-22.174
25;49.42;-24.42
24;50.81;-26.810000000000002
23;51.76;-28.759999999999998
22;49.994;-27.994
21;49.49;-28.490000000000002
20;48.398;-28.398000000000003
19;48.836;-29.836
18;48.464;-30.464
17;50.548;-33.548
16;50.688;-34.688
15;49.358;-34.358
14;50.344;-36.344
13;49.718;-36.718
12;48.026;-36.026
11;47.538;-36.538
10;48.522;-38.522
9;46.81;-37.81
8;46.852;-38.852
7;46.488;-39.488
6;45.214;-39.214
5;47.164;-42.164
4;48.574;-44.574
3;48.124;-45.124
2;44.782;-42.782
1;40.506;-39.506
0;43.27;-43.27
99;89.482;9.518
98;90.234;7.766000000000005
97;91.114;5.885999999999996
96;91.582;4.418000000000006
95;88.114;6.885999999999996
94;87.618;6.382000000000005
93;83.402;9.597999999999999
92;81.772;10.227999999999994
91;76.902;14.097999999999999
90;67.396;22.604
89;49.444;39.556
88;50.35;37.65
87;52.164;34.836
86;50.3;35.7
85;54.014;30.985999999999997
84;51.856;32.144
83;48.712;34.288
82;48.628;33.372
81;44.18;36.82
80;54.852;25.148000000000003
79;56.768;22.232
78;49.35;28.65
77;56.302;20.698
76;57.494;18.506
75;55.036;19.964
74;55.57;18.43
73;55.23;17.770000000000003
72;51.472;20.528
71;48.316;22.683999999999997
70;39.77;30.229999999999997
69;44.002;24.997999999999998
68;39.514;28.485999999999997
67;41.524;25.476
66;41.832;24.168
65;44.65;20.35
64;47.256;16.744
63;52.562;10.438000000000002
62;52.978;9.021999999999998
61;54.034;6.966000000000001
60;57.536;2.4639999999999986
59;49.252;9.747999999999998
58;50.442;7.558
57;55.206;1.793999999999997
56;60.116;-4.116
55;46.962;8.037999999999997
54;44.84;9.159999999999997
53;52.266;0.7340000000000018
52;40.458;11.542000000000002
51;34.796;16.204
50;42.842;7.158000000000001
49;36.722;12.277999999999999
48;41.522;6.4780000000000015
47;47.996;-0.9960000000000022
46;45.452;0.5480000000000018
45;38.98;6.020000000000003
44;40.888;3.112000000000002
43;46.308;-3.308
42;46.3;-4.299999999999997
41;47.272;-6.2719999999999985
40;43.9;-3.8999999999999986
39;48.21;-9.21
38;47.234;-9.234000000000002
37;46.102;-9.101999999999997
36;46.702;-10.701999999999998
35;49.018;-14.018
34;48.938;-14.938000000000002
33;46.09;-13.090000000000003
32;48.46;-16.46
31;42.846;-11.845999999999997
30;44.41;-14.409999999999997
29;47.056;-18.055999999999997
28;43.99;-15.990000000000002
27;45.758;-18.758000000000003
26;45.636;-19.636000000000003
25;43.518;-18.518
24;41.92;-17.92
23;42.86;-19.86
22;46.098;-24.098
21;43.246;-22.246000000000002
20;47.124;-27.124000000000002
19;48.148;-29.148000000000003
18;48.688;-30.688000000000002
17;49.022;-32.022
16;47.722;-31.722
15;49.658;-34.658
14;50.314;-36.314
13;49.518;-36.518
12;50.672;-38.672
11;52.816;-41.816
10;54.96;-44.96
9;51.726;-42.726
8;49.62;-41.62
7;53.562;-46.562
6;50.614;-44.614
5;45.41;-40.41
4;45.204;-41.204
3;45.122;-42.122
2;44.19;-42.19
1;47.478;-46.478
0;45.09;-45.09
99;89.18;9.819999999999993
98;86.952;11.048000000000002
97;93.184;3.8160000000000025
96;88.346;7.653999999999996
95;88.472;6.528000000000006
94;87.822;6.177999999999997
93;84.612;8.388000000000005
92;84.87;7.1299999999999955
91;78.094;12.906000000000006
90;49.446;40.554
89;51.486;37.514
88;42.534;45.466
87;56.054;30.945999999999998
86;50.622;35.378
85;52.414;32.586
84;51.672;32.328
83;52.52;30.479999999999997
82;49.398;32.602
81;50.24;30.759999999999998
80;51.038;28.962000000000003
79;50.878;28.122
78;52.16;25.840000000000003
77;49.954;27.046
76;45.182;30.817999999999998
75;50.63;24.369999999999997
74;53.406;20.594
73;51.772;21.228
72;48.964;23.036
71;49.04;21.96
70;52.292;17.708
69;46.284;22.716
68;44.658;23.342
67;47.028;19.972
66;45.594;20.406
65;43.95;21.049999999999997
64;40.556;23.444000000000003
63;41.296;21.704
62;44.598;17.402
61;44.596;16.404000000000003
60;43.382;16.618000000000002
59;43.318;15.682000000000002
58;44.67;13.329999999999998
57;41.406;15.594000000000001
56;39.328;16.671999999999997
55;35.406;19.594
54;40.162;13.838000000000001
53;35.992;17.008000000000003
52;42.612;9.387999999999998
51;44.492;6.508000000000003
50;39.57;10.43
49;45.648;3.3519999999999968
48;45.216;2.783999999999999
47;41.404;5.5959999999999965
46;48.068;-2.067999999999998
45;45.936;-0.9359999999999999
44;49.44;-5.439999999999998
43;49.0;-6.0
42;44.814;-2.814
41;51.076;-10.076
40;53.904;-13.904000000000003
39;57.516;-18.516
38;62.32;-24.32
37;52.866;-15.866
36;53.836;-17.836
35;55.232;-20.232
34;52.228;-18.228
33;53.362;-20.362000000000002
32;48.322;-16.322000000000003
31;50.138;-19.137999999999998
30;49.448;-19.448
29;46.894;-17.894
28;46.578;-18.578000000000003
27;48.876;-21.875999999999998
26;47.52;-21.520000000000003
25;45.614;-20.613999999999997
24;49.298;-25.298000000000002
23;48.38;-25.380000000000003
22;49.656;-27.656
21;50.404;-29.404000000000003
20;49.998;-29.997999999999998
19;53.908;-34.908
18;52.404;-34.404
17;49.886;-32.886
16;51.742;-35.742
15;48.474;-33.474
14;50.074;-36.074
13;48.552;-35.552
12;47.29;-35.29
11;50.51;-39.51
10;46.664;-36.664
9;51.364;-42.364
8;52.34;-44.34
7;52.086;-45.086
6;50.148;-44.148
5;47.15;-42.15
4;47.656;-43.656
3;47.32;-44.32
2;50.346;-48.346
1;45.296;-44.296
0;46.068;-46.068
84;88.382;-4.382000000000005
83;93.32;-10.319999999999993
82;88.166;-6.165999999999997
81;85.578;-4.578000000000003
80;87.716;-7.715999999999994
79;87.064;-8.063999999999993
78;85.414;-7.4140000000000015
77;85.206;-8.206000000000003
76;78.286;-2.2860000000000014
75;52.61;22.39
74;49.782;24.218000000000004
73;52.398;20.601999999999997
72;60.422;11.578000000000003
71;55.968;15.031999999999996
70;52.932;17.067999999999998
69;50.768;18.232
68;49.916;18.084000000000003
67;49.83;17.17
66;48.9;17.1
65;49.454;15.546
64;46.984;17.016
63;45.018;17.982
62;50.188;11.811999999999998
61;49.114;11.886000000000003
60;51.58;8.420000000000002
59;49.954;9.046
58;44.232;13.768
57;48.69;8.310000000000002
56;48.25;7.75
55;45.97;9.030000000000001
54;49.882;4.118000000000002
53;46.47;6.530000000000001
52;44.262;7.7379999999999995
51;42.644;8.356000000000002
50;41.444;8.555999999999997
49;42.328;6.671999999999997
48;37.458;10.542000000000002
47;33.5;13.5
46;36.21;9.79
45;38.728;6.2719999999999985
44;38.852;5.148000000000003
43;45.288;-2.2879999999999967
42;42.256;-0.2560000000000002
41;50.384;-9.384
40;46.954;-6.954000000000001
39;47.742;-8.741999999999997
38;50.952;-12.951999999999998
37;52.49;-15.490000000000002
36;49.288;-13.287999999999997
35;45.28;-10.280000000000001
34;49.306;-15.305999999999997
33;46.65;-13.649999999999999
32;37.67;-5.670000000000002
31;41.59;-10.590000000000003
30;44.014;-14.014000000000003
29;40.786;-11.786000000000001
28;43.722;-15.722000000000001
27;50.338;-23.338
26;49.072;-23.072000000000003
25;48.366;-23.366
24;47.356;-23.356
23;52.476;-29.476
22;51.898;-29.898000000000003
21;50.33;-29.33
20;53.056;-33.056
19;50.702;-31.701999999999998
18;56.582;-38.582
17;58.876;-41.876
16;52.166;-36.166
15;51.258;-36.258
14;48.78;-34.78
13;49.342;-36.342
12;50.876;-38.876
11;47.634;-36.634
10;48.024;-38.024
9;49.982;-40.982
8;46.95;-38.95
7;48.532;-41.532
6;49.854;-43.854
5;48.214;-43.214
4;55.334;-51.334
3;51.024;-48.024
2;54.416;-52.416
1;52.6;-51.6
0;50.726;-50.726
113;46.92;66.08
112;48.252;63.748
111;44.082;66.918
110;39.944;70.056
109;43.108;65.892
108;41.706;66.294
107;40.778;66.22200000000001
106;38.396;67.604
105;42.16;62.84
104;40.354;63.646
103;42.226;60.774
102;37.144;64.856
101;43.098;57.902
100;40.606;59.394
99;46.216;52.784
98;48.268;49.732
97;49.49;47.51
96;49.136;46.864
95;44.05;50.95
94;47.9;46.1
93;47.944;45.056
92;42.07;49.93
91;37.466;53.534
90;41.83;48.17
89;38.21;50.79
88;39.66;48.34
87;40.03;46.97
86;41.812;44.188
85;42.808;42.192
84;44.594;39.406
83;41.62;41.38
82;43.986;38.014
81;41.07;39.93
80;39.692;40.308
79;36.028;42.972
78;39.492;38.508
77;36.78;40.22
76;36.514;39.486
75;42.092;32.908
74;41.666;32.334
73;36.46;36.54
72;35.068;36.932
71;43.58;27.42
70;41.414;28.586
69;39.53;29.47
68;38.276;29.723999999999997
67;38.116;28.884
66;35.648;30.351999999999997
65;36.98;28.020000000000003
64;39.034;24.966
63;37.392;25.607999999999997
62;39.428;22.572000000000003
61;41.796;19.204
60;41.28;18.72
59;35.826;23.174
58;38.164;19.836
57;38.332;18.668
56;40.878;15.122
55;40.402;14.597999999999999
54;43.224;10.776000000000003
53;40.908;12.091999999999999
52;38.97;13.030000000000001
51;36.79;14.21
50;42.542;7.457999999999998
49;40.826;8.174
48;40.734;7.265999999999998
47;36.754;10.246000000000002
46;36.068;9.932000000000002
45;38.586;6.4140000000000015
44;40.204;3.7959999999999994
43;40.588;2.411999999999999
42;34.374;7.625999999999998
41;38.278;2.7220000000000013
40;37.46;2.539999999999999
39;36.702;2.298000000000002
38;45.772;-7.7719999999999985
37;37.104;-0.1039999999999992
36;48.038;-12.037999999999997
35;39.56;-4.560000000000002
34;39.54;-5.539999999999999
33;38.014;-5.014000000000003
32;37.88;-5.880000000000003
31;38.956;-7.956000000000003
30;39.2;-9.200000000000003
29;39.166;-10.165999999999997
28;42.808;-14.808
27;42.95;-15.950000000000003
26;34.828;-8.828000000000003
25;37.408;-12.408000000000001
24;39.406;-15.405999999999999
23;40.954;-17.954
22;35.81;-13.810000000000002
21;37.564;-16.564
20;30.892;-10.892
19;38.802;-19.802
18;31.846;-13.846
17;37.958;-20.958
16;31.924;-15.924
15;30.644;-15.643999999999998
14;32.778;-18.778
13;30.6;-17.6
12;35.34;-23.340000000000003
11;27.758;-16.758
10;27.148;-17.148
9;29.144;-20.144
8;25.548;-17.548
7;33.544;-26.543999999999997
6;32.16;-26.159999999999997
5;32.736;-27.735999999999997
4;28.354;-24.354
3;28.38;-25.38
2;31.332;-29.332
1;46.62;-45.62
0;31.886;-31.886
99;92.024;6.975999999999999
98;92.088;5.912000000000006
97;87.994;9.006
96;89.73;6.269999999999996
95;90.49;4.510000000000005
94;86.908;7.091999999999999
93;86.272;6.727999999999994
92;88.878;3.122
91;81.718;9.281999999999996
90;47.438;42.562
89;52.094;36.906
88;48.098;39.902
87;47.856;39.144
86;51.15;34.85
85;49.334;35.666
84;48.442;35.558
83;47.264;35.736
82;44.824;37.176
81;42.808;38.192
80;44.36;35.64
79;42.334;36.666
78;45.686;32.314
77;42.64;34.36
76;41.848;34.152
75;39.67;35.33
74;45.138;28.862000000000002
73;42.078;30.921999999999997
72;45.726;26.274
71;44.208;26.792
70;43.546;26.454
69;44.664;24.336
68;45.982;22.018
67;42.986;24.014000000000003
66;46.188;19.811999999999998
65;45.15;19.85
64;43.264;20.735999999999997
63;42.116;20.884
62;56.954;5.045999999999999
61;45.726;15.274000000000001
60;45.348;14.652000000000001
59;44.166;14.834000000000003
58;41.092;16.908
57;42.914;14.085999999999999
56;44.936;11.064
55;44.136;10.863999999999997
54;41.844;12.155999999999999
53;40.054;12.945999999999998
52;41.848;10.152000000000001
51;40.56;10.439999999999998
50;38.116;11.884
49;39.15;9.850000000000001
48;40.868;7.131999999999998
47;44.176;2.823999999999998
46;40.282;5.7180000000000035
45;41.242;3.7580000000000027
44;42.79;1.2100000000000009
43;41.726;1.274000000000001
42;42.996;-0.9960000000000022
41;43.938;-2.9380000000000024
40;38.772;1.2280000000000015
39;42.834;-3.834000000000003
38;35.606;2.3939999999999984
37;33.07;3.9299999999999997
36;39.77;-3.770000000000003
35;40.628;-5.628
34;37.486;-3.485999999999997
33;39.604;-6.603999999999999
32;35.246;-3.246000000000002
31;36.482;-5.481999999999999
30;34.444;-4.444000000000003
29;36.642;-7.642000000000003
28;36.418;-8.418
27;44.366;-17.366
26;40.516;-14.515999999999998
25;43.438;-18.438000000000002
24;43.976;-19.976
23;43.454;-20.454
22;43.31;-21.310000000000002
21;37.614;-16.613999999999997
20;40.914;-20.914
19;42.35;-23.35
18;43.372;-25.372
17;43.35;-26.35
16;46.974;-30.973999999999997
15;32.798;-17.798000000000002
14;33.5;-19.5
13;42.168;-29.168
12;39.726;-27.726
11;39.434;-28.433999999999997
10;40.726;-30.726
9;47.898;-38.898
8;39.838;-31.838
7;40.854;-33.854
6;34.062;-28.061999999999998
5;40.914;-35.914
4;38.85;-34.85
3;34.976;-31.976
2;38.586;-36.586
1;33.386;-32.386
0;34.148;-34.148
99;88.462;10.537999999999997
98;68.176;29.823999999999998
97;94.996;2.004000000000005
96;86.202;9.798000000000002
95;77.952;17.048000000000002
94;89.892;4.108000000000004
93;89.37;3.6299999999999955
92;87.388;4.611999999999995
91;70.85;20.150000000000006
90;54.976;35.024
89;51.318;37.682
88;51.564;36.436
87;49.672;37.328
86;48.464;37.536
85;47.124;37.876
84;50.53;33.47
83;47.858;35.142
82;47.896;34.104
81;44.77;36.23
80;42.902;37.098
79;58.982;20.018
78;53.416;24.584000000000003
77;49.078;27.921999999999997
76;46.254;29.746000000000002
75;51.926;23.073999999999998
74;53.128;20.872
73;51.208;21.792
72;62.202;9.798000000000002
71;50.85;20.15
70;50.214;19.786
69;49.914;19.086
68;46.61;21.39
67;51.79;15.21
66;56.702;9.298000000000002
65;49.636;15.363999999999997
64;47.306;16.694000000000003
63;46.368;16.631999999999998
62;46.256;15.744
61;43.504;17.496000000000002
60;41.962;18.037999999999997
59;38.684;20.316000000000003
58;57.014;0.9859999999999971
57;38.686;18.314
56;40.582;15.418
55;46.398;8.601999999999997
54;42.424;11.576
53;45.242;7.758000000000003
52;38.622;13.378
51;42.484;8.515999999999998
50;47.732;2.2680000000000007
49;40.014;8.985999999999997
48;42.268;5.731999999999999
47;42.564;4.436
46;40.812;5.188000000000002
45;39.934;5.0660000000000025
44;41.16;2.8400000000000034
43;37.172;5.828000000000003
42;39.306;2.6940000000000026
41;34.62;6.380000000000003
40;33.186;6.814
39;34.516;4.484000000000002
38;36.172;1.828000000000003
37;40.634;-3.6340000000000003
36;42.13;-6.130000000000003
35;40.798;-5.798000000000002
34;35.704;-1.7040000000000006
33;33.986;-0.9859999999999971
32;37.728;-5.7280000000000015
31;39.182;-8.182000000000002
30;40.938;-10.938000000000002
29;37.036;-8.036000000000001
28;35.494;-7.494
27;38.104;-11.104
26;36.74;-10.740000000000002
25;36.864;-11.863999999999997
24;36.05;-12.049999999999997
23;41.526;-18.526000000000003
22;41.614;-19.613999999999997
21;39.584;-18.584000000000003
20;44.996;-24.996000000000002
19;49.166;-30.165999999999997
18;42.688;-24.688000000000002
17;45.222;-28.222
16;41.768;-25.768
15;43.502;-28.502000000000002
14;41.736;-27.735999999999997
13;37.912;-24.912
12;43.642;-31.642000000000003
11;43.844;-32.844
10;40.49;-30.490000000000002
9;42.496;-33.496
8;45.38;-37.38
7;42.536;-35.536
6;41.588;-35.588
5;43.896;-38.896
4;41.766;-37.766
3;43.812;-40.812
2;40.412;-38.412
1;34.892;-33.892
0;38.582;-38.582
99;91.576;7.424000000000007
98;96.142;1.858000000000004
97;95.532;1.4680000000000035
96;75.198;20.802000000000007
95;92.576;2.4240000000000066
94;75.778;18.221999999999994
93;84.542;8.457999999999998
92;89.878;2.122
91;81.754;9.245999999999995
90;53.278;36.722
89;51.072;37.928
88;50.68;37.32
87;48.388;38.612
86;55.522;30.478
85;51.914;33.086
84;48.14;35.86
83;42.046;40.954
82;45.934;36.066
81;44.68;36.32
80;41.902;38.098
79;44.43;34.57
78;44.918;33.082
77;57.314;19.686
76;46.48;29.520000000000003
75;44.942;30.058
74;46.988;27.012
73;51.014;21.985999999999997
72;44.178;27.822000000000003
71;49.974;21.026000000000003
70;46.368;23.631999999999998
69;42.96;26.04
68;42.326;25.674
67;39.186;27.814
66;39.452;26.548000000000002
65;41.398;23.601999999999997
64;35.672;28.328000000000003
63;42.26;20.740000000000002
62;46.906;15.094000000000001
61;37.78;23.22
60;37.776;22.223999999999997
59;34.71;24.29
58;39.538;18.462000000000003
57;40.352;16.648000000000003
56;42.836;13.164000000000001
55;44.532;10.468000000000004
54;50.73;3.270000000000003
53;41.268;11.732
52;45.844;6.155999999999999
51;47.63;3.3699999999999974
50;46.46;3.539999999999999
49;46.406;2.594000000000001
48;45.83;2.1700000000000017
47;41.222;5.777999999999999
46;41.24;4.759999999999998
45;41.812;3.1880000000000024
44;43.658;0.34199999999999875
43;43.418;-0.41799999999999926
42;39.316;2.6839999999999975
41;38.146;2.853999999999999
40;34.684;5.3160000000000025
39;38.926;0.07399999999999807
38;36.638;1.3620000000000019
37;34.624;2.3759999999999977
36;37.424;-1.4239999999999995
35;42.816;-7.8160000000000025
34;39.332;-5.332000000000001
33;39.64;-6.640000000000001
32;38.824;-6.823999999999998
31;41.726;-10.725999999999999
30;43.746;-13.746000000000002
29;47.148;-18.148000000000003
28;41.782;-13.781999999999996
27;43.702;-16.701999999999998
26;45.444;-19.444000000000003
25;46.154;-21.154000000000003
24;41.524;-17.524
23;45.06;-22.060000000000002
22;43.992;-21.991999999999997
21;41.354;-20.354
20;46.062;-26.061999999999998
19;44.548;-25.548000000000002
18;44.282;-26.281999999999996
17;42.856;-25.856
16;42.694;-26.694000000000003
15;48.212;-33.212
14;42.746;-28.746000000000002
13;41.51;-28.509999999999998
12;41.308;-29.308
11;46.634;-35.634
10;41.944;-31.944000000000003
9;44.082;-35.082
8;41.188;-33.188
7;39.38;-32.38
6;38.22;-32.22
5;33.814;-28.814
4;35.85;-31.85
3;33.692;-30.692
2;42.484;-40.484
1;36.598;-35.598
0;35.966;-35.966
76;93.586;-17.586
75;90.282;-15.281999999999996
74;95.362;-21.361999999999995
73;80.324;-7.323999999999998
72;92.646;-20.646
71;91.824;-20.823999999999998
70;87.528;-17.528000000000006
69;68.952;0.04800000000000182
68;78.14;-10.14
67;54.616;12.384
66;52.534;13.466000000000001
65;52.852;12.148000000000003
64;45.296;18.704
63;47.148;15.851999999999997
62;49.064;12.936
61;45.878;15.122
60;39.852;20.148000000000003
59;43.146;15.854
58;41.152;16.848
57;40.71;16.29
56;45.848;10.152000000000001
55;39.672;15.328000000000003
54;46.322;7.677999999999997
53;42.38;10.619999999999997
52;42.566;9.433999999999997
51;44.858;6.142000000000003
50;44.426;5.573999999999998
49;40.756;8.244
48;45.998;2.0020000000000024
47;43.87;3.1300000000000026
46;42.702;3.298000000000002
45;57.476;-12.475999999999999
44;55.644;-11.643999999999998
43;48.69;-5.689999999999998
42;44.128;-2.128
41;48.504;-7.503999999999998
40;50.292;-10.292000000000002
39;42.516;-3.5159999999999982
38;50.036;-12.036000000000001
37;52.054;-15.054000000000002
36;44.204;-8.204
35;44.618;-9.618000000000002
34;54.038;-20.037999999999997
33;44.028;-11.027999999999999
32;45.38;-13.380000000000003
31;43.284;-12.283999999999999
30;46.754;-16.753999999999998
29;42.624;-13.624000000000002
28;44.922;-16.921999999999997
27;45.422;-18.421999999999997
26;39.992;-13.991999999999997
25;45.592;-20.592
24;40.07;-16.07
23;40.374;-17.374000000000002
22;36.142;-14.142000000000003
21;34.592;-13.591999999999999
20;37.346;-17.345999999999997
19;44.42;-25.42
18;40.364;-22.363999999999997
17;39.718;-22.718000000000004
16;36.822;-20.822000000000003
15;35.652;-20.652
14;38.566;-24.566000000000003
13;39.032;-26.031999999999996
12;39.016;-27.016
11;40.516;-29.516
10;39.22;-29.22
9;35.508;-26.508000000000003
8;37.026;-29.026000000000003
7;35.704;-28.704
6;35.744;-29.744
5;37.73;-32.73
4;37.146;-33.146
3;35.172;-32.172
2;35.876;-33.876
1;34.382;-33.382
0;34.122;-34.122
102;41.634;60.366
101;40.16;60.84
100;37.118;62.882
99;40.848;58.152
98;44.63;53.37
97;44.124;52.876
96;43.626;52.374
95;43.166;51.834
94;47.47;46.53
93;49.602;43.398
92;51.0;41.0
91;47.078;43.922
90;55.332;34.668
89;43.594;45.406
88;43.176;44.824
87;47.352;39.648
86;54.252;31.747999999999998
85;53.224;31.776000000000003
84;58.126;25.874000000000002
83;56.02;26.979999999999997
82;54.534;27.466
81;58.026;22.973999999999997
80;63.204;16.796
79;47.014;31.985999999999997
78;56.646;21.354
77;57.358;19.642000000000003
76;64.126;11.873999999999995
75;60.534;14.466000000000001
74;49.206;24.793999999999997
73;56.19;16.810000000000002
72;52.092;19.908
71;61.044;9.956000000000003
70;52.95;17.049999999999997
69;53.966;15.033999999999999
68;52.282;15.718000000000004
67;46.196;20.804000000000002
66;51.764;14.235999999999997
65;53.392;11.607999999999997
64;47.412;16.588
63;52.372;10.628
62;43.83;18.17
61;45.206;15.793999999999997
60;50.754;9.246000000000002
59;47.952;11.048000000000002
58;49.912;8.088000000000001
57;49.03;7.969999999999999
56;47.242;8.758000000000003
55;50.006;4.994
54;49.062;4.938000000000002
53;48.026;4.973999999999997
52;43.576;8.424
51;44.466;6.533999999999999
50;42.272;7.7280000000000015
49;45.772;3.2280000000000015
48;45.796;2.2040000000000006
47;44.356;2.6439999999999984
46;40.804;5.195999999999998
45;37.742;7.258000000000003
44;39.026;4.973999999999997
43;40.002;2.9979999999999976
42;41.942;0.05799999999999983
41;38.92;2.0799999999999983
40;37.078;2.921999999999997
39;38.084;0.9159999999999968
38;33.646;4.353999999999999
37;35.506;1.4939999999999998
36;37.656;-1.6559999999999988
35;34.406;0.5940000000000012
34;39.69;-5.689999999999998
33;39.248;-6.2479999999999976
32;36.43;-4.43
31;38.814;-7.814
30;41.432;-11.432000000000002
29;37.956;-8.956000000000003
28;34.116;-6.116
27;36.652;-9.652000000000001
26;42.702;-16.701999999999998
25;34.388;-9.387999999999998
24;39.33;-15.329999999999998
23;40.068;-17.067999999999998
22;42.114;-20.113999999999997
21;42.812;-21.811999999999998
20;43.594;-23.594
19;45.804;-26.804000000000002
18;47.764;-29.764000000000003
17;43.96;-26.96
16;46.234;-30.234
15;50.906;-35.906
14;45.2;-31.200000000000003
13;43.89;-30.89
12;45.936;-33.936
11;45.684;-34.684
10;39.552;-29.552
9;42.398;-33.398
8;49.588;-41.588
7;46.838;-39.838
6;45.152;-39.152
5;45.838;-40.838
4;50.67;-46.67
3;50.716;-47.716
2;48.478;-46.478
1;50.97;-49.97
0;47.044;-47.044
99;97.202;1.7980000000000018
98;95.188;2.8119999999999976
97;93.6;3.4000000000000057
96;92.892;3.108000000000004
95;92.496;2.504000000000005
94;90.14;3.8599999999999994
93;88.072;4.927999999999997
92;88.286;3.7139999999999986
91;87.306;3.6940000000000026
90;42.72;47.28
89;43.242;45.758
88;45.682;42.318
87;42.986;44.014
86;42.702;43.298
85;41.474;43.526
84;43.67;40.33
83;42.974;40.026
82;40.844;41.156
81;37.544;43.456
80;37.85;42.15
79;34.96;44.04
78;33.704;44.296
77;33.726;43.274
76;38.052;37.948
75;39.446;35.554
74;40.066;33.934
73;53.602;19.398000000000003
72;48.654;23.345999999999997
71;45.862;25.137999999999998
70;47.244;22.756
69;47.844;21.156
68;62.138;5.862000000000002
67;46.22;20.78
66;61.162;4.838000000000001
65;48.938;16.061999999999998
64;54.964;9.036000000000001
63;61.172;1.828000000000003
62;54.058;7.942
61;54.08;6.920000000000002
60;57.05;2.950000000000003
59;57.358;1.642000000000003
58;58.028;-0.027999999999998693
57;57.04;-0.03999999999999915
56;50.164;5.8359999999999985
55;48.528;6.472000000000001
54;47.024;6.975999999999999
53;48.614;4.386000000000003
52;54.206;-2.206000000000003
51;47.724;3.2760000000000034
50;43.304;6.695999999999998
49;43.184;5.8160000000000025
48;40.02;7.979999999999997
47;39.588;7.411999999999999
46;39.974;6.026000000000003
45;40.586;4.4140000000000015
44;45.534;-1.533999999999999
43;48.078;-5.078000000000003
42;43.974;-1.9739999999999966
41;45.584;-4.584000000000003
40;43.748;-3.7479999999999976
39;43.338;-4.338000000000001
38;42.264;-4.264000000000003
37;42.344;-5.344000000000001
36;44.144;-8.143999999999998
35;46.638;-11.637999999999998
34;47.862;-13.862000000000002
33;49.802;-16.802
32;43.17;-11.170000000000002
31;45.242;-14.241999999999997
30;42.802;-12.802
29;44.124;-15.124000000000002
28;47.156;-19.156
27;47.298;-20.298000000000002
26;47.88;-21.880000000000003
25;46.054;-21.054000000000002
24;42.1;-18.1
23;37.3;-14.299999999999997
22;43.098;-21.098
21;37.314;-16.314
20;38.62;-18.619999999999997
19;49.74;-30.740000000000002
18;42.164;-24.164
17;44.034;-27.034
16;51.52;-35.52
15;48.862;-33.862
14;45.238;-31.238
13;46.894;-33.894
12;50.782;-38.782
11;48.278;-37.278
10;49.986;-39.986
9;51.142;-42.142
8;51.672;-43.672
7;49.03;-42.03
6;51.67;-45.67
5;49.994;-44.994
4;53.804;-49.804
3;55.512;-52.512
2;54.054;-52.054
1;53.914;-52.914
0;51.446;-51.446
99;94.43;4.569999999999993
98;92.28;5.719999999999999
97;91.624;5.376000000000005
96;91.33;4.670000000000002
95;90.868;4.132000000000005
94;89.542;4.457999999999998
93;89.662;3.337999999999994
92;87.224;4.775999999999996
91;85.736;5.263999999999996
90;39.592;50.408
89;33.9;55.1
88;36.134;51.866
87;38.81;48.19
86;43.02;42.98
85;41.768;43.232
84;41.646;42.354
83;40.794;42.206
82;47.292;34.708
81;44.738;36.262
80;44.582;35.418
79;56.456;22.543999999999997
78;56.834;21.165999999999997
77;43.526;33.474
76;43.394;32.606
75;43.644;31.356
74;46.55;27.450000000000003
73;57.924;15.076
72;58.422;13.578000000000003
71;65.292;5.707999999999998
70;54.818;15.182000000000002
69;47.688;21.311999999999998
68;49.668;18.332
67;51.18;15.82
66;44.644;21.356
65;48.168;16.832
64;54.278;9.722000000000001
63;46.992;16.008000000000003
62;46.57;15.43
61;46.426;14.573999999999998
60;43.816;16.183999999999997
59;47.802;11.198
58;44.624;13.375999999999998
57;48.018;8.982
56;45.57;10.43
55;46.222;8.777999999999999
54;46.276;7.723999999999997
53;48.858;4.142000000000003
52;42.88;9.119999999999997
51;47.206;3.793999999999997
50;52.532;-2.5319999999999965
49;52.178;-3.1779999999999973
48;50.774;-2.774000000000001
47;50.662;-3.661999999999999
46;52.452;-6.451999999999998
45;48.922;-3.921999999999997
44;46.208;-2.2079999999999984
43;45.286;-2.2860000000000014
42;45.448;-3.4480000000000004
41;43.884;-2.8840000000000003
40;43.114;-3.113999999999997
39;46.06;-7.060000000000002
38;47.876;-9.875999999999998
37;48.522;-11.521999999999998
36;46.974;-10.973999999999997
35;46.7;-11.700000000000003
34;48.49;-14.490000000000002
33;42.502;-9.502000000000002
32;45.058;-13.058
31;43.806;-12.805999999999997
30;42.62;-12.619999999999997
29;43.764;-14.764000000000003
28;41.11;-13.11
27;35.948;-8.948
26;38.272;-12.271999999999998
25;40.43;-15.43
24;33.276;-9.276000000000003
23;40.104;-17.104
22;36.124;-14.124000000000002
21;36.86;-15.86
20;34.63;-14.630000000000003
19;34.992;-15.991999999999997
18;44.018;-26.018
17;43.756;-26.756
16;47.022;-31.022
15;51.602;-36.602
14;52.118;-38.118
13;49.466;-36.466
12;48.614;-36.614
11;48.496;-37.496
10;50.064;-40.064
9;46.426;-37.426
8;41.556;-33.556
7;45.734;-38.734
6;43.514;-37.514
5;46.112;-41.112
4;43.666;-39.666
3;45.982;-42.982
2;45.962;-43.962
1;47.636;-46.636
0;47.192;-47.192
99;94.73;4.269999999999996
98;94.132;3.867999999999995
97;94.198;2.8020000000000067
96;93.696;2.304000000000002
95;92.904;2.0960000000000036
94;90.354;3.646000000000001
93;89.32;3.680000000000007
92;88.802;3.1979999999999933
91;87.354;3.646000000000001
90;41.2;48.8
89;47.312;41.688
88;46.896;41.104
87;39.454;47.546
86;43.956;42.044
85;46.202;38.798
84;41.554;42.446
83;41.924;41.076
82;43.32;38.68
81;48.798;32.202
80;48.746;31.253999999999998
79;51.822;27.177999999999997
78;50.662;27.338
77;45.71;31.29
76;44.978;31.022
75;50.88;24.119999999999997
74;40.4;33.6
73;55.984;17.016
72;53.338;18.662
71;47.324;23.676000000000002
70;59.466;10.533999999999999
69;44.67;24.33
68;76.194;-8.194000000000003
67;57.436;9.564
66;67.782;-1.7819999999999965
65;59.002;5.9979999999999976
64;51.732;12.268
63;54.724;8.276000000000003
62;41.14;20.86
61;50.786;10.213999999999999
60;44.304;15.695999999999998
59;53.17;5.829999999999998
58;50.538;7.462000000000003
57;44.534;12.466000000000001
56;50.938;5.061999999999998
55;53.798;1.2019999999999982
54;55.498;-1.4979999999999976
53;50.808;2.192
52;50.282;1.7180000000000035
51;49.66;1.3400000000000034
50;47.67;2.3299999999999983
49;43.542;5.457999999999998
48;43.29;4.710000000000001
47;47.82;-0.8200000000000003
46;44.406;1.5940000000000012
45;43.53;1.4699999999999989
44;43.468;0.5319999999999965
43;41.586;1.4140000000000015
42;41.874;0.12599999999999767
41;42.414;-1.4140000000000015
40;40.502;-0.5020000000000024
39;37.932;1.0679999999999978
38;37.394;0.6060000000000016
37;42.298;-5.298000000000002
36;40.086;-4.0859999999999985
35;45.098;-10.097999999999999
34;44.51;-10.509999999999998
33;44.234;-11.234000000000002
32;45.622;-13.622
31;45.978;-14.978000000000002
30;43.618;-13.618000000000002
29;42.05;-13.049999999999997
28;43.246;-15.246000000000002
27;37.948;-10.948
26;42.34;-16.340000000000003
25;39.872;-14.872
24;39.546;-15.546
23;39.436;-16.436
22;38.75;-16.75
21;40.266;-19.266
20;38.234;-18.234
19;46.262;-27.262
18;38.432;-20.432000000000002
17;38.654;-21.654000000000003
16;44.43;-28.43
15;44.334;-29.334000000000003
14;46.262;-32.262
13;50.948;-37.948
12;52.426;-40.426
11;43.332;-32.332
10;43.462;-33.462
9;38.784;-29.784
8;41.524;-33.524
7;45.7;-38.7
6;46.35;-40.35
5;47.49;-42.49
4;44.654;-40.654
3;44.314;-41.314
2;44.03;-42.03
1;44.056;-43.056
0;46.72;-46.72
87;96.94;-9.939999999999998
86;93.396;-7.396000000000001
85;92.894;-7.8940000000000055
84;93.078;-9.078000000000003
83;91.75;-8.75
82;90.446;-8.445999999999998
81;90.216;-9.215999999999994
80;88.544;-8.543999999999997
79;88.192;-9.191999999999993
78;40.756;37.244
77;43.26;33.74
76;44.586;31.414
75;45.61;29.39
74;43.076;30.924
73;45.128;27.872
72;45.004;26.996000000000002
71;47.666;23.334000000000003
70;43.96;26.04
69;41.9;27.1
68;39.714;28.286
67;39.236;27.764000000000003
66;39.718;26.281999999999996
65;44.412;20.588
64;39.708;24.292
63;43.272;19.728
62;41.19;20.810000000000002
61;51.006;9.994
60;49.242;10.758000000000003
59;48.516;10.484000000000002
58;47.328;10.671999999999997
57;79.832;-22.831999999999994
56;53.744;2.2560000000000002
55;46.55;8.450000000000003
54;50.79;3.210000000000001
53;54.082;-1.0820000000000007
52;57.17;-5.170000000000002
51;51.196;-0.19599999999999795
50;55.816;-5.8160000000000025
49;48.764;0.2359999999999971
48;56.418;-8.418
47;54.23;-7.229999999999997
46;47.784;-1.783999999999999
45;55.188;-10.188000000000002
44;54.532;-10.531999999999996
43;49.75;-6.75
42;62.148;-20.148000000000003
41;53.404;-12.404000000000003
40;56.574;-16.573999999999998
39;56.52;-17.520000000000003
38;52.974;-14.973999999999997
37;55.506;-18.506
36;55.43;-19.43
35;62.566;-27.566000000000003
34;59.686;-25.686
33;56.518;-23.518
32;54.746;-22.746000000000002
31;49.96;-18.96
30;49.102;-19.101999999999997
29;48.622;-19.622
28;48.45;-20.450000000000003
27;51.162;-24.162
26;46.032;-20.031999999999996
25;43.258;-18.258000000000003
24;42.718;-18.718000000000004
23;40.882;-17.881999999999998
22;40.996;-18.996000000000002
21;41.194;-20.194000000000003
20;44.366;-24.366
19;42.61;-23.61
18;35.718;-17.718000000000004
17;42.204;-25.204
16;44.278;-28.278
15;40.736;-25.735999999999997
14;37.626;-23.625999999999998
13;40.552;-27.552
12;40.488;-28.488
11;39.662;-28.662
10;43.96;-33.96
9;40.912;-31.912
8;42.156;-34.156
7;46.276;-39.276
6;45.026;-39.026
5;48.824;-43.824
4;46.708;-42.708
3;51.828;-48.828
2;48.092;-46.092
1;50.348;-49.348
0;50.99;-50.99
