Real;Predicted;Error
97;81.31051;15.689491271972656
96;81.16857;14.831428527832031
95;73.82264;21.17736053466797
94;79.45525;14.544746398925781
93;79.86335;13.136650085449219
92;78.03802;13.961982727050781
91;77.84007;13.159927368164062
90;78.518936;11.481063842773438
89;75.185196;13.814804077148438
88;74.04659;13.953407287597656
87;72.83373;14.166267395019531
86;76.31901;9.680992126464844
85;72.640945;12.359054565429688
84;75.205894;8.794105529785156
83;76.72435;6.2756500244140625
82;73.70312;8.296882629394531
81;79.057365;1.9426345825195312
80;76.66269;3.337310791015625
79;69.68584;9.314163208007812
78;71.61856;6.381439208984375
77;70.276215;6.723785400390625
76;72.6386;3.3613967895507812
75;65.54453;9.455467224121094
74;66.99366;7.006340026855469
73;70.39741;2.6025924682617188
72;67.854454;4.145545959472656
71;63.886387;7.113613128662109
70;66.17528;3.8247222900390625
69;68.67066;0.32933807373046875
68;65.541595;2.458404541015625
67;68.43652;-1.4365234375
66;65.58992;0.4100799560546875
65;65.807816;-0.8078155517578125
64;57.934345;6.065654754638672
63;52.36851;10.631488800048828
62;63.61223;-1.6122283935546875
61;49.782257;11.217742919921875
60;53.027336;6.972663879394531
59;62.855537;-3.8555374145507812
58;52.18896;5.811038970947266
57;45.233086;11.766914367675781
56;51.519554;4.480445861816406
55;47.816547;7.183452606201172
54;45.171165;8.828834533691406
53;60.893158;-7.893157958984375
52;45.520493;6.4795074462890625
51;45.922916;5.077083587646484
50;43.272682;6.727317810058594
49;57.929806;-8.929805755615234
48;42.167645;5.832355499267578
47;39.450787;7.549213409423828
46;35.821404;10.178596496582031
45;43.199806;1.8001937866210938
44;46.338085;-2.338085174560547
43;43.94721;-0.9472084045410156
42;42.570034;-0.5700340270996094
41;38.05069;2.949310302734375
40;34.459076;5.540924072265625
39;28.269121;10.730878829956055
38;30.758036;7.241964340209961
37;30.772331;6.227668762207031
36;34.476418;1.5235824584960938
35;32.524284;2.4757156372070312
34;32.35307;1.6469306945800781
33;32.053066;0.9469337463378906
32;28.398632;3.601367950439453
31;20.280605;10.71939468383789
30;18.777977;11.222023010253906
29;25.567211;3.432788848876953
28;34.34668;-6.3466796875
27;25.130737;1.8692626953125
26;31.552156;-5.552156448364258
25;31.091185;-6.091184616088867
24;18.131186;5.868814468383789
23;20.095566;2.9044342041015625
22;26.390924;-4.390924453735352
21;23.757835;-2.7578353881835938
20;20.02227;-0.02227020263671875
19;20.899462;-1.8994617462158203
18;19.05827;-1.0582695007324219
17;21.453993;-4.45399284362793
16;18.294998;-2.2949981689453125
15;14.427355;0.5726451873779297
14;15.428562;-1.4285621643066406
13;6.5817976;6.4182024002075195
12;7.774083;4.225916862487793
11;12.360405;-1.3604049682617188
10;5.8863373;4.1136627197265625
9;10.57855;-1.5785503387451172
8;8.926043;-0.9260425567626953
7;10.318954;-3.3189544677734375
6;14.871982;-8.871981620788574
5;9.644492;-4.644492149353027
4;12.983249;-8.983248710632324
3;8.688911;-5.688911437988281
2;12.851774;-10.851774215698242
1;19.04813;-18.04813003540039
0;11.837235;-11.837235450744629
99;75.08984;23.91015625
98;94.56205;3.4379501342773438
97;84.72519;12.274810791015625
96;92.8069;3.1930999755859375
95;94.75055;0.24945068359375
94;89.14984;4.85015869140625
93;96.49482;-3.4948196411132812
92;91.45667;0.5433273315429688
91;87.65821;3.3417892456054688
90;95.521774;-5.5217742919921875
89;90.97656;-1.9765625
88;92.54633;-4.546333312988281
87;91.205864;-4.205863952636719
86;94.4644;-8.464401245117188
85;88.06719;-3.0671920776367188
84;87.3221;-3.3220977783203125
83;89.282555;-6.282554626464844
82;86.44992;-4.449920654296875
81;87.42839;-6.4283905029296875
80;84.59235;-4.59234619140625
79;86.739716;-7.739715576171875
78;85.81048;-7.810478210449219
77;77.69284;-0.692840576171875
76;82.37322;-6.373222351074219
75;75.05151;-0.051513671875
74;60.530487;13.469512939453125
73;62.363598;10.636402130126953
72;65.559456;6.440544128417969
71;53.47937;17.5206298828125
70;51.927433;18.072566986083984
69;48.212723;20.787277221679688
68;57.503464;10.496536254882812
67;54.144985;12.85501480102539
66;40.55801;25.44198989868164
65;48.401905;16.598094940185547
64;41.25604;22.743961334228516
63;46.2311;16.768901824951172
62;50.524563;11.47543716430664
61;51.525414;9.474586486816406
60;52.174347;7.825653076171875
59;41.90168;17.09832000732422
58;45.517296;12.482704162597656
57;41.54214;15.45785903930664
56;46.456627;9.543373107910156
55;35.927303;19.072696685791016
54;36.85946;17.140541076660156
53;45.906616;7.0933837890625
52;40.828068;11.171932220458984
51;42.70729;8.292709350585938
50;39.188534;10.811466217041016
49;37.425797;11.574203491210938
48;42.80032;5.199680328369141
47;38.63671;8.363288879394531
46;35.923332;10.076667785644531
45;35.518364;9.481636047363281
44;35.277138;8.722862243652344
43;39.346527;3.653472900390625
42;37.636257;4.363742828369141
41;42.09478;-1.0947799682617188
40;38.59713;1.4028701782226562
39;43.025913;-4.025913238525391
38;44.86372;-6.863719940185547
37;32.30602;4.693981170654297
36;31.02509;4.974910736083984
35;42.068653;-7.068653106689453
34;38.720512;-4.720512390136719
33;40.161007;-7.161006927490234
32;23.294323;8.705677032470703
31;30.91275;0.087249755859375
30;28.592472;1.4075279235839844
29;21.783976;7.216024398803711
28;24.912169;3.087831497192383
27;24.784492;2.2155075073242188
26;28.176636;-2.1766357421875
25;32.941635;-7.9416351318359375
24;28.310555;-4.310554504394531
23;29.018108;-6.018108367919922
22;25.473593;-3.473592758178711
21;20.456347;0.5436534881591797
20;23.1517;-3.1516990661621094
19;20.854504;-1.8545036315917969
18;22.094715;-4.094715118408203
17;18.316202;-1.316202163696289
16;19.839663;-3.839662551879883
15;12.713776;2.286224365234375
14;13.90831;0.0916900634765625
13;14.609606;-1.6096057891845703
12;16.417238;-4.417238235473633
11;14.793206;-3.793206214904785
10;7.836404;2.1635961532592773
9;16.478415;-7.478414535522461
8;10.667015;-2.6670150756835938
7;8.642692;-1.6426916122436523
6;22.1918;-16.19179916381836
5;28.479578;-23.479578018188477
4;29.070015;-25.07001495361328
3;14.1920185;-11.192018508911133
2;11.877655;-9.877655029296875
1;24.842691;-23.84269142150879
0;8.985346;-8.985345840454102
99;62.081112;36.918888092041016
98;77.14297;20.857032775878906
97;75.058365;21.941635131835938
96;69.03759;26.96240997314453
95;78.67411;16.325889587402344
94;59.243187;34.756813049316406
93;81.78177;11.218231201171875
92;62.67275;29.327251434326172
91;54.21058;36.78942108154297
90;74.066734;15.933265686035156
89;63.014057;25.985942840576172
88;73.488525;14.511474609375
87;58.94345;28.056549072265625
86;69.26266;16.737342834472656
85;71.75186;13.248138427734375
84;77.14567;6.854331970214844
83;71.075874;11.924125671386719
82;75.664055;6.335945129394531
81;77.5819;3.4180984497070312
80;82.047844;-2.0478439331054688
79;71.44577;7.554229736328125
78;52.270298;25.72970199584961
77;69.23961;7.7603912353515625
76;75.7084;0.29160308837890625
75;71.348305;3.6516952514648438
74;80.09546;-6.095458984375
73;60.87292;12.127079010009766
72;57.84666;14.153339385986328
71;59.70163;11.298370361328125
70;59.63598;10.364021301269531
69;52.259266;16.740734100341797
68;62.678875;5.321125030517578
67;56.905285;10.094715118408203
66;49.0204;16.979598999023438
65;59.483093;5.51690673828125
64;55.846344;8.153656005859375
63;49.414783;13.585216522216797
62;49.9114;12.088600158691406
61;55.542137;5.457862854003906
60;49.34391;10.656089782714844
59;54.8047;4.195301055908203
58;54.001766;3.9982337951660156
57;49.15227;7.847728729248047
56;52.07589;3.9241104125976562
55;55.35923;-0.35923004150390625
54;59.50609;-5.5060882568359375
53;46.760334;6.239665985107422
52;50.914345;1.0856552124023438
51;49.77295;1.22705078125
50;55.191853;-5.191852569580078
49;44.578114;4.421886444091797
48;46.04127;1.9587287902832031
47;39.623478;7.376522064208984
46;43.677002;2.322998046875
45;38.02391;6.9760894775390625
44;41.087788;2.912212371826172
43;39.468975;3.531024932861328
42;38.47097;3.5290298461914062
41;35.15728;5.842720031738281
40;34.526424;5.473575592041016
39;37.75993;1.2400703430175781
38;38.10958;-0.10958099365234375
37;36.65611;0.3438911437988281
36;32.37396;3.6260414123535156
35;37.039413;-2.0394134521484375
34;33.209026;0.7909736633300781
33;31.635931;1.3640689849853516
32;33.046535;-1.0465354919433594
31;30.725157;0.2748432159423828
30;34.841946;-4.841945648193359
29;19.933596;9.066404342651367
28;32.785378;-4.785377502441406
27;36.23075;-9.230751037597656
26;28.144653;-2.1446533203125
25;34.186455;-9.186454772949219
24;24.248768;-0.24876785278320312
23;32.358788;-9.358787536621094
22;27.084393;-5.084392547607422
21;38.155376;-17.155376434326172
20;31.998451;-11.998451232910156
19;29.568937;-10.568937301635742
18;34.566555;-16.56655502319336
17;15.193081;1.8069190979003906
16;22.456135;-6.456134796142578
15;27.223486;-12.223485946655273
14;31.174011;-17.17401123046875
13;35.654583;-22.654582977294922
12;27.674053;-15.674053192138672
11;19.723324;-8.723323822021484
10;18.685297;-8.685297012329102
9;45.31334;-36.31333923339844
8;21.63629;-13.636289596557617
7;49.073097;-42.073097229003906
6;51.828205;-45.82820510864258
5;22.842205;-17.842205047607422
4;39.31585;-35.31584930419922
3;43.307762;-40.307762145996094
2;34.67027;-32.67026901245117
1;40.53705;-39.53704833984375
0;39.233162;-39.23316192626953
99;85.499794;13.500205993652344
98;76.75071;21.249290466308594
97;96.41344;0.5865631103515625
96;93.974655;2.0253448486328125
95;83.52186;11.478141784667969
94;79.35693;14.64306640625
93;89.476494;3.5235061645507812
92;72.07432;19.925682067871094
91;74.88096;16.119041442871094
90;80.38079;9.619209289550781
89;71.88373;17.11627197265625
88;81.394806;6.605194091796875
87;86.12865;0.8713531494140625
86;87.28502;-1.2850189208984375
85;85.40669;-0.4066925048828125
84;84.453804;-0.45380401611328125
83;89.00721;-6.007209777832031
82;91.48441;-9.484413146972656
81;90.34405;-9.344047546386719
80;86.21251;-6.2125091552734375
79;82.70572;-3.705718994140625
78;85.628334;-7.628334045410156
77;77.531265;-0.5312652587890625
76;76.806915;-0.806915283203125
75;72.23897;2.7610321044921875
74;72.63715;1.3628463745117188
73;68.888435;4.111564636230469
72;62.221184;9.778816223144531
71;62.384945;8.615055084228516
70;49.560295;20.43970489501953
69;54.950115;14.049884796142578
68;53.63397;14.366031646728516
67;50.863716;16.13628387451172
66;55.178204;10.821796417236328
65;53.496326;11.503673553466797
64;50.67006;13.329940795898438
63;50.024628;12.975372314453125
62;50.3703;11.62969970703125
61;55.741146;5.258853912353516
60;57.193348;2.806652069091797
59;51.623383;7.376617431640625
58;48.155025;9.844974517822266
57;48.15341;8.846588134765625
56;48.119972;7.880027770996094
55;47.308544;7.691455841064453
54;46.984013;7.015987396240234
53;45.15746;7.842540740966797
52;39.832123;12.167877197265625
51;46.448517;4.551483154296875
50;50.112103;-0.11210250854492188
49;48.324512;0.6754875183105469
48;45.039433;2.9605674743652344
47;40.147335;6.852664947509766
46;44.52827;1.4717292785644531
45;42.99331;2.0066909790039062
44;41.621704;2.3782958984375
43;34.548176;8.451824188232422
42;41.116962;0.8830375671386719
41;37.6172;3.382801055908203
40;38.71712;1.2828788757324219
39;35.247494;3.7525062561035156
38;35.840214;2.1597862243652344
37;35.137035;1.8629646301269531
36;32.7269;3.273101806640625
35;32.88591;2.1140899658203125
34;44.100277;-10.100276947021484
33;39.10189;-6.101890563964844
32;29.347557;2.6524429321289062
31;33.98543;-2.985431671142578
30;28.067759;1.932241439819336
29;26.013992;2.9860076904296875
28;22.787907;5.212093353271484
27;31.408533;-4.408533096313477
26;28.791014;-2.791013717651367
25;30.058195;-5.058195114135742
24;24.531128;-0.5311279296875
23;23.859098;-0.8590984344482422
22;25.774483;-3.7744827270507812
21;19.162657;1.8373432159423828
20;20.718248;-0.7182483673095703
19;22.268507;-3.2685070037841797
18;21.80777;-3.807769775390625
17;23.542448;-6.542448043823242
16;24.180847;-8.18084716796875
15;18.6373;-3.637300491333008
14;18.191244;-4.191244125366211
13;19.993498;-6.993497848510742
12;21.57236;-9.572359085083008
11;22.242023;-11.242023468017578
10;22.664543;-12.664543151855469
9;24.53935;-15.539350509643555
8;23.34033;-15.340330123901367
7;25.791315;-18.79131507873535
6;20.406406;-14.40640640258789
5;24.983854;-19.983854293823242
4;26.698078;-22.698078155517578
3;26.966667;-23.96666717529297
2;25.172003;-23.1720027923584
1;27.077791;-26.077791213989258
0;18.315136;-18.315135955810547
72;60.196983;11.803016662597656
71;51.34706;19.652938842773438
70;73.4881;-3.48809814453125
69;64.19242;4.807579040527344
68;61.63266;6.367340087890625
67;57.381878;9.618122100830078
66;60.183037;5.816963195800781
65;57.851646;7.148353576660156
64;55.09313;8.906871795654297
63;50.944458;12.0555419921875
62;51.657158;10.342842102050781
61;55.45342;5.546581268310547
60;49.252266;10.747734069824219
59;51.364857;7.635143280029297
58;53.2469;4.753101348876953
57;57.989826;-0.9898262023925781
56;60.10222;-4.1022186279296875
55;58.17897;-3.1789703369140625
54;55.52213;-1.5221290588378906
53;52.413155;0.5868453979492188
52;51.820194;0.17980575561523438
51;48.975872;2.024127960205078
50;48.420147;1.5798530578613281
49;48.41051;0.5894889831542969
48;44.80644;3.193561553955078
47;44.548874;2.4511260986328125
46;46.22616;-0.22615814208984375
45;46.509266;-1.5092658996582031
44;38.545704;5.454296112060547
43;40.871006;2.1289939880371094
42;37.962406;4.037593841552734
41;36.5532;4.446800231933594
40;38.55307;1.446929931640625
39;39.54598;-0.5459785461425781
38;34.673073;3.3269271850585938
37;39.49658;-2.4965782165527344
36;35.43498;0.5650215148925781
35;31.545063;3.454936981201172
34;30.74221;3.2577896118164062
33;27.649158;5.350841522216797
32;30.694536;1.3054637908935547
31;23.103333;7.89666748046875
30;23.229082;6.770917892456055
29;25.417133;3.582866668701172
28;27.799526;0.20047378540039062
27;23.36225;3.6377506256103516
26;20.336302;5.663698196411133
25;19.31205;5.687950134277344
24;24.87029;-0.8702907562255859
23;15.932128;7.067872047424316
22;14.331854;7.668146133422852
21;17.247007;3.752992630004883
20;12.883809;7.1161909103393555
19;12.700763;6.299237251281738
18;12.180084;5.819915771484375
17;17.575165;-0.575164794921875
16;11.553283;4.446717262268066
15;7.909538;7.0904622077941895
14;9.451265;4.548734664916992
13;5.7766438;7.223356246948242
12;8.018435;3.981565475463867
11;4.3251686;6.674831390380859
10;7.779307;2.2206931114196777
9;4.808059;4.191940784454346
8;4.3746214;3.6253786087036133
7;2.3798501;4.620149850845337
6;-1.8823683;7.882368326187134
5;-2.5682116;7.568211555480957
4;-3.3389513;7.338951349258423
3;-2.0341773;5.034177303314209
2;1.653072;0.3469280004501343
1;-2.4461114;3.4461114406585693
0;-4.318502;4.318501949310303
82;52.566086;29.433914184570312
81;54.92379;26.076210021972656
80;56.62149;23.378509521484375
79;55.719967;23.280033111572266
78;57.28486;20.71514129638672
77;52.290283;24.709716796875
76;62.73395;13.266048431396484
75;56.40409;18.595909118652344
74;57.12749;16.872509002685547
73;56.96814;16.0318603515625
72;60.253105;11.746894836425781
71;56.706295;14.293704986572266
70;55.576477;14.42352294921875
69;53.507664;15.49233627319336
68;49.56669;18.433311462402344
67;57.624184;9.375816345214844
66;55.733257;10.266742706298828
65;46.446697;18.553302764892578
64;44.46914;19.530860900878906
63;53.69394;9.306060791015625
62;51.018757;10.981243133544922
61;53.39957;7.600429534912109
60;53.498947;6.5010528564453125
59;52.44283;6.557170867919922
58;47.08202;10.917980194091797
57;48.496494;8.50350570678711
56;47.484573;8.515426635742188
55;51.213215;3.786785125732422
54;53.242558;0.7574424743652344
53;44.58474;8.415260314941406
52;38.44191;13.558090209960938
51;48.81328;2.1867218017578125
50;44.960342;5.0396575927734375
49;46.182304;2.8176956176757812
48;40.84883;7.1511688232421875
47;39.873802;7.126197814941406
46;38.127457;7.8725433349609375
45;44.781517;0.21848297119140625
44;41.249786;2.750213623046875
43;43.758358;-0.7583580017089844
42;34.436565;7.563434600830078
41;35.92044;5.079559326171875
40;35.158993;4.841007232666016
39;40.782932;-1.7829322814941406
38;29.150953;8.84904670715332
37;33.972908;3.0270919799804688
36;32.71736;3.2826385498046875
35;29.508291;5.491708755493164
34;28.574965;5.42503547668457
33;31.04227;1.9577293395996094
32;29.628607;2.3713932037353516
31;24.701536;6.298463821411133
30;26.59468;3.4053192138671875
29;23.73142;5.268579483032227
28;26.604252;1.3957481384277344
27;24.682575;2.317424774169922
26;19.872778;6.127222061157227
25;26.155954;-1.155954360961914
24;25.086586;-1.0865859985351562
23;23.021145;-0.021144866943359375
22;19.410038;2.5899620056152344
21;19.966621;1.0333786010742188
20;25.08389;-5.083890914916992
19;18.890072;0.10992813110351562
18;16.735052;1.2649478912353516
17;17.499905;-0.4999046325683594
16;16.882315;-0.8823146820068359
15;17.151844;-2.151844024658203
14;16.803686;-2.8036861419677734
13;19.271591;-6.2715911865234375
12;18.119392;-6.119392395019531
11;18.206182;-7.206182479858398
10;21.52245;-11.522449493408203
9;20.277216;-11.277215957641602
8;13.540927;-5.540926933288574
7;20.452204;-13.452203750610352
6;12.228017;-6.2280168533325195
5;10.867439;-5.867439270019531
4;16.757175;-12.75717544555664
3;14.314385;-11.314385414123535
2;21.72888;-19.728879928588867
1;23.833065;-22.833065032958984
0;26.406681;-26.406681060791016
99;77.638794;21.3612060546875
98;95.032814;2.9671859741210938
97;91.751305;5.248695373535156
96;78.64984;17.35015869140625
95;86.028336;8.971664428710938
94;92.77383;1.2261734008789062
93;88.11348;4.8865203857421875
92;82.40201;9.597991943359375
91;84.51756;6.4824371337890625
90;82.07073;7.929267883300781
89;80.9229;8.077102661132812
88;76.91644;11.08355712890625
87;76.3453;10.654701232910156
86;77.02882;8.971183776855469
85;72.75554;12.244461059570312
84;74.15099;9.849006652832031
83;73.62677;9.37322998046875
82;73.90537;8.094627380371094
81;72.44375;8.556251525878906
80;70.29292;9.707077026367188
79;69.18765;9.812347412109375
78;69.94288;8.057121276855469
77;70.22055;6.779449462890625
76;66.48869;9.511306762695312
75;64.25481;10.745193481445312
74;63.210148;10.789852142333984
73;60.60895;12.391048431396484
72;52.383713;19.616287231445312
71;56.437424;14.562576293945312
70;45.740814;24.259185791015625
69;48.78886;20.211139678955078
68;45.88092;22.11907958984375
67;48.79037;18.20962905883789
66;50.213478;15.786521911621094
65;49.168743;15.831256866455078
64;49.292465;14.707534790039062
63;47.682705;15.31729507446289
62;53.690758;8.309242248535156
61;53.063133;7.936866760253906
60;49.378323;10.62167739868164
59;46.871258;12.128742218017578
58;45.6999;12.300098419189453
57;51.524067;5.475933074951172
56;49.832256;6.167743682861328
55;51.71842;3.2815818786621094
54;43.655834;10.344165802001953
53;41.16897;11.831031799316406
52;40.47326;11.526741027832031
51;39.52908;11.47092056274414
50;44.721375;5.27862548828125
49;48.621548;0.3784523010253906
48;46.89861;1.1013908386230469
47;42.26328;4.736721038818359
46;42.839172;3.16082763671875
45;40.88888;4.111118316650391
44;44.510082;-0.5100822448730469
43;45.783142;-2.78314208984375
42;40.927837;1.0721626281738281
41;43.122135;-2.1221351623535156
40;40.821262;-0.8212623596191406
39;38.15302;0.8469810485839844
38;34.14058;3.8594207763671875
37;40.691547;-3.691547393798828
36;31.369156;4.6308441162109375
35;38.272854;-3.2728538513183594
34;38.3647;-4.3647003173828125
33;33.36273;-0.3627281188964844
32;30.470154;1.52984619140625
31;36.539833;-5.539833068847656
30;28.640888;1.3591117858886719
29;29.00801;-0.0080108642578125
28;30.275112;-2.2751121520996094
27;29.548666;-2.548666000366211
26;27.454107;-1.4541072845458984
25;28.7306;-3.730600357055664
24;26.544306;-2.5443058013916016
23;23.961895;-0.9618949890136719
22;27.520956;-5.520956039428711
21;24.617645;-3.617645263671875
20;21.298183;-1.2981834411621094
19;18.74111;0.25889015197753906
18;17.5349;0.4650993347167969
17;13.551955;3.448044776916504
16;12.444652;3.5553483963012695
15;18.159168;-3.159168243408203
14;16.508625;-2.508625030517578
13;15.537485;-2.537485122680664
12;14.593329;-2.593329429626465
11;14.976363;-3.976363182067871
10;11.4825535;-1.482553482055664
9;15.100217;-6.100216865539551
8;20.070827;-12.07082748413086
7;17.782518;-10.78251838684082
6;35.383015;-29.383014678955078
5;31.326857;-26.32685661315918
4;32.45016;-28.45016098022461
3;38.584297;-35.58429718017578
2;47.90905;-45.90904998779297
1;36.525665;-35.525665283203125
0;41.998516;-41.99851608276367
99;73.93474;25.065261840820312
98;83.58283;14.417167663574219
97;95.5254;1.4746017456054688
96;89.170746;6.829254150390625
95;94.40652;0.5934829711914062
94;92.90548;1.0945205688476562
93;110.80348;-17.803482055664062
92;89.18586;2.8141403198242188
91;92.602455;-1.6024551391601562
90;82.306;7.694000244140625
89;83.861664;5.138336181640625
88;83.27258;4.7274169921875
87;82.919426;4.080574035644531
86;78.05161;7.948387145996094
85;86.49415;-1.4941482543945312
84;73.351814;10.648185729980469
83;71.62899;11.371009826660156
82;76.48192;5.5180816650390625
81;64.52217;16.477828979492188
80;82.737335;-2.737335205078125
79;64.29649;14.703506469726562
78;70.90348;7.096519470214844
77;72.45977;4.540229797363281
76;69.290306;6.709693908691406
75;74.479675;0.52032470703125
74;74.270256;-0.27025604248046875
73;57.82863;15.171371459960938
72;48.517616;23.482383728027344
71;69.54597;1.4540328979492188
70;68.14526;1.854736328125
69;67.3243;1.6756973266601562
68;70.152435;-2.152435302734375
67;75.71733;-8.717330932617188
66;63.864853;2.1351470947265625
65;67.236084;-2.236083984375
64;67.19061;-3.19061279296875
63;52.813293;10.18670654296875
62;63.20604;-1.2060394287109375
61;63.233112;-2.233112335205078
60;53.355633;6.644367218017578
59;55.547966;3.4520339965820312
58;53.81877;4.1812286376953125
57;45.046906;11.953094482421875
56;48.638256;7.361743927001953
55;42.788486;12.21151351928711
54;50.951233;3.04876708984375
53;48.094723;4.905277252197266
52;52.453083;-0.4530830383300781
51;48.25909;2.7409095764160156
50;49.361053;0.638946533203125
49;50.333202;-1.3332023620605469
48;43.33052;4.6694793701171875
47;49.13549;-2.1354904174804688
46;36.449974;9.550025939941406
45;41.403534;3.596466064453125
44;31.154486;12.845514297485352
43;38.379642;4.620357513427734
42;43.906948;-1.9069480895996094
41;41.489456;-0.4894561767578125
40;47.538322;-7.538322448730469
39;51.481964;-12.481964111328125
38;49.68055;-11.680549621582031
37;44.018032;-7.018032073974609
36;31.616701;4.383298873901367
35;44.430557;-9.430557250976562
34;59.275826;-25.27582550048828
33;36.71017;-3.7101707458496094
32;41.889942;-9.889942169189453
31;39.973057;-8.97305679321289
30;37.39856;-7.3985595703125
29;37.040283;-8.040283203125
28;27.924582;0.07541847229003906
27;31.554588;-4.554588317871094
26;41.96945;-15.969451904296875
25;29.823473;-4.82347297668457
24;39.10971;-15.109710693359375
23;26.02498;-3.0249805450439453
22;28.645855;-6.645854949951172
21;49.449753;-28.449752807617188
20;50.9628;-30.962799072265625
19;27.370281;-8.370281219482422
18;31.989162;-13.98916244506836
17;36.73982;-19.739818572998047
16;34.34872;-18.34872055053711
15;25.706406;-10.706405639648438
14;35.828964;-21.828964233398438
13;41.11502;-28.115020751953125
12;37.263485;-25.263484954833984
11;35.71448;-24.714481353759766
10;22.841795;-12.841794967651367
9;26.364422;-17.364421844482422
8;23.090631;-15.090631484985352
7;26.478094;-19.47809410095215
6;29.533194;-23.533193588256836
5;38.45183;-33.45183181762695
4;30.088533;-26.088533401489258
3;37.489246;-34.4892463684082
2;28.72554;-26.725540161132812
1;33.83688;-32.83687973022461
0;32.74394;-32.74393844604492
99;74.21598;24.784019470214844
98;86.24801;11.751991271972656
97;92.677765;4.322235107421875
96;89.94243;6.0575714111328125
95;102.8739;-7.8739013671875
94;99.767235;-5.767234802246094
93;101.41975;-8.419746398925781
92;96.88024;-4.880241394042969
91;109.90118;-18.90117645263672
90;100.2805;-10.280502319335938
89;108.08892;-19.08892059326172
88;94.4205;-6.420501708984375
87;99.600395;-12.600395202636719
86;92.90994;-6.909942626953125
85;92.58219;-7.582191467285156
84;90.23563;-6.235626220703125
83;90.44209;-7.4420928955078125
82;101.979706;-19.979705810546875
81;96.013855;-15.01385498046875
80;89.147385;-9.147384643554688
79;85.279724;-6.27972412109375
78;89.18837;-11.188369750976562
77;98.37494;-21.37493896484375
76;84.52462;-8.524620056152344
75;90.521;-15.521003723144531
74;85.06873;-11.068733215332031
73;82.568405;-9.568405151367188
72;92.93875;-20.938751220703125
71;85.7476;-14.747596740722656
70;64.61655;5.383453369140625
69;68.27154;0.7284622192382812
68;65.71246;2.28753662109375
67;68.10461;-1.1046066284179688
66;71.14705;-5.1470489501953125
65;71.14533;-6.145332336425781
64;78.385086;-14.385086059570312
63;72.54017;-9.540168762207031
62;77.92412;-15.924118041992188
61;75.33819;-14.338188171386719
60;70.95205;-10.952049255371094
59;72.5909;-13.590896606445312
58;68.07607;-10.076072692871094
57;74.41897;-17.418968200683594
56;74.41101;-18.4110107421875
55;72.16858;-17.1685791015625
54;58.9723;-4.972301483154297
53;70.395325;-17.39532470703125
52;63.44316;-11.443161010742188
51;63.302315;-12.302314758300781
50;62.555477;-12.555477142333984
49;59.240166;-10.240165710449219
48;55.720154;-7.72015380859375
47;52.93736;-5.937358856201172
46;59.527428;-13.527427673339844
45;55.696808;-10.696807861328125
44;54.606136;-10.606136322021484
43;59.143204;-16.143203735351562
42;49.78455;-7.784549713134766
41;58.785522;-17.7855224609375
40;45.746937;-5.746936798095703
39;52.64562;-13.645618438720703
38;50.991425;-12.991424560546875
37;50.309544;-13.30954360961914
36;39.950554;-3.9505538940429688
35;38.421448;-3.42144775390625
34;40.046013;-6.046012878417969
33;30.374727;2.625272750854492
32;35.70731;-3.7073097229003906
31;26.580404;4.419595718383789
30;28.112417;1.887582778930664
29;24.259995;4.7400054931640625
28;24.316114;3.6838855743408203
27;27.336765;-0.3367652893066406
26;29.020882;-3.0208816528320312
25;22.636703;2.3632965087890625
24;18.302563;5.697437286376953
23;19.783304;3.216695785522461
22;21.93854;0.06146049499511719
21;21.189898;-0.1898975372314453
20;18.404842;1.5951576232910156
19;15.571662;3.428338050842285
18;20.98612;-2.9861202239990234
17;20.720463;-3.7204627990722656
16;20.714571;-4.714570999145508
15;26.686113;-11.686113357543945
14;21.308659;-7.308658599853516
13;23.986399;-10.986398696899414
12;18.983198;-6.983198165893555
11;23.23494;-12.234939575195312
10;23.43256;-13.432559967041016
9;17.10272;-8.102720260620117
8;21.031837;-13.031837463378906
7;17.106302;-10.106302261352539
6;14.331613;-8.331612586975098
5;23.819262;-18.81926155090332
4;29.391441;-25.391441345214844
3;28.355783;-25.355783462524414
2;28.541021;-26.5410213470459
1;27.001148;-26.001148223876953
0;33.438976;-33.4389762878418
87;71.43402;15.56597900390625
86;79.12716;6.872840881347656
85;75.87048;9.1295166015625
84;82.94458;1.055419921875
83;73.996765;9.00323486328125
82;85.991104;-3.9911041259765625
81;71.61682;9.3831787109375
80;81.68055;-1.6805496215820312
79;83.571785;-4.571784973144531
78;84.98474;-6.9847412109375
77;86.19809;-9.198089599609375
76;81.88267;-5.882667541503906
75;78.32233;-3.32232666015625
74;81.48794;-7.487937927246094
73;81.81543;-8.8154296875
72;78.45132;-6.451316833496094
71;74.58056;-3.5805587768554688
70;77.271194;-7.2711944580078125
69;71.41027;-2.4102706909179688
68;73.9407;-5.940696716308594
67;70.737434;-3.7374343872070312
66;75.254616;-9.254615783691406
65;63.88896;1.1110382080078125
64;70.69764;-6.697639465332031
63;68.95892;-5.95892333984375
62;67.53991;-5.539909362792969
61;69.50586;-8.505859375
60;60.357864;-0.3578643798828125
59;62.9095;-3.9095001220703125
58;51.965538;6.034461975097656
57;57.212765;-0.21276473999023438
56;51.14787;4.852130889892578
55;58.91809;-3.9180908203125
54;55.73863;-1.7386283874511719
53;46.92333;6.076671600341797
52;53.00064;-1.000640869140625
51;48.20755;2.792449951171875
50;50.47138;-0.4713783264160156
49;52.34143;-3.3414306640625
48;50.077282;-2.077281951904297
47;48.89382;-1.8938217163085938
46;44.826344;1.1736564636230469
45;43.173416;1.8265838623046875
44;41.102726;2.8972740173339844
43;48.373943;-5.373943328857422
42;42.265522;-0.2655220031738281
41;36.279644;4.720355987548828
40;38.25737;1.7426300048828125
39;36.487732;2.51226806640625
38;35.252144;2.7478561401367188
37;38.68374;-1.6837387084960938
36;34.8396;1.160400390625
35;38.455837;-3.4558372497558594
34;36.571857;-2.571857452392578
33;35.765377;-2.7653770446777344
32;34.358265;-2.358264923095703
31;32.979813;-1.9798126220703125
30;32.55345;-2.5534515380859375
29;27.244703;1.7552967071533203
28;39.670994;-11.67099380493164
27;31.290161;-4.2901611328125
26;27.562626;-1.5626258850097656
25;25.837961;-0.8379611968994141
24;26.214046;-2.2140464782714844
23;15.5849285;7.415071487426758
22;20.849503;1.1504974365234375
21;21.602089;-0.6020889282226562
20;17.876102;2.1238975524902344
19;12.302288;6.697711944580078
18;11.924581;6.0754194259643555
17;19.97304;-2.9730396270751953
16;15.272425;0.7275753021240234
15;14.510904;0.48909568786621094
14;11.313613;2.686387062072754
13;14.159694;-1.159693717956543
12;10.648764;1.351236343383789
11;6.2516575;4.748342514038086
10;8.870228;1.1297721862792969
9;8.739252;0.26074790954589844
8;5.723692;2.276308059692383
7;9.35771;-2.3577098846435547
6;7.294261;-1.2942609786987305
5;6.4067245;-1.406724452972412
4;10.763773;-6.763772964477539
3;4.4743385;-1.4743385314941406
2;1.7549211;0.2450789213180542
1;0.76811063;0.23188936710357666
0;1.0527751;-1.0527751445770264
79;47.45537;31.544628143310547
78;50.09373;27.906269073486328
77;49.20144;27.798561096191406
76;50.331425;25.668575286865234
75;54.381626;20.61837387084961
74;54.260487;19.739513397216797
73;48.52982;24.47018051147461
72;45.995335;26.00466537475586
71;51.757748;19.242252349853516
70;52.061317;17.938682556152344
69;45.85809;23.141910552978516
68;48.916866;19.083133697509766
67;47.814034;19.18596649169922
66;49.90643;16.093570709228516
65;44.982445;20.017555236816406
64;48.21304;15.78696060180664
63;49.360443;13.639556884765625
62;57.19143;4.808570861816406
61;49.92343;11.076568603515625
60;50.58543;9.414569854736328
59;48.034176;10.965824127197266
58;46.71284;11.287158966064453
57;47.699623;9.300376892089844
56;45.67613;10.323871612548828
55;46.281654;8.718345642089844
54;47.88626;6.113739013671875
53;41.87509;11.124908447265625
52;44.026264;7.973735809326172
51;45.235302;5.764698028564453
50;44.55914;5.440860748291016
49;43.217697;5.7823028564453125
48;40.42101;7.578990936279297
47;38.423973;8.576026916503906
46;41.215015;4.784984588623047
45;36.74663;8.253368377685547
44;43.029415;0.9705848693847656
43;42.712418;0.2875823974609375
42;41.11844;0.881561279296875
41;37.788776;3.211223602294922
40;38.09314;1.9068603515625
39;34.345768;4.654232025146484
38;36.711372;1.2886276245117188
37;33.301857;3.6981430053710938
36;34.51466;1.4853401184082031
35;34.019688;0.9803123474121094
34;33.94164;0.058361053466796875
33;31.617895;1.3821048736572266
32;30.028616;1.971384048461914
31;30.304432;0.6955680847167969
30;29.66341;0.3365898132324219
29;27.211445;1.7885551452636719
28;28.77449;-0.7744903564453125
27;25.264112;1.7358875274658203
26;29.56295;-3.5629501342773438
25;29.301086;-4.30108642578125
24;28.20811;-4.208110809326172
23;28.542576;-5.542575836181641
22;25.687729;-3.6877288818359375
21;19.692007;1.307992935180664
20;23.844519;-3.8445186614990234
19;23.025377;-4.02537727355957
18;20.71524;-2.715240478515625
17;19.43978;-2.439779281616211
16;14.349332;1.6506681442260742
15;18.127789;-3.127788543701172
14;15.267381;-1.267380714416504
13;18.30993;-5.309930801391602
12;19.61226;-7.612260818481445
11;24.20634;-13.206340789794922
10;18.69181;-8.691810607910156
9;18.884413;-9.88441276550293
8;18.078428;-10.078428268432617
7;17.075455;-10.075454711914062
6;20.315384;-14.315383911132812
5;18.164879;-13.164878845214844
4;20.162872;-16.162872314453125
3;17.062431;-14.062431335449219
2;24.27092;-22.270919799804688
1;22.620138;-21.62013816833496
0;21.627655;-21.627655029296875
99;59.470936;39.5290641784668
98;64.06152;33.9384765625
97;72.251755;24.748245239257812
96;72.33563;23.66436767578125
95;70.530914;24.469085693359375
94;73.28519;20.714813232421875
93;72.584175;20.41582489013672
92;69.397675;22.602325439453125
91;72.82155;18.178451538085938
90;72.38869;17.611312866210938
89;71.23349;17.766510009765625
88;70.14162;17.858383178710938
87;69.99989;17.000106811523438
86;69.58145;16.418548583984375
85;69.368324;15.631675720214844
84;67.686264;16.313735961914062
83;65.318665;17.68133544921875
82;62.408302;19.591697692871094
81;63.326153;17.673847198486328
80;61.779633;18.220367431640625
79;58.84492;20.155078887939453
78;59.86618;18.133819580078125
77;60.01434;16.985660552978516
76;56.57566;19.424339294433594
75;58.862988;16.137012481689453
74;56.152184;17.847816467285156
73;61.107277;11.892723083496094
72;52.71625;19.283748626708984
71;55.181313;15.818687438964844
70;41.391075;28.608924865722656
69;44.37836;24.621639251708984
68;42.666798;25.333202362060547
67;48.98655;18.013450622558594
66;43.66517;22.33483123779297
65;42.174885;22.825115203857422
64;42.59544;21.404560089111328
63;44.528946;18.471054077148438
62;43.85512;18.144878387451172
61;47.81585;13.184150695800781
60;45.36086;14.639141082763672
59;49.527542;9.472457885742188
58;44.2167;13.78329849243164
57;43.085384;13.914615631103516
56;43.397827;12.6021728515625
55;41.255257;13.744743347167969
54;43.198544;10.801456451416016
53;38.93296;14.067039489746094
52;45.54309;6.4569091796875
51;41.934967;9.065032958984375
50;43.182507;6.817493438720703
49;38.911987;10.0880126953125
48;38.706394;9.29360580444336
47;40.553207;6.4467926025390625
46;42.673637;3.3263626098632812
45;39.195713;5.804286956787109
44;37.127247;6.872753143310547
43;39.92575;3.074249267578125
42;35.861885;6.138114929199219
41;34.83658;6.163421630859375
40;33.912754;6.087245941162109
39;33.433514;5.566486358642578
38;29.380331;8.619668960571289
37;28.628132;8.371868133544922
36;28.602682;7.397317886352539
35;29.784788;5.215211868286133
34;29.839308;4.16069221496582
33;32.50708;0.492919921875
32;24.750645;7.249355316162109
31;26.44722;4.5527801513671875
30;23.986366;6.013633728027344
29;26.865286;2.134714126586914
28;30.943094;-2.943094253540039
27;27.822363;-0.8223628997802734
26;28.978508;-2.9785079956054688
25;26.29472;-1.2947196960449219
24;21.200335;2.7996654510498047
23;27.013115;-4.013114929199219
22;20.803886;1.1961135864257812
21;17.537607;3.462392807006836
20;22.548872;-2.5488719940185547
19;18.046185;0.9538154602050781
18;21.195856;-3.1958560943603516
17;15.500782;1.4992179870605469
16;17.187878;-1.1878776550292969
15;24.197557;-9.19755744934082
14;20.881893;-6.881893157958984
13;19.288391;-6.28839111328125
12;20.826843;-8.82684326171875
11;21.07764;-10.077640533447266
10;14.924434;-4.924433708190918
9;17.515512;-8.515512466430664
8;12.932947;-4.932947158813477
7;19.92575;-12.925750732421875
6;17.059351;-11.059350967407227
5;13.687925;-8.687925338745117
4;29.03928;-25.03927993774414
3;28.443789;-25.443788528442383
2;19.142479;-17.142478942871094
1;38.710316;-37.7103157043457
0;29.657522;-29.657522201538086
99;68.41304;30.586959838867188
98;77.93895;20.061050415039062
97;89.259895;7.740104675292969
96;110.39738;-14.397377014160156
95;98.61269;-3.6126937866210938
94;96.53775;-2.537750244140625
93;100.48515;-7.4851531982421875
92;107.86243;-15.8624267578125
91;106.90086;-15.900863647460938
90;126.95226;-36.95226287841797
89;121.96146;-32.961456298828125
88;101.757065;-13.757064819335938
87;100.3021;-13.302101135253906
86;103.76254;-17.762542724609375
85;101.36559;-16.36559295654297
84;110.06233;-26.062332153320312
83;128.90851;-45.90850830078125
82;110.086914;-28.0869140625
81;100.73799;-19.737991333007812
80;93.78127;-13.781272888183594
79;107.45124;-28.45124053955078
78;102.315506;-24.315505981445312
77;89.85545;-12.855453491210938
76;101.5741;-25.5740966796875
75;107.31039;-32.310386657714844
74;94.10392;-20.103919982910156
73;93.08815;-20.088150024414062
72;112.36752;-40.367523193359375
71;111.87137;-40.871368408203125
70;80.8937;-10.893699645996094
69;74.13184;-5.131843566894531
68;83.501335;-15.501335144042969
67;83.143234;-16.143234252929688
66;83.37147;-17.37146759033203
65;75.00442;-10.004417419433594
64;78.15654;-14.156539916992188
63;100.13626;-37.136260986328125
62;81.81136;-19.811363220214844
61;98.53568;-37.535682678222656
60;89.23428;-29.234283447265625
59;84.42293;-25.422927856445312
58;70.698;-12.697998046875
57;73.8013;-16.801300048828125
56;89.438705;-33.43870544433594
55;72.49862;-17.498619079589844
54;62.89063;-8.890628814697266
53;81.48809;-28.48809051513672
52;67.437996;-15.437995910644531
51;61.049667;-10.049667358398438
50;56.99404;-6.994041442871094
49;57.276466;-8.276466369628906
48;46.086983;1.9130172729492188
47;45.562313;1.4376869201660156
46;69.76977;-23.76976776123047
45;55.83063;-10.830631256103516
44;44.554222;-0.5542221069335938
43;52.730915;-9.730915069580078
42;42.567646;-0.5676460266113281
41;47.460022;-6.46002197265625
40;42.46189;-2.4618911743164062
39;42.93445;-3.9344482421875
38;43.50804;-5.5080413818359375
37;44.955387;-7.955387115478516
36;48.391148;-12.39114761352539
35;44.395264;-9.395263671875
34;38.86982;-4.869819641113281
33;44.958508;-11.958507537841797
32;38.302498;-6.302497863769531
31;44.84707;-13.847068786621094
30;53.63965;-23.6396484375
29;53.77311;-24.773109436035156
28;55.20444;-27.20444107055664
27;45.89965;-18.89965057373047
26;48.235382;-22.235382080078125
25;45.386536;-20.38653564453125
24;52.186802;-28.18680191040039
23;54.680813;-31.68081283569336
22;49.248802;-27.248802185058594
21;46.8884;-25.88840103149414
20;52.13466;-32.13465881347656
19;53.029926;-34.02992630004883
18;59.645218;-41.64521789550781
17;62.03108;-45.03107833862305
16;59.490757;-43.49075698852539
15;58.324444;-43.32444381713867
14;64.71651;-50.71650695800781
13;56.100243;-43.100242614746094
12;46.737152;-34.737152099609375
11;70.206375;-59.20637512207031
10;51.61672;-41.61671829223633
9;53.299664;-44.29966354370117
8;36.490547;-28.49054718017578
7;55.961178;-48.961177825927734
6;57.970192;-51.970191955566406
5;78.81609;-73.81609344482422
4;70.29953;-66.29953002929688
3;63.28925;-60.289249420166016
2;75.63805;-73.63804626464844
1;78.23629;-77.23628997802734
0;91.82584;-91.82584381103516
99;97.86544;1.1345596313476562
98;98.18665;-0.18665313720703125
97;108.799446;-11.799446105957031
96;109.54262;-13.542617797851562
95;103.35531;-8.355308532714844
94;100.67457;-6.674568176269531
93;89.97315;3.0268478393554688
92;101.403534;-9.403533935546875
91;96.8036;-5.803596496582031
90;99.76265;-9.762649536132812
89;107.57487;-18.574867248535156
88;99.58307;-11.58306884765625
87;95.18165;-8.181648254394531
86;95.612724;-9.612724304199219
85;101.03754;-16.03753662109375
84;102.537155;-18.537155151367188
83;99.16964;-16.169639587402344
82;91.74033;-9.740333557128906
81;88.86319;-7.863189697265625
80;84.674576;-4.6745758056640625
79;80.72109;-1.7210922241210938
78;77.566246;0.43375396728515625
77;79.59339;-2.5933914184570312
76;81.14465;-5.1446533203125
75;79.94444;-4.9444427490234375
74;82.29387;-8.293869018554688
73;86.512314;-13.512313842773438
72;80.07894;-8.078941345214844
71;72.97291;-1.9729080200195312
70;65.4755;4.524497985839844
69;62.47661;6.5233917236328125
68;60.531532;7.468467712402344
67;62.28651;4.713489532470703
66;61.526737;4.473262786865234
65;72.33915;-7.339149475097656
64;63.801937;0.19806289672851562
63;64.64373;-1.6437301635742188
62;61.117954;0.8820457458496094
61;61.777733;-0.7777328491210938
60;67.6303;-7.630302429199219
59;73.24788;-14.247879028320312
58;59.7494;-1.7494010925292969
57;64.06688;-7.0668792724609375
56;60.47268;-4.472679138183594
55;59.107643;-4.107643127441406
54;59.270966;-5.270965576171875
53;57.822113;-4.822113037109375
52;56.66234;-4.6623382568359375
51;56.433067;-5.433067321777344
50;58.246944;-8.246944427490234
49;61.33353;-12.33353042602539
48;51.963184;-3.963184356689453
47;53.062054;-6.062053680419922
46;50.719437;-4.7194366455078125
45;50.506413;-5.506412506103516
44;47.113224;-3.1132240295410156
43;49.7535;-6.753501892089844
42;50.335514;-8.335514068603516
41;45.765045;-4.765045166015625
40;43.638386;-3.638385772705078
39;40.11247;-1.1124687194824219
38;42.217052;-4.217052459716797
37;31.852007;5.147993087768555
36;32.489418;3.5105819702148438
35;34.23811;0.7618904113769531
34;32.082657;1.9173431396484375
33;30.152729;2.847270965576172
32;29.337387;2.6626129150390625
31;31.367811;-0.3678112030029297
30;25.38486;4.615140914916992
29;26.809645;2.1903553009033203
28;26.732405;1.2675952911376953
27;23.394182;3.6058177947998047
26;14.644208;11.355792045593262
25;21.060461;3.9395389556884766
24;18.59562;5.404380798339844
23;21.025106;1.974893569946289
22;17.997782;4.002218246459961
21;15.790834;5.209165573120117
20;11.684864;8.315135955810547
19;19.06416;-0.06415939331054688
18;11.405656;6.594344139099121
17;19.175953;-2.175952911376953
16;18.139729;-2.139728546142578
15;16.441088;-1.4410877227783203
14;19.720713;-5.720712661743164
13;15.249741;-2.2497406005859375
12;16.497257;-4.497257232666016
11;16.319344;-5.319343566894531
10;14.928275;-4.928275108337402
9;14.302273;-5.302272796630859
8;14.612684;-6.61268424987793
7;11.604756;-4.6047563552856445
6;16.482424;-10.482423782348633
5;14.135254;-9.13525390625
4;15.847555;-11.847555160522461
3;14.979702;-11.97970199584961
2;20.750658;-18.75065803527832
1;20.437143;-19.437143325805664
0;22.959225;-22.959224700927734
90;57.287594;32.712406158447266
89;63.236584;25.763416290283203
88;63.692726;24.307273864746094
87;64.079384;22.920616149902344
86;73.57589;12.424110412597656
85;73.81158;11.188423156738281
84;71.838455;12.161544799804688
83;73.12592;9.874076843261719
82;73.991554;8.008445739746094
81;79.7268;1.2732009887695312
80;85.83757;-5.8375701904296875
79;86.91836;-7.918357849121094
78;80.29679;-2.2967910766601562
77;79.67926;-2.67926025390625
76;80.44567;-4.445671081542969
75;75.36394;-0.3639373779296875
74;75.19601;-1.1960067749023438
73;75.60178;-2.6017837524414062
72;77.44121;-5.4412078857421875
71;76.11158;-5.111579895019531
70;70.22047;-0.22046661376953125
69;68.1514;0.848602294921875
68;71.650696;-3.65069580078125
67;71.35744;-4.3574371337890625
66;69.85844;-3.8584365844726562
65;70.02622;-5.026222229003906
64;71.75334;-7.7533416748046875
63;77.11871;-14.11871337890625
62;67.005066;-5.00506591796875
61;56.612663;4.387336730957031
60;57.630615;2.369384765625
59;54.591343;4.408657073974609
58;54.480812;3.5191879272460938
57;60.052704;-3.052703857421875
56;57.74509;-1.7450904846191406
55;54.81595;0.184051513671875
54;58.02787;-4.027870178222656
53;55.297714;-2.2977142333984375
52;54.678795;-2.6787948608398438
51;51.953327;-0.9533271789550781
50;52.238018;-2.238018035888672
49;47.316338;1.6836624145507812
48;54.352688;-6.352687835693359
47;55.921326;-8.92132568359375
46;47.418766;-1.4187660217285156
45;41.44175;3.5582504272460938
44;39.935272;4.064727783203125
43;37.371765;5.62823486328125
42;42.353268;-0.3532676696777344
41;31.047546;9.95245361328125
40;30.517447;9.482553482055664
39;33.241642;5.758358001708984
38;31.223803;6.77619743347168
37;31.08902;5.910980224609375
36;32.90446;3.095539093017578
35;35.591698;-0.5916976928710938
34;29.774172;4.225828170776367
33;38.925667;-5.925666809082031
32;31.316872;0.6831283569335938
31;24.688244;6.311756134033203
30;28.105803;1.8941974639892578
29;28.416819;0.5831813812255859
28;25.89409;2.1059093475341797
27;21.303682;5.696317672729492
26;31.743773;-5.743772506713867
25;26.331179;-1.3311786651611328
24;21.315344;2.6846561431884766
23;33.022823;-10.022823333740234
22;20.758284;1.2417163848876953
21;20.47225;0.5277500152587891
20;20.033102;-0.03310203552246094
19;17.657217;1.342782974243164
18;13.883811;4.116189002990723
17;16.667685;0.33231544494628906
16;11.893821;4.106179237365723
15;18.597641;-3.5976409912109375
14;15.9246645;-1.9246644973754883
13;13.774619;-0.7746191024780273
12;8.819456;3.180543899536133
11;8.81097;2.1890296936035156
10;12.552726;-2.5527257919311523
9;12.084074;-3.084074020385742
8;9.827504;-1.8275041580200195
7;11.018813;-4.018813133239746
6;8.727508;-2.7275075912475586
5;6.73359;-1.7335901260375977
4;6.009494;-2.009493827819824
3;4.8444123;-1.8444123268127441
2;6.866702;-4.866702079772949
1;1.997525;-0.9975249767303467
0;4.1998034;-4.199803352355957
78;49.99915;28.000850677490234
77;51.675976;25.324024200439453
76;58.144825;17.855175018310547
75;53.01004;21.989959716796875
74;48.6606;25.339401245117188
73;52.115974;20.88402557373047
72;53.193935;18.80606460571289
71;50.113564;20.886436462402344
70;50.992622;19.00737762451172
69;45.302773;23.697227478027344
68;42.92604;25.073959350585938
67;40.656937;26.343063354492188
66;45.72037;20.27962875366211
65;44.6885;20.311500549316406
64;38.09316;25.906841278076172
63;44.675568;18.324432373046875
62;44.29251;17.707489013671875
61;44.920906;16.07909393310547
60;46.734665;13.265335083007812
59;46.786938;12.213062286376953
58;43.362816;14.637184143066406
57;42.004913;14.995086669921875
56;44.768883;11.231117248535156
55;44.737007;10.262992858886719
54;45.952976;8.04702377319336
53;42.217113;10.782886505126953
52;41.514797;10.48520278930664
51;41.147705;9.852294921875
50;43.95601;6.0439910888671875
49;38.88086;10.119140625
48;40.492706;7.507293701171875
47;41.556576;5.443424224853516
46;44.502613;1.4973869323730469
45;38.38266;6.617340087890625
44;35.561417;8.438583374023438
43;35.966972;7.033027648925781
42;39.246037;2.7539634704589844
41;35.500843;5.499156951904297
40;40.365437;-0.3654365539550781
39;37.13103;1.8689689636230469
38;36.482124;1.5178756713867188
37;34.9041;2.0959014892578125
36;32.541355;3.4586448669433594
35;30.840693;4.159307479858398
34;36.82953;-2.82952880859375
33;30.366093;2.6339073181152344
32;28.522755;3.477245330810547
31;29.71305;1.2869491577148438
30;31.309305;-1.309305191040039
29;29.740456;-0.7404556274414062
28;35.458584;-7.458583831787109
27;26.733133;0.26686668395996094
26;27.494696;-1.4946956634521484
25;28.57777;-3.577770233154297
24;27.947786;-3.947786331176758
23;24.34965;-1.349649429321289
22;26.060667;-4.060667037963867
21;25.464785;-4.464784622192383
20;26.468618;-6.468618392944336
19;26.383528;-7.383527755737305
18;24.150053;-6.150053024291992
17;22.093658;-5.093658447265625
16;26.774008;-10.774007797241211
15;24.32729;-9.327289581298828
14;24.506487;-10.506486892700195
13;24.784626;-11.784626007080078
12;23.33785;-11.337850570678711
11;23.364285;-12.36428451538086
10;27.29241;-17.292409896850586
9;23.986488;-14.986488342285156
8;24.521566;-16.52156639099121
7;25.571463;-18.571462631225586
6;27.930534;-21.93053436279297
5;24.748722;-19.748722076416016
4;27.878382;-23.878381729125977
3;19.292585;-16.292585372924805
2;24.211092;-22.211091995239258
1;28.565971;-27.56597137451172
0;27.482553;-27.482553482055664
99;54.918644;44.081356048583984
98;65.24338;32.756622314453125
97;84.400055;12.599945068359375
96;85.704216;10.295783996582031
95;86.51572;8.484283447265625
94;87.552734;6.447265625
93;72.27649;20.7235107421875
92;68.42163;23.578369140625
91;76.84013;14.159866333007812
90;71.8023;18.19770050048828
89;70.00262;18.99738311767578
88;70.83427;17.165733337402344
87;68.2255;18.774497985839844
86;70.822495;15.177505493164062
85;73.35777;11.642227172851562
84;62.72687;21.273128509521484
83;67.877495;15.122505187988281
82;66.05295;15.947052001953125
81;62.239605;18.760395050048828
80;57.945335;22.054664611816406
79;62.948856;16.051143646240234
78;59.700737;18.29926300048828
77;61.081905;15.918094635009766
76;53.55788;22.442119598388672
75;51.99676;23.003238677978516
74;56.166065;17.833934783935547
73;55.497345;17.502655029296875
72;47.27534;24.724658966064453
71;48.893497;22.106502532958984
70;44.014423;25.985576629638672
69;41.63878;27.361221313476562
68;43.085217;24.914783477783203
67;45.17852;21.82147979736328
66;43.390587;22.609413146972656
65;46.480534;18.519466400146484
64;40.944458;23.0555419921875
63;40.73151;22.268489837646484
62;44.86704;17.13296127319336
61;43.295925;17.70407485961914
60;38.9773;21.022701263427734
59;39.671494;19.328506469726562
58;40.085102;17.914897918701172
57;47.944435;9.055564880371094
56;46.129753;9.870246887207031
55;41.914215;13.085784912109375
54;43.38998;10.61001968383789
53;38.05009;14.949909210205078
52;36.126675;15.87332534790039
51;36.75058;14.249420166015625
50;37.52564;12.474361419677734
49;36.40365;12.596351623535156
48;37.390984;10.609016418457031
47;38.162525;8.837474822998047
46;39.651985;6.348014831542969
45;41.94122;3.0587806701660156
44;36.243572;7.756427764892578
43;33.524532;9.475467681884766
42;33.812553;8.187446594238281
41;32.44801;8.551990509033203
40;30.304602;9.695398330688477
39;32.65668;6.343318939208984
38;31.71039;6.289609909057617
37;32.035946;4.964054107666016
36;32.531097;3.468902587890625
35;28.029024;6.970975875854492
34;26.832811;7.16718864440918
33;26.435518;6.564481735229492
32;31.251896;0.7481040954589844
31;27.168766;3.8312339782714844
30;23.379908;6.620092391967773
29;24.519093;4.480907440185547
28;21.801228;6.198772430419922
27;23.360695;3.6393051147460938
26;23.545746;2.454254150390625
25;21.943075;3.056924819946289
24;21.475975;2.5240249633789062
23;20.328619;2.6713809967041016
22;19.880323;2.1196765899658203
21;17.664036;3.3359642028808594
20;15.247808;4.752191543579102
19;14.044111;4.955888748168945
18;17.263145;0.7368545532226562
17;15.1482525;1.8517475128173828
16;16.107075;-0.10707473754882812
15;13.491136;1.508864402770996
14;20.725502;-6.725502014160156
13;11.721271;1.2787294387817383
12;9.415595;2.584404945373535
11;11.652932;-0.6529321670532227
10;9.352901;0.6470985412597656
9;8.077545;0.922454833984375
8;8.585659;-0.5856590270996094
7;6.446478;0.5535221099853516
6;8.509644;-2.5096435546875
5;12.502085;-7.502084732055664
4;28.569513;-24.56951332092285
3;28.175318;-25.175317764282227
2;35.166138;-33.1661376953125
1;34.343994;-33.343994140625
0;37.571053;-37.57105255126953
99;72.55401;26.44599151611328
98;76.81923;21.180770874023438
97;101.507065;-4.5070648193359375
96;98.55983;-2.5598297119140625
95;94.187904;0.8120956420898438
94;108.29624;-14.296241760253906
93;105.83246;-12.83245849609375
92;100.79459;-8.794593811035156
91;106.563835;-15.563835144042969
90;106.4114;-16.411399841308594
89;112.62393;-23.623931884765625
88;113.881714;-25.8817138671875
87;112.16219;-25.162193298339844
86;110.00301;-24.003013610839844
85;107.63728;-22.637283325195312
84;104.14486;-20.144859313964844
83;106.05705;-23.057052612304688
82;98.623474;-16.62347412109375
81;96.94196;-15.941963195800781
80;102.86919;-22.869186401367188
79;100.62325;-21.623252868652344
78;99.17736;-21.17736053466797
77;103.657715;-26.65771484375
76;98.11598;-22.115982055664062
75;90.42392;-15.423919677734375
74;99.86807;-25.868072509765625
73;94.54896;-21.54895782470703
72;94.73601;-22.736007690429688
71;128.49954;-57.499542236328125
70;96.79679;-26.796791076660156
69;91.370155;-22.370155334472656
68;101.79553;-33.7955322265625
67;77.35695;-10.356948852539062
66;78.119255;-12.119255065917969
65;80.695946;-15.695945739746094
64;73.96513;-9.965133666992188
63;68.71384;-5.713836669921875
62;67.99954;-5.999542236328125
61;70.68168;-9.681678771972656
60;73.50035;-13.500350952148438
59;65.37425;-6.3742523193359375
58;89.09681;-31.09680938720703
57;85.48479;-28.484786987304688
56;67.68229;-11.682289123535156
55;64.10665;-9.106651306152344
54;62.782448;-8.782447814941406
53;67.30658;-14.30657958984375
52;62.71105;-10.711048126220703
51;66.20706;-15.207061767578125
50;58.26582;-8.265819549560547
49;58.928654;-9.928653717041016
48;66.91445;-18.914451599121094
47;56.403328;-9.403327941894531
46;64.72052;-18.72052001953125
45;69.4156;-24.415603637695312
44;52.43885;-8.438850402832031
43;55.87241;-12.87240982055664
42;49.89372;-7.893718719482422
41;46.23672;-5.236721038818359
40;43.096985;-3.09698486328125
39;46.24425;-7.244251251220703
38;44.73822;-6.73822021484375
37;43.455723;-6.455722808837891
36;46.597378;-10.59737777709961
35;52.010223;-17.010223388671875
34;41.130684;-7.130683898925781
33;52.082497;-19.082496643066406
32;48.16276;-16.162761688232422
31;47.540157;-16.540157318115234
30;46.908073;-16.90807342529297
29;43.80576;-14.80575942993164
28;45.930466;-17.930465698242188
27;46.8401;-19.840099334716797
26;49.27663;-23.276630401611328
25;46.653778;-21.653778076171875
24;47.371044;-23.371044158935547
23;48.251415;-25.251415252685547
22;48.624058;-26.62405776977539
21;58.206295;-37.206295013427734
20;57.81593;-37.8159294128418
19;55.983334;-36.983333587646484
18;58.671703;-40.67170333862305
17;59.16379;-42.16379165649414
16;59.792545;-43.792545318603516
15;58.08699;-43.08699035644531
14;54.24305;-40.24304962158203
13;62.698093;-49.69809341430664
12;58.59465;-46.59465026855469
11;60.51078;-49.510780334472656
10;74.83574;-64.83573913574219
9;60.254284;-51.2542839050293
8;66.782074;-58.782073974609375
7;71.89787;-64.89787292480469
6;72.09549;-66.09548950195312
5;74.063675;-69.06367492675781
4;76.35029;-72.35028839111328
3;90.64629;-87.64629364013672
2;93.89054;-91.89054107666016
1;98.02017;-97.02017211914062
0;90.86351;-90.86351013183594
99;105.30926;-6.309257507324219
98;106.98274;-8.982742309570312
97;112.233086;-15.233085632324219
96;116.62667;-20.626670837402344
95;114.96168;-19.96167755126953
94;91.98073;2.0192718505859375
93;105.324036;-12.32403564453125
92;93.832;-1.832000732421875
91;87.21949;3.7805099487304688
90;102.064285;-12.064285278320312
89;105.20307;-16.20307159423828
88;92.1758;-4.1757965087890625
87;100.316895;-13.31689453125
86;89.496605;-3.4966049194335938
85;105.55807;-20.558067321777344
84;103.17612;-19.176116943359375
83;103.31385;-20.31385040283203
82;91.08886;-9.088859558105469
81;99.362175;-18.36217498779297
80;89.95274;-9.952743530273438
79;87.376144;-8.376144409179688
78;77.81633;0.1836700439453125
77;76.8494;0.15059661865234375
76;79.80178;-3.8017807006835938
75;73.844025;1.155975341796875
74;87.76294;-13.762939453125
73;83.79221;-10.792213439941406
72;74.29688;-2.2968826293945312
71;70.96872;0.031280517578125
70;52.77822;17.221778869628906
69;56.55918;12.440818786621094
68;59.65313;8.346870422363281
67;63.565;3.4350013732910156
66;57.296314;8.703685760498047
65;66.320076;-1.3200759887695312
64;60.815536;3.1844635009765625
63;64.062645;-1.0626449584960938
62;63.589947;-1.5899467468261719
61;51.69255;9.307449340820312
60;64.73068;-4.730682373046875
59;71.19595;-12.195953369140625
58;63.078426;-5.078426361083984
57;59.722027;-2.722026824951172
56;62.88898;-6.888980865478516
55;58.650696;-3.65069580078125
54;57.368065;-3.3680648803710938
53;60.483788;-7.483787536621094
52;57.930367;-5.930366516113281
51;51.040638;-0.040637969970703125
50;53.43818;-3.4381790161132812
49;48.7222;0.277801513671875
48;51.00161;-3.0016098022460938
47;47.76721;-0.7672080993652344
46;46.81852;-0.8185195922851562
45;52.49529;-7.495288848876953
44;48.0919;-4.091899871826172
43;49.416172;-6.416172027587891
42;44.45204;-2.4520416259765625
41;44.13124;-3.1312408447265625
40;35.160103;4.839897155761719
39;40.335793;-1.3357925415039062
38;34.4471;3.552898406982422
37;33.515484;3.484516143798828
36;38.966995;-2.9669952392578125
35;31.671782;3.328218460083008
34;29.020737;4.9792633056640625
33;20.532679;12.467321395874023
32;29.78258;2.2174205780029297
31;25.373434;5.626565933227539
30;21.615347;8.384653091430664
29;19.021313;9.978687286376953
28;17.631123;10.368877410888672
27;13.1384945;13.861505508422852
26;16.980808;9.01919174194336
25;14.772779;10.22722053527832
24;15.871321;8.128679275512695
23;14.1762905;8.823709487915039
22;14.629078;7.370922088623047
21;11.377183;9.622817039489746
20;11.93965;8.06035041809082
19;12.4322;6.5677995681762695
18;13.951581;4.048418998718262
17;9.704745;7.295254707336426
16;9.715031;6.284969329833984
15;13.732226;1.2677736282348633
14;13.293692;0.7063083648681641
13;9.046641;3.9533586502075195
12;10.7388;1.261199951171875
11;5.7939143;5.206085681915283
10;7.0775657;2.9224343299865723
9;7.0841823;1.9158177375793457
8;18.003527;-10.00352668762207
7;9.05581;-2.05580997467041
6;11.05109;-5.051090240478516
5;12.629173;-7.629173278808594
4;13.069363;-9.06936264038086
3;20.372799;-17.372798919677734
2;13.275934;-11.275934219360352
1;27.856388;-26.856388092041016
0;20.61418;-20.614179611206055
91;67.32108;23.678916931152344
90;84.661934;5.338066101074219
89;61.892246;27.10775375366211
88;66.3614;21.63860321044922
87;81.54169;5.45831298828125
86;72.454605;13.545394897460938
85;70.92069;14.079307556152344
84;69.231285;14.768714904785156
83;68.52362;14.47637939453125
82;80.0543;1.9457015991210938
81;71.91925;9.08074951171875
80;81.298584;-1.298583984375
79;81.78594;-2.7859420776367188
78;78.435486;-0.43548583984375
77;76.95629;0.04370880126953125
76;78.87319;-2.8731918334960938
75;77.15801;-2.1580123901367188
74;73.14137;0.8586273193359375
73;71.3817;1.6183013916015625
72;68.49676;3.5032424926757812
71;71.49497;-0.49497222900390625
70;70.94269;-0.94268798828125
69;72.324425;-3.3244247436523438
68;70.888306;-2.8883056640625
67;72.74866;-5.7486572265625
66;73.36845;-7.368446350097656
65;71.530655;-6.5306549072265625
64;68.125015;-4.1250152587890625
63;65.95643;-2.9564285278320312
62;52.34347;9.65652847290039
61;52.57775;8.422248840332031
60;52.876404;7.12359619140625
59;52.052166;6.947834014892578
58;50.847454;7.152545928955078
57;52.195103;4.804897308349609
56;52.23566;3.7643394470214844
55;52.62573;2.3742713928222656
54;52.41583;1.5841712951660156
53;51.01671;1.9832916259765625
52;56.199997;-4.1999969482421875
51;47.87037;3.1296310424804688
50;57.807762;-7.807762145996094
49;44.908337;4.091663360595703
48;50.923393;-2.9233932495117188
47;46.9076;0.09239959716796875
46;45.783535;0.21646499633789062
45;48.261333;-3.261333465576172
44;43.808247;0.19175338745117188
43;40.568764;2.4312362670898438
42;44.15199;-2.151988983154297
41;38.83549;2.164508819580078
40;39.810257;0.1897430419921875
39;34.43631;4.563690185546875
38;37.128777;0.8712234497070312
37;34.53235;2.4676513671875
36;32.390583;3.609416961669922
35;33.595863;1.4041366577148438
34;30.248133;3.7518672943115234
33;31.95703;1.0429706573486328
32;33.374134;-1.3741340637207031
31;29.462172;1.5378284454345703
30;29.545822;0.4541778564453125
29;38.746967;-9.746967315673828
28;33.83191;-5.8319091796875
27;28.868486;-1.8684864044189453
26;25.482561;0.5174388885498047
25;23.507734;1.4922657012939453
24;24.887884;-0.8878841400146484
23;27.997688;-4.997688293457031
22;26.242523;-4.242523193359375
21;21.085096;-0.08509635925292969
20;21.09395;-1.0939502716064453
19;17.56645;1.4335498809814453
18;14.958795;3.041205406188965
17;16.135405;0.8645954132080078
16;18.379393;-2.379392623901367
15;19.533813;-4.5338134765625
14;12.545822;1.4541778564453125
13;12.730345;0.2696552276611328
12;14.753908;-2.753908157348633
11;14.287862;-3.2878618240356445
10;6.4178233;3.582176685333252
9;4.820247;4.179752826690674
8;8.549009;-0.5490093231201172
7;10.010148;-3.010148048400879
6;6.3448095;-0.34480953216552734
5;8.991315;-3.9913148880004883
4;2.830304;1.1696960926055908
3;3.3239148;-0.3239147663116455
2;2.2638118;-0.2638118267059326
1;4.024003;-3.024003028869629
0;4.0301924;-4.0301923751831055
98;81.93063;16.069366455078125
97;81.67827;15.321731567382812
96;85.04963;10.950370788574219
95;89.06049;5.939506530761719
94;81.649506;12.350494384765625
93;85.475334;7.524665832519531
92;87.30775;4.692253112792969
91;82.14461;8.855392456054688
90;89.89333;0.10666656494140625
89;81.21278;7.7872161865234375
88;83.58618;4.413818359375
87;80.63201;6.367988586425781
86;84.07562;1.92437744140625
85;80.09614;4.903861999511719
84;79.71079;4.289207458496094
83;86.0812;-3.0811996459960938
82;79.77313;2.22686767578125
81;76.398155;4.601844787597656
80;81.90922;-1.9092178344726562
79;77.4566;1.5434036254882812
78;78.641525;-0.6415252685546875
77;75.46818;1.5318222045898438
76;73.28558;2.71441650390625
75;72.062546;2.9374542236328125
74;69.1607;4.839302062988281
73;73.07621;-0.07621002197265625
72;70.16288;1.8371200561523438
71;71.27557;-0.27557373046875
70;71.04368;-1.0436782836914062
69;68.51109;0.4889068603515625
68;67.82103;0.1789703369140625
67;65.928085;1.0719146728515625
66;64.56959;1.4304122924804688
65;56.100605;8.899394989013672
64;56.65851;7.34149169921875
63;56.49222;6.507778167724609
62;50.75909;11.240909576416016
61;56.795437;4.204563140869141
60;44.715717;15.284282684326172
59;52.225716;6.774284362792969
58;52.119637;5.880363464355469
57;44.47367;12.526329040527344
56;50.995483;5.0045166015625
55;49.457375;5.542625427246094
54;46.805897;7.194103240966797
53;47.05203;5.947971343994141
52;45.789593;6.210407257080078
51;40.887257;10.112743377685547
50;36.620995;13.379005432128906
49;37.942917;11.057083129882812
48;40.159817;7.840183258056641
47;45.19765;1.8023490905761719
46;40.301178;5.698822021484375
45;29.098864;15.90113639831543
44;25.558178;18.441822052001953
43;34.046375;8.953624725341797
42;30.838217;11.161783218383789
41;22.307495;18.6925048828125
40;33.95774;6.042259216308594
39;31.620604;7.379396438598633
38;40.058125;-2.058124542236328
37;45.23888;-8.238880157470703
36;29.358421;6.641578674316406
35;27.641909;7.358091354370117
34;24.662224;9.337776184082031
33;20.59098;12.409019470214844
32;17.888842;14.11115837097168
31;27.974356;3.025644302368164
30;29.502829;0.49717140197753906
29;22.57016;6.429840087890625
28;20.491991;7.50800895690918
27;22.37642;4.6235809326171875
26;17.07407;8.92593002319336
25;15.492516;9.507484436035156
24;15.795471;8.20452880859375
23;18.425407;4.574592590332031
22;14.1156025;7.884397506713867
21;18.956215;2.0437850952148438
20;19.137432;0.8625679016113281
19;19.69559;-0.6955890655517578
18;15.709668;2.2903318405151367
17;15.259382;1.7406177520751953
16;8.113604;7.886396408081055
15;11.678057;3.3219432830810547
14;5.8552866;8.144713401794434
13;10.5498;2.450200080871582
12;4.5082455;7.491754531860352
11;14.438535;-3.438534736633301
10;9.67291;0.3270902633666992
9;10.905104;-1.9051036834716797
8;2.58626;5.413739919662476
7;9.829668;-2.8296680450439453
6;2.1919446;3.8080554008483887
5;10.62083;-5.6208295822143555
4;9.839416;-5.839415550231934
3;18.419958;-15.419958114624023
2;10.698053;-8.698053359985352
1;11.161415;-10.161415100097656
0;16.555105;-16.555105209350586
99;75.20433;23.795669555664062
98;95.460266;2.53973388671875
97;99.72351;-2.7235107421875
96;100.33698;-4.336982727050781
95;92.94999;2.0500106811523438
94;92.12378;1.876220703125
93;88.52858;4.4714202880859375
92;86.64762;5.352378845214844
91;91.30058;-0.3005828857421875
90;96.80347;-6.803466796875
89;97.39431;-8.394309997558594
88;90.464485;-2.4644851684570312
87;90.223755;-3.2237548828125
86;87.457794;-1.457794189453125
85;88.51115;-3.5111465454101562
84;97.590836;-13.590835571289062
83;85.00158;-2.0015792846679688
82;84.626144;-2.6261444091796875
81;91.56922;-10.569221496582031
80;86.11322;-6.11322021484375
79;71.9088;7.0912017822265625
78;85.16315;-7.16314697265625
77;81.10063;-4.1006317138671875
76;81.60283;-5.6028289794921875
75;80.89578;-5.895782470703125
74;84.277954;-10.2779541015625
73;71.61458;1.3854217529296875
72;70.87313;1.1268692016601562
71;66.79329;4.2067108154296875
70;45.895756;24.104244232177734
69;43.726715;25.273284912109375
68;53.568592;14.431407928466797
67;37.98498;29.015018463134766
66;44.287064;21.712936401367188
65;41.057926;23.942073822021484
64;41.222137;22.777862548828125
63;45.05673;17.94327163696289
62;43.33811;18.661888122558594
61;34.64348;26.356521606445312
60;43.764927;16.23507308959961
59;43.754406;15.245594024658203
58;35.979816;22.020183563232422
57;39.061775;17.93822479248047
56;46.873554;9.126445770263672
55;39.825768;15.174232482910156
54;34.73519;19.264808654785156
53;35.790367;17.209632873535156
52;32.85857;19.141429901123047
51;34.911736;16.08826446533203
50;40.35749;9.642509460449219
49;42.894753;6.105247497558594
48;43.2482;4.751800537109375
47;42.689133;4.3108673095703125
46;38.040104;7.959896087646484
45;33.62956;11.370441436767578
44;30.636663;13.363336563110352
43;26.240469;16.759531021118164
42;26.824467;15.175533294677734
41;25.819567;15.18043327331543
40;39.407272;0.5927276611328125
39;34.78281;4.217189788818359
38;30.854345;7.145654678344727
37;27.293438;9.706562042236328
36;25.494776;10.505224227905273
35;21.882431;13.117568969726562
34;20.525133;13.47486686706543
33;41.453724;-8.453723907470703
32;32.08637;-0.08636856079101562
31;24.72467;6.27532958984375
30;20.203213;9.79678726196289
29;30.142788;-1.1427879333496094
28;29.208462;-1.2084617614746094
27;21.934587;5.065412521362305
26;21.916592;4.083408355712891
25;24.451685;0.5483150482177734
24;22.940317;1.059682846069336
23;33.10366;-10.103660583496094
22;23.466295;-1.4662952423095703
21;26.320333;-5.320333480834961
20;15.965888;4.034111976623535
19;21.28538;-2.285379409790039
18;2.6783736;15.321626424789429
17;15.16089;1.8391103744506836
16;20.767338;-4.767337799072266
15;17.479948;-2.479948043823242
14;17.455425;-3.455425262451172
13;10.44978;2.5502195358276367
12;18.18281;-6.182809829711914
11;8.978633;2.021367073059082
10;15.262108;-5.262107849121094
9;26.686403;-17.686403274536133
8;28.887926;-20.88792610168457
7;16.019102;-9.019102096557617
6;1.731822;4.2681779861450195
5;12.713485;-7.713484764099121
4;4.055195;-0.055194854736328125
3;-9.492097;12.492096900939941
2;12.376988;-10.376988410949707
1;14.083116;-13.083115577697754
0;20.772482;-20.77248191833496
99;44.830013;54.169986724853516
98;63.564648;34.43535232543945
97;74.27804;22.721961975097656
96;79.52956;16.470443725585938
95;62.59395;32.40605163574219
94;64.84388;29.15612030029297
93;74.93796;18.062042236328125
92;68.040924;23.959075927734375
91;81.49733;9.502670288085938
90;67.40723;22.5927734375
89;66.55693;22.443069458007812
88;63.68213;24.31787109375
87;63.181915;23.818084716796875
86;61.319447;24.680553436279297
85;65.34487;19.655128479003906
84;70.72718;13.272819519042969
83;70.58639;12.413612365722656
82;70.379486;11.620513916015625
81;70.84512;10.154876708984375
80;72.656044;7.343955993652344
79;75.143166;3.8568344116210938
78;78.65547;-0.6554718017578125
77;77.242455;-0.24245452880859375
76;77.89452;-1.8945236206054688
75;79.93891;-4.938911437988281
74;81.25292;-7.252922058105469
73;62.98368;10.016319274902344
72;53.534027;18.465972900390625
71;56.06086;14.939140319824219
70;43.890594;26.109405517578125
69;47.481632;21.518367767333984
68;47.808685;20.191314697265625
67;51.6711;15.328899383544922
66;49.15508;16.844921112060547
65;48.88891;16.11109161376953
64;56.243694;7.756305694580078
63;57.5611;5.438899993896484
62;53.655952;8.344047546386719
61;45.12734;15.872661590576172
60;53.665653;6.334346771240234
59;58.96017;0.039829254150390625
58;50.68756;7.31243896484375
57;46.65691;10.343090057373047
56;48.61287;7.3871307373046875
55;54.78314;0.21686172485351562
54;52.355083;1.6449165344238281
53;50.837273;2.1627273559570312
52;53.021755;-1.0217552185058594
51;53.090565;-2.090564727783203
50;55.56918;-5.569179534912109
49;50.84482;-1.844818115234375
48;53.970146;-5.970146179199219
47;51.752518;-4.7525177001953125
46;52.58691;-6.586910247802734
45;46.55894;-1.5589408874511719
44;52.001957;-8.001956939697266
43;60.42374;-17.42374038696289
42;46.695957;-4.695957183837891
41;39.304707;1.6952934265136719
40;36.657803;3.3421974182128906
39;41.304672;-2.3046722412109375
38;44.75927;-6.759269714355469
37;38.252644;-1.2526435852050781
36;38.226425;-2.2264251708984375
35;41.265987;-6.265987396240234
34;47.06716;-13.067161560058594
33;31.560633;1.4393672943115234
32;33.668285;-1.6682853698730469
31;34.002712;-3.0027122497558594
30;42.041172;-12.04117202758789
29;33.85031;-4.850311279296875
28;25.200275;2.799724578857422
27;21.533012;5.466987609863281
26;36.98885;-10.988849639892578
25;39.083473;-14.083473205566406
24;26.851309;-2.851308822631836
23;31.807722;-8.807722091674805
22;38.659924;-16.659923553466797
21;34.52107;-13.521068572998047
20;24.447725;-4.447725296020508
19;39.33703;-20.33702850341797
18;18.127079;-0.12707901000976562
17;27.524313;-10.524312973022461
16;28.410255;-12.410255432128906
15;34.21985;-19.2198486328125
14;33.68896;-19.688961029052734
13;21.55489;-8.554889678955078
12;44.616608;-32.616607666015625
11;60.371326;-49.3713264465332
10;34.89474;-24.89474105834961
9;37.302902;-28.302902221679688
8;31.339695;-23.33969497680664
7;23.631361;-16.63136100769043
6;35.401222;-29.401222229003906
5;23.193035;-18.193035125732422
4;21.784187;-17.78418731689453
3;36.522987;-33.522987365722656
2;36.675846;-34.675846099853516
1;31.930008;-30.930007934570312
0;38.30611;-38.30611038208008
99;64.575455;34.42454528808594
98;71.60506;26.394943237304688
97;87.32312;9.6768798828125
96;71.40402;24.595977783203125
95;91.478935;3.5210647583007812
94;88.67177;5.3282318115234375
93;85.03304;7.966957092285156
92;72.479355;19.520645141601562
91;84.31698;6.683021545410156
90;80.4219;9.578102111816406
89;78.86306;10.136940002441406
88;90.55612;-2.556121826171875
87;79.44241;7.557586669921875
86;79.152115;6.8478851318359375
85;90.95225;-5.952247619628906
84;89.59442;-5.59442138671875
83;87.908394;-4.908393859863281
82;80.733246;1.266754150390625
81;82.95913;-1.9591293334960938
80;78.529785;1.47021484375
79;83.3026;-4.3025970458984375
78;79.04977;-1.0497665405273438
77;79.11798;-2.11798095703125
76;75.10275;0.897247314453125
75;78.004326;-3.0043258666992188
74;65.66303;8.336967468261719
73;71.83851;1.1614913940429688
72;64.90099;7.099006652832031
71;59.51052;11.489479064941406
70;58.25859;11.741409301757812
69;55.17722;13.82278060913086
68;48.15077;19.849231719970703
67;55.418987;11.581012725830078
66;52.657513;13.342487335205078
65;48.611908;16.388092041015625
64;52.002754;11.997245788574219
63;47.04365;15.956348419189453
62;50.40261;11.597389221191406
61;50.67344;10.326560974121094
60;44.847195;15.15280532836914
59;46.541897;12.45810317993164
58;48.796925;9.203075408935547
57;48.721275;8.278724670410156
56;45.11446;10.885540008544922
55;48.09408;6.905918121337891
54;54.03369;-0.03369140625
53;47.262634;5.73736572265625
52;46.346386;5.653614044189453
51;45.075428;5.924571990966797
50;49.88573;0.11426925659179688
49;46.626896;2.3731040954589844
48;44.494057;3.5059432983398438
47;43.74295;3.257049560546875
46;44.095085;1.9049148559570312
45;42.267784;2.7322158813476562
44;39.3644;4.635601043701172
43;31.365057;11.634943008422852
42;35.54177;6.458229064941406
41;35.867195;5.132804870605469
40;33.443836;6.556163787841797
39;34.414715;4.585285186767578
38;33.406178;4.593822479248047
37;34.3247;2.6753005981445312
36;37.227604;-1.2276039123535156
35;33.102825;1.8971748352050781
34;30.991034;3.0089664459228516
33;31.504997;1.4950027465820312
32;32.40775;-0.4077491760253906
31;35.472298;-4.472297668457031
30;27.928667;2.0713329315185547
29;25.163317;3.8366832733154297
28;36.142662;-8.142662048339844
27;26.420137;0.5798625946044922
26;25.522903;0.4770965576171875
25;23.724373;1.2756271362304688
24;24.3009;-0.3008995056152344
23;26.073465;-3.073465347290039
22;25.50115;-3.501150131225586
21;15.896686;5.103314399719238
20;31.688087;-11.688087463378906
19;27.72418;-8.724180221557617
18;26.412365;-8.412364959716797
17;29.582687;-12.582687377929688
16;30.558744;-14.558744430541992
15;29.254143;-14.254142761230469
14;22.45746;-8.457460403442383
13;22.453264;-9.453264236450195
12;13.631875;-1.6318750381469727
11;24.235676;-13.235675811767578
10;21.029232;-11.029232025146484
9;26.151728;-17.1517276763916
8;23.494383;-15.494382858276367
7;28.984734;-21.98473358154297
6;22.180437;-16.180437088012695
5;19.881569;-14.881568908691406
4;19.385977;-15.385976791381836
3;17.577564;-14.577564239501953
2;26.718027;-24.718027114868164
1;30.944971;-29.944971084594727
0;15.826939;-15.82693862915039
71;49.215744;21.784255981445312
70;62.769493;7.230506896972656
69;58.387985;10.612014770507812
68;51.259335;16.740665435791016
67;51.40675;15.593250274658203
66;53.141243;12.858757019042969
65;54.445957;10.55404281616211
64;54.81213;9.187870025634766
63;55.169186;7.830814361572266
62;54.93566;7.064338684082031
61;54.14617;6.853828430175781
60;56.21256;3.7874412536621094
59;63.215458;-4.215457916259766
58;63.77731;-5.777309417724609
57;58.78826;-1.7882614135742188
56;54.05657;1.9434318542480469
55;53.216442;1.7835578918457031
54;54.42551;-0.4255104064941406
53;50.14293;2.8570709228515625
52;48.35545;3.644550323486328
51;46.57613;4.423870086669922
50;47.6859;2.314098358154297
49;50.03028;-1.0302810668945312
48;47.2771;0.722900390625
47;46.61041;0.3895912170410156
46;46.506126;-0.5061264038085938
45;44.13627;0.8637313842773438
44;44.859077;-0.8590774536132812
43;40.549725;2.450275421142578
42;36.040234;5.959766387939453
41;31.659393;9.340606689453125
40;35.861504;4.138496398925781
39;31.467108;7.532892227172852
38;29.368057;8.631942749023438
37;29.586205;7.413795471191406
36;29.576456;6.423543930053711
35;26.212618;8.787382125854492
34;30.917524;3.0824756622314453
33;24.211111;8.788888931274414
32;28.52367;3.476329803466797
31;26.78537;4.214630126953125
30;23.65038;6.349620819091797
29;25.320656;3.6793441772460938
28;25.189371;2.810628890991211
27;23.046362;3.9536380767822266
26;20.592953;5.407047271728516
25;23.76295;1.2370491027832031
24;23.896921;0.10307884216308594
23;17.812353;5.187646865844727
22;13.547064;8.452936172485352
21;13.946389;7.053610801696777
20;16.150537;3.8494625091552734
19;11.283306;7.716693878173828
18;6.7750864;11.224913597106934
17;5.7655344;11.234465599060059
16;9.368838;6.631161689758301
15;10.681233;4.3187665939331055
14;2.1260064;11.873993635177612
13;0.7775877;12.222412288188934
12;-1.9616225;13.961622476577759
11;3.511061;7.488939046859741
10;3.2357776;6.7642223834991455
9;-0.65132236;9.651322364807129
8;-0.80730414;8.80730414390564
7;-4.610885;11.61088514328003
6;-1.1295018;7.129501819610596
5;-7.201719;12.201718807220459
4;-10.392085;14.392085075378418
3;-7.6464243;10.646424293518066
2;-9.404001;11.404001235961914
1;-11.427984;12.427984237670898
0;-6.970543;6.970542907714844
34;60.241413;-26.241413116455078
33;57.74982;-24.749820709228516
32;60.561337;-28.561336517333984
31;59.038097;-28.038097381591797
30;58.41789;-28.417888641357422
29;55.952908;-26.95290756225586
28;55.986713;-27.986713409423828
27;52.105087;-25.105087280273438
26;54.58519;-28.585189819335938
25;54.845074;-29.845073699951172
24;46.631325;-22.631324768066406
23;48.89888;-25.898880004882812
22;35.299294;-13.299293518066406
21;45.272747;-24.272747039794922
20;43.39915;-23.399150848388672
19;31.479202;-12.479202270507812
18;23.392672;-5.392671585083008
17;25.383842;-8.383842468261719
16;23.04751;-7.047510147094727
15;18.75111;-3.751110076904297
14;21.537775;-7.537775039672852
13;20.433886;-7.43388557434082
12;19.609571;-7.60957145690918
11;19.882341;-8.882341384887695
10;14.706669;-4.706668853759766
9;4.91755;4.082449913024902
8;7.7771215;0.22287845611572266
7;5.7530575;1.2469425201416016
6;5.352485;0.647514820098877
5;0.17407505;4.825924947857857
4;3.7292137;0.2707862854003906
3;3.0731885;-0.07318854331970215
2;9.18228;-7.182279586791992
1;13.190476;-12.190476417541504
0;18.403023;-18.40302276611328
63;62.780334;0.21966552734375
62;69.94535;-7.945350646972656
61;64.67851;-3.6785125732421875
60;65.60335;-5.6033477783203125
59;66.7232;-7.723197937011719
58;64.30916;-6.3091583251953125
57;59.624973;-2.6249732971191406
56;61.361397;-5.361396789550781
55;60.97072;-5.9707183837890625
54;62.662468;-8.662467956542969
53;60.621796;-7.621795654296875
52;59.54174;-7.541740417480469
51;63.989742;-12.989742279052734
50;55.254204;-5.254203796386719
49;51.567764;-2.5677642822265625
48;56.964207;-8.96420669555664
47;47.424522;-0.42452239990234375
46;47.287487;-1.2874870300292969
45;42.37999;2.6200103759765625
44;49.503544;-5.503543853759766
43;44.422306;-1.4223060607910156
42;42.905304;-0.905303955078125
41;42.545788;-1.5457878112792969
40;39.594646;0.4053535461425781
39;39.94367;-0.9436683654785156
38;37.590744;0.4092559814453125
37;41.09336;-4.093360900878906
36;35.772743;0.22725677490234375
35;32.919975;2.0800247192382812
34;19.297722;14.702278137207031
33;16.936829;16.06317138671875
32;19.736294;12.26370620727539
31;21.277271;9.722728729248047
30;16.202229;13.797771453857422
29;21.515965;7.484035491943359
28;15.425289;12.574710845947266
27;12.034003;14.965996742248535
26;15.398877;10.601122856140137
25;18.290089;6.709911346435547
24;18.698414;5.301586151123047
23;18.644167;4.355833053588867
22;9.473695;12.526305198669434
21;18.369946;2.630054473876953
20;25.158422;-5.158422470092773
19;25.61163;-6.611629486083984
18;17.104528;0.8954715728759766
17;14.873113;2.126887321472168
16;17.262577;-1.2625770568847656
15;17.06767;-2.0676708221435547
14;17.493893;-3.4938926696777344
13;10.763764;2.2362356185913086
12;2.8005946;9.199405431747437
11;14.409573;-3.4095726013183594
10;1.4941974;8.505802631378174
9;9.727171;-0.7271709442138672
8;11.487703;-3.487703323364258
7;20.238176;-13.238176345825195
6;16.358677;-10.35867691040039
5;3.998349;1.0016510486602783
4;5.383223;-1.383223056793213
3;3.752914;-0.7529139518737793
2;22.070606;-20.070606231689453
1;24.134315;-23.134315490722656
0;25.374596;-25.374595642089844
63;61.652977;1.3470230102539062
62;68.45736;-6.457359313964844
61;73.72244;-12.722442626953125
60;63.244503;-3.2445030212402344
59;76.01476;-17.01476287841797
58;71.06273;-13.062728881835938
57;70.316216;-13.316215515136719
56;70.156456;-14.156455993652344
55;66.27623;-11.276229858398438
54;65.02229;-11.022293090820312
53;69.66751;-16.667510986328125
52;68.09313;-16.09313201904297
51;66.83596;-15.835960388183594
50;66.1279;-16.127899169921875
49;68.16363;-19.16362762451172
48;61.55088;-13.550880432128906
47;68.06108;-21.061080932617188
46;58.367775;-12.367774963378906
45;64.67888;-19.678878784179688
44;61.679882;-17.679882049560547
43;57.389065;-14.38906478881836
42;54.166355;-12.16635513305664
41;53.2538;-12.253799438476562
40;56.20869;-16.208690643310547
39;53.237988;-14.237987518310547
38;53.379658;-15.379657745361328
37;53.565453;-16.565452575683594
36;46.314037;-10.314037322998047
35;51.923042;-16.92304229736328
34;41.744713;-7.744712829589844
33;42.748196;-9.74819564819336
32;36.83126;-4.831260681152344
31;40.22811;-9.228111267089844
30;34.004375;-4.004375457763672
29;36.236523;-7.236522674560547
28;33.75086;-5.750858306884766
27;34.115833;-7.115833282470703
26;32.47036;-6.470359802246094
25;34.217747;-9.21774673461914
24;35.052193;-11.052192687988281
23;30.034288;-7.03428840637207
22;35.417118;-13.417118072509766
21;30.090246;-9.090246200561523
20;28.917442;-8.917442321777344
19;20.314692;-1.3146915435791016
18;17.554943;0.4450569152832031
17;18.702791;-1.7027912139892578
16;20.502544;-4.502544403076172
15;10.429012;4.570987701416016
14;6.2899213;7.710078716278076
13;0.42956242;12.570437580347061
12;-4.7750573;16.775057315826416
11;-0.8549397;11.854939699172974
10;6.802298;3.197701930999756
9;3.494563;5.505436897277832
8;0.81015545;7.18984454870224
7;7.9137177;-0.9137177467346191
6;6.853828;-0.853827953338623
5;3.152943;1.8470571041107178
4;35.51861;-31.51860809326172
3;23.352757;-20.35275650024414
2;16.743748;-14.74374771118164
1;17.102827;-16.102827072143555
0;19.345394;-19.345394134521484
63;34.259525;28.740474700927734
62;38.919125;23.080875396728516
61;57.08955;3.910449981689453
60;61.369476;-1.369476318359375
59;52.670906;6.329093933105469
58;53.827984;4.172016143798828
57;49.47368;7.5263214111328125
56;48.816616;7.183383941650391
55;35.40013;19.599868774414062
54;52.226894;1.7731056213378906
53;58.616158;-5.616157531738281
52;51.284904;0.7150955200195312
51;52.331837;-1.3318367004394531
50;45.284775;4.7152252197265625
49;51.244686;-2.2446861267089844
48;52.204422;-4.2044219970703125
47;41.67637;5.323631286621094
46;38.647;7.353000640869141
45;52.79557;-7.795570373535156
44;54.720657;-10.720657348632812
43;43.693424;-0.6934242248535156
42;35.156635;6.843364715576172
41;29.407875;11.592124938964844
40;27.219439;12.780561447143555
39;50.48539;-11.485389709472656
38;30.018394;7.981605529785156
37;32.762894;4.2371063232421875
36;31.764345;4.235654830932617
35;53.75944;-18.759441375732422
34;73.92327;-39.92327117919922
33;69.04681;-36.04680633544922
32;68.94559;-36.945587158203125
31;89.61585;-58.61585235595703
30;66.02132;-36.02131652832031
29;65.46577;-36.46576690673828
28;61.637173;-33.63717269897461
27;65.89308;-38.89308166503906
26;65.94294;-39.94293975830078
25;63.711052;-38.71105194091797
24;68.41499;-44.41499328613281
23;63.245724;-40.245723724365234
22;65.97519;-43.975189208984375
21;64.46708;-43.467079162597656
20;47.260555;-27.260555267333984
19;46.631;-27.631000518798828
18;47.25953;-29.25952911376953
17;47.466255;-30.46625518798828
16;36.627583;-20.627582550048828
15;65.3572;-50.357200622558594
14;56.846916;-42.84691619873047
13;63.547916;-50.547916412353516
12;66.21077;-54.21076965332031
11;93.61105;-82.61105346679688
10;66.42024;-56.42024230957031
9;77.00939;-68.00939178466797
8;84.02136;-76.0213623046875
7;116.86182;-109.86181640625
6;174.34866;-168.34866333007812
5;178.47655;-173.47654724121094
4;184.15918;-180.1591796875
3;164.86603;-161.86602783203125
2;189.59778;-187.5977783203125
1;159.97029;-158.9702911376953
0;163.65508;-163.6550750732422
243;218.44742;24.552581787109375
242;237.94356;4.0564422607421875
241;199.05804;41.94195556640625
240;218.28365;21.716354370117188
239;193.8659;45.13409423828125
238;196.90895;41.09104919433594
237;222.58997;14.4100341796875
236;220.49608;15.503921508789062
235;243.76624;-8.7662353515625
234;221.44618;12.553817749023438
233;175.562;57.43800354003906
232;204.89108;27.108917236328125
231;211.22403;19.775970458984375
230;222.06082;7.939178466796875
229;199.43526;29.564743041992188
228;194.58774;33.412261962890625
227;195.24564;31.754364013671875
226;201.51768;24.482315063476562
225;196.72661;28.273391723632812
224;211.33441;12.66558837890625
223;208.98163;14.01837158203125
222;204.7725;17.227493286132812
221;182.01651;38.983489990234375
220;203.45009;16.549911499023438
219;197.10147;21.898529052734375
218;201.27592;16.724075317382812
217;186.01184;30.9881591796875
216;167.99805;48.001953125
215;134.97621;80.02378845214844
214;53.958244;160.04175567626953
213;70.51625;142.48374938964844
212;87.64477;124.35523223876953
211;62.691372;148.3086280822754
210;71.92576;138.0742416381836
209;69.10329;139.89671325683594
208;67.02426;140.97573852539062
207;84.28408;122.7159194946289
206;70.534996;135.46500396728516
205;74.55951;130.44049072265625
204;102.658424;101.3415756225586
203;112.006454;90.99354553222656
202;112.17713;89.82286834716797
201;159.28833;41.711669921875
200;140.24284;59.75715637207031
199;133.53134;65.46865844726562
198;150.84119;47.1588134765625
197;147.63516;49.364837646484375
196;163.7248;32.27520751953125
195;174.66151;20.338485717773438
194;168.76062;25.2393798828125
193;178.0856;14.914398193359375
192;179.85199;12.14801025390625
191;197.14615;-6.146148681640625
190;186.43306;3.5669403076171875
189;181.549;7.4510040283203125
188;212.98546;-24.985458374023438
187;168.83939;18.160614013671875
186;177.88057;8.119430541992188
185;191.65219;-6.652191162109375
184;208.13898;-24.13897705078125
183;209.67384;-26.673843383789062
182;191.73997;-9.739974975585938
181;169.94028;11.059722900390625
180;175.02045;4.97955322265625
179;157.40193;21.598068237304688
178;166.4481;11.551895141601562
177;189.67616;-12.676162719726562
176;172.39679;3.60321044921875
175;141.45648;33.54351806640625
174;156.98595;17.014053344726562
173;142.52562;30.474380493164062
172;154.11287;17.887130737304688
171;167.0356;3.9644012451171875
170;175.41815;-5.41815185546875
169;158.70245;10.29754638671875
168;151.91402;16.085983276367188
167;150.4263;16.573699951171875
166;133.06839;32.931610107421875
165;125.54844;39.451560974121094
164;126.674095;37.325904846191406
163;132.31308;30.686920166015625
162;127.35292;34.64707946777344
161;114.38278;46.617218017578125
160;112.526634;47.473365783691406
159;117.32994;41.67005920410156
158;127.19824;30.8017578125
157;115.0855;41.91449737548828
156;120.86329;35.13671112060547
155;107.88489;47.1151123046875
154;108.788246;45.211753845214844
153;108.40062;44.59938049316406
152;94.85342;57.146583557128906
151;97.96075;53.03925323486328
150;105.94199;44.058006286621094
149;101.00517;47.99482727050781
148;106.62574;41.37425994873047
147;96.087944;50.91205596923828
146;94.77173;51.228271484375
145;91.936104;53.06389617919922
144;105.33279;38.667213439941406
143;104.86084;38.13916015625
142;105.81688;36.18312072753906
141;97.440956;43.559043884277344
140;103.446335;36.55366516113281
139;111.80671;27.19329071044922
138;116.50702;21.49298095703125
137;121.739746;15.26025390625
136;124.07275;11.927253723144531
135;120.88547;14.114532470703125
134;129.95387;4.0461273193359375
133;125.80425;7.195747375488281
132;127.4544;4.545600891113281
131;132.70895;-1.708953857421875
130;128.6823;1.3177032470703125
129;136.58308;-7.5830841064453125
128;127.75608;0.24391937255859375
127;129.79533;-2.7953338623046875
126;130.83406;-4.8340606689453125
125;128.34792;-3.3479156494140625
124;124.17209;-0.172088623046875
123;121.66005;1.3399505615234375
122;126.47887;-4.4788665771484375
121;122.38368;-1.3836822509765625
120;121.14096;-1.140960693359375
119;116.81518;2.1848220825195312
118;117.66932;0.33068084716796875
117;113.87555;3.12445068359375
116;111.66808;4.331916809082031
115;113.66218;1.3378219604492188
114;108.584274;5.4157257080078125
113;108.16856;4.831443786621094
112;106.132095;5.8679046630859375
111;107.85179;3.1482086181640625
110;102.86305;7.1369476318359375
109;101.22591;7.7740936279296875
108;102.610695;5.389305114746094
107;102.07562;4.92437744140625
106;99.42884;6.571159362792969
105;99.34981;5.6501922607421875
104;102.68737;1.3126296997070312
103;99.618286;3.3817138671875
102;97.245285;4.7547149658203125
101;90.87044;10.129562377929688
100;96.50065;3.4993515014648438
99;94.408585;4.5914154052734375
98;94.17209;3.827911376953125
97;86.95862;10.0413818359375
96;89.934204;6.0657958984375
95;91.50645;3.4935531616210938
94;95.07886;-1.078857421875
93;87.73019;5.269813537597656
92;91.83604;0.16396331787109375
91;91.49264;-0.49263763427734375
90;91.58424;-1.5842437744140625
89;87.44834;1.5516586303710938
88;89.52851;-1.5285110473632812
87;87.63167;-0.6316680908203125
86;81.649864;4.350135803222656
85;84.78935;0.2106475830078125
84;82.94761;1.0523910522460938
83;82.166885;0.8331146240234375
82;83.01083;-1.010833740234375
81;81.62436;-0.624359130859375
80;78.129814;1.8701858520507812
79;77.601494;1.3985061645507812
78;78.53461;-0.53460693359375
77;74.442604;2.5573959350585938
76;71.30403;4.6959686279296875
75;75.72904;-0.7290420532226562
74;76.301704;-2.3017044067382812
73;71.75051;1.2494888305664062
72;69.269165;2.7308349609375
71;70.21763;0.7823715209960938
70;71.14797;-1.1479721069335938
69;66.9597;2.0402984619140625
68;65.84933;2.1506729125976562
67;66.41615;0.5838470458984375
66;65.71669;0.2833099365234375
65;69.19078;-4.1907806396484375
64;63.2593;0.7406997680664062
63;63.78272;-0.7827186584472656
62;63.356606;-1.3566055297851562
61;65.77806;-4.7780609130859375
60;62.49527;-2.495269775390625
59;65.43978;-6.439781188964844
58;60.75535;-2.7553482055664062
57;57.471947;-0.47194671630859375
56;58.493156;-2.4931564331054688
55;60.331066;-5.331066131591797
54;57.42061;-3.4206085205078125
53;56.510605;-3.5106048583984375
52;54.224293;-2.224292755126953
51;51.55696;-0.5569610595703125
50;49.698082;0.30191802978515625
49;51.962032;-2.9620323181152344
48;44.603996;3.3960037231445312
47;47.2571;-0.2570991516113281
46;49.006367;-3.006366729736328
45;49.700832;-4.700832366943359
44;46.619453;-2.6194534301757812
43;44.787727;-1.7877273559570312
42;42.30341;-0.3034095764160156
41;44.458843;-3.458843231201172
40;42.604885;-2.6048851013183594
39;41.99776;-2.997760772705078
38;36.401028;1.5989723205566406
37;38.281776;-1.2817764282226562
36;40.82796;-4.827960968017578
35;37.650566;-2.6505661010742188
34;34.252758;-0.2527580261230469
33;29.212372;3.787628173828125
32;30.631062;1.3689384460449219
31;33.53815;-2.5381507873535156
30;31.872389;-1.8723888397216797
29;30.399212;-1.3992118835449219
28;28.332912;-0.3329124450683594
27;27.192232;-0.1922321319580078
26;27.506647;-1.5066471099853516
25;22.948362;2.051637649536133
24;28.495464;-4.495464324951172
23;24.25167;-1.2516708374023438
22;21.424328;0.5756721496582031
21;20.257744;0.7422561645507812
20;18.41718;1.5828208923339844
19;14.778405;4.22159481048584
18;16.523088;1.4769115447998047
17;16.805271;0.19472885131835938
16;14.998181;1.0018186569213867
15;13.557405;1.4425945281982422
14;12.703511;1.2964887619018555
13;12.47455;0.5254497528076172
12;12.534325;-0.5343246459960938
11;12.845313;-1.8453130722045898
10;10.628999;-0.6289987564086914
9;8.798973;0.20102691650390625
8;11.154759;-3.154759407043457
7;9.705404;-2.705404281616211
6;7.8987374;-1.8987374305725098
5;4.564374;0.4356260299682617
4;6.342116;-2.342115879058838
3;5.5342574;-2.534257411956787
2;5.005594;-3.005593776702881
1;6.992424;-5.992424011230469
0;1.4058082;-1.4058082103729248
26;63.43198;-37.43198013305664
25;62.11117;-37.11117172241211
24;57.030354;-33.03035354614258
23;61.44075;-38.44075012207031
22;54.850494;-32.850494384765625
21;51.616383;-30.616382598876953
20;44.492146;-24.492145538330078
19;43.718624;-24.718624114990234
18;44.307323;-26.307323455810547
17;42.146553;-25.14655303955078
16;42.97033;-26.97032928466797
15;28.680393;-13.68039321899414
14;26.508806;-12.508806228637695
13;21.77358;-8.773580551147461
12;26.905478;-14.905477523803711
11;25.313696;-14.313695907592773
10;23.193506;-13.193506240844727
9;18.643396;-9.643396377563477
8;23.666672;-15.666671752929688
7;11.2540245;-4.254024505615234
6;17.385717;-11.385717391967773
5;9.178188;-4.178188323974609
4;8.122242;-4.122241973876953
3;12.985848;-9.985848426818848
2;18.85391;-16.853910446166992
1;20.974962;-19.97496223449707
0;24.479109;-24.479108810424805
55;45.70204;9.297958374023438
54;54.993256;-0.993255615234375
53;49.715244;3.2847557067871094
52;46.827953;5.172046661376953
51;42.863575;8.136425018310547
50;40.9773;9.022701263427734
49;58.31619;-9.31618881225586
48;56.271763;-8.27176284790039
47;61.311176;-14.311176300048828
46;53.368412;-7.368412017822266
45;60.271168;-15.271167755126953
44;56.457054;-12.457054138183594
43;51.57586;-8.575859069824219
42;56.740993;-14.74099349975586
41;50.219166;-9.219165802001953
40;49.991264;-9.991264343261719
39;48.879837;-9.879837036132812
38;46.736485;-8.73648452758789
37;44.54217;-7.542171478271484
36;46.29076;-10.290760040283203
35;42.76887;-7.768871307373047
34;40.748745;-6.748744964599609
33;36.68828;-3.6882781982421875
32;47.047737;-15.047737121582031
31;43.833546;-12.833545684814453
30;48.607876;-18.60787582397461
29;50.572147;-21.572147369384766
28;33.527153;-5.527153015136719
27;32.744034;-5.7440338134765625
26;27.417187;-1.4171867370605469
25;18.17318;6.826820373535156
24;25.334843;-1.3348426818847656
23;21.155737;1.8442630767822266
22;17.548521;4.451478958129883
21;25.669489;-4.669488906860352
20;23.732931;-3.732931137084961
19;13.10617;5.893830299377441
18;16.144962;1.8550376892089844
17;13.708257;3.291743278503418
16;11.860085;4.139915466308594
15;15.72667;-0.7266702651977539
14;10.460492;3.5395078659057617
13;7.9399915;5.060008525848389
12;4.814822;7.185177803039551
11;10.433678;0.5663223266601562
10;2.890412;7.109587907791138
9;2.0409632;6.959036827087402
8;0.2723936;7.727606385946274
7;-6.1745815;13.174581527709961
6;4.9666696;1.0333304405212402
5;-0.48587254;5.485872536897659
4;10.007771;-6.007770538330078
3;11.198843;-8.198843002319336
2;6.736486;-4.736485958099365
1;3.024142;-2.024142026901245
0;5.9980993;-5.998099327087402
55;35.07131;19.928691864013672
54;49.677635;4.322364807128906
53;49.48247;3.517528533935547
52;43.57853;8.421470642089844
51;33.75376;17.246238708496094
50;45.32539;4.674610137939453
49;67.977;-18.97699737548828
48;62.15238;-14.152381896972656
47;60.80042;-13.800418853759766
46;65.037506;-19.037506103515625
45;58.312378;-13.3123779296875
44;69.648994;-25.64899444580078
43;72.106415;-29.106414794921875
42;70.25937;-28.259368896484375
41;66.06446;-25.06446075439453
40;69.92944;-29.929443359375
39;68.121635;-29.12163543701172
38;65.81662;-27.816619873046875
37;63.398525;-26.39852523803711
36;62.15474;-26.154739379882812
35;58.316177;-23.316177368164062
34;55.1834;-21.183399200439453
33;64.30488;-31.30487823486328
32;59.58158;-27.581581115722656
31;59.35665;-28.356651306152344
30;55.003727;-25.003726959228516
29;63.684734;-34.68473434448242
28;43.020115;-15.02011489868164
27;50.441105;-23.441104888916016
26;44.375137;-18.375137329101562
25;43.863934;-18.863933563232422
24;41.317635;-17.31763458251953
23;40.232395;-17.23239517211914
22;38.0785;-16.07849884033203
21;41.75496;-20.754959106445312
20;38.664352;-18.664352416992188
19;34.31818;-15.318180084228516
18;33.286602;-15.286602020263672
17;35.06756;-18.06755828857422
16;34.652958;-18.652957916259766
15;22.76344;-7.763439178466797
14;25.899971;-11.899971008300781
13;20.61379;-7.613790512084961
12;17.40439;-5.404390335083008
11;20.032555;-9.032554626464844
10;18.403555;-8.403554916381836
9;16.057842;-7.057842254638672
8;14.335037;-6.3350372314453125
7;16.949501;-9.949501037597656
6;18.14433;-12.144329071044922
5;11.07615;-6.076149940490723
4;16.789192;-12.789192199707031
3;16.499428;-13.499427795410156
2;19.761183;-17.76118278503418
1;25.925663;-24.925662994384766
0;25.11238;-25.11237907409668
55;43.52295;11.47705078125
54;52.695934;1.3040657043457031
53;46.7607;6.239299774169922
52;46.396942;5.603057861328125
51;34.593822;16.406177520751953
50;47.936245;2.0637550354003906
49;42.20439;6.7956085205078125
48;50.040054;-2.0400543212890625
47;45.854702;1.1452980041503906
46;46.16724;-0.16724014282226562
45;47.405197;-2.4051971435546875
44;45.88152;-1.8815193176269531
43;45.911205;-2.911205291748047
42;41.1533;0.8466987609863281
41;42.94459;-1.9445915222167969
40;40.245537;-0.24553680419921875
39;47.234287;-8.23428726196289
38;39.74059;-1.7405891418457031
37;47.97564;-10.975639343261719
36;44.593243;-8.593242645263672
35;28.460785;6.539215087890625
34;28.78328;5.2167205810546875
33;47.475056;-14.475055694580078
32;38.378662;-6.378662109375
31;32.567413;-1.567413330078125
30;32.44811;-2.448108673095703
29;35.332184;-6.332183837890625
28;39.749092;-11.749092102050781
27;19.549099;7.450901031494141
26;16.814081;9.185918807983398
25;13.190866;11.809133529663086
24;12.136602;11.863397598266602
23;12.636356;10.363643646240234
22;24.767338;-2.7673377990722656
21;20.428513;0.5714874267578125
20;36.009243;-16.00924301147461
19;33.170605;-14.170604705810547
18;33.056152;-15.05615234375
17;30.585926;-13.585926055908203
16;42.113937;-26.113937377929688
15;45.78103;-30.781028747558594
14;47.624355;-33.62435531616211
13;39.445564;-26.44556427001953
12;46.17716;-34.17715835571289
11;48.07726;-37.0772590637207
10;21.565048;-11.565048217773438
9;39.275116;-30.275115966796875
8;55.39272;-47.39271926879883
7;123.32971;-116.3297119140625
6;119.28981;-113.28981018066406
5;151.47644;-146.4764404296875
4;198.61874;-194.61874389648438
3;200.98007;-197.98007202148438
2;199.99481;-197.99481201171875
1;231.39433;-230.3943328857422
0;271.0484;-271.04840087890625
275;255.66634;19.333663940429688
274;238.5771;35.42289733886719
273;221.40201;51.597991943359375
272;201.62148;70.37852478027344
271;180.21094;90.7890625
270;169.28226;100.71774291992188
269;178.95451;90.04548645019531
268;193.44313;74.55686950683594
267;238.08572;28.914276123046875
266;183.18515;82.81484985351562
265;225.46075;39.53924560546875
264;188.88972;75.11027526855469
263;186.38948;76.61051940917969
262;170.20549;91.79450988769531
261;180.64456;80.35543823242188
260;189.05179;70.94821166992188
259;176.2989;82.70109558105469
258;177.12222;80.87777709960938
257;168.8938;88.106201171875
256;162.63652;93.36347961425781
255;194.5277;60.47230529785156
254;200.4212;53.57879638671875
253;191.13086;61.869140625
252;188.01767;63.982330322265625
251;163.57663;87.42337036132812
250;155.99837;94.00163269042969
249;151.16211;97.837890625
248;146.30217;101.69783020019531
247;115.87497;131.12503051757812
246;68.90333;177.09667205810547
245;67.50071;177.4992904663086
244;65.299446;178.70055389404297
243;63.264412;179.73558807373047
242;69.04165;172.9583511352539
241;61.874218;179.12578201293945
240;69.86455;170.1354522705078
239;76.69058;162.30941772460938
238;89.4541;148.5458984375
237;87.57803;149.42196655273438
236;135.52942;100.4705810546875
235;114.0734;120.92659759521484
234;119.698746;114.30125427246094
233;121.19425;111.80574798583984
232;129.40958;102.59042358398438
231;159.1213;71.87869262695312
230;148.50917;81.49082946777344
229;174.45824;54.54176330566406
228;165.1887;62.81129455566406
227;189.02557;37.97442626953125
226;204.5669;21.43310546875
225;210.04199;14.9580078125
224;195.58653;28.413467407226562
223;190.86215;32.137847900390625
222;180.59215;41.40785217285156
221;198.04466;22.955337524414062
220;193.9615;26.038497924804688
219;196.9629;22.037094116210938
218;207.17393;10.826065063476562
217;226.67365;-9.67364501953125
216;242.11731;-26.1173095703125
215;206.69489;8.30511474609375
214;198.40213;15.597869873046875
213;209.28473;3.71527099609375
212;197.77403;14.225967407226562
211;176.69574;34.30426025390625
210;155.88214;54.11785888671875
209;161.86357;47.13642883300781
208;173.78554;34.21446228027344
207;152.4554;54.54460144042969
206;148.7774;57.22259521484375
205;182.13313;22.866867065429688
204;149.16066;54.83934020996094
203;152.26964;50.73036193847656
202;158.60373;43.396270751953125
201;111.28848;89.71151733398438
200;106.89163;93.10836791992188
199;134.12437;64.87562561035156
198;111.689835;86.31016540527344
197;102.69828;94.30171966552734
196;83.444336;112.5556640625
195;82.36612;112.63388061523438
194;83.02031;110.97969055175781
193;70.452644;122.54735565185547
192;65.2448;126.75520324707031
191;58.28041;132.71958923339844
190;67.46972;122.53028106689453
189;61.714615;127.28538513183594
188;50.66582;137.33417892456055
187;77.620224;109.37977600097656
186;70.488716;115.51128387451172
185;69.72022;115.27977752685547
184;81.8874;102.11260223388672
183;85.711266;97.28873443603516
182;108.94682;73.05317687988281
181;117.43765;63.562347412109375
180;111.63493;68.36506652832031
179;124.74506;54.25493621826172
178;136.55861;41.44139099121094
177;151.26442;25.735580444335938
176;145.58952;30.410476684570312
175;151.06607;23.933929443359375
174;128.76433;45.23567199707031
173;143.54376;29.45623779296875
172;143.55446;28.445541381835938
171;146.67712;24.3228759765625
170;149.14853;20.851470947265625
169;154.66606;14.333938598632812
168;156.04546;11.954544067382812
167;152.95605;14.0439453125
166;156.91336;9.086639404296875
165;143.7444;21.255599975585938
164;152.40442;11.5955810546875
163;157.0644;5.9355926513671875
162;156.223;5.7769927978515625
161;159.46643;1.5335693359375
160;162.19524;-2.1952362060546875
159;168.75885;-9.75885009765625
158;161.6496;-3.64959716796875
157;163.90437;-6.9043731689453125
156;157.43161;-1.431610107421875
155;158.19308;-3.193084716796875
154;151.08565;2.9143524169921875
153;158.03867;-5.038665771484375
152;155.19044;-3.1904449462890625
151;158.09967;-7.09967041015625
150;148.7236;1.276397705078125
149;150.70659;-1.7065887451171875
148;147.88947;0.11053466796875
147;141.665;5.3350067138671875
146;144.7829;1.21710205078125
145;143.74472;1.255279541015625
144;143.25542;0.7445831298828125
143;139.20146;3.7985382080078125
142;142.06204;-0.062042236328125
141;138.6223;2.3777008056640625
140;137.76642;2.23358154296875
139;141.61604;-2.6160430908203125
138;138.75896;-0.7589569091796875
137;137.42862;-0.428619384765625
136;134.8676;1.1324005126953125
135;135.3428;-0.342803955078125
134;134.29678;-0.296783447265625
133;131.72673;1.2732696533203125
132;131.556;0.444000244140625
131;133.3517;-2.3516998291015625
130;132.14217;-2.1421661376953125
129;133.84949;-4.8494873046875
128;131.44351;-3.443511962890625
127;133.23232;-6.2323150634765625
126;130.40018;-4.400177001953125
125;127.2722;-2.2722015380859375
124;125.78131;-1.78131103515625
123;122.98472;0.01528167724609375
122;124.260574;-2.2605743408203125
121;122.81153;-1.8115310668945312
120;120.91809;-0.9180908203125
119;118.4702;0.5298004150390625
118;115.446335;2.5536651611328125
117;109.27134;7.728660583496094
116;115.04531;0.9546890258789062
115;114.09983;0.9001693725585938
114;107.68878;6.31121826171875
113;107.98686;5.0131378173828125
112;105.23909;6.7609100341796875
111;100.951004;10.048995971679688
110;99.96053;10.039466857910156
109;102.748634;6.251365661621094
108;102.796074;5.203926086425781
107;103.69845;3.3015518188476562
106;98.77291;7.227088928222656
105;102.95016;2.0498428344726562
104;102.02347;1.976531982421875
103;100.44895;2.5510482788085938
102;98.93414;3.06585693359375
101;94.64896;6.351043701171875
100;97.969055;2.03094482421875
99;95.53043;3.4695663452148438
98;95.68569;2.3143081665039062
97;92.28298;4.717018127441406
96;100.54952;-4.549522399902344
95;92.66807;2.3319320678710938
94;93.57201;0.4279937744140625
93;92.453926;0.5460739135742188
92;93.31532;-1.3153228759765625
91;90.63719;0.3628082275390625
90;90.330826;-0.3308258056640625
89;86.46188;2.538116455078125
88;89.44056;-1.4405593872070312
87;88.7724;-1.77239990234375
86;85.82586;0.17414093017578125
85;82.54083;2.45916748046875
84;80.91693;3.08306884765625
83;86.14665;-3.1466522216796875
82;78.93219;3.06781005859375
81;83.37552;-2.375518798828125
80;76.98574;3.0142593383789062
79;77.36539;1.634613037109375
78;77.23688;0.76312255859375
77;74.39632;2.6036834716796875
76;78.708855;-2.7088546752929688
75;76.451004;-1.4510040283203125
74;70.59724;3.4027633666992188
73;71.58618;1.413818359375
72;70.57612;1.4238815307617188
71;72.01744;-1.0174407958984375
70;72.458466;-2.458465576171875
69;63.739174;5.260826110839844
68;67.482056;0.5179443359375
67;69.18801;-2.1880111694335938
66;65.84488;0.155120849609375
65;66.38542;-1.3854217529296875
64;62.619766;1.3802337646484375
63;66.18933;-3.1893310546875
62;64.98469;-2.9846878051757812
61;59.974003;1.0259971618652344
60;57.506927;2.493072509765625
59;62.75925;-3.7592506408691406
58;59.708;-1.7080001831054688
57;55.32236;1.6776390075683594
56;54.49855;1.5014495849609375
55;54.84574;0.15425872802734375
54;55.41886;-1.4188613891601562
53;48.65649;4.343509674072266
52;47.94354;4.056461334228516
51;48.198673;2.8013267517089844
50;51.605946;-1.6059455871582031
49;47.072617;1.9273834228515625
48;48.08004;-0.08003997802734375
47;45.20266;1.7973403930664062
46;46.67914;-0.67913818359375
45;45.24217;-0.24216842651367188
44;43.757114;0.24288558959960938
43;45.82769;-2.8276901245117188
42;41.98565;0.01435089111328125
41;42.952938;-1.9529380798339844
40;40.479694;-0.4796943664550781
39;41.069023;-2.0690231323242188
38;35.59493;2.405071258544922
37;39.393772;-2.3937721252441406
36;37.394848;-1.3948478698730469
35;38.36137;-3.361370086669922
34;34.616867;-0.6168670654296875
33;32.405987;0.5940132141113281
32;31.678862;0.3211383819580078
31;30.65295;0.3470497131347656
30;31.437551;-1.437551498413086
29;28.523678;0.4763221740722656
28;28.65036;-0.650360107421875
27;28.567776;-1.5677757263183594
26;28.50552;-2.5055198669433594
25;25.209423;-0.20942306518554688
24;25.993296;-1.993295669555664
23;24.87555;-1.87554931640625
22;21.225706;0.7742938995361328
21;23.082623;-2.082622528076172
20;21.339033;-1.3390331268310547
19;20.089703;-1.0897026062011719
18;18.195858;-0.19585800170898438
17;19.477587;-2.4775867462158203
16;18.958553;-2.9585533142089844
15;17.0153;-2.015300750732422
14;16.996805;-2.996805191040039
13;18.566498;-5.566497802734375
12;16.21335;-4.213350296020508
11;13.265252;-2.265252113342285
10;14.984217;-4.984216690063477
9;11.757172;-2.757171630859375
8;12.974122;-4.974122047424316
7;8.375974;-1.3759737014770508
6;3.7049563;2.295043706893921
5;7.9006042;-2.900604248046875
4;7.409876;-3.4098758697509766
3;9.231354;-6.231353759765625
2;4.2306356;-2.230635643005371
1;2.8473692;-1.8473691940307617
0;4.793445;-4.793445110321045
66;78.76444;-12.764442443847656
65;79.918335;-14.9183349609375
64;81.740234;-17.740234375
63;80.50471;-17.50470733642578
62;78.26385;-16.26384735107422
61;79.38268;-18.38268280029297
60;78.362946;-18.362945556640625
59;76.44254;-17.442543029785156
58;71.49667;-13.496673583984375
57;66.81893;-9.818931579589844
56;66.67995;-10.679946899414062
55;63.83867;-8.838668823242188
54;69.04366;-15.043663024902344
53;65.75205;-12.752052307128906
52;67.41712;-15.417121887207031
51;62.01792;-11.017921447753906
50;62.497284;-12.497283935546875
49;65.23693;-16.23693084716797
48;66.38285;-18.382850646972656
47;59.41696;-12.416961669921875
46;63.72103;-17.721031188964844
45;56.720028;-11.720027923583984
44;50.299896;-6.299896240234375
43;56.171223;-13.171222686767578
42;54.785263;-12.785263061523438
41;54.895607;-13.895606994628906
40;52.52494;-12.524940490722656
39;47.901905;-8.901905059814453
38;45.21872;-7.218719482421875
37;42.800514;-5.800514221191406
36;48.74936;-12.749359130859375
35;47.529976;-12.529975891113281
34;46.65369;-12.653690338134766
33;48.820435;-15.8204345703125
32;35.93676;-3.9367599487304688
31;44.69057;-13.690570831298828
30;41.76627;-11.76626968383789
29;40.765152;-11.765151977539062
28;27.240576;0.7594242095947266
27;30.344793;-3.3447933197021484
26;28.423523;-2.42352294921875
25;23.625319;1.3746814727783203
24;21.158438;2.841562271118164
23;17.922585;5.077415466308594
22;24.382513;-2.3825130462646484
21;25.212837;-4.212837219238281
20;14.502724;5.497276306152344
19;8.116421;10.88357925415039
18;11.524587;6.4754133224487305
17;15.461939;1.5380611419677734
16;14.823455;1.1765451431274414
15;9.88359;5.116410255432129
14;11.955882;2.0441179275512695
13;8.387105;4.6128950119018555
12;10.776793;1.2232074737548828
11;11.602972;-0.6029720306396484
10;12.940089;-2.940089225769043
9;8.6859865;0.3140134811401367
8;-2.9151556;10.91515564918518
7;7.0764956;-0.07649564743041992
6;5.6715117;0.3284883499145508
5;11.638779;-6.6387786865234375
4;7.24518;-3.245180130004883
3;9.163318;-6.163317680358887
2;6.9417944;-4.941794395446777
1;-1.2956288;2.295628786087036
0;5.0408454;-5.0408453941345215
95;57.589436;37.41056442260742
94;75.52092;18.479080200195312
93;85.52726;7.472740173339844
92;91.70356;0.29644012451171875
91;86.284706;4.715293884277344
90;80.92301;9.076988220214844
89;86.13497;2.8650283813476562
88;88.42409;-0.4240875244140625
87;85.47147;1.5285263061523438
86;83.87744;2.12255859375
85;84.936516;0.06348419189453125
84;85.11965;-1.1196517944335938
83;84.18377;-1.1837692260742188
82;83.49863;-1.498626708984375
81;84.80268;-3.8026809692382812
80;82.7243;-2.7242965698242188
79;76.38712;2.6128768920898438
78;77.41952;0.5804824829101562
77;79.58972;-2.5897216796875
76;79.94794;-3.94793701171875
75;75.48041;-0.48040771484375
74;76.23791;-2.2379074096679688
73;71.65535;1.3446502685546875
72;80.33336;-8.333358764648438
71;77.26436;-6.2643585205078125
70;80.26667;-10.266670227050781
69;74.52402;-5.524017333984375
68;79.53703;-11.537033081054688
67;66.813614;0.1863861083984375
66;67.14908;-1.149078369140625
65;57.716198;7.283802032470703
64;42.550518;21.449481964111328
63;45.867783;17.132217407226562
62;49.23421;12.765789031982422
61;60.747726;0.2522735595703125
60;45.283577;14.716423034667969
59;56.82247;2.1775283813476562
58;56.60174;1.3982582092285156
57;61.775494;-4.775493621826172
56;48.597343;7.402656555175781
55;55.47531;-0.475311279296875
54;47.24348;6.756519317626953
53;70.02551;-17.0255126953125
52;50.090218;1.9097824096679688
51;56.519344;-5.519344329833984
50;57.25561;-7.255611419677734
49;47.27414;1.725860595703125
48;60.500706;-12.50070571899414
47;54.03139;-7.031391143798828
46;55.29228;-9.292278289794922
45;48.385357;-3.385356903076172
44;43.269432;0.7305679321289062
43;52.108322;-9.108322143554688
42;49.278973;-7.278972625732422
41;47.708073;-6.708072662353516
40;46.5828;-6.582801818847656
39;37.796467;1.2035331726074219
38;47.031914;-9.031913757324219
37;47.674034;-10.674034118652344
36;47.545082;-11.545082092285156
35;38.351067;-3.3510665893554688
34;25.787066;8.212934494018555
33;27.365683;5.634317398071289
32;18.249247;13.750753402709961
31;19.733685;11.266315460205078
30;29.588598;0.41140174865722656
29;32.07128;-3.0712814331054688
28;25.86819;2.1318092346191406
27;20.149004;6.850996017456055
26;15.182276;10.817724227905273
25;12.4244585;12.575541496276855
24;16.441544;7.5584564208984375
23;18.656612;4.343387603759766
22;15.374255;6.625744819641113
21;12.07077;8.929229736328125
20;4.610042;15.389957904815674
19;17.132719;1.8672809600830078
18;6.739683;11.260316848754883
17;6.011557;10.98844289779663
16;6.513557;9.486443042755127
15;12.405948;2.594052314758301
14;2.5586295;11.441370487213135
13;-1.1536015;14.15360152721405
12;6.7287374;5.2712626457214355
11;3.8908982;7.10910177230835
10;-7.107206;17.107205867767334
9;-8.8615885;17.86158847808838
8;6.6913424;1.3086576461791992
7;-6.850759;13.850759029388428
6;7.617356;-1.6173558235168457
5;7.735381;-2.7353811264038086
4;-0.09105108;4.0910510793328285
3;5.5996723;-2.599672317504883
2;7.42458;-5.424580097198486
1;-2.3701937;3.3701937198638916
0;-6.690391;6.6903910636901855
95;75.05217;19.947830200195312
94;89.07036;4.9296417236328125
93;89.75489;3.2451095581054688
92;95.214874;-3.214874267578125
91;89.82398;1.1760177612304688
90;90.58721;-0.5872116088867188
89;88.1215;0.8785018920898438
88;79.580536;8.419464111328125
87;82.461266;4.538734436035156
86;77.75139;8.248611450195312
85;78.65531;6.344688415527344
84;77.81427;6.18572998046875
83;78.9309;4.069099426269531
82;79.33378;2.6662216186523438
81;81.76219;-0.7621917724609375
80;78.02404;1.9759597778320312
79;67.31959;11.680412292480469
78;60.98345;17.01654815673828
77;66.59604;10.403961181640625
76;64.68362;11.316383361816406
75;60.584656;14.41534423828125
74;68.11826;5.881736755371094
73;59.10187;13.898128509521484
72;59.978165;12.021835327148438
71;78.348335;-7.348335266113281
70;72.83701;-2.8370132446289062
69;63.450356;5.549644470214844
68;56.57114;11.42885971069336
67;55.900055;11.099945068359375
66;28.83563;37.16436958312988
65;51.371655;13.628345489501953
64;36.541157;27.458843231201172
63;46.811344;16.188655853271484
62;39.240707;22.759292602539062
61;46.596874;14.403125762939453
60;54.380196;5.619804382324219
59;58.53973;0.4602699279785156
58;68.378624;-10.378623962402344
57;52.567696;4.432304382324219
56;67.223335;-11.223335266113281
55;44.192482;10.807518005371094
54;47.343025;6.656974792480469
53;64.88384;-11.883842468261719
52;49.99948;2.000518798828125
51;57.51159;-6.511589050292969
50;53.378986;-3.378986358642578
49;65.51127;-16.511268615722656
48;59.554287;-11.55428695678711
47;66.691864;-19.691864013671875
46;62.58135;-16.581348419189453
45;57.428223;-12.42822265625
44;57.25763;-13.25762939453125
43;45.36352;-2.3635215759277344
42;40.54551;1.4544906616210938
41;45.365227;-4.365226745605469
40;53.595337;-13.5953369140625
39;51.99396;-12.993961334228516
38;49.466175;-11.466175079345703
37;58.423576;-21.42357635498047
36;46.26497;-10.264968872070312
35;65.18292;-30.18292236328125
34;52.87082;-18.870819091796875
33;42.32678;-9.326778411865234
32;51.824066;-19.824066162109375
31;49.96825;-18.968250274658203
30;67.50451;-37.50450897216797
29;78.658936;-49.658935546875
28;67.798035;-39.79803466796875
27;66.3603;-39.36029815673828
26;71.96364;-45.96363830566406
25;76.009895;-51.00989532470703
24;80.682655;-56.682655334472656
23;74.469666;-51.46966552734375
22;101.21945;-79.21945190429688
21;111.631905;-90.63190460205078
20;111.165726;-91.16572570800781
19;118.5425;-99.5425033569336
18;87.91167;-69.91166687011719
17;98.24504;-81.24504089355469
16;110.495605;-94.49560546875
15;101.36059;-86.36058807373047
14;94.17063;-80.1706314086914
13;97.34429;-84.34429168701172
12;105.99987;-93.99987030029297
11;117.4706;-106.47059631347656
10;138.18024;-128.18023681640625
9;103.51822;-94.51821899414062
8;111.92671;-103.92671203613281
7;116.11255;-109.112548828125
6;121.84638;-115.84638214111328
5;122.793304;-117.79330444335938
4;116.482796;-112.48279571533203
3;151.54745;-148.54745483398438
2;122.54214;-120.5421371459961
1;152.16959;-151.16958618164062
0;142.18796;-142.18795776367188
95;115.622086;-20.622085571289062
94;94.34513;-0.34513092041015625
93;110.237076;-17.237075805664062
92;103.1043;-11.104301452636719
91;76.40486;14.595138549804688
90;78.06241;11.937591552734375
89;73.00301;15.996986389160156
88;80.86512;7.134880065917969
87;90.10431;-3.10430908203125
86;82.33494;3.6650619506835938
85;75.6823;9.317703247070312
84;70.53604;13.463958740234375
83;73.03085;9.969146728515625
82;71.94021;10.059791564941406
81;72.56007;8.439933776855469
80;71.88772;8.112281799316406
79;64.04453;14.955467224121094
78;68.54973;9.450271606445312
77;68.193375;8.806625366210938
76;79.262596;-3.2625961303710938
75;66.88994;8.110061645507812
74;69.02328;4.976722717285156
73;64.90704;8.09295654296875
72;65.72463;6.275367736816406
71;63.33053;7.669471740722656
70;63.446888;6.553112030029297
69;59.305984;9.694015502929688
68;52.313698;15.686302185058594
67;43.898914;23.101085662841797
66;41.187286;24.812713623046875
65;33.66096;31.339038848876953
64;39.348465;24.651535034179688
63;49.194607;13.80539321899414
62;53.807667;8.192333221435547
61;46.492046;14.507953643798828
60;38.533485;21.466514587402344
59;35.26348;23.73651885986328
58;38.673977;19.32602310180664
57;56.799213;0.20078659057617188
56;63.4765;-7.47650146484375
55;61.033356;-6.033355712890625
54;64.108406;-10.108406066894531
53;61.974274;-8.974273681640625
52;54.097977;-2.0979766845703125
51;63.480404;-12.480403900146484
50;61.050426;-11.050426483154297
49;57.033215;-8.033214569091797
48;57.619686;-9.619686126708984
47;56.164337;-9.164337158203125
46;51.6784;-5.678398132324219
45;54.700718;-9.70071792602539
44;49.716938;-5.716938018798828
43;60.25564;-17.255638122558594
42;57.284054;-15.284053802490234
41;59.066944;-18.066944122314453
40;61.592396;-21.592395782470703
39;55.796124;-16.796123504638672
38;60.566597;-22.56659698486328
37;52.352917;-15.352916717529297
36;55.186176;-19.186176300048828
35;61.50812;-26.508121490478516
34;52.58504;-18.585041046142578
33;50.6531;-17.653099060058594
32;44.282215;-12.282215118408203
31;55.48446;-24.484458923339844
30;51.94781;-21.947811126708984
29;65.69679;-36.69679260253906
28;89.72568;-61.725677490234375
27;75.91307;-48.91307067871094
26;101.970825;-75.9708251953125
25;75.873886;-50.87388610839844
24;52.50895;-28.508949279785156
23;69.8802;-46.88020324707031
22;78.7943;-56.79429626464844
21;76.52683;-55.526832580566406
20;85.813576;-65.8135757446289
19;91.21803;-72.21803283691406
18;85.96658;-67.96658325195312
17;83.82371;-66.8237075805664
16;84.8964;-68.89640045166016
15;81.776764;-66.77676391601562
14;90.32246;-76.32245635986328
13;84.69557;-71.69557189941406
12;91.40391;-79.4039077758789
11;97.952385;-86.95238494873047
10;59.54215;-49.54214859008789
9;79.27359;-70.27359008789062
8;83.67666;-75.6766586303711
7;91.477486;-84.47748565673828
6;90.10344;-84.10343933105469
5;88.11283;-83.11283111572266
4;88.98315;-84.98314666748047
3;89.669106;-86.66910552978516
2;76.684296;-74.68429565429688
1;86.560394;-85.56039428710938
0;100.90359;-100.9035873413086
115;100.23746;14.762542724609375
114;91.085526;22.914474487304688
113;92.861046;20.138954162597656
112;87.722534;24.2774658203125
111;116.84956;-5.8495635986328125
110;108.16923;1.8307723999023438
109;107.9392;1.0607986450195312
108;108.947876;-0.9478759765625
107;105.354355;1.6456451416015625
106;98.04999;7.95001220703125
105;96.6043;8.395698547363281
104;100.23166;3.768341064453125
103;113.692665;-10.692665100097656
102;100.97964;1.0203628540039062
101;100.58533;0.4146728515625
100;96.85118;3.1488189697265625
99;98.96716;0.0328369140625
98;100.3485;-2.3485031127929688
97;95.35113;1.6488723754882812
96;89.47748;6.52252197265625
95;94.09485;0.9051513671875
94;90.95351;3.0464935302734375
93;86.81111;6.1888885498046875
92;98.26788;-6.26788330078125
91;82.08768;8.912322998046875
90;77.90951;12.090492248535156
89;72.92027;16.079727172851562
88;80.38531;7.614692687988281
87;59.632866;27.36713409423828
86;49.581394;36.41860580444336
85;42.526043;42.47395706176758
84;41.477577;42.522422790527344
83;34.20868;48.79132080078125
82;41.83678;40.1632194519043
81;53.34964;27.650360107421875
80;45.46351;34.53649139404297
79;43.92688;35.0731201171875
78;52.295643;25.704357147216797
77;47.01714;29.982860565185547
76;48.12235;27.87765121459961
75;44.507565;30.492435455322266
74;47.819126;26.18087387084961
73;48.978508;24.02149200439453
72;50.634617;21.36538314819336
71;52.343006;18.656993865966797
70;58.76265;11.237350463867188
69;48.837086;20.162914276123047
68;53.88881;14.111190795898438
67;53.11742;13.882579803466797
66;53.57795;12.422050476074219
65;46.963646;18.036354064941406
64;52.02614;11.973861694335938
63;51.522278;11.47772216796875
62;47.90188;14.098121643066406
61;50.372467;10.627532958984375
60;47.947052;12.052947998046875
59;51.640545;7.359455108642578
58;45.151093;12.848907470703125
57;48.099922;8.900077819824219
56;53.02674;2.9732589721679688
55;44.693428;10.306571960449219
54;46.44259;7.557411193847656
53;49.882214;3.117786407470703
52;44.96906;7.030941009521484
51;36.183613;14.816387176513672
50;47.766273;2.2337265014648438
49;34.217495;14.78250503540039
48;28.935913;19.0640869140625
47;31.365334;15.634666442871094
46;43.640198;2.35980224609375
45;54.548145;-9.548145294189453
44;41.341625;2.658374786376953
43;47.970352;-4.9703521728515625
42;44.734352;-2.7343521118164062
41;40.286037;0.7139625549316406
40;32.15291;7.8470916748046875
39;41.222824;-2.2228240966796875
38;41.205658;-3.205657958984375
37;37.78728;-0.7872810363769531
36;33.59203;2.407970428466797
35;36.265156;-1.2651557922363281
34;33.78084;0.21915817260742188
33;27.353865;5.646135330200195
32;28.61653;3.3834705352783203
31;29.384035;1.6159648895263672
30;32.492256;-2.4922561645507812
29;33.355362;-4.3553619384765625
28;28.264845;-0.2648448944091797
27;18.355364;8.644636154174805
26;27.344393;-1.3443927764892578
25;24.157871;0.8421287536621094
24;25.22308;-1.2230796813964844
23;18.746698;4.253301620483398
22;16.57538;5.424619674682617
21;18.35664;2.643360137939453
20;16.394968;3.605031967163086
19;18.949345;0.050655364990234375
18;16.262339;1.737661361694336
17;16.285608;0.7143917083740234
16;14.507104;1.4928960800170898
15;13.616881;1.3831186294555664
14;12.285113;1.7148866653442383
13;12.113752;0.8862476348876953
12;9.574364;2.4256362915039062
11;8.948086;2.0519142150878906
10;11.940896;-1.9408960342407227
9;7.7569184;1.2430815696716309
8;9.134309;-1.1343088150024414
7;5.6958423;1.3041577339172363
6;7.218212;-1.2182121276855469
5;4.7296085;0.27039146423339844
4;5.06133;-1.0613298416137695
3;3.9755368;-0.9755368232727051
2;0.5916997;1.4083002805709839
1;-0.82602787;1.8260278701782227
0;2.8363361;-2.836336135864258
85;62.34322;22.656780242919922
84;66.25641;17.74359130859375
83;68.43846;14.561538696289062
82;56.957222;25.04277801513672
81;66.599144;14.400856018066406
80;57.78436;22.215641021728516
79;63.165516;15.834484100341797
78;62.06314;15.936859130859375
77;61.18611;15.813888549804688
76;55.397438;20.602561950683594
75;58.969578;16.03042221069336
74;48.64953;25.35047149658203
73;58.64256;14.357440948486328
72;59.70325;12.296749114990234
71;48.8385;22.1614990234375
70;52.0041;17.995899200439453
69;50.316917;18.683082580566406
68;50.478405;17.521595001220703
67;50.347054;16.65294647216797
66;49.532135;16.467864990234375
65;51.57009;13.429908752441406
64;51.100166;12.899833679199219
63;48.783325;14.2166748046875
62;47.993263;14.006736755371094
61;43.377552;17.622447967529297
60;43.796078;16.203922271728516
59;44.201084;14.79891586303711
58;43.421806;14.578193664550781
57;44.729424;12.270576477050781
56;36.347103;19.652896881103516
55;41.191814;13.808185577392578
54;42.80093;11.19906997680664
53;48.762016;4.237983703613281
52;47.940903;4.0590972900390625
51;42.75641;8.24359130859375
50;43.409332;6.590667724609375
49;41.12933;7.870670318603516
48;42.87104;5.128959655761719
47;42.05634;4.943660736083984
46;34.799625;11.200374603271484
45;35.3682;9.63180160522461
44;33.586372;10.413627624511719
43;34.14408;8.855918884277344
42;42.837;-0.8370018005371094
41;41.013332;-0.013332366943359375
40;40.217705;-0.21770477294921875
39;36.515556;2.4844436645507812
38;33.853725;4.146274566650391
37;38.615856;-1.6158561706542969
36;36.209183;-0.2091827392578125
35;35.331017;-0.33101654052734375
34;34.563572;-0.5635719299316406
33;36.67783;-3.6778297424316406
32;34.04365;-2.043651580810547
31;32.822384;-1.8223838806152344
30;29.498343;0.5016574859619141
29;34.796295;-5.796295166015625
28;30.48049;-2.480489730834961
27;37.973476;-10.97347640991211
26;31.291979;-5.29197883605957
25;29.94919;-4.949190139770508
24;34.17218;-10.17218017578125
23;29.004097;-6.004096984863281
22;31.747322;-9.747322082519531
21;25.508684;-4.508684158325195
20;25.909159;-5.909158706665039
19;25.163443;-6.163442611694336
18;27.182613;-9.182613372802734
17;23.557878;-6.557878494262695
16;24.24845;-8.248449325561523
15;29.116863;-14.116863250732422
14;22.403625;-8.40362548828125
13;20.809586;-7.8095855712890625
12;24.948668;-12.948667526245117
11;25.166523;-14.166522979736328
10;19.234684;-9.234683990478516
9;21.649155;-12.649154663085938
8;20.244862;-12.244861602783203
7;16.5443;-9.544300079345703
6;19.28681;-13.286809921264648
5;20.92769;-15.927690505981445
4;20.303858;-16.303857803344727
3;22.508415;-19.50841522216797
2;22.511274;-20.511274337768555
1;18.336075;-17.336074829101562
0;23.77331;-23.7733097076416
99;78.835;20.165000915527344
98;90.98537;7.0146331787109375
97;92.949;4.051002502441406
96;80.53976;15.460243225097656
95;81.06805;13.931953430175781
94;83.29422;10.705780029296875
93;79.83452;13.165481567382812
92;84.56419;7.4358062744140625
91;85.85883;5.141166687011719
90;77.97653;12.023468017578125
89;81.65468;7.3453216552734375
88;78.757645;9.242355346679688
87;76.91075;10.089248657226562
86;78.573425;7.42657470703125
85;76.355316;8.644683837890625
84;70.793465;13.206535339355469
83;70.55977;12.440231323242188
82;68.20087;13.79913330078125
81;66.38832;14.611679077148438
80;67.104355;12.895645141601562
79;62.88292;16.117080688476562
78;67.66436;10.335639953613281
77;68.07977;8.92022705078125
76;63.60294;12.39706039428711
75;64.96579;10.034210205078125
74;67.13871;6.861289978027344
73;60.517746;12.482254028320312
72;63.365685;8.634315490722656
71;49.422173;21.57782745361328
70;58.82371;11.176288604736328
69;43.95582;25.04418182373047
68;52.271675;15.728324890136719
67;48.224567;18.775432586669922
66;48.563374;17.436626434326172
65;46.629715;18.370285034179688
64;44.43655;19.56344985961914
63;46.171913;16.828086853027344
62;53.80104;8.198959350585938
61;49.587315;11.41268539428711
60;49.796227;10.203773498535156
59;51.854557;7.145442962646484
58;48.70335;9.296649932861328
57;45.49469;11.50531005859375
56;45.66272;10.3372802734375
55;45.437748;9.562252044677734
54;45.73099;8.26900863647461
53;48.618614;4.381385803222656
52;43.9327;8.067298889160156
51;43.02129;7.978710174560547
50;43.00809;6.991909027099609
49;42.42059;6.579410552978516
48;39.492405;8.50759506225586
47;41.322357;5.677642822265625
46;39.73064;6.269359588623047
45;43.00993;1.9900703430175781
44;38.820293;5.179706573486328
43;39.86274;3.1372604370117188
42;35.19546;6.804538726806641
41;41.253086;-0.2530860900878906
40;39.98169;0.018310546875
39;37.399628;1.600372314453125
38;38.77228;-0.7722816467285156
37;38.601894;-1.6018943786621094
36;42.458202;-6.458202362060547
35;38.925987;-3.9259872436523438
34;35.40096;-1.4009590148925781
33;36.19373;-3.1937294006347656
32;33.826622;-1.8266220092773438
31;35.745182;-4.745182037353516
30;39.10923;-9.109230041503906
29;32.4867;-3.4866981506347656
28;34.810307;-6.810306549072266
27;28.429564;-1.4295635223388672
26;28.86286;-2.8628597259521484
25;27.525656;-2.525655746459961
24;30.324469;-6.324468612670898
23;29.102451;-6.102451324462891
22;26.987041;-4.987041473388672
21;26.350796;-5.350795745849609
20;30.925606;-10.925605773925781
19;23.732609;-4.732608795166016
18;26.298094;-8.298093795776367
17;23.691896;-6.691896438598633
16;23.101934;-7.101934432983398
15;24.616987;-9.616987228393555
14;19.053663;-5.05366325378418
13;15.780836;-2.7808361053466797
12;16.187334;-4.187334060668945
11;15.480146;-4.480146408081055
10;16.471422;-6.47142219543457
9;12.006582;-3.006582260131836
8;18.35698;-10.356979370117188
7;25.87269;-18.872690200805664
6;27.168865;-21.168865203857422
5;22.742792;-17.7427921295166
4;27.051968;-23.05196762084961
3;27.327602;-24.32760238647461
2;26.638628;-24.638628005981445
1;27.542786;-26.54278564453125
0;19.35687;-19.356870651245117
99;55.952427;43.04757308959961
98;78.943184;19.05681610107422
97;81.44675;15.553253173828125
96;87.96221;8.037788391113281
95;88.48299;6.5170135498046875
94;87.37759;6.622413635253906
93;78.22398;14.776016235351562
92;79.81989;12.180107116699219
91;81.48665;9.513351440429688
90;88.78623;1.2137680053710938
89;77.15275;11.847251892089844
88;79.81573;8.184272766113281
87;87.32881;-0.3288116455078125
86;80.27997;5.72003173828125
85;87.43964;-2.43963623046875
84;79.80255;4.19744873046875
83;72.34695;10.653053283691406
82;73.99199;8.008010864257812
81;70.24516;10.754837036132812
80;72.56496;7.4350433349609375
79;64.31932;14.680679321289062
78;60.246418;17.753582000732422
77;49.575325;27.42467498779297
76;51.900894;24.099105834960938
75;53.761906;21.238094329833984
74;53.635456;20.364543914794922
73;57.86505;15.13494873046875
72;53.268883;18.731117248535156
71;63.03697;7.963031768798828
70;73.00361;-3.0036087036132812
69;64.83134;4.168663024902344
68;74.14944;-6.149436950683594
67;63.89944;3.1005592346191406
66;69.879654;-3.8796539306640625
65;64.52795;0.47205352783203125
64;69.990074;-5.990074157714844
63;65.10233;-2.1023330688476562
62;66.622246;-4.622245788574219
61;65.221924;-4.221923828125
60;62.255104;-2.2551040649414062
59;58.64469;0.35530853271484375
58;56.53887;1.4611282348632812
57;46.3587;10.641300201416016
56;58.2879;-2.2878990173339844
55;50.367134;4.632865905761719
54;53.04657;0.95343017578125
53;52.508896;0.4911041259765625
52;55.625393;-3.6253929138183594
51;55.979713;-4.979713439941406
50;50.971634;-0.9716339111328125
49;56.495655;-7.495655059814453
48;43.29305;4.706951141357422
47;34.66229;12.337711334228516
46;41.916897;4.083103179931641
45;43.03479;1.9652099609375
44;37.633343;6.366657257080078
43;29.661724;13.338275909423828
42;29.584946;12.415054321289062
41;36.967846;4.032154083251953
40;51.00586;-11.005859375
39;39.79526;-0.7952613830566406
38;52.963814;-14.963813781738281
37;42.486168;-5.486167907714844
36;32.54706;3.45294189453125
35;40.157207;-5.157207489013672
34;42.977787;-8.977787017822266
33;41.157356;-8.157356262207031
32;25.871784;6.128215789794922
31;32.49085;-1.4908485412597656
30;36.367943;-6.367942810058594
29;24.545559;4.454441070556641
28;29.127289;-1.127288818359375
27;24.039265;2.960735321044922
26;26.02248;-0.022480010986328125
25;27.018137;-2.018136978149414
24;27.099525;-3.0995254516601562
23;37.192463;-14.192462921142578
22;31.98865;-9.988649368286133
21;33.577362;-12.577362060546875
20;15.301624;4.698375701904297
19;16.257627;2.742372512817383
18;21.174583;-3.1745834350585938
17;20.708818;-3.7088184356689453
16;19.38786;-3.387859344482422
15;20.628956;-5.628955841064453
14;19.852;-5.851999282836914
13;25.554996;-12.554996490478516
12;22.229519;-10.22951889038086
11;20.111868;-9.111867904663086
10;25.017221;-15.017221450805664
9;20.27458;-11.274580001831055
8;15.281166;-7.281166076660156
7;24.56191;-17.56191062927246
6;28.517662;-22.517662048339844
5;22.77363;-17.773630142211914
4;20.316973;-16.316972732543945
3;27.050348;-24.05034828186035
2;29.352848;-27.352848052978516
1;32.379333;-31.37933349609375
0;33.572556;-33.57255554199219
99;84.11559;14.884407043457031
98;100.49674;-2.4967422485351562
97;97.50259;-0.5025863647460938
96;96.146736;-0.14673614501953125
95;92.6479;2.3520965576171875
94;105.03351;-11.03350830078125
93;100.02564;-7.025642395019531
92;101.723946;-9.723945617675781
91;97.467125;-6.467124938964844
90;107.96268;-17.962677001953125
89;103.05247;-14.052467346191406
88;93.36731;-5.3673095703125
87;96.277855;-9.277854919433594
86;96.53195;-10.531951904296875
85;93.58299;-8.582992553710938
84;94.50236;-10.502357482910156
83;97.10549;-14.105491638183594
82;91.42596;-9.425956726074219
81;94.96855;-13.968551635742188
80;101.263916;-21.263916015625
79;96.92539;-17.925392150878906
78;105.522575;-27.52257537841797
77;100.702576;-23.70257568359375
76;92.74995;-16.74994659423828
75;86.693405;-11.693405151367188
74;88.7417;-14.74169921875
73;95.253006;-22.253005981445312
72;104.21404;-32.21404266357422
71;98.042145;-27.042144775390625
70;86.84484;-16.84484100341797
69;82.327705;-13.327705383300781
68;88.17737;-20.1773681640625
67;84.85582;-17.855819702148438
66;85.53537;-19.535369873046875
65;73.33509;-8.335090637207031
64;80.84093;-16.840927124023438
63;80.921104;-17.921104431152344
62;78.689896;-16.689895629882812
61;82.052795;-21.05279541015625
60;70.024925;-10.024925231933594
59;71.155716;-12.155715942382812
58;70.094666;-12.09466552734375
57;74.597786;-17.59778594970703
56;71.7971;-15.797096252441406
55;75.570496;-20.57049560546875
54;67.23188;-13.231880187988281
53;71.16983;-18.169830322265625
52;64.14802;-12.148017883300781
51;64.64187;-13.641868591308594
50;66.027824;-16.02782440185547
49;65.00584;-16.005836486816406
48;60.397343;-12.397342681884766
47;61.91477;-14.91476821899414
46;55.16649;-9.166488647460938
45;70.51648;-25.5164794921875
44;64.7215;-20.72149658203125
43;56.72896;-13.728958129882812
42;57.98886;-15.988861083984375
41;62.394585;-21.39458465576172
40;58.733894;-18.73389434814453
39;58.347675;-19.347675323486328
38;54.269135;-16.269134521484375
37;50.57962;-13.579620361328125
36;51.055397;-15.055397033691406
35;50.542786;-15.54278564453125
34;40.81569;-6.8156890869140625
33;47.17266;-14.172660827636719
32;44.283142;-12.28314208984375
31;43.69862;-12.698619842529297
30;42.400185;-12.400184631347656
29;41.120396;-12.12039566040039
28;50.527443;-22.527442932128906
27;34.508125;-7.508125305175781
26;31.169535;-5.169534683227539
25;33.20073;-8.200729370117188
24;34.20686;-10.206859588623047
23;37.658173;-14.658172607421875
22;38.30779;-16.307788848876953
21;34.78198;-13.781978607177734
20;31.93289;-11.932889938354492
19;32.084316;-13.08431625366211
18;26.766441;-8.766441345214844
17;32.157692;-15.157691955566406
16;25.77201;-9.772010803222656
15;29.835522;-14.835521697998047
14;30.585531;-16.58553123474121
13;28.796015;-15.796014785766602
12;30.215113;-18.215112686157227
11;30.122301;-19.12230110168457
10;29.009224;-19.00922393798828
9;27.244942;-18.24494171142578
8;28.532787;-20.532787322998047
7;30.036558;-23.036558151245117
6;34.736008;-28.736007690429688
5;30.498697;-25.49869728088379
4;30.244183;-26.244182586669922
3;33.210045;-30.210044860839844
2;35.293854;-33.293853759765625
1;37.13697;-36.13697052001953
0;36.83535;-36.835350036621094
84;63.536278;20.463722229003906
83;67.28362;15.716377258300781
82;71.46937;10.530632019042969
81;72.925644;8.074356079101562
80;75.40554;4.594459533691406
79;80.2426;-1.2425994873046875
78;74.88002;3.1199798583984375
77;76.50078;0.4992218017578125
76;74.66654;1.3334579467773438
75;70.29058;4.709419250488281
74;70.50849;3.4915084838867188
73;72.64914;0.350860595703125
72;72.48151;-0.48150634765625
71;72.884315;-1.8843154907226562
70;72.128365;-2.1283645629882812
69;72.327545;-3.327545166015625
68;70.55292;-2.55291748046875
67;66.42778;0.5722198486328125
66;73.64178;-7.641777038574219
65;64.73325;0.26674652099609375
64;64.551384;-0.5513839721679688
63;67.743034;-4.743034362792969
62;64.14292;-2.1429214477539062
61;64.082825;-3.08282470703125
60;71.114525;-11.114524841308594
59;61.82321;-2.823211669921875
58;58.02922;-0.0292205810546875
57;69.5228;-12.522796630859375
56;62.66485;-6.664848327636719
55;56.396896;-1.3968963623046875
54;53.545887;0.4541130065917969
53;53.502117;-0.5021171569824219
52;58.238766;-6.238765716552734
51;44.410114;6.589885711669922
50;45.02715;4.972850799560547
49;42.60639;6.393608093261719
48;41.985962;6.0140380859375
47;41.791897;5.208103179931641
46;43.862415;2.137584686279297
45;43.365887;1.6341133117675781
44;46.850506;-2.850505828857422
43;40.062412;2.9375877380371094
42;37.631702;4.368297576904297
41;40.396633;0.6033668518066406
40;36.81135;3.188648223876953
39;37.834713;1.1652870178222656
38;38.059322;-0.059322357177734375
37;35.1219;1.8781013488769531
36;28.999136;7.000864028930664
35;33.25961;1.7403907775878906
34;35.202793;-1.2027931213378906
33;35.264565;-2.2645645141601562
32;39.268085;-7.268085479736328
31;27.181194;3.818805694580078
30;26.540133;3.459867477416992
29;32.270576;-3.2705764770507812
28;34.47566;-6.475658416748047
27;27.645643;-0.6456432342529297
26;33.902863;-7.902862548828125
25;32.708073;-7.708072662353516
24;23.124113;0.8758869171142578
23;22.519442;0.4805583953857422
22;22.086536;-0.08653640747070312
21;26.67381;-5.673809051513672
20;22.542702;-2.5427017211914062
19;20.800194;-1.8001937866210938
18;21.831299;-3.831298828125
17;21.180876;-4.180875778198242
16;21.82316;-5.823160171508789
15;20.717468;-5.71746826171875
14;19.670145;-5.670145034790039
13;20.483599;-7.483598709106445
12;15.896884;-3.896883964538574
11;16.229136;-5.229135513305664
10;12.280822;-2.2808218002319336
9;11.506893;-2.5068931579589844
8;9.619086;-1.6190862655639648
7;12.508815;-5.508814811706543
6;16.057133;-10.057132720947266
5;9.911944;-4.911944389343262
4;8.30123;-4.301230430603027
3;10.39229;-7.392290115356445
2;13.32294;-11.3229398727417
1;7.702849;-6.7028489112854
0;8.569885;-8.56988525390625
28;57.79696;-29.796958923339844
27;52.56777;-25.567768096923828
26;47.783222;-21.783222198486328
25;50.61063;-25.61063003540039
24;46.66144;-22.661441802978516
23;47.384174;-24.384174346923828
22;45.30918;-23.309181213378906
21;44.761868;-23.76186752319336
20;41.408813;-21.4088134765625
19;35.293373;-16.293373107910156
18;38.279255;-20.279254913330078
17;37.739643;-20.739643096923828
16;30.268734;-14.268733978271484
15;28.232672;-13.232671737670898
14;28.942215;-14.942214965820312
13;26.609901;-13.609901428222656
12;21.623497;-9.623497009277344
11;27.667892;-16.667892456054688
10;12.896919;-2.8969192504882812
9;9.597449;-0.5974493026733398
8;16.07588;-8.07588005065918
7;16.300358;-9.300357818603516
6;10.967539;-4.967538833618164
5;26.438675;-21.438674926757812
4;19.16389;-15.163890838623047
3;24.00983;-21.009830474853516
2;21.752108;-19.752107620239258
1;16.640228;-15.640228271484375
0;15.976192;-15.976192474365234
57;51.32989;5.670108795166016
56;52.054615;3.945384979248047
55;56.37332;-1.373321533203125
54;38.272583;15.7274169921875
53;49.212944;3.7870559692382812
52;56.79957;-4.799568176269531
51;58.88666;-7.886661529541016
50;52.160957;-2.1609573364257812
49;57.024204;-8.02420425415039
48;56.553654;-8.553653717041016
47;56.924984;-9.924983978271484
46;50.30325;-4.303249359130859
45;57.860703;-12.860702514648438
44;53.32393;-9.323928833007812
43;53.09593;-10.095928192138672
42;51.579536;-9.579536437988281
41;45.080193;-4.080192565917969
40;46.5934;-6.5933990478515625
39;48.49782;-9.497821807861328
38;47.283585;-9.283584594726562
37;45.816772;-8.8167724609375
36;48.374058;-12.37405776977539
35;40.39096;-5.390960693359375
34;43.774952;-9.774951934814453
33;47.310722;-14.310722351074219
32;46.93254;-14.932540893554688
31;44.48865;-13.488651275634766
30;41.482048;-11.482048034667969
29;30.792002;-1.792001724243164
28;23.78309;4.216909408569336
27;18.994484;8.005516052246094
26;23.442194;2.5578060150146484
25;20.576107;4.423892974853516
24;20.99132;3.0086803436279297
23;17.272009;5.727991104125977
22;15.392031;6.607969284057617
21;19.851837;1.148162841796875
20;16.524876;3.4751243591308594
19;13.341289;5.6587114334106445
18;7.9444284;10.055571556091309
17;12.345772;4.654228210449219
16;7.3921537;8.6078462600708
15;6.187849;8.812150955200195
14;6.4956913;7.504308700561523
13;6.054216;6.945784091949463
12;8.861823;3.138176918029785
11;6.677082;4.322917938232422
10;1.545823;8.454177021980286
9;8.535611;0.4643888473510742
8;6.98388;1.0161199569702148
7;2.04887;4.951129913330078
6;-3.1448147;9.144814729690552
5;2.0769522;2.9230477809906006
4;8.910938;-4.910938262939453
3;1.0554972;1.944502830505371
2;3.059857;-1.05985689163208
1;2.310638;-1.3106379508972168
0;-2.344266;2.344265937805176
57;45.37351;11.62649154663086
56;57.82872;-1.8287200927734375
55;41.907303;13.092697143554688
54;55.303963;-1.3039627075195312
53;67.82301;-14.823013305664062
52;63.06757;-11.067569732666016
51;62.361576;-11.361576080322266
50;65.54496;-15.544960021972656
49;62.119488;-13.119487762451172
48;64.790634;-16.790634155273438
47;63.384304;-16.38430404663086
46;58.193233;-12.193233489990234
45;68.42116;-23.421157836914062
44;64.622;-20.62200164794922
43;66.172646;-23.172645568847656
42;63.70002;-21.70001983642578
41;56.72223;-15.72222900390625
40;63.02659;-23.026588439941406
39;57.905796;-18.90579605102539
38;58.889744;-20.88974380493164
37;60.01331;-23.013309478759766
36;63.71674;-27.716739654541016
35;60.153694;-25.15369415283203
34;60.602623;-26.602622985839844
33;57.68032;-24.680320739746094
32;55.86044;-23.86043930053711
31;61.45303;-30.45302963256836
30;56.94689;-26.94689178466797
29;55.62899;-26.628990173339844
28;46.869446;-18.86944580078125
27;47.056816;-20.05681610107422
26;49.05661;-23.056610107421875
25;48.733868;-23.733867645263672
24;39.238674;-15.23867416381836
23;48.457428;-25.457427978515625
22;43.161118;-21.161117553710938
21;47.884003;-26.884002685546875
20;34.936253;-14.93625259399414
19;35.35625;-16.356250762939453
18;43.543728;-25.54372787475586
17;45.026634;-28.026634216308594
16;26.707865;-10.707864761352539
15;24.596193;-9.596193313598633
14;22.768024;-8.768024444580078
13;24.615803;-11.615802764892578
12;20.182512;-8.182512283325195
11;24.02549;-13.025489807128906
10;14.832497;-4.832496643066406
9;12.023923;-3.023922920227051
8;17.669138;-9.669137954711914
7;18.948935;-11.948934555053711
6;20.000774;-14.000774383544922
5;24.755959;-19.755958557128906
4;25.607138;-21.60713768005371
3;18.705696;-15.705696105957031
2;27.222485;-25.222484588623047
1;12.59177;-11.59177017211914
0;2.524753;-2.5247530937194824
57;45.728992;11.271007537841797
56;45.46684;10.533161163330078
55;57.031567;-2.031566619873047
54;36.0027;17.997299194335938
53;41.63867;11.361328125
52;53.944344;-1.9443435668945312
51;53.157104;-2.1571044921875
50;53.917736;-3.917736053466797
49;48.55935;0.44065093994140625
48;45.919285;2.0807151794433594
47;50.7707;-3.7706985473632812
46;45.848667;0.15133285522460938
45;44.306435;0.6935653686523438
44;41.623108;2.37689208984375
43;37.467968;5.532032012939453
42;33.415462;8.584537506103516
41;34.38916;6.61083984375
40;33.61799;6.382011413574219
39;26.318764;12.681236267089844
38;35.09368;2.9063186645507812
37;32.0878;4.912200927734375
36;32.61974;3.380260467529297
35;23.983576;11.016424179077148
34;26.361065;7.638935089111328
33;23.069426;9.930574417114258
32;21.352962;10.647037506103516
31;25.46272;5.53727912902832
30;31.919434;-1.91943359375
29;38.16827;-9.168270111083984
28;42.74502;-14.74502182006836
27;50.002583;-23.002582550048828
26;35.878914;-9.878913879394531
25;37.05548;-12.05548095703125
24;48.725346;-24.725345611572266
23;50.404636;-27.40463638305664
22;57.555958;-35.55595779418945
21;52.670887;-31.670886993408203
20;49.714905;-29.71490478515625
19;37.753155;-18.753154754638672
18;41.748367;-23.748367309570312
17;48.814945;-31.814945220947266
16;45.689945;-29.689945220947266
15;43.475857;-28.47585678100586
14;51.823788;-37.823787689208984
13;56.62472;-43.62472152709961
12;59.45095;-47.450950622558594
11;108.28898;-97.28897857666016
10;105.616516;-95.61651611328125
9;122.87298;-113.87297821044922
8;89.297554;-81.29755401611328
7;61.15333;-54.1533317565918
6;138.52768;-132.52767944335938
5;183.83023;-178.83023071289062
4;195.62566;-191.6256561279297
3;198.62936;-195.62936401367188
2;213.90317;-211.90316772460938
1;188.96097;-187.96096801757812
0;156.32849;-156.3284912109375
267;209.5358;57.464202880859375
266;208.71175;57.28825378417969
265;185.31644;79.68356323242188
264;156.084;107.91600036621094
263;170.63449;92.36550903320312
262;176.05887;85.94113159179688
261;184.33694;76.66305541992188
260;190.42123;69.57876586914062
259;196.51248;62.487518310546875
258;203.34586;54.654144287109375
257;222.54329;34.45671081542969
256;209.62337;46.37663269042969
255;201.99057;53.009429931640625
254;201.24696;52.75303649902344
253;197.02988;55.970123291015625
252;195.37762;56.62237548828125
251;223.65866;27.341339111328125
250;198.42267;51.57733154296875
249;201.81047;47.18952941894531
248;203.9054;44.0946044921875
247;196.67326;50.32673645019531
246;200.8938;45.106201171875
245;199.06688;45.93312072753906
244;208.36502;35.634979248046875
243;198.85225;44.14775085449219
242;190.42299;51.57701110839844
241;197.23877;43.76123046875
240;203.15956;36.84043884277344
239;157.39812;81.60188293457031
238;68.7537;169.24629974365234
237;61.15007;175.8499298095703
236;58.6888;177.31119918823242
235;62.366295;172.63370513916016
234;75.41457;158.5854263305664
233;78.266075;154.73392486572266
232;87.76525;144.23474884033203
231;90.73029;140.26970672607422
230;85.18098;144.81902313232422
229;90.366486;138.63351440429688
228;123.78822;104.21177673339844
227;137.7209;89.27909851074219
226;162.39828;63.601715087890625
225;162.0666;62.93339538574219
224;152.34859;71.65141296386719
223;146.00255;76.99745178222656
222;166.64023;55.359771728515625
221;149.0648;71.93519592285156
220;160.71997;59.280029296875
219;183.80284;35.19715881347656
218;181.04755;36.95245361328125
217;170.68654;46.31346130371094
216;164.44305;51.55694580078125
215;176.62407;38.37593078613281
214;182.60643;31.393569946289062
213;195.4803;17.519699096679688
212;208.49158;3.5084228515625
211;212.165;-1.1649932861328125
210;202.9913;7.008697509765625
209;224.2364;-15.236404418945312
208;174.94035;33.05964660644531
207;195.57043;11.4295654296875
206;190.59871;15.401290893554688
205;190.37924;14.620758056640625
204;158.74982;45.25018310546875
203;155.32445;47.67555236816406
202;156.97783;45.02217102050781
201;159.27687;41.72312927246094
200;156.6262;43.37379455566406
199;147.67442;51.32557678222656
198;152.14052;45.85948181152344
197;150.83264;46.1673583984375
196;129.14326;66.85673522949219
195;158.17615;36.8238525390625
194;122.607994;71.39200592041016
193;112.72812;80.27188110351562
192;134.83182;57.168182373046875
191;109.606316;81.39368438720703
190;93.5372;96.46279907226562
189;116.823524;72.17647552490234
188;97.03916;90.9608383178711
187;77.288765;109.71123504638672
186;73.67495;112.3250503540039
185;52.36409;132.6359100341797
184;56.50315;127.4968490600586
183;55.510345;127.48965454101562
182;52.88284;129.11716079711914
181;66.624016;114.37598419189453
180;62.142353;117.85764694213867
179;71.83789;107.162109375
178;73.239296;104.76070404052734
177;106.94924;70.0507583618164
176;97.01827;78.98172760009766
175;91.473724;83.52627563476562
174;84.145996;89.85400390625
173;95.423584;77.576416015625
172;104.887596;67.1124038696289
171;109.07841;61.921592712402344
170;119.61055;50.38945007324219
169;143.65556;25.344436645507812
168;138.42403;29.575973510742188
167;140.47408;26.525924682617188
166;129.4876;36.51240539550781
165;139.09378;25.906219482421875
164;146.85355;17.146453857421875
163;150.79593;12.204071044921875
162;141.35638;20.64361572265625
161;142.04066;18.959335327148438
160;145.9742;14.025802612304688
159;151.14725;7.852752685546875
158;140.13559;17.864410400390625
157;149.24164;7.75836181640625
156;160.98969;-4.98968505859375
155;151.44159;3.55841064453125
154;154.85437;-0.8543701171875
153;157.35716;-4.3571624755859375
152;151.65393;0.3460693359375
151;155.15535;-4.1553497314453125
150;149.06868;0.9313201904296875
149;145.07826;3.9217376708984375
148;144.49362;3.506378173828125
147;142.93953;4.0604705810546875
146;143.7071;2.2928924560546875
145;145.28749;-0.2874908447265625
144;137.81783;6.1821746826171875
143;137.60866;5.3913421630859375
142;135.28174;6.71826171875
141;138.42128;2.5787200927734375
140;137.55899;2.441009521484375
139;132.73283;6.2671661376953125
138;135.51695;2.4830474853515625
137;136.28249;0.7175140380859375
136;131.15955;4.8404541015625
135;134.64865;0.351348876953125
134;135.41599;-1.415985107421875
133;136.87857;-3.878570556640625
132;137.04611;-5.046112060546875
131;138.47595;-7.4759521484375
130;134.38861;-4.38861083984375
129;131.8193;-2.819305419921875
128;130.02977;-2.0297698974609375
127;130.49977;-3.4997711181640625
126;128.71877;-2.7187652587890625
125;124.41043;0.589569091796875
124;127.7376;-3.7376022338867188
123;123.21721;-0.2172088623046875
122;126.02123;-4.021232604980469
121;123.4285;-2.428497314453125
120;125.33921;-5.339210510253906
119;117.955605;1.0443954467773438
118;117.90373;0.0962677001953125
117;113.283516;3.7164840698242188
116;111.35423;4.6457672119140625
115;112.504814;2.4951858520507812
114;108.80945;5.1905517578125
113;110.54953;2.450469970703125
112;109.03967;2.9603271484375
111;111.10015;-0.10015106201171875
110;107.27616;2.7238388061523438
109;106.8452;2.1548004150390625
108;104.400215;3.5997848510742188
107;105.52559;1.4744110107421875
106;100.37599;5.6240081787109375
105;104.798004;0.201995849609375
104;102.619026;1.3809738159179688
103;100.566345;2.43365478515625
102;97.816315;4.183685302734375
101;101.689606;-0.689605712890625
100;101.0853;-1.085296630859375
99;102.449585;-3.4495849609375
98;96.78931;1.210693359375
97;95.63679;1.3632125854492188
96;94.40868;1.5913162231445312
95;95.705894;-0.7058944702148438
94;92.20474;1.795257568359375
93;91.08748;1.9125213623046875
92;89.769226;2.23077392578125
91;91.47793;-0.47792816162109375
90;87.5516;2.4484024047851562
89;88.819786;0.18021392822265625
88;86.97781;1.022186279296875
87;89.85251;-2.852508544921875
86;83.56772;2.432281494140625
85;82.9704;2.02960205078125
84;80.926895;3.0731048583984375
83;80.13316;2.8668365478515625
82;79.5993;2.4007034301757812
81;79.602936;1.397064208984375
80;74.93279;5.067207336425781
79;76.33891;2.6610870361328125
78;79.66913;-1.66912841796875
77;74.74255;2.2574462890625
76;75.096695;0.9033050537109375
75;73.413574;1.58642578125
74;71.618774;2.3812255859375
73;69.21679;3.7832107543945312
72;72.23412;-0.23412322998046875
71;73.12754;-2.1275405883789062
70;66.454834;3.545166015625
69;71.88849;-2.88848876953125
68;63.879692;4.120307922363281
67;72.25776;-5.257759094238281
66;69.98941;-3.989410400390625
65;69.026024;-4.026023864746094
64;62.60322;1.3967781066894531
63;62.03724;0.9627609252929688
62;61.726875;0.27312469482421875
61;60.61074;0.38925933837890625
60;59.675514;0.32448577880859375
59;60.301647;-1.3016471862792969
58;57.3594;0.6405982971191406
57;57.32879;-0.32878875732421875
56;58.25998;-2.259979248046875
55;55.840202;-0.8402023315429688
54;52.417416;1.5825843811035156
53;50.97797;2.0220298767089844
52;51.122723;0.8772773742675781
51;50.11332;0.8866806030273438
50;48.638218;1.3617820739746094
49;43.656124;5.343875885009766
48;45.894844;2.1051559448242188
47;41.674862;5.325138092041016
46;45.22956;0.7704391479492188
45;47.28796;-2.2879600524902344
44;42.874344;1.1256561279296875
43;44.364994;-1.3649940490722656
42;45.25602;-3.2560195922851562
41;42.7389;-1.7388992309570312
40;42.121693;-2.121692657470703
39;39.197647;-0.1976470947265625
38;36.973244;1.0267562866210938
37;38.954205;-1.9542045593261719
36;35.864468;0.13553237915039062
35;39.987324;-4.987323760986328
34;34.614464;-0.6144638061523438
33;33.268158;-0.268157958984375
32;32.722168;-0.72216796875
31;28.84479;2.155210494995117
30;33.807407;-3.8074073791503906
29;30.884008;-1.8840084075927734
28;33.731304;-5.731304168701172
27;26.933537;0.06646347045898438
26;27.705774;-1.7057743072509766
25;28.473915;-3.4739151000976562
24;24.890703;-0.8907032012939453
23;24.83944;-1.8394393920898438
22;21.932018;0.06798171997070312
21;22.11859;-1.1185894012451172
20;22.111935;-2.1119346618652344
19;18.661015;0.3389854431152344
18;22.51709;-4.51708984375
17;17.693525;-0.6935253143310547
16;13.032173;2.9678268432617188
15;15.219305;-0.21930503845214844
14;13.319851;0.6801490783691406
13;13.395374;-0.3953742980957031
12;8.20076;3.7992401123046875
11;9.250613;1.7493867874145508
10;10.406501;-0.40650081634521484
9;10.339357;-1.3393573760986328
8;9.701122;-1.7011222839355469
7;6.259072;0.7409281730651855
6;8.387018;-2.3870182037353516
5;5.460001;-0.46000099182128906
4;3.8660882;0.1339118480682373
3;4.773693;-1.7736930847167969
2;4.995905;-2.9959049224853516
1;1.2236367;-0.22363674640655518
0;0.059726033;-0.059726033359766006
87;55.025913;31.97408676147461
86;56.858063;29.141937255859375
85;51.7292;33.27080154418945
84;53.660187;30.339813232421875
83;53.787525;29.212474822998047
82;51.04023;30.95977020263672
81;48.87156;32.128440856933594
80;51.31286;28.68714141845703
79;51.222504;27.777496337890625
78;49.123997;28.87600326538086
77;47.214256;29.785743713378906
76;48.370544;27.62945556640625
75;54.07881;20.921188354492188
74;49.46323;24.53676986694336
73;47.39986;25.600139617919922
72;47.78847;24.211528778076172
71;45.219975;25.780025482177734
70;47.44744;22.55255889892578
69;42.364372;26.63562774658203
68;43.935146;24.06485366821289
67;50.227455;16.772544860839844
66;47.86284;18.137161254882812
65;47.87267;17.127330780029297
64;44.758953;19.241046905517578
63;50.41954;12.580459594726562
62;46.688633;15.31136703491211
61;50.74283;10.257171630859375
60;45.604256;14.395744323730469
59;45.36806;13.631938934326172
58;44.575043;13.424957275390625
57;46.154953;10.845046997070312
56;45.4802;10.519798278808594
55;44.389618;10.610382080078125
54;43.256493;10.743507385253906
53;48.080383;4.91961669921875
52;45.841618;6.158382415771484
51;42.428364;8.571636199951172
50;43.321774;6.678226470947266
49;48.57469;0.4253082275390625
48;44.45764;3.5423583984375
47;42.954132;4.045867919921875
46;41.453014;4.546985626220703
45;38.732307;6.267692565917969
44;43.207546;0.7924537658691406
43;42.879166;0.1208343505859375
42;44.903893;-2.9038925170898438
41;51.61217;-10.612171173095703
40;45.189377;-5.1893768310546875
39;41.182636;-2.182636260986328
38;37.413193;0.5868072509765625
37;36.80358;0.19641876220703125
36;41.20628;-5.206279754638672
35;40.516117;-5.516117095947266
34;39.18015;-5.180149078369141
33;36.750698;-3.7506980895996094
32;34.90738;-2.907379150390625
31;39.094265;-8.09426498413086
30;31.492237;-1.4922370910644531
29;33.0805;-4.080501556396484
28;30.795078;-2.7950782775878906
27;33.613342;-6.61334228515625
26;28.002846;-2.0028457641601562
25;27.650843;-2.6508426666259766
24;24.297323;-0.29732322692871094
23;20.842033;2.1579666137695312
22;22.30713;-0.3071308135986328
21;23.318188;-2.318187713623047
20;24.01263;-4.012630462646484
19;19.57613;-0.5761299133300781
18;26.257229;-8.25722885131836
17;22.604536;-5.604536056518555
16;23.996904;-7.996904373168945
15;22.298086;-7.298086166381836
14;15.762576;-1.7625761032104492
13;16.010624;-3.0106239318847656
12;15.11403;-3.114029884338379
11;17.23426;-6.234260559082031
10;14.923018;-4.923018455505371
9;14.091231;-5.091231346130371
8;14.421243;-6.421242713928223
7;15.92468;-8.92467975616455
6;14.916436;-8.916436195373535
5;19.775543;-14.775543212890625
4;22.08416;-18.08415985107422
3;19.614172;-16.614171981811523
2;25.018953;-23.018953323364258
1;21.20132;-20.20132064819336
0;25.42487;-25.424869537353516
99;80.678215;18.32178497314453
98;75.9347;22.06529998779297
97;77.02058;19.97942352294922
96;84.83388;11.166122436523438
95;75.33819;19.66181182861328
94;76.71483;17.285171508789062
93;73.99801;19.001991271972656
92;79.429825;12.570175170898438
91;83.09007;7.9099273681640625
90;77.09546;12.904541015625
89;76.4855;12.514503479003906
88;82.71008;5.2899169921875
87;83.89589;3.1041107177734375
86;76.80328;9.19671630859375
85;77.09019;7.909812927246094
84;76.0591;7.9409027099609375
83;76.767815;6.232185363769531
82;69.22199;12.778007507324219
81;76.77394;4.2260589599609375
80;76.01709;3.98291015625
79;72.62896;6.371040344238281
78;70.94365;7.0563507080078125
77;68.47324;8.526756286621094
76;70.20599;5.79400634765625
75;71.59765;3.4023513793945312
74;74.97023;-0.9702301025390625
73;73.86736;-0.8673629760742188
72;63.099136;8.900863647460938
71;58.34635;12.653648376464844
70;49.695675;20.304325103759766
69;52.393524;16.606475830078125
68;48.323433;19.67656707763672
67;46.445267;20.554733276367188
66;45.68133;20.318668365478516
65;50.253735;14.746265411376953
64;50.805256;13.194744110107422
63;45.109997;17.890003204345703
62;45.946896;16.053104400634766
61;42.995255;18.004745483398438
60;44.794426;15.205574035644531
59;49.807858;9.192142486572266
58;53.51499;4.485008239746094
57;52.515156;4.484844207763672
56;44.994133;11.005867004394531
55;50.718906;4.281093597412109
54;49.25671;4.743289947509766
53;47.222973;5.777027130126953
52;42.379173;9.620826721191406
51;49.931095;1.0689048767089844
50;46.205082;3.7949180603027344
49;43.21626;5.783740997314453
48;41.358883;6.641117095947266
47;41.60646;5.3935394287109375
46;40.025757;5.9742431640625
45;39.938377;5.061622619628906
44;41.549774;2.450225830078125
43;43.05814;-0.058139801025390625
42;40.86734;1.132659912109375
41;39.66703;1.3329696655273438
40;35.518238;4.481761932373047
39;36.074898;2.9251022338867188
38;35.274097;2.725902557373047
37;34.15045;2.84954833984375
36;33.497856;2.5021438598632812
35;31.178175;3.8218250274658203
34;32.867912;1.1320877075195312
33;34.388416;-1.3884162902832031
32;36.34778;-4.3477783203125
31;32.451042;-1.4510421752929688
30;28.957254;1.042745590209961
29;31.753397;-2.753396987915039
28;32.575912;-4.5759124755859375
27;31.843973;-4.843973159790039
26;30.045595;-4.045595169067383
25;32.465652;-7.4656524658203125
24;30.830412;-6.830411911010742
23;26.357567;-3.3575668334960938
22;25.976315;-3.9763145446777344
21;29.640707;-8.640707015991211
20;21.137999;-1.1379985809326172
19;21.85879;-2.8587894439697266
18;25.36979;-7.369789123535156
17;18.512505;-1.5125045776367188
16;16.723936;-0.7239360809326172
15;14.295228;0.7047719955444336
14;14.846128;-0.8461284637451172
13;13.592356;-0.5923557281494141
12;13.011291;-1.0112905502319336
11;15.127021;-4.127020835876465
10;10.3224125;-0.32241249084472656
9;16.746082;-7.746082305908203
8;18.039595;-10.039594650268555
7;16.224516;-9.224515914916992
6;16.165667;-10.165666580200195
5;19.445461;-14.44546127319336
4;13.495422;-9.49542236328125
3;19.458157;-16.45815658569336
2;28.70573;-26.705730438232422
1;24.648666;-23.648666381835938
0;26.980124;-26.98012351989746
99;60.04356;38.95643997192383
98;86.521965;11.478034973144531
97;88.820145;8.179855346679688
96;86.887596;9.112403869628906
95;79.36136;15.638641357421875
94;83.56296;10.437042236328125
93;85.082405;7.917594909667969
92;88.55563;3.444366455078125
91;81.79116;9.208839416503906
90;84.15767;5.8423309326171875
89;81.251335;7.748664855957031
88;84.92918;3.0708236694335938
87;82.52471;4.475288391113281
86;78.37972;7.620277404785156
85;77.95061;7.0493927001953125
84;77.22738;6.772621154785156
83;74.662704;8.337295532226562
82;62.326153;19.673847198486328
81;66.721344;14.278656005859375
80;80.63765;-0.6376495361328125
79;66.08092;12.919082641601562
78;62.79203;15.207969665527344
77;64.389244;12.610755920410156
76;63.948338;12.05166244506836
75;64.814186;10.185813903808594
74;65.84337;8.156631469726562
73;61.891994;11.10800552368164
72;54.57169;17.42831039428711
71;53.23256;17.767440795898438
70;73.52956;-3.5295562744140625
69;78.545784;-9.545783996582031
68;79.67377;-11.67376708984375
67;72.160286;-5.160285949707031
66;49.80519;16.194808959960938
65;65.19235;-0.192352294921875
64;73.11245;-9.112449645996094
63;72.386536;-9.38653564453125
62;62.15968;-0.15967941284179688
61;57.93296;3.0670394897460938
60;57.852043;2.1479568481445312
59;52.226322;6.773677825927734
58;62.921356;-4.921356201171875
57;71.35587;-14.355873107910156
56;58.409523;-2.4095230102539062
55;51.03013;3.9698715209960938
54;47.37179;6.628208160400391
53;67.705376;-14.705375671386719
52;52.91017;-0.9101715087890625
51;54.70446;-3.7044601440429688
50;50.316074;-0.3160743713378906
49;43.956215;5.043785095214844
48;63.488037;-15.488037109375
47;57.213936;-10.213935852050781
46;62.35943;-16.35942840576172
45;51.67232;-6.672321319580078
44;46.68748;-2.687480926513672
43;54.68477;-11.684768676757812
42;62.90809;-20.90808868408203
41;50.848454;-9.848453521728516
40;70.70635;-30.70635223388672
39;48.816246;-9.816246032714844
38;59.742493;-21.74249267578125
37;42.46037;-5.460369110107422
36;39.32266;-3.3226585388183594
35;43.14311;-8.143108367919922
34;33.472164;0.5278358459472656
33;47.411503;-14.411502838134766
32;40.412193;-8.412193298339844
31;34.264385;-3.264385223388672
30;21.522263;8.477737426757812
29;26.728004;2.2719955444335938
28;24.62918;3.370819091796875
27;28.57672;-1.5767192840576172
26;21.436163;4.563837051391602
25;23.945303;1.054697036743164
24;27.041883;-3.0418834686279297
23;22.654778;0.34522247314453125
22;27.06317;-5.063169479370117
21;17.231575;3.7684249877929688
20;33.673325;-13.673324584960938
19;34.811485;-15.811485290527344
18;37.85009;-19.85009002685547
17;33.144108;-16.144107818603516
16;25.539606;-9.539606094360352
15;31.617212;-16.617212295532227
14;31.499605;-17.499605178833008
13;22.160227;-9.160226821899414
12;32.784805;-20.784805297851562
11;23.87293;-12.872930526733398
10;18.73729;-8.737289428710938
9;20.84971;-11.849710464477539
8;23.707876;-15.707876205444336
7;21.80553;-14.805530548095703
6;26.280376;-20.280376434326172
5;24.562292;-19.562292098999023
4;29.592314;-25.592313766479492
3;34.93863;-31.938629150390625
2;35.016903;-33.016902923583984
1;30.06887;-29.068870544433594
0;41.450146;-41.45014572143555
99;93.64945;5.350547790527344
98;105.646866;-7.6468658447265625
97;107.65353;-10.653526306152344
96;108.9319;-12.931900024414062
95;104.10498;-9.10498046875
94;111.15388;-17.15387725830078
93;107.19332;-14.193321228027344
92;101.78516;-9.78515625
91;106.4463;-15.446296691894531
90;106.11401;-16.114013671875
89;106.796616;-17.796615600585938
88;107.55582;-19.555816650390625
87;101.34665;-14.346649169921875
86;103.78547;-17.78546905517578
85;97.6746;-12.674598693847656
84;102.20042;-18.200416564941406
83;101.14622;-18.146217346191406
82;102.78865;-20.788650512695312
81;103.157394;-22.157394409179688
80;97.1086;-17.108596801757812
79;97.343704;-18.343704223632812
78;93.85971;-15.859710693359375
77;90.86118;-13.861183166503906
76;90.487366;-14.48736572265625
75;85.51157;-10.511573791503906
74;88.067566;-14.06756591796875
73;95.19762;-22.197616577148438
72;108.14506;-36.145057678222656
71;102.511856;-31.511856079101562
70;90.42726;-20.427261352539062
69;89.35796;-20.35796356201172
68;83.21005;-15.210052490234375
67;82.87405;-15.874046325683594
66;81.98602;-15.98602294921875
65;85.388275;-20.388275146484375
64;79.22383;-15.223831176757812
63;77.67585;-14.675849914550781
62;78.58447;-16.58447265625
61;79.243774;-18.2437744140625
60;81.68794;-21.687942504882812
59;85.747246;-26.74724578857422
58;83.861084;-25.861083984375
57;70.06364;-13.063636779785156
56;77.12903;-21.1290283203125
55;81.84704;-26.84703826904297
54;73.43111;-19.431106567382812
53;71.40403;-18.404029846191406
52;91.50721;-39.50720977783203
51;68.09548;-17.095481872558594
50;77.1044;-27.104400634765625
49;86.15988;-37.159881591796875
48;78.69218;-30.692176818847656
47;72.66982;-25.669822692871094
46;75.49915;-29.49915313720703
45;74.67903;-29.679031372070312
44;72.08365;-28.083648681640625
43;78.51086;-35.51085662841797
42;62.303318;-20.30331802368164
41;84.396835;-43.39683532714844
40;72.67066;-32.67066192626953
39;59.64819;-20.648189544677734
38;64.55219;-26.55219268798828
37;61.699257;-24.699256896972656
36;57.734756;-21.734756469726562
35;55.102203;-20.102203369140625
34;46.054447;-12.054447174072266
33;49.283817;-16.283817291259766
32;53.71488;-21.714881896972656
31;54.72848;-23.72848129272461
30;46.271397;-16.27139663696289
29;42.403484;-13.403484344482422
28;45.90381;-17.90380859375
27;38.18198;-11.18198013305664
26;42.503044;-16.50304412841797
25;39.661327;-14.661327362060547
24;37.5355;-13.535499572753906
23;37.59911;-14.599109649658203
22;39.04778;-17.047779083251953
21;41.323654;-20.323654174804688
20;38.18775;-18.18775177001953
19;36.44431;-17.44430923461914
18;32.964848;-14.964847564697266
17;37.75259;-20.75259017944336
16;35.55581;-19.555809020996094
15;36.7274;-21.727401733398438
14;32.05482;-18.054821014404297
13;37.865852;-24.86585235595703
12;40.362392;-28.36239242553711
11;38.47046;-27.470458984375
10;35.953037;-25.95303726196289
9;35.965477;-26.965476989746094
8;36.41598;-28.41598129272461
7;29.370277;-22.370277404785156
6;37.389362;-31.389362335205078
5;37.05618;-32.05617904663086
4;40.393475;-36.39347457885742
3;36.577168;-33.57716751098633
2;35.252697;-33.2526969909668
1;37.7757;-36.775699615478516
0;39.096767;-39.09676742553711
82;66.1769;15.823097229003906
81;72.448425;8.55157470703125
80;79.55531;0.4446868896484375
79;68.27804;10.721961975097656
78;63.540638;14.459362030029297
77;66.21207;10.787933349609375
76;81.28349;-5.2834930419921875
75;73.86493;1.13507080078125
74;66.90977;7.090232849121094
73;65.44481;7.5551910400390625
72;76.28148;-4.2814788818359375
71;77.512436;-6.5124359130859375
70;69.39614;0.6038589477539062
69;69.54111;-0.541107177734375
68;68.25954;-0.2595367431640625
67;63.032818;3.967182159423828
66;74.29462;-8.29461669921875
65;78.8104;-13.810401916503906
64;70.52918;-6.529182434082031
63;60.92064;2.0793609619140625
62;68.52227;-6.522270202636719
61;69.061935;-8.061935424804688
60;71.51073;-11.510726928710938
59;60.067352;-1.067352294921875
58;67.613304;-9.613304138183594
57;66.58731;-9.587310791015625
56;58.51889;-2.518890380859375
55;59.072834;-4.072834014892578
54;54.239723;-0.23972320556640625
53;46.247414;6.752586364746094
52;54.173977;-2.1739768981933594
51;47.139694;3.8603057861328125
50;46.9812;3.018798828125
49;46.959473;2.04052734375
48;49.21613;-1.2161293029785156
47;57.105145;-10.105144500732422
46;40.999973;5.000026702880859
45;43.55797;1.4420318603515625
44;40.312214;3.687786102294922
43;44.44889;-1.4488906860351562
42;44.98112;-2.981121063232422
41;37.90724;3.0927581787109375
40;36.521797;3.4782028198242188
39;37.429985;1.5700149536132812
38;39.149193;-1.1491928100585938
37;31.57333;5.426670074462891
36;33.262512;2.73748779296875
35;30.511574;4.488426208496094
34;26.971674;7.028326034545898
33;29.393885;3.6061153411865234
32;31.410288;0.5897121429443359
31;27.8267;3.173299789428711
30;27.787964;2.2120361328125
29;29.123684;-0.12368392944335938
28;28.498259;-0.4982585906982422
27;32.609505;-5.609504699707031
26;24.656427;1.3435726165771484
25;24.901812;0.09818840026855469
24;24.2133;-0.2133007049560547
23;21.047329;1.9526710510253906
22;24.471617;-2.471616744995117
21;23.428278;-2.4282779693603516
20;15.893307;4.106693267822266
19;20.646555;-1.646554946899414
18;19.726583;-1.726583480834961
17;16.808743;0.19125747680664062
16;17.901855;-1.90185546875
15;13.790024;1.2099761962890625
14;13.056768;0.9432315826416016
13;14.927517;-1.9275169372558594
12;10.744264;1.2557363510131836
11;7.381911;3.618089199066162
10;8.33975;1.6602497100830078
9;8.13243;0.8675699234008789
8;7.457376;0.5426239967346191
7;6.6434617;0.3565382957458496
6;6.6095953;-0.6095952987670898
5;6.855541;-1.8555412292480469
4;5.446021;-1.4460210800170898
3;3.7464259;-0.7464258670806885
2;5.3059707;-3.3059706687927246
1;1.321698;-0.3216979503631592
0;0.2945389;-0.2945388853549957
56;78.0163;-22.01629638671875
55;83.24526;-28.245262145996094
54;73.99071;-19.990707397460938
53;73.28532;-20.285316467285156
52;67.62785;-15.627853393554688
51;71.061455;-20.06145477294922
50;74.49348;-24.49347686767578
49;62.415928;-13.41592788696289
48;66.62957;-18.62957000732422
47;62.17902;-15.179019927978516
46;66.363815;-20.363815307617188
45;65.17661;-20.176612854003906
44;68.753845;-24.75384521484375
43;64.6215;-21.621498107910156
42;69.543;-27.542999267578125
41;63.221973;-22.221973419189453
40;61.517574;-21.517574310302734
39;53.947315;-14.947315216064453
38;52.191643;-14.191642761230469
37;53.01426;-16.014259338378906
36;53.922478;-17.92247772216797
35;50.34185;-15.341850280761719
34;48.679684;-14.679683685302734
33;51.03102;-18.031021118164062
32;53.04331;-21.04330825805664
31;46.16839;-15.168388366699219
30;40.02623;-10.026229858398438
29;44.185467;-15.185466766357422
28;45.09013;-17.090129852294922
27;35.02571;-8.025711059570312
26;34.65006;-8.65005874633789
25;34.303097;-9.303096771240234
24;35.912243;-11.912242889404297
23;26.235441;-3.235441207885742
22;22.866367;-0.8663673400878906
21;17.688187;3.3118133544921875
20;20.150883;-0.15088272094726562
19;31.012575;-12.012575149536133
18;20.031343;-2.031343460083008
17;20.699066;-3.699066162109375
16;13.813255;2.1867446899414062
15;19.737206;-4.737205505371094
14;20.208042;-6.208042144775391
13;18.172132;-5.17213249206543
12;14.48462;-2.4846200942993164
11;7.447265;3.552734851837158
10;13.942276;-3.9422760009765625
9;15.254793;-6.254793167114258
8;15.132753;-7.132753372192383
7;9.384641;-2.384640693664551
6;10.611719;-4.611719131469727
5;8.510278;-3.51027774810791
4;16.956707;-12.956707000732422
3;10.981987;-7.981986999511719
2;10.186555;-8.186554908752441
1;7.004445;-6.0044450759887695
0;5.126317;-5.126317024230957
85;63.944275;21.05572509765625
84;84.05622;-0.05622100830078125
83;75.854225;7.145774841308594
82;75.94184;6.058158874511719
81;79.38351;1.6164932250976562
80;82.43406;-2.4340591430664062
79;83.95882;-4.9588165283203125
78;77.75486;0.24514007568359375
77;76.03986;0.9601364135742188
76;74.81109;1.1889114379882812
75;73.798004;1.201995849609375
74;75.40614;-1.4061431884765625
73;78.2635;-5.263496398925781
72;72.83626;-0.8362579345703125
71;74.6319;-3.63189697265625
70;73.996056;-3.9960556030273438
69;71.60043;-2.600433349609375
68;70.94889;-2.9488906860351562
67;69.95709;-2.95709228515625
66;64.55982;1.4401779174804688
65;68.62737;-3.6273727416992188
64;61.946697;2.053302764892578
63;59.826733;3.173267364501953
62;64.135475;-2.1354751586914062
61;63.952473;-2.952472686767578
60;59.28013;0.7198715209960938
59;52.3734;6.626598358154297
58;52.15094;5.84906005859375
57;44.71494;12.28506088256836
56;40.528854;15.471145629882812
55;46.226685;8.7733154296875
54;43.424576;10.575424194335938
53;48.50443;4.495571136474609
52;40.958076;11.041923522949219
51;45.787106;5.212894439697266
50;52.42262;-2.422618865966797
49;51.12316;-2.1231613159179688
48;44.34367;3.656330108642578
47;47.98474;-0.9847412109375
46;47.085785;-1.085784912109375
45;50.612373;-5.612373352050781
44;51.003036;-7.0030364990234375
43;52.50481;-9.504810333251953
42;51.69245;-9.692451477050781
41;45.96806;-4.968059539794922
40;42.12622;-2.126220703125
39;36.190483;2.8095169067382812
38;40.96038;-2.9603805541992188
37;41.46314;-4.463138580322266
36;42.250923;-6.250923156738281
35;39.24538;-4.245380401611328
34;43.77875;-9.778751373291016
33;44.525597;-11.525596618652344
32;41.02616;-9.026161193847656
31;38.30184;-7.301841735839844
30;36.873035;-6.873035430908203
29;37.216873;-8.216873168945312
28;30.060297;-2.0602970123291016
27;12.948572;14.051427841186523
26;31.617043;-5.617042541503906
25;22.459421;2.540578842163086
24;22.011185;1.9888153076171875
23;17.571306;5.428693771362305
22;29.78325;-7.78325080871582
21;20.48104;0.5189609527587891
20;24.099762;-4.099761962890625
19;22.063948;-3.0639476776123047
18;18.26343;-0.2634296417236328
17;17.954254;-0.954254150390625
16;16.059408;-0.05940818786621094
15;12.493153;2.506847381591797
14;19.212034;-5.212034225463867
13;13.770123;-0.7701225280761719
12;26.315142;-14.315141677856445
11;21.06413;-10.064130783081055
10;17.981617;-7.981616973876953
9;14.605037;-5.605036735534668
8;13.3176565;-5.317656517028809
7;10.968302;-3.968301773071289
6;16.631319;-10.631319046020508
5;15.564484;-10.564483642578125
4;10.626851;-6.6268510818481445
3;9.689876;-6.689875602722168
2;10.619386;-8.619385719299316
1;9.710919;-8.710919380187988
0;8.687375;-8.68737506866455
85;76.72226;8.277740478515625
84;79.92212;4.077880859375
83;79.95217;3.0478286743164062
82;71.13152;10.868476867675781
81;94.09896;-13.098960876464844
80;69.421616;10.578384399414062
79;79.95239;-0.952392578125
78;69.30626;8.693740844726562
77;74.263;2.73699951171875
76;79.619415;-3.619415283203125
75;77.23864;-2.2386398315429688
74;82.2907;-8.290702819824219
73;80.45099;-7.45098876953125
72;80.56799;-8.5679931640625
71;82.535866;-11.535865783691406
70;78.658226;-8.658226013183594
69;74.91509;-5.915092468261719
68;75.89936;-7.899360656738281
67;76.70977;-9.709770202636719
66;76.73875;-10.738746643066406
65;67.93992;-2.9399185180664062
64;66.684235;-2.684234619140625
63;68.9092;-5.909202575683594
62;65.101;-3.1009979248046875
61;68.21943;-7.219429016113281
60;60.561928;-0.5619277954101562
59;59.94846;-0.9484596252441406
58;55.0914;2.908599853515625
57;51.103355;5.896644592285156
56;26.05123;29.94877052307129
55;25.076792;29.923208236694336
54;19.859695;34.14030456542969
53;19.286573;33.71342658996582
52;24.025328;27.974672317504883
51;22.911173;28.08882713317871
50;29.411354;20.588645935058594
49;26.556059;22.443941116333008
48;28.272652;19.72734832763672
47;30.534128;16.465871810913086
46;30.92171;15.078290939331055
45;30.09727;14.902730941772461
44;34.1164;9.883598327636719
43;37.085686;5.914314270019531
42;35.674465;6.325534820556641
41;38.561028;2.4389724731445312
40;39.773254;0.22674560546875
39;43.397392;-4.397392272949219
38;43.903515;-5.903514862060547
37;47.25895;-10.258949279785156
36;37.46104;-1.4610404968261719
35;43.921654;-8.921653747558594
34;38.01319;-4.013191223144531
33;39.58054;-6.580539703369141
32;31.92611;0.07389068603515625
31;36.043858;-5.043857574462891
30;33.233685;-3.233684539794922
29;27.168219;1.8317813873291016
28;34.963936;-6.963935852050781
27;39.2644;-12.264400482177734
26;49.17674;-23.176738739013672
25;45.988968;-20.988967895507812
24;42.238106;-18.23810577392578
23;31.109074;-8.109073638916016
22;48.444363;-26.44436264038086
21;48.665108;-27.66510772705078
20;26.869673;-6.869672775268555
19;45.826366;-26.826366424560547
18;40.81293;-22.812931060791016
17;40.436653;-23.43665313720703
16;36.53929;-20.539291381835938
15;38.677937;-23.677936553955078
14;45.69734;-31.697338104248047
13;51.670975;-38.67097473144531
12;29.524498;-17.524497985839844
11;44.37284;-33.372840881347656
10;28.755175;-18.75517463684082
9;32.738625;-23.738624572753906
8;19.286179;-11.286178588867188
7;32.81397;-25.813968658447266
6;28.83385;-22.833850860595703
5;19.494144;-14.494144439697266
4;19.21973;-15.219730377197266
3;12.956135;-9.956134796142578
2;10.9830265;-8.983026504516602
1;-1.9038912;2.9038912057876587
0;12.932074;-12.932073593139648
85;65.72757;19.272430419921875
84;68.40372;15.596282958984375
83;53.867535;29.132465362548828
82;67.636284;14.363716125488281
81;78.1295;2.8704986572265625
80;77.30895;2.6910476684570312
79;59.767036;19.23296356201172
78;78.49647;-0.49646759033203125
77;71.455696;5.544303894042969
76;69.977974;6.022026062011719
75;65.59884;9.401161193847656
74;76.93292;-2.93292236328125
73;69.23696;3.7630386352539062
72;69.74365;2.25634765625
71;67.92336;3.0766372680664062
70;70.25254;-0.25254058837890625
69;62.32239;6.677608489990234
68;74.18303;-6.1830291748046875
67;80.380974;-13.380973815917969
66;62.15019;3.849811553955078
65;65.54661;-0.5466079711914062
64;64.65343;-0.6534271240234375
63;68.27602;-5.2760162353515625
62;56.216606;5.783393859863281
61;57.560772;3.439228057861328
60;57.3159;2.684101104736328
59;59.932682;-0.9326820373535156
58;56.15337;1.8466300964355469
57;45.020027;11.979972839355469
56;48.839573;7.160427093505859
55;55.54172;-0.5417213439941406
54;56.978935;-2.9789352416992188
53;51.350636;1.6493644714355469
52;42.44674;9.553260803222656
51;36.837563;14.162437438964844
50;46.311073;3.6889266967773438
49;38.173008;10.82699203491211
48;34.039124;13.96087646484375
47;44.28226;2.7177391052246094
46;44.663788;1.336212158203125
45;37.37697;7.6230316162109375
44;29.613237;14.386762619018555
43;43.93108;-0.9310798645019531
42;42.358315;-0.35831451416015625
41;29.903933;11.096067428588867
40;37.34235;2.6576499938964844
39;41.868614;-2.8686141967773438
38;28.59397;9.406030654907227
37;28.722288;8.277711868286133
36;29.999245;6.000755310058594
35;32.102448;2.897552490234375
34;28.341019;5.6589813232421875
33;30.18832;2.8116798400878906
32;28.900604;3.099395751953125
31;40.990334;-9.990333557128906
30;35.079296;-5.079296112060547
29;37.404476;-8.404476165771484
28;34.57437;-6.574371337890625
27;43.557762;-16.557762145996094
26;47.46042;-21.460418701171875
25;48.620213;-23.62021255493164
24;44.196583;-20.196582794189453
23;38.220432;-15.22043228149414
22;60.194244;-38.194244384765625
21;83.47241;-62.472412109375
20;57.14371;-37.14371109008789
19;58.262806;-39.2628059387207
18;72.42535;-54.42534637451172
17;71.52631;-54.52631378173828
16;82.47664;-66.47663879394531
15;90.353424;-75.35342407226562
14;99.57354;-85.57353973388672
13;70.33943;-57.33943176269531
12;76.49918;-64.49918365478516
11;99.34254;-88.34253692626953
10;86.594734;-76.59473419189453
9;76.106926;-67.10692596435547
8;86.92731;-78.92730712890625
7;103.72168;-96.7216796875
6;92.478325;-86.47832489013672
5;112.41825;-107.41825103759766
4;116.70446;-112.70446014404297
3;105.82917;-102.82917022705078
2;128.24902;-126.2490234375
1;126.7575;-125.75749969482422
0;112.77521;-112.77520751953125
155;125.498856;29.501144409179688
154;131.48405;22.515945434570312
153;139.14906;13.850936889648438
152;136.17159;15.828414916992188
151;128.19623;22.80377197265625
150;123.67217;26.32782745361328
149;116.21058;32.78942108154297
148;95.46526;52.53473663330078
147;130.29504;16.7049560546875
146;138.02533;7.97467041015625
145;141.21452;3.7854766845703125
144;135.9623;8.037704467773438
143;123.88021;19.119789123535156
142;133.1988;8.801193237304688
141;139.38089;1.619110107421875
140;121.69012;18.30988311767578
139;126.30166;12.698341369628906
138;129.48428;8.515716552734375
137;115.85054;21.149459838867188
136;132.05208;3.9479217529296875
135;131.60034;3.399658203125
134;128.10272;5.89727783203125
133;123.900116;9.099884033203125
132;126.7307;5.2693023681640625
131;111.82707;19.172927856445312
130;115.73857;14.261428833007812
129;120.44134;8.558662414550781
128;101.981735;26.018264770507812
127;93.14437;33.855628967285156
126;65.44598;60.55402374267578
125;55.525997;69.47400283813477
124;61.122116;62.87788391113281
123;58.19337;64.8066291809082
122;63.59453;58.40547180175781
121;55.120728;65.8792724609375
120;62.204014;57.79598617553711
119;51.470074;67.52992630004883
118;50.162445;67.83755493164062
117;47.09973;69.9002685546875
116;48.691067;67.30893325805664
115;47.44888;67.55112075805664
114;45.3455;68.65449905395508
113;43.508915;69.49108505249023
112;45.115093;66.88490676879883
111;47.26384;63.73616027832031
110;44.93738;65.06261825561523
109;50.346867;58.653133392333984
108;48.001694;59.99830627441406
107;48.00748;58.99251937866211
106;51.26937;54.730628967285156
105;50.527805;54.47219467163086
104;46.416256;57.583744049072266
103;48.51963;54.480369567871094
102;38.914337;63.085662841796875
101;49.54946;51.450538635253906
100;50.77476;49.22523880004883
99;37.681797;61.31820297241211
98;46.126957;51.873043060302734
97;40.09841;56.901588439941406
96;49.519684;46.480316162109375
95;58.784298;36.215702056884766
94;52.556236;41.443763732910156
93;70.74422;22.255783081054688
92;64.5132;27.486801147460938
91;72.56734;18.432662963867188
90;59.318874;30.68112564086914
89;49.724983;39.27501678466797
88;49.868664;38.1313362121582
87;69.059074;17.94092559814453
86;86.48895;-0.48895263671875
85;98.99122;-13.991218566894531
84;100.829315;-16.829315185546875
83;71.79612;11.203880310058594
82;56.334232;25.665767669677734
81;69.33421;11.665786743164062
80;70.01834;9.981658935546875
79;69.60905;9.390953063964844
78;64.25215;13.747848510742188
77;67.81612;9.183883666992188
76;61.24661;14.75339126586914
75;70.73039;4.2696075439453125
74;70.91411;3.0858917236328125
73;62.596016;10.403984069824219
72;57.07134;14.928661346435547
71;66.537056;4.462944030761719
70;70.53466;-0.5346603393554688
69;61.42498;7.575019836425781
68;70.33984;-2.33984375
67;62.944576;4.055423736572266
66;66.339;-0.33899688720703125
65;72.89252;-7.89251708984375
64;55.62757;8.372428894042969
63;62.897446;0.1025543212890625
62;67.71901;-5.7190093994140625
61;54.95977;6.040229797363281
60;58.284454;1.715545654296875
59;61.38478;-2.3847808837890625
58;58.774918;-0.7749176025390625
57;50.65452;6.345481872558594
56;52.69688;3.303119659423828
55;54.181915;0.818084716796875
54;54.667675;-0.6676750183105469
53;45.444256;7.555744171142578
52;50.51709;1.48291015625
51;49.70612;1.2938804626464844
50;43.013756;6.986244201660156
49;46.48638;2.5136184692382812
48;50.587498;-2.5874977111816406
47;46.268307;0.7316932678222656
46;47.22364;-1.2236404418945312
45;41.20717;3.7928314208984375
44;41.1103;2.8897018432617188
43;43.605648;-0.6056480407714844
42;43.011253;-1.0112533569335938
41;43.743263;-2.7432632446289062
40;37.238224;2.7617759704589844
39;38.348526;0.6514739990234375
38;38.200848;-0.20084762573242188
37;36.680054;0.3199462890625
36;34.800255;1.1997451782226562
35;38.432953;-3.432952880859375
34;34.38459;-0.38459014892578125
33;31.432043;1.5679569244384766
32;32.4119;-0.4118995666503906
31;27.69646;3.303539276123047
30;31.203741;-1.2037410736083984
29;26.305244;2.6947555541992188
28;28.296057;-0.29605674743652344
27;28.845814;-1.8458137512207031
26;26.604383;-0.6043834686279297
25;25.049507;-0.04950714111328125
24;25.8478;-1.847799301147461
23;19.946018;3.0539817810058594
22;21.006079;0.9939212799072266
21;20.703888;0.296112060546875
20;18.352116;1.6478843688964844
19;19.435366;-0.4353656768798828
18;17.711016;0.2889842987060547
17;17.517994;-0.5179939270019531
16;14.585192;1.4148082733154297
15;15.774533;-0.7745332717895508
14;14.183117;-0.18311691284179688
13;11.752073;1.2479267120361328
12;9.63205;2.367950439453125
11;8.980226;2.0197744369506836
10;8.481371;1.5186290740966797
9;8.075935;0.9240646362304688
8;7.180298;0.8197021484375
7;6.604658;0.3953418731689453
6;3.6519325;2.34806752204895
5;2.4574544;2.5425455570220947
4;3.8751493;0.12485074996948242
3;3.5394433;-0.5394432544708252
2;4.0678678;-2.0678677558898926
1;1.2472756;-0.24727559089660645
0;2.9589539;-2.958953857421875
58;74.55854;-16.55854034423828
57;75.57806;-18.57805633544922
56;73.23234;-17.232337951660156
55;80.031654;-25.031654357910156
54;73.30413;-19.30413055419922
53;70.8817;-17.881698608398438
52;73.46838;-21.4683837890625
51;74.112175;-23.11217498779297
50;73.106384;-23.10638427734375
49;67.56268;-18.56268310546875
48;72.02605;-24.026046752929688
47;65.59865;-18.598648071289062
46;65.690445;-19.690444946289062
45;66.980515;-21.980514526367188
44;64.33842;-20.338417053222656
43;65.22033;-22.22032928466797
42;62.73954;-20.739540100097656
41;64.24286;-23.24285888671875
40;54.295162;-14.295162200927734
39;55.259518;-16.259517669677734
38;50.80783;-12.807830810546875
37;51.190147;-14.190147399902344
36;49.343586;-13.343585968017578
35;44.661255;-9.6612548828125
34;47.12358;-13.123580932617188
33;45.820877;-12.820877075195312
32;49.522552;-17.522552490234375
31;42.0052;-11.005199432373047
30;42.981293;-12.981292724609375
29;29.747133;-0.7471332550048828
28;30.847809;-2.847808837890625
27;33.907658;-6.907657623291016
26;33.14849;-7.148490905761719
25;26.63282;-1.6328201293945312
24;27.36287;-3.3628692626953125
23;26.535774;-3.5357742309570312
22;16.418493;5.581506729125977
21;20.200891;0.7991085052490234
20;24.709818;-4.709817886352539
19;17.430769;1.5692310333251953
18;16.605911;1.3940887451171875
17;17.602987;-0.6029872894287109
16;7.9469357;8.053064346313477
15;8.341835;6.658164978027344
14;13.845516;0.15448379516601562
13;15.88605;-2.886050224304199
12;15.421693;-3.4216928482055664
11;17.115612;-6.115612030029297
10;7.323111;2.676888942718506
9;13.8383465;-4.838346481323242
8;11.14286;-3.1428604125976562
7;4.5558877;2.4441123008728027
6;7.1374774;-1.1374773979187012
5;5.962559;-0.9625592231750488
4;6.8062224;-2.806222438812256
3;4.186867;-1.1868672370910645
2;3.8235095;-1.8235094547271729
1;7.7620354;-6.762035369873047
0;0.117706664;-0.11770666390657425
87;69.518616;17.48138427734375
86;74.07297;11.927032470703125
85;85.25966;-0.2596588134765625
84;83.29885;0.7011489868164062
83;83.478935;-0.47893524169921875
82;85.66337;-3.6633682250976562
81;85.73138;-4.731376647949219
80;82.263176;-2.2631759643554688
79;82.49254;-3.4925384521484375
78;78.281395;-0.28139495849609375
77;80.97355;-3.9735488891601562
76;78.58358;-2.5835800170898438
75;79.08444;-4.084442138671875
74;80.342674;-6.342674255371094
73;77.06443;-4.064430236816406
72;79.65892;-7.6589202880859375
71;75.86597;-4.865966796875
70;75.99506;-5.995063781738281
69;72.35909;-3.3590927124023438
68;68.40262;-0.402618408203125
67;67.32195;-0.32195281982421875
66;62.616898;3.3831024169921875
65;61.439537;3.5604629516601562
64;65.68144;-1.6814422607421875
63;60.87844;2.1215591430664062
62;60.354115;1.6458854675292969
61;55.281696;5.718303680419922
60;60.838406;-0.8384056091308594
59;46.42935;12.570648193359375
58;32.82941;25.170589447021484
57;34.516293;22.483707427978516
56;51.929554;4.070446014404297
55;44.309044;10.690956115722656
54;44.571342;9.428657531738281
53;43.25776;9.742240905761719
52;42.08251;9.917488098144531
51;47.359444;3.6405563354492188
50;47.02988;2.9701194763183594
49;46.146893;2.853107452392578
48;55.29146;-7.2914581298828125
47;50.74376;-3.7437591552734375
46;58.20213;-12.202129364013672
45;52.56351;-7.563510894775391
44;44.41651;-0.41651153564453125
43;53.286087;-10.286087036132812
42;41.865616;0.1343841552734375
41;42.309235;-1.309234619140625
40;41.74189;-1.7418899536132812
39;51.119377;-12.119377136230469
38;44.78106;-6.781059265136719
37;48.353462;-11.353462219238281
36;43.694126;-7.694126129150391
35;42.3948;-7.394798278808594
34;36.4063;-2.406299591064453
33;28.902184;4.097816467285156
32;35.16093;-3.160930633544922
31;41.382523;-10.382522583007812
30;36.181988;-6.181987762451172
29;27.71963;1.2803707122802734
28;39.73069;-11.730690002441406
27;26.228962;0.7710380554199219
26;28.759764;-2.759763717651367
25;33.027;-8.027000427246094
24;30.868805;-6.868804931640625
23;28.334202;-5.334201812744141
22;22.347673;-0.3476734161376953
21;21.765734;-0.7657337188720703
20;19.347145;0.6528549194335938
19;19.849607;-0.8496074676513672
18;13.188771;4.8112287521362305
17;12.107859;4.892141342163086
16;12.691241;3.3087587356567383
15;9.456936;5.543064117431641
14;13.795384;0.20461559295654297
13;19.055857;-6.055856704711914
12;13.995059;-1.9950590133666992
11;10.329853;0.6701469421386719
10;6.727935;3.2720651626586914
9;12.538598;-3.53859806060791
8;13.529199;-5.52919864654541
7;15.919243;-8.919242858886719
6;19.180483;-13.180482864379883
5;13.185629;-8.185628890991211
4;14.064451;-10.064451217651367
3;11.277794;-8.277793884277344
2;9.582392;-7.582391738891602
1;12.156458;-11.156457901000977
0;11.19655;-11.196550369262695
87;73.41489;13.585113525390625
86;90.45906;-4.4590606689453125
85;79.320335;5.679664611816406
84;79.98437;4.015632629394531
83;88.85573;-5.8557281494140625
82;88.15447;-6.154472351074219
81;88.27852;-7.2785186767578125
80;87.93865;-7.938652038574219
79;86.290276;-7.290275573730469
78;83.699326;-5.6993255615234375
77;84.23771;-7.237709045410156
76;82.79284;-6.792839050292969
75;83.91617;-8.916168212890625
74;88.4855;-14.485496520996094
73;83.57536;-10.575363159179688
72;80.618805;-8.618804931640625
71;81.76346;-10.763458251953125
70;75.6002;-5.600196838378906
69;77.14611;-8.146110534667969
68;72.2765;-4.276496887207031
67;73.82108;-6.821083068847656
66;70.24294;-4.242942810058594
65;68.56527;-3.5652694702148438
64;68.38104;-4.38104248046875
63;63.29118;-0.2911796569824219
62;64.68268;-2.68267822265625
61;60.725334;0.27466583251953125
60;50.795692;9.204307556152344
59;47.27266;11.727340698242188
58;20.411213;37.58878707885742
57;17.76421;39.23579025268555
56;25.68325;30.316749572753906
55;24.926718;30.07328224182129
54;19.823847;34.1761531829834
53;22.985945;30.014055252075195
52;28.008966;23.99103355407715
51;25.591782;25.408218383789062
50;31.317059;18.682941436767578
49;34.6028;14.397201538085938
48;30.665962;17.33403778076172
47;42.386967;4.613033294677734
46;36.287327;9.71267318725586
45;36.563305;8.436695098876953
44;35.013874;8.986125946044922
43;35.28296;7.717041015625
42;42.330044;-0.3300437927246094
41;43.35687;-2.3568687438964844
40;38.144802;1.8551979064941406
39;39.525314;-0.5253143310546875
38;44.793133;-6.793132781982422
37;31.576883;5.423116683959961
36;44.105583;-8.105583190917969
35;36.48838;-1.4883804321289062
34;43.728806;-9.728805541992188
33;40.285896;-7.285896301269531
32;46.447113;-14.447113037109375
31;41.340336;-10.340335845947266
30;44.27526;-14.275260925292969
29;47.679207;-18.67920684814453
28;47.85138;-19.85137939453125
27;41.97451;-14.974510192871094
26;49.202793;-23.20279312133789
25;40.611805;-15.611804962158203
24;36.478855;-12.47885513305664
23;44.069702;-21.0697021484375
22;47.928967;-25.928966522216797
21;61.770645;-40.77064514160156
20;43.63653;-23.636531829833984
19;37.673725;-18.673725128173828
18;50.92609;-32.926090240478516
17;39.10257;-22.102569580078125
16;38.442356;-22.44235610961914
15;21.51477;-6.5147705078125
14;28.206264;-14.20626449584961
13;34.233162;-21.23316192626953
12;19.78857;-7.788570404052734
11;23.920366;-12.920366287231445
10;21.089483;-11.089483261108398
9;18.49013;-9.490129470825195
8;23.363739;-15.363739013671875
7;28.491726;-21.49172592163086
6;20.44691;-14.446910858154297
5;20.02269;-15.022689819335938
4;36.62022;-32.62022018432617
3;46.006786;-43.00678634643555
2;13.367375;-11.367375373840332
1;31.050755;-30.05075454711914
0;11.781923;-11.781923294067383
87;58.126137;28.873863220214844
86;86.8195;-0.8195037841796875
85;61.12067;23.879329681396484
84;71.49398;12.506019592285156
83;60.670494;22.329505920410156
82;79.37063;2.6293716430664062
81;80.55535;0.44464874267578125
80;90.283905;-10.283905029296875
79;80.00847;-1.0084686279296875
78;75.15275;2.8472518920898438
77;76.405365;0.594635009765625
76;77.65917;-1.6591720581054688
75;65.89863;9.101371765136719
74;77.18086;-3.1808624267578125
73;70.9015;2.0985031127929688
72;70.52068;1.4793167114257812
71;73.264755;-2.2647552490234375
70;73.29526;-3.295257568359375
69;71.23296;-2.2329635620117188
68;60.807922;7.19207763671875
67;65.23337;1.766632080078125
66;63.450954;2.5490455627441406
65;52.36092;12.639080047607422
64;53.761063;10.238937377929688
63;56.59755;6.4024505615234375
62;53.56066;8.439338684082031
61;63.899113;-2.8991127014160156
60;55.360817;4.639183044433594
59;36.798527;22.201473236083984
58;26.357405;31.642595291137695
57;37.175377;19.824623107910156
56;30.50212;25.497880935668945
55;28.97034;26.029659271240234
54;29.777655;24.22234535217285
53;28.46774;24.53226089477539
52;23.519026;28.480974197387695
51;23.929077;27.0709228515625
50;21.727802;28.272197723388672
49;17.489037;31.510963439941406
48;31.932219;16.067781448364258
47;35.727886;11.272113800048828
46;48.402138;-2.4021377563476562
45;43.55705;1.4429512023925781
44;40.566303;3.433696746826172
43;28.885113;14.114887237548828
42;19.552725;22.447275161743164
41;27.648806;13.351194381713867
40;32.87862;7.121379852294922
39;31.264923;7.735076904296875
38;28.874277;9.125722885131836
37;32.088238;4.911762237548828
36;35.48954;0.5104598999023438
35;35.844856;-0.8448562622070312
34;29.1209;4.879100799560547
33;26.273888;6.726112365722656
32;33.653713;-1.6537132263183594
31;28.208086;2.7919139862060547
30;34.3991;-4.399101257324219
29;46.740257;-17.740257263183594
28;39.998344;-11.998344421386719
27;35.21039;-8.21038818359375
26;41.432457;-15.432456970214844
25;49.496693;-24.496692657470703
24;43.289627;-19.289627075195312
23;41.810978;-18.810977935791016
22;47.607742;-25.607742309570312
21;46.334595;-25.3345947265625
20;56.778202;-36.778202056884766
19;63.788628;-44.78862762451172
18;75.3655;-57.365501403808594
17;120.99049;-103.99049377441406
16;100.75694;-84.75694274902344
15;72.12595;-57.125953674316406
14;81.61187;-67.61186981201172
13;73.73579;-60.73578643798828
12;75.55235;-63.55235290527344
11;103.80749;-92.80748748779297
10;81.494194;-71.49419403076172
9;93.01611;-84.01611328125
8;104.06912;-96.06912231445312
7;90.571335;-83.57133483886719
6;116.31555;-110.3155517578125
5;118.92925;-113.92925262451172
4;106.08308;-102.08307647705078
3;108.90568;-105.90567779541016
2;103.57616;-101.57615661621094
1;96.43968;-95.43968200683594
0;99.008835;-99.00883483886719
147;103.34979;43.65020751953125
146;106.167915;39.83208465576172
145;130.05254;14.947463989257812
144;105.535446;38.46455383300781
143;109.03598;33.964019775390625
142;124.63288;17.36711883544922
141;117.73864;23.26136016845703
140;124.219444;15.780555725097656
139;142.26242;-3.262420654296875
138;142.7741;-4.7740936279296875
137;134.25116;2.74884033203125
136;115.75639;20.243606567382812
135;143.2281;-8.228103637695312
134;127.3995;6.600502014160156
133;139.06653;-6.0665283203125
132;137.72844;-5.7284393310546875
131;136.30565;-5.3056488037109375
130;128.73267;1.267333984375
129;145.91997;-16.919967651367188
128;137.75278;-9.752777099609375
127;132.73018;-5.7301788330078125
126;138.06226;-12.062255859375
125;134.40388;-9.403884887695312
124;133.32494;-9.324935913085938
123;118.12182;4.878181457519531
122;120.40081;1.5991897583007812
121;114.24963;6.7503662109375
120;110.700096;9.299903869628906
119;94.53216;24.46784210205078
118;55.35168;62.648319244384766
117;49.12175;67.87825012207031
116;51.44366;64.55633926391602
115;54.57091;60.4290885925293
114;42.711346;71.28865432739258
113;45.951134;67.04886627197266
112;43.068798;68.93120193481445
111;49.513813;61.48618698120117
110;38.51312;71.48688125610352
109;39.955227;69.04477310180664
108;44.524803;63.475196838378906
107;40.435898;66.56410217285156
106;36.549343;69.45065689086914
105;33.939693;71.06030654907227
104;38.51303;65.48696899414062
103;41.17326;61.82674026489258
102;45.699066;56.300933837890625
101;41.634056;59.365943908691406
100;39.874928;60.12507247924805
99;43.3697;55.63029861450195
98;41.88769;56.112308502197266
97;39.232174;57.767826080322266
96;39.731712;56.268287658691406
95;40.93341;54.06658935546875
94;37.366226;56.63377380371094
93;41.56161;51.43838882446289
92;37.463715;54.536285400390625
91;38.798973;52.201026916503906
90;47.1418;42.85820007324219
89;46.713604;42.28639602661133
88;42.961597;45.03840255737305
87;44.979897;42.020103454589844
86;41.03493;44.96506881713867
85;44.98109;40.0189094543457
84;43.428905;40.57109451293945
83;46.241814;36.75818634033203
82;67.070244;14.929756164550781
81;62.90674;18.09326171875
80;54.01396;25.986038208007812
79;72.738434;6.261566162109375
78;91.27363;-13.273628234863281
77;85.43844;-8.438438415527344
76;64.417206;11.582794189453125
75;74.959885;0.0401153564453125
74;73.929474;0.070526123046875
73;79.3352;-6.335197448730469
72;95.47576;-23.47576141357422
71;62.119076;8.880924224853516
70;66.28637;3.7136306762695312
69;57.75032;11.249679565429688
68;61.175606;6.824394226074219
67;63.61761;3.3823890686035156
66;60.241352;5.758647918701172
65;53.49992;11.500080108642578
64;52.957108;11.042892456054688
63;68.2801;-5.280097961425781
62;59.54905;2.4509506225585938
61;61.541084;-0.5410842895507812
60;59.696438;0.3035621643066406
59;57.513294;1.4867057800292969
58;58.181686;-0.1816864013671875
57;59.63705;-2.6370506286621094
56;43.61412;12.385879516601562
55;54.067745;0.9322547912597656
54;50.155586;3.8444137573242188
53;51.05039;1.9496116638183594
52;47.78857;4.211429595947266
51;49.875153;1.124847412109375
50;49.320778;0.6792221069335938
49;50.027813;-1.0278129577636719
48;45.373837;2.6261634826660156
47;48.51134;-1.5113410949707031
46;43.92585;2.0741500854492188
45;45.251945;-0.25194549560546875
44;44.065098;-0.06509780883789062
43;43.12062;-0.1206207275390625
42;42.53352;-0.5335197448730469
41;42.53396;-1.5339584350585938
40;44.404213;-4.404212951660156
39;40.996643;-1.99664306640625
38;37.8511;0.14889907836914062
37;38.71995;-1.7199516296386719
36;37.46602;-1.4660186767578125
35;38.897434;-3.8974342346191406
34;34.431217;-0.4312171936035156
33;33.193478;-0.19347763061523438
32;33.55333;-1.5533294677734375
31;29.834616;1.165384292602539
30;30.369242;-0.36924171447753906
29;27.6582;1.3418006896972656
28;28.14123;-0.14122962951660156
27;30.435019;-3.435018539428711
26;26.695875;-0.6958751678466797
25;27.677326;-2.677326202392578
24;24.17138;-0.17137908935546875
23;25.115784;-2.11578369140625
22;23.432863;-1.4328632354736328
21;21.412973;-0.41297340393066406
20;19.719564;0.28043556213378906
19;20.745588;-1.7455883026123047
18;17.813599;0.1864013671875
17;17.48417;-0.48417091369628906
16;15.045524;0.9544763565063477
15;15.821392;-0.8213920593261719
14;12.825191;1.174809455871582
13;15.093921;-2.0939207077026367
12;11.642794;0.3572063446044922
11;14.27749;-3.27748966217041
10;12.426666;-2.426666259765625
9;10.477353;-1.4773530960083008
8;9.072924;-1.0729236602783203
7;5.3766646;1.623335361480713
6;12.269209;-6.269208908081055
5;8.356871;-3.356870651245117
4;7.1254;-3.1254000663757324
3;6.3024325;-3.3024325370788574
2;3.872675;-1.8726749420166016
1;3.6569831;-2.6569831371307373
0;2.8807013;-2.8807013034820557
44;60.477825;-16.477825164794922
43;57.866165;-14.866165161132812
42;58.535824;-16.535823822021484
41;46.708195;-5.708194732666016
40;55.70967;-15.709671020507812
39;48.96837;-9.968368530273438
38;48.78685;-10.786849975585938
37;51.927967;-14.927967071533203
36;55.57374;-19.57373809814453
35;55.372643;-20.372642517089844
34;49.221046;-15.221046447753906
33;50.67662;-17.676620483398438
32;49.966362;-17.96636199951172
31;42.73772;-11.737720489501953
30;42.67065;-12.670650482177734
29;48.230705;-19.23070526123047
28;48.706306;-20.70630645751953
27;49.03401;-22.034011840820312
26;28.818125;-2.818124771118164
25;29.229006;-4.229005813598633
24;26.590305;-2.5903053283691406
23;17.896158;5.103841781616211
22;23.86866;-1.8686599731445312
21;25.624844;-4.624843597412109
20;13.970487;6.029513359069824
19;7.295461;11.704538822174072
18;9.506956;8.493043899536133
17;15.590289;1.4097108840942383
16;13.6110115;2.388988494873047
15;8.796393;6.203606605529785
14;0.5175744;13.482425570487976
13;7.52109;5.478909969329834
12;5.9954233;6.004576683044434
11;8.000981;2.999018669128418
10;12.955696;-2.9556961059570312
9;18.157745;-9.157745361328125
8;5.9848547;2.0151453018188477
7;1.7092336;5.290766358375549
6;1.2669495;4.733050465583801
5;7.9672675;-2.9672675132751465
4;8.47473;-4.474729537963867
3;6.30445;-3.304450035095215
2;11.68215;-9.682149887084961
1;7.502871;-6.502871036529541
0;0.4907518;-0.49075180292129517
73;57.99355;15.006450653076172
72;64.67892;7.321083068847656
71;70.645386;0.3546142578125
70;68.04584;1.95416259765625
69;61.910736;7.089263916015625
68;67.52157;0.47843170166015625
67;63.02411;3.97589111328125
66;66.14275;-0.14275360107421875
65;65.19166;-0.19165802001953125
64;66.33719;-2.337188720703125
63;63.475845;-0.4758453369140625
62;63.757847;-1.7578468322753906
61;65.646675;-4.646675109863281
60;64.07496;-4.074958801269531
59;62.806522;-3.8065223693847656
58;57.486023;0.51397705078125
57;55.56551;1.4344902038574219
56;55.089787;0.9102134704589844
55;54.2524;0.7476005554199219
54;51.531776;2.4682235717773438
53;55.5109;-2.5108985900878906
52;52.487984;-0.48798370361328125
51;52.872093;-1.8720932006835938
50;55.006683;-5.006683349609375
49;49.535282;-0.5352821350097656
48;45.709835;2.2901649475097656
47;48.733727;-1.7337265014648438
46;43.37801;2.621990203857422
45;34.617718;10.382282257080078
44;34.883106;9.116893768310547
43;33.13319;9.866809844970703
42;30.455854;11.544145584106445
41;28.440586;12.55941390991211
40;32.756516;7.2434844970703125
39;34.828648;4.171352386474609
38;31.719816;6.280183792114258
37;41.0953;-4.095298767089844
36;45.776947;-9.776947021484375
35;42.965538;-7.965538024902344
34;43.48031;-9.480308532714844
33;47.918518;-14.91851806640625
32;36.28313;-4.283130645751953
31;38.741318;-7.7413177490234375
30;35.045517;-5.0455169677734375
29;34.626736;-5.626735687255859
28;36.20848;-8.208480834960938
27;41.273678;-14.273677825927734
26;34.751415;-8.751415252685547
25;40.341396;-15.34139633178711
24;26.193516;-2.1935157775878906
23;28.862734;-5.862733840942383
22;26.066921;-4.066921234130859
21;28.54938;-7.549379348754883
20;25.655989;-5.655988693237305
19;20.963657;-1.9636573791503906
18;17.360746;0.6392536163330078
17;19.686277;-2.686277389526367
16;13.468933;2.53106689453125
15;-2.5858018;17.58580183982849
14;8.766318;5.233681678771973
13;17.05285;-4.052850723266602
12;11.970085;0.02991485595703125
11;3.6169975;7.383002519607544
10;2.5481148;7.451885223388672
9;26.534134;-17.534133911132812
8;11.736565;-3.7365646362304688
7;23.214586;-16.21458625793457
6;24.279585;-18.279584884643555
5;25.284163;-20.284162521362305
4;19.45782;-15.457820892333984
3;25.995604;-22.995603561401367
2;26.703663;-24.703662872314453
1;20.344082;-19.34408187866211
0;15.25978;-15.259779930114746
73;66.6574;6.342597961425781
72;71.85427;0.14572906494140625
71;70.73582;0.26418304443359375
70;78.02362;-8.02362060546875
69;75.84784;-6.84783935546875
68;69.61971;-1.6197128295898438
67;69.45824;-2.4582366943359375
66;71.16665;-5.166648864746094
65;66.81303;-1.8130264282226562
64;71.450806;-7.4508056640625
63;69.91925;-6.91925048828125
62;67.067924;-5.067924499511719
61;58.2975;2.7024993896484375
60;64.511734;-4.5117340087890625
59;61.01223;-2.0122299194335938
58;64.09426;-6.094261169433594
57;62.590668;-5.590667724609375
56;59.684605;-3.6846046447753906
55;59.883087;-4.883087158203125
54;55.99133;-1.9913291931152344
53;55.317253;-2.3172531127929688
52;54.134296;-2.134296417236328
51;52.41171;-1.4117088317871094
50;53.897686;-3.897686004638672
49;56.83308;-7.833080291748047
48;51.339733;-3.339733123779297
47;48.143818;-1.1438179016113281
46;49.316578;-3.316577911376953
45;45.943665;-0.94366455078125
44;34.46459;9.535411834716797
43;45.12171;-2.1217117309570312
42;35.39348;6.6065216064453125
41;32.252636;8.747364044189453
40;36.415085;3.5849151611328125
39;35.237988;3.762012481689453
38;32.22949;5.770511627197266
37;34.11091;2.8890914916992188
36;32.949165;3.0508346557617188
35;27.842468;7.15753173828125
34;26.729828;7.270172119140625
33;26.934042;6.065958023071289
32;24.025688;7.974311828613281
31;19.85377;11.146230697631836
30;22.560163;7.439836502075195
29;23.869514;5.130485534667969
28;16.783289;11.216711044311523
27;10.160601;16.839399337768555
26;11.241453;14.758546829223633
25;19.723366;5.276634216308594
24;6.7840495;17.21595048904419
23;8.2754545;14.7245454788208
22;12.046459;9.953540802001953
21;24.671097;-3.6710968017578125
20;5.0483537;14.951646327972412
19;17.9803;1.0196990966796875
18;21.619501;-3.6195011138916016
17;-3.1901426;20.19014263153076
16;0.45907423;15.540925770998001
15;14.962082;0.0379180908203125
14;30.876041;-16.876041412353516
13;9.768239;3.2317609786987305
12;20.429075;-8.429075241088867
11;37.682526;-26.682525634765625
10;49.42876;-39.42876052856445
9;43.42902;-34.429019927978516
8;44.618744;-36.618743896484375
7;10.253325;-3.2533254623413086
6;-4.6704974;10.670497417449951
5;3.2156172;1.7843828201293945
4;4.895205;-0.895205020904541
3;12.918769;-9.918768882751465
2;17.182468;-15.18246841430664
1;11.358968;-10.358967781066895
0;7.254094;-7.254094123840332
73;65.776634;7.223365783691406
72;88.37713;-16.37712860107422
71;70.98184;0.018157958984375
70;77.98898;-7.988983154296875
69;79.78954;-10.789543151855469
68;80.335785;-12.335784912109375
67;83.33092;-16.330917358398438
66;83.80909;-17.80908966064453
65;89.079796;-24.079795837402344
64;82.693695;-18.693695068359375
63;77.67803;-14.678031921386719
62;83.715034;-21.71503448486328
61;75.50706;-14.507057189941406
60;90.475266;-30.475265502929688
59;79.021515;-20.021514892578125
58;68.02543;-10.025428771972656
57;70.05577;-13.055770874023438
56;63.139576;-7.139575958251953
55;60.106888;-5.1068878173828125
54;54.426895;-0.4268951416015625
53;61.66714;-8.66714096069336
52;58.132698;-6.132698059082031
51;61.450115;-10.450115203857422
50;55.184208;-5.184207916259766
49;57.205578;-8.205577850341797
48;56.555138;-8.555137634277344
47;57.900444;-10.900444030761719
46;76.86601;-30.866012573242188
45;79.97298;-34.97297668457031
44;102.284195;-58.28419494628906
43;89.14712;-46.147117614746094
42;66.960915;-24.960914611816406
41;66.544525;-25.544525146484375
40;58.47793;-18.477928161621094
39;75.9468;-36.946800231933594
38;59.453777;-21.453777313232422
37;77.91014;-40.91014099121094
36;61.759624;-25.759624481201172
35;46.244175;-11.24417495727539
34;66.410706;-32.41070556640625
33;36.720764;-3.72076416015625
32;37.295677;-5.295677185058594
31;45.372375;-14.37237548828125
30;39.112743;-9.112743377685547
29;45.492916;-16.492916107177734
28;51.16922;-23.169219970703125
27;59.63469;-32.63468933105469
26;44.646862;-18.646862030029297
25;46.965206;-21.965206146240234
24;51.375057;-27.375057220458984
23;52.66977;-29.669769287109375
22;53.63294;-31.632938385009766
21;60.900585;-39.90058517456055
20;88.372765;-68.37276458740234
19;80.52591;-61.525909423828125
18;66.120926;-48.12092590332031
17;82.23165;-65.23165130615234
16;129.02136;-113.0213623046875
15;105.747536;-90.7475357055664
14;89.2538;-75.25379943847656
13;42.311176;-29.311176300048828
12;68.74991;-56.749908447265625
11;76.69516;-65.69515991210938
10;128.20917;-118.20916748046875
9;131.12538;-122.12538146972656
8;148.6858;-140.68580627441406
7;117.50052;-110.50051879882812
6;102.3161;-96.31610107421875
5;118.712204;-113.71220397949219
4;124.27681;-120.27680969238281
3;137.72827;-134.728271484375
2;121.802124;-119.8021240234375
1;92.40505;-91.4050521850586
0;102.32659;-102.32659149169922
203;154.78795;48.21205139160156
202;172.99211;29.007888793945312
201;172.44269;28.55731201171875
200;166.24481;33.75518798828125
199;173.93326;25.066741943359375
198;159.53717;38.46282958984375
197;161.22607;35.77392578125
196;155.97675;40.02325439453125
195;173.91954;21.080459594726562
194;173.5587;20.441299438476562
193;169.60841;23.391586303710938
192;158.49695;33.5030517578125
191;153.78328;37.21672058105469
190;134.05165;55.94834899902344
189;149.37392;39.62608337402344
188;166.83215;21.1678466796875
187;173.70885;13.291152954101562
186;177.44757;8.55242919921875
185;181.8682;3.131805419921875
184;173.55475;10.44525146484375
183;171.94821;11.051788330078125
182;160.93771;21.062286376953125
181;157.26639;23.733612060546875
180;152.90736;27.092636108398438
179;159.60284;19.39715576171875
178;160.98404;17.015960693359375
177;165.29689;11.703109741210938
176;153.58574;22.414260864257812
175;146.1962;28.803802490234375
174;110.9475;63.05249786376953
173;95.21593;77.78407287597656
172;115.313225;56.68677520751953
171;113.50579;57.49420928955078
170;113.65296;56.34703826904297
169;106.22768;62.77232360839844
168;94.10601;73.89398956298828
167;96.2958;70.7042007446289
166;93.848755;72.1512451171875
165;98.01989;66.98011016845703
164;118.78192;45.21807861328125
163;108.32325;54.67675018310547
162;94.340935;67.65906524658203
161;92.26062;68.7393798828125
160;94.33276;65.667236328125
159;113.75343;45.24656677246094
158;110.84239;47.15760803222656
157;111.59058;45.40941619873047
156;105.82892;50.17108154296875
155;122.028336;32.97166442871094
154;111.8085;42.191497802734375
153;114.90535;38.09465026855469
152;121.08404;30.91596221923828
151;113.068695;37.931304931640625
150;113.543495;36.456504821777344
149;140.62234;8.377655029296875
148;137.03906;10.9609375
147;129.75616;17.24383544921875
146;131.51697;14.4830322265625
145;117.90322;27.096778869628906
144;121.669716;22.330284118652344
143;118.46418;24.53582000732422
142;132.69925;9.300750732421875
141;142.76126;-1.761260986328125
140;146.9604;-6.9604034423828125
139;143.03545;-4.0354461669921875
138;133.00662;4.993377685546875
137;157.65872;-20.658721923828125
136;138.90715;-2.9071502685546875
135;148.55325;-13.553253173828125
134;156.49196;-22.491958618164062
133;132.96486;0.0351409912109375
132;136.56792;-4.5679168701171875
131;119.341446;11.658554077148438
130;117.70731;12.292686462402344
129;134.51797;-5.517974853515625
128;120.37264;7.627357482910156
127;106.31166;20.688339233398438
126;105.70177;20.298233032226562
125;125.89922;-0.8992233276367188
124;105.28747;18.71253204345703
123;86.4627;36.53730010986328
122;102.680016;19.319984436035156
121;99.09011;21.909889221191406
120;103.54261;16.45738983154297
119;115.61492;3.3850784301757812
118;93.96205;24.037948608398438
117;89.29995;27.700050354003906
116;81.97251;34.027488708496094
115;92.30478;22.695220947265625
114;89.90278;24.09722137451172
113;94.6111;18.388900756835938
112;89.3878;22.612197875976562
111;92.543755;18.45624542236328
110;88.00367;21.99633026123047
109;90.16637;18.833633422851562
108;87.566986;20.433013916015625
107;87.22754;19.7724609375
106;86.11633;19.8836669921875
105;85.39804;19.601959228515625
104;78.69899;25.301010131835938
103;82.74286;20.25714111328125
102;86.49573;15.5042724609375
101;86.168655;14.831344604492188
100;88.00935;11.990646362304688
99;83.54403;15.455970764160156
98;89.45594;8.544059753417969
97;85.35702;11.642982482910156
96;89.266525;6.7334747314453125
95;93.35253;1.6474685668945312
94;82.781395;11.218605041503906
93;82.386444;10.613555908203125
92;82.578384;9.421615600585938
91;92.04292;-1.0429229736328125
90;85.45461;4.545387268066406
89;88.90861;0.09139251708984375
88;92.96324;-4.9632415771484375
87;92.66647;-5.666473388671875
86;85.85766;0.14234161376953125
85;84.19224;0.8077621459960938
84;77.92594;6.074058532714844
83;79.99765;3.002349853515625
82;81.65476;0.34523773193359375
81;80.75178;0.24822235107421875
80;77.76539;2.2346115112304688
79;76.330055;2.6699447631835938
78;79.97533;-1.9753265380859375
77;73.207466;3.7925338745117188
76;73.95129;2.0487136840820312
75;74.12627;0.8737335205078125
74;70.99066;3.00933837890625
73;69.35108;3.6489181518554688
72;70.88466;1.1153411865234375
71;70.44406;0.555938720703125
70;68.928154;1.0718460083007812
69;68.309746;0.6902542114257812
68;73.55193;-5.551933288574219
67;68.029945;-1.0299453735351562
66;65.73252;0.26747894287109375
65;64.99497;0.00502777099609375
64;59.98866;4.011341094970703
63;63.607018;-0.6070175170898438
62;60.495056;1.50494384765625
61;65.26816;-4.268157958984375
60;54.417793;5.582206726074219
59;62.627666;-3.627666473388672
58;58.90898;-0.9089813232421875
57;54.855457;2.144542694091797
56;57.92359;-1.9235916137695312
55;52.95886;2.0411415100097656
54;52.499775;1.5002250671386719
53;51.50857;1.4914283752441406
52;51.22635;0.773651123046875
51;47.000664;3.9993362426757812
50;49.39372;0.6062812805175781
49;48.50254;0.49745941162109375
48;47.032448;0.9675521850585938
47;44.97968;2.0203208923339844
46;44.33142;1.6685791015625
45;43.999302;1.0006980895996094
44;40.883976;3.1160240173339844
43;41.46297;1.5370292663574219
42;39.449215;2.5507850646972656
41;38.975525;2.02447509765625
40;37.710613;2.289386749267578
39;38.180553;0.8194465637207031
38;36.512314;1.4876861572265625
37;36.359207;0.6407928466796875
36;33.94974;2.0502586364746094
35;32.947803;2.052196502685547
34;33.29339;0.7066116333007812
33;33.291668;-0.2916679382324219
32;32.067356;-0.06735610961914062
31;30.654072;0.3459281921386719
30;30.974873;-0.9748725891113281
29;28.945993;0.05400657653808594
28;26.279755;1.720245361328125
27;25.231762;1.7682380676269531
26;24.342628;1.6573715209960938
25;21.695919;3.3040809631347656
24;22.18115;1.8188495635986328
23;18.123478;4.876522064208984
22;17.887976;4.112024307250977
21;20.92799;0.07201004028320312
20;18.282799;1.7172012329101562
19;19.586115;-0.5861148834228516
18;17.020796;0.9792041778564453
17;17.239944;-0.2399444580078125
16;12.755873;3.2441272735595703
15;13.388936;1.6110639572143555
14;12.460509;1.5394906997680664
13;15.649722;-2.649722099304199
12;10.01619;1.9838104248046875
11;11.027049;-0.02704906463623047
10;9.907003;0.09299659729003906
9;8.634861;0.3651390075683594
8;10.321321;-2.3213205337524414
7;6.989473;0.01052713394165039
6;10.262866;-4.262866020202637
5;3.2201936;1.77980637550354
4;3.6127388;0.38726115226745605
3;6.5510263;-3.5510263442993164
2;3.2396882;-1.2396881580352783
1;4.5827312;-3.582731246948242
0;2.4530656;-2.4530656337738037
93;74.80176;18.1982421875
92;73.52929;18.47071075439453
91;75.22014;15.779861450195312
90;76.3279;13.672096252441406
89;75.181915;13.818084716796875
88;75.4602;12.539802551269531
87;69.694145;17.30585479736328
86;64.81331;21.186691284179688
85;69.096245;15.903755187988281
84;66.606895;17.393104553222656
83;68.7967;14.203300476074219
82;62.547405;19.452594757080078
81;57.415497;23.584503173828125
80;63.842087;16.157913208007812
79;70.067184;8.932815551757812
78;59.44628;18.55371856689453
77;61.650684;15.349315643310547
76;60.807846;15.192153930664062
75;58.761288;16.238712310791016
74;62.56536;11.434638977050781
73;56.930927;16.069072723388672
72;55.72129;16.278709411621094
71;52.844444;18.155555725097656
70;48.873085;21.126914978027344
69;53.373825;15.626174926757812
68;59.03328;8.966720581054688
67;54.60081;12.399188995361328
66;47.489437;18.510562896728516
65;50.479996;14.520004272460938
64;58.478825;5.521175384521484
63;48.25288;14.747119903564453
62;43.396828;18.603172302246094
61;59.850048;1.1499519348144531
60;52.23655;7.763450622558594
59;56.285416;2.7145843505859375
58;57.610077;0.389923095703125
57;54.45472;2.5452804565429688
56;47.37137;8.628631591796875
55;48.820885;6.179115295410156
54;57.573776;-3.5737762451171875
53;48.635426;4.364574432373047
52;42.716328;9.283672332763672
51;45.444874;5.555126190185547
50;49.691475;0.30852508544921875
49;43.281944;5.718055725097656
48;42.78769;5.212310791015625
47;50.44931;-3.449310302734375
46;40.300217;5.6997833251953125
45;48.398087;-3.3980865478515625
44;51.70143;-7.7014312744140625
43;54.236805;-11.236804962158203
42;42.40817;-0.4081687927246094
41;38.489017;2.5109825134277344
40;43.577477;-3.5774765014648438
39;48.047928;-9.047927856445312
38;37.195446;0.8045539855957031
37;35.88826;1.1117401123046875
36;33.03117;2.968830108642578
35;34.252625;0.74737548828125
34;34.63054;-0.6305389404296875
33;30.54712;2.452880859375
32;35.37256;-3.37255859375
31;28.966965;2.0330352783203125
30;27.769411;2.230588912963867
29;29.861092;-0.8610916137695312
28;33.39857;-5.398571014404297
27;28.881815;-1.881814956665039
26;19.006294;6.993705749511719
25;14.2213335;10.778666496276855
24;24.15716;-0.15715980529785156
23;32.411343;-9.41134262084961
22;21.828108;0.1718921661376953
21;23.496054;-2.496053695678711
20;21.268688;-1.2686882019042969
19;18.024023;0.9759769439697266
18;13.123884;4.876115798950195
17;25.276148;-8.276147842407227
16;13.490732;2.509267807006836
15;11.457398;3.5426015853881836
14;17.189404;-3.189403533935547
13;16.035568;-3.0355682373046875
12;27.50259;-15.50259017944336
11;16.0106;-5.010599136352539
10;14.066129;-4.066128730773926
9;17.098349;-8.098348617553711
8;16.550053;-8.550052642822266
7;32.424755;-25.424755096435547
6;14.4961815;-8.49618148803711
5;22.585365;-17.585365295410156
4;19.544725;-15.54472541809082
3;17.593674;-14.593673706054688
2;18.175425;-16.175424575805664
1;24.028639;-23.02863883972168
0;30.719296;-30.719295501708984
99;86.451744;12.548255920410156
98;95.59631;2.4036865234375
97;97.679375;-0.6793746948242188
96;94.470345;1.5296554565429688
95;93.38684;1.6131591796875
94;94.73769;-0.7376937866210938
93;94.60538;-1.605377197265625
92;89.463486;2.5365142822265625
91;87.24976;3.7502365112304688
90;91.84432;-1.8443222045898438
89;84.63305;4.366950988769531
88;89.36462;-1.3646163940429688
87;86.765;0.2350006103515625
86;81.332664;4.667335510253906
85;78.604;6.396003723144531
84;81.49036;2.5096435546875
83;73.984604;9.015396118164062
82;78.312515;3.6874847412109375
81;75.735016;5.264984130859375
80;78.819214;1.1807861328125
79;74.90773;4.0922698974609375
78;75.2932;2.7068023681640625
77;71.71049;5.289512634277344
76;68.87403;7.125968933105469
75;72.81476;2.18524169921875
74;72.944824;1.05517578125
73;71.704346;1.295654296875
72;69.84602;2.1539764404296875
71;61.169792;9.830207824707031
70;47.108826;22.89117431640625
69;48.797657;20.202342987060547
68;53.34637;14.653629302978516
67;50.38783;16.612171173095703
66;52.12879;13.871208190917969
65;51.332504;13.667495727539062
64;47.587296;16.412704467773438
63;52.000015;10.999984741210938
62;51.80836;10.191638946533203
61;47.79296;13.207038879394531
60;54.053387;5.946613311767578
59;50.85457;8.145431518554688
58;51.906876;6.0931243896484375
57;47.988342;9.01165771484375
56;46.5297;9.470298767089844
55;50.529213;4.470787048339844
54;50.207035;3.7929649353027344
53;46.45746;6.54254150390625
52;46.27231;5.727691650390625
51;52.01161;-1.0116081237792969
50;48.17009;1.8299102783203125
49;47.482327;1.5176734924316406
48;42.914093;5.085906982421875
47;39.215267;7.784732818603516
46;43.67859;2.3214111328125
45;40.769547;4.2304534912109375
44;46.78291;-2.782909393310547
43;35.098557;7.9014434814453125
42;37.803974;4.196025848388672
41;38.160084;2.839916229248047
40;36.70489;3.2951087951660156
39;40.94564;-1.9456405639648438
38;40.004944;-2.00494384765625
37;38.366417;-1.3664169311523438
36;37.68852;-1.6885185241699219
35;38.869354;-3.869354248046875
34;45.077885;-11.077884674072266
33;29.35372;3.646280288696289
32;30.293892;1.7061080932617188
31;35.03111;-4.031108856201172
30;32.42834;-2.4283409118652344
29;37.010376;-8.0103759765625
28;32.213497;-4.213497161865234
27;24.801023;2.198976516723633
26;14.689995;11.310005187988281
25;11.727954;13.272046089172363
24;24.203176;-0.20317649841308594
23;27.270899;-4.270898818969727
22;24.212227;-2.2122268676757812
21;23.924812;-2.9248123168945312
20;23.65142;-3.6514205932617188
19;27.42203;-8.422029495239258
18;22.04586;-4.045860290527344
17;19.971296;-2.9712963104248047
16;16.259377;-0.25937652587890625
15;17.419777;-2.4197769165039062
14;18.727219;-4.7272186279296875
13;13.198556;-0.19855594635009766
12;7.3827047;4.617295265197754
11;10.226828;0.7731723785400391
10;10.915984;-0.9159841537475586
9;5.9588304;3.0411696434020996
8;10.574354;-2.5743541717529297
7;12.6507845;-5.650784492492676
6;18.062462;-12.062461853027344
5;20.520262;-15.520261764526367
4;26.048681;-22.048681259155273
3;23.640514;-20.640514373779297
2;27.115736;-25.11573600769043
1;25.974768;-24.974767684936523
0;25.745497;-25.74549674987793
99;72.04451;26.955490112304688
98;69.03227;28.967727661132812
97;78.19081;18.809188842773438
96;70.75699;25.243011474609375
95;76.50329;18.49671173095703
94;81.67855;12.321449279785156
93;79.79635;13.203651428222656
92;84.50081;7.4991912841796875
91;77.85704;13.142959594726562
90;78.47965;11.520347595214844
89;77.19794;11.80206298828125
88;68.9883;19.011703491210938
87;71.68386;15.316139221191406
86;75.17189;10.828109741210938
85;80.44168;4.558319091796875
84;70.41801;13.581993103027344
83;81.443665;1.55633544921875
82;78.28988;3.7101211547851562
81;72.71823;8.281768798828125
80;74.089714;5.910285949707031
79;75.80622;3.1937789916992188
78;80.13758;-2.1375808715820312
77;65.80698;11.193023681640625
76;73.63675;2.363250732421875
75;71.24623;3.7537689208984375
74;81.244156;-7.2441558837890625
73;70.43994;2.56005859375
72;72.89033;-0.8903274536132812
71;62.99045;8.00954818725586
70;52.382957;17.617042541503906
69;60.56351;8.43648910522461
68;55.672573;12.32742691040039
67;55.000847;11.999153137207031
66;60.744946;5.255054473876953
65;63.175987;1.8240127563476562
64;56.988037;7.011962890625
63;65.013954;-2.0139541625976562
62;53.589207;8.41079330444336
61;66.19564;-5.195640563964844
60;54.635345;5.364654541015625
59;54.807537;4.192462921142578
58;56.70749;1.292510986328125
57;59.612732;-2.61273193359375
56;52.66155;3.338451385498047
55;52.663845;2.3361549377441406
54;48.5456;5.454399108886719
53;52.70626;0.29373931884765625
52;48.439266;3.5607337951660156
51;54.619255;-3.6192550659179688
50;54.647606;-4.647605895996094
49;51.357655;-2.357654571533203
48;58.92746;-10.927459716796875
47;48.805508;-1.8055076599121094
46;51.13348;-5.133480072021484
45;55.514973;-10.514972686767578
44;48.331543;-4.33154296875
43;42.055367;0.9446334838867188
42;44.30977;-2.3097686767578125
41;41.460514;-0.4605140686035156
40;36.335476;3.6645240783691406
39;42.88823;-3.8882293701171875
38;35.04349;2.9565086364746094
37;36.783176;0.21682357788085938
36;33.408447;2.591552734375
35;32.005245;2.9947547912597656
34;33.081978;0.9180221557617188
33;39.920067;-6.920066833496094
32;27.965273;4.034727096557617
31;31.974287;-0.9742870330810547
30;26.667435;3.3325653076171875
29;36.466633;-7.466632843017578
28;29.59212;-1.5921192169189453
27;31.145042;-4.145042419433594
26;20.95664;5.043359756469727
25;34.930527;-9.930526733398438
24;21.722902;2.277097702026367
23;32.41829;-9.418289184570312
22;30.168915;-8.168914794921875
21;33.351414;-12.35141372680664
20;25.83438;-5.834379196166992
19;23.055353;-4.055353164672852
18;29.736763;-11.736763000488281
17;29.32068;-12.320680618286133
16;33.708164;-17.70816421508789
15;35.21605;-20.216049194335938
14;36.056995;-22.056995391845703
13;21.407967;-8.407966613769531
12;26.488169;-14.488168716430664
11;23.269955;-12.269954681396484
10;24.617188;-14.6171875
9;19.935017;-10.935016632080078
8;21.384398;-13.384397506713867
7;28.344942;-21.344942092895508
6;24.94438;-18.944379806518555
5;26.293436;-21.29343605041504
4;31.178564;-27.178564071655273
3;29.26305;-26.263050079345703
2;29.176018;-27.17601776123047
1;31.493475;-30.49347496032715
0;27.541897;-27.54189682006836
99;74.23541;24.76458740234375
98;95.69621;2.3037872314453125
97;95.1596;1.8404006958007812
96;84.75961;11.240386962890625
95;97.743675;-2.7436752319335938
94;86.57581;7.424186706542969
93;83.12856;9.871437072753906
92;95.88091;-3.8809127807617188
91;94.490875;-3.490875244140625
90;97.06255;-7.062553405761719
89;90.671104;-1.6711044311523438
88;81.44468;6.555320739746094
87;76.12709;10.872909545898438
86;72.08301;13.9169921875
85;84.631836;0.3681640625
84;84.831955;-0.8319549560546875
83;76.49712;6.502876281738281
82;85.50012;-3.5001220703125
81;76.7591;4.240898132324219
80;72.365295;7.63470458984375
79;69.578964;9.421035766601562
78;70.862976;7.13702392578125
77;83.048996;-6.0489959716796875
76;74.2391;1.7609024047851562
75;71.34213;3.657867431640625
74;72.72993;1.2700729370117188
73;67.98075;5.019248962402344
72;66.784424;5.215576171875
71;64.24085;6.759147644042969
70;52.234795;17.76520538330078
69;59.37338;9.62662124633789
68;62.55667;5.443328857421875
67;53.826366;13.173633575439453
66;55.999928;10.000072479248047
65;58.83432;6.165679931640625
64;58.056736;5.943264007568359
63;62.354652;0.6453475952148438
62;56.62533;5.374668121337891
61;57.02644;3.973560333251953
60;66.076294;-6.0762939453125
59;59.76182;-0.7618217468261719
58;51.92724;6.072761535644531
57;50.764824;6.235176086425781
56;57.236576;-1.2365760803222656
55;53.05095;1.9490509033203125
54;53.306313;0.6936874389648438
53;54.140606;-1.1406059265136719
52;55.7687;-3.7686996459960938
51;48.396507;2.6034927368164062
50;52.70613;-2.7061309814453125
49;61.666218;-12.666217803955078
48;54.464268;-6.464267730712891
47;59.845146;-12.845146179199219
46;53.93285;-7.932849884033203
45;55.357918;-10.357917785644531
44;56.49525;-12.495250701904297
43;59.3206;-16.320598602294922
42;57.29527;-15.295269012451172
41;54.40526;-13.405258178710938
40;53.898228;-13.89822769165039
39;48.363384;-9.363384246826172
38;46.85257;-8.852569580078125
37;43.065685;-6.065685272216797
36;44.228165;-8.228164672851562
35;47.287907;-12.287906646728516
34;45.26942;-11.269420623779297
33;39.706768;-6.706768035888672
32;40.1708;-8.170799255371094
31;38.973648;-7.9736480712890625
30;37.49123;-7.491230010986328
29;44.216473;-15.216472625732422
28;33.058506;-5.058506011962891
27;40.623962;-13.62396240234375
26;39.601097;-13.601097106933594
25;40.95115;-15.951148986816406
24;35.771908;-11.771907806396484
23;30.765139;-7.765138626098633
22;29.334593;-7.334592819213867
21;32.256947;-11.256946563720703
20;31.438953;-11.438953399658203
19;31.618757;-12.618757247924805
18;33.09837;-15.098369598388672
17;37.2128;-20.212799072265625
16;30.426632;-14.426631927490234
15;31.923634;-16.923633575439453
14;34.834404;-20.83440399169922
13;30.015478;-17.015478134155273
12;29.781338;-17.78133773803711
11;27.634588;-16.63458824157715
10;29.71165;-19.711650848388672
9;29.100962;-20.100961685180664
8;30.561129;-22.561128616333008
7;24.522665;-17.52266502380371
6;22.973679;-16.973678588867188
5;29.710217;-24.710216522216797
4;30.869947;-26.86994743347168
3;31.584131;-28.584131240844727
2;42.45448;-40.4544792175293
1;47.299744;-46.29974365234375
0;52.34238;-52.34238052368164
76;76.554504;-0.55450439453125
75;79.144035;-4.144035339355469
74;85.57178;-11.57177734375
73;75.99298;-2.99298095703125
72;74.38396;-2.3839569091796875
71;83.7321;-12.732101440429688
70;81.62213;-11.62213134765625
69;76.036415;-7.036415100097656
68;75.66441;-7.6644134521484375
67;69.77721;-2.7772064208984375
66;73.31546;-7.315460205078125
65;74.56922;-9.569221496582031
64;69.74531;-5.745307922363281
63;67.42662;-4.4266204833984375
62;66.398636;-4.3986358642578125
61;61.244835;-0.24483489990234375
60;64.34867;-4.348670959472656
59;70.31014;-11.310142517089844
58;61.490337;-3.490337371826172
57;59.164387;-2.164386749267578
56;56.51751;-0.5175094604492188
55;62.898533;-7.898532867431641
54;59.44614;-5.446140289306641
53;57.240093;-4.240093231201172
52;56.510357;-4.510356903076172
51;55.811363;-4.811363220214844
50;52.592274;-2.592273712158203
49;48.005898;0.9941024780273438
48;61.46525;-13.465248107910156
47;46.11243;0.8875694274902344
46;46.425377;-0.42537689208984375
45;37.816254;7.183746337890625
44;44.341484;-0.34148406982421875
43;44.39252;-1.3925209045410156
42;35.68462;6.315380096435547
41;39.498154;1.5018463134765625
40;38.03024;1.9697608947753906
39;39.946327;-0.9463272094726562
38;27.718761;10.281238555908203
37;32.760025;4.2399749755859375
36;30.560928;5.4390716552734375
35;31.478834;3.5211658477783203
34;32.283775;1.7162246704101562
33;32.81311;0.1868896484375
32;28.166534;3.833465576171875
31;26.980898;4.019102096557617
30;28.499748;1.5002517700195312
29;25.251865;3.7481346130371094
28;32.30067;-4.300670623779297
27;31.40925;-4.409250259399414
26;24.23209;1.7679100036621094
25;22.52015;2.4798507690429688
24;24.614973;-0.6149730682373047
23;23.735365;-0.7353649139404297
22;22.72496;-0.7249603271484375
21;19.477562;1.5224380493164062
20;19.036938;0.9630622863769531
19;20.942106;-1.9421062469482422
18;16.448277;1.5517234802246094
17;20.061083;-3.0610828399658203
16;17.284496;-1.2844963073730469
15;15.92544;-0.9254398345947266
14;8.338679;5.661320686340332
13;10.382917;2.6170825958251953
12;10.557967;1.442032814025879
11;12.2262335;-1.2262334823608398
10;10.588711;-0.5887107849121094
9;9.073995;-0.07399463653564453
8;3.3877623;4.6122376918792725
7;8.179179;-1.1791791915893555
6;5.660763;0.3392372131347656
5;4.365522;0.6344780921936035
4;-1.1376675;5.137667536735535
3;7.3210125;-4.321012496948242
2;0.94494987;1.0550501346588135
1;-1.674791;2.6747909784317017
0;-2.3302994;2.3302993774414062
94;75.52091;18.479087829589844
93;68.20439;24.795608520507812
92;72.37753;19.622467041015625
91;69.43945;21.560546875
90;72.675804;17.324195861816406
89;70.31795;18.682052612304688
88;69.470894;18.52910614013672
87;67.469154;19.530845642089844
86;71.26147;14.738533020019531
85;61.030647;23.96935272216797
84;63.35066;20.649341583251953
83;58.855568;24.144432067871094
82;63.899055;18.10094451904297
81;58.905884;22.0941162109375
80;64.55925;15.440750122070312
79;58.43296;20.567039489746094
78;62.955925;15.044075012207031
77;60.677597;16.322402954101562
76;55.817745;20.182254791259766
75;60.679153;14.320846557617188
74;56.349575;17.65042495727539
73;56.074707;16.92529296875
72;53.979683;18.02031707763672
71;53.817947;17.182052612304688
70;50.98463;19.015369415283203
69;47.694138;21.305862426757812
68;52.459747;15.540252685546875
67;47.856796;19.143203735351562
66;44.327595;21.672405242919922
65;50.191166;14.808834075927734
64;56.05757;7.9424285888671875
63;61.13977;1.8602294921875
62;52.712234;9.287765502929688
61;50.627987;10.372013092041016
60;48.219265;11.78073501586914
59;47.66236;11.337638854980469
58;41.602684;16.397315979003906
57;44.502254;12.497745513916016
56;49.681213;6.31878662109375
55;53.49378;1.5062217712402344
54;44.22567;9.774330139160156
53;48.37944;4.6205596923828125
52;52.942974;-0.9429740905761719
51;52.556206;-1.5562057495117188
50;52.489388;-2.4893875122070312
49;52.47864;-3.4786415100097656
48;50.44382;-2.4438209533691406
47;45.42621;1.57379150390625
46;45.060535;0.9394645690917969
45;34.860195;10.13980484008789
44;41.87473;2.1252708435058594
43;47.354122;-4.354122161865234
42;44.529953;-2.5299530029296875
41;41.098396;-0.09839630126953125
40;43.00118;-3.001178741455078
39;43.4521;-4.452098846435547
38;47.297726;-9.297725677490234
37;38.514057;-1.5140571594238281
36;32.303726;3.6962738037109375
35;30.12301;4.876989364624023
34;31.779285;2.220714569091797
33;37.51017;-4.510169982910156
32;28.435915;3.564085006713867
31;32.556915;-1.556915283203125
30;23.400375;6.5996246337890625
29;27.864285;1.1357154846191406
28;21.297115;6.702884674072266
27;20.162386;6.837614059448242
26;22.389261;3.610738754272461
25;28.944649;-3.9446487426757812
24;21.110834;2.8891658782958984
23;15.395898;7.60410213470459
22;23.290464;-1.2904644012451172
21;15.773739;5.226261138916016
20;12.595571;7.4044294357299805
19;8.070687;10.929312705993652
18;12.312485;5.6875152587890625
17;31.619429;-14.619428634643555
16;21.513077;-5.5130767822265625
15;20.606174;-5.606174468994141
14;19.157475;-5.157474517822266
13;18.866737;-5.866737365722656
12;18.938732;-6.938732147216797
11;14.873445;-3.8734445571899414
10;19.501831;-9.5018310546875
9;21.836557;-12.836557388305664
8;27.844778;-19.844778060913086
7;19.443968;-12.443967819213867
6;20.300531;-14.300531387329102
5;14.859755;-9.85975456237793
4;18.02736;-14.027360916137695
3;17.386751;-14.386751174926758
2;24.709232;-22.709232330322266
1;26.491407;-25.49140739440918
0;20.069723;-20.06972312927246
99;81.5153;17.484703063964844
98;94.87954;3.1204605102539062
97;95.3044;1.6956024169921875
96;91.7444;4.2555999755859375
95;92.86451;2.1354904174804688
94;92.62471;1.3752899169921875
93;87.6845;5.315498352050781
92;91.33107;0.6689300537109375
91;89.182045;1.8179550170898438
90;89.41031;0.589691162109375
89;91.54845;-2.5484466552734375
88;94.78208;-6.782081604003906
87;86.40896;0.5910415649414062
86;82.86023;3.1397705078125
85;81.35658;3.6434173583984375
84;78.894615;5.105384826660156
83;79.38523;3.6147689819335938
82;78.469505;3.5304946899414062
81;76.9367;4.063301086425781
80;78.20358;1.796417236328125
79;79.56525;-0.56524658203125
78;80.82076;-2.8207626342773438
77;78.89971;-1.8997116088867188
76;74.491745;1.5082550048828125
75;74.43151;0.5684890747070312
74;70.76549;3.2345123291015625
73;72.05457;0.9454269409179688
72;64.69559;7.304412841796875
71;64.00286;6.997138977050781
70;46.2469;23.753101348876953
69;44.719433;24.280567169189453
68;45.05467;22.945331573486328
67;42.885376;24.1146240234375
66;43.60111;22.39889144897461
65;46.64925;18.350749969482422
64;44.262577;19.737422943115234
63;43.481213;19.518787384033203
62;44.278034;17.721965789794922
61;44.774162;16.22583770751953
60;38.38221;21.61779022216797
59;42.708317;16.291683197021484
58;42.354137;15.645862579345703
57;46.036697;10.963302612304688
56;40.773315;15.2266845703125
55;49.964054;5.035945892333984
54;45.766888;8.233112335205078
53;43.608463;9.391536712646484
52;43.702545;8.297454833984375
51;40.662918;10.337081909179688
50;39.70436;10.295639038085938
49;50.961365;-1.96136474609375
48;36.42566;11.5743408203125
47;42.403484;4.596515655517578
46;41.820774;4.179225921630859
45;46.590977;-1.5909767150878906
44;34.668964;9.331035614013672
43;42.147316;0.8526840209960938
42;34.82009;7.179908752441406
41;38.90225;2.0977516174316406
40;41.60684;-1.6068382263183594
39;37.57862;1.4213790893554688
38;35.260975;2.739025115966797
37;36.12036;0.879638671875
36;31.90182;4.098180770874023
35;40.778515;-5.778514862060547
34;36.248928;-2.2489280700683594
33;32.36413;0.6358718872070312
32;36.715843;-4.715843200683594
31;32.929054;-1.9290542602539062
30;28.599012;1.4009876251220703
29;26.379866;2.6201343536376953
28;27.516327;0.483673095703125
27;19.381237;7.618762969970703
26;30.111103;-4.111103057861328
25;29.975943;-4.975942611694336
24;36.95361;-12.953609466552734
23;30.539688;-7.5396881103515625
22;29.569956;-7.569955825805664
21;22.58726;-1.587259292602539
20;26.49206;-6.492059707641602
19;26.255077;-7.255077362060547
18;21.561205;-3.5612049102783203
17;20.85763;-3.8576297760009766
16;17.494312;-1.4943122863769531
15;16.364122;-1.3641223907470703
14;12.12048;1.8795204162597656
13;13.39322;-0.3932199478149414
12;16.305025;-4.305025100708008
11;13.260055;-2.260054588317871
10;15.743258;-5.743258476257324
9;6.8317895;2.168210506439209
8;10.131606;-2.131606101989746
7;20.504604;-13.50460433959961
6;19.838392;-13.83839225769043
5;22.34182;-17.341819763183594
4;21.193375;-17.193374633789062
3;24.585716;-21.585716247558594
2;24.623934;-22.623933792114258
1;21.682056;-20.682056427001953
0;21.963898;-21.963897705078125
99;66.34833;32.65167236328125
98;81.00197;16.998031616210938
97;78.905556;18.094444274902344
96;75.07212;20.927879333496094
95;68.34227;26.657730102539062
94;75.374306;18.625694274902344
93;69.93491;23.065086364746094
92;79.73688;12.26312255859375
91;79.7155;11.284500122070312
90;85.36253;4.6374664306640625
89;83.78646;5.213539123535156
88;77.79098;10.209022521972656
87;85.697586;1.3024139404296875
86;87.46266;-1.4626617431640625
85;77.899284;7.100715637207031
84;76.326;7.674003601074219
83;79.19375;3.8062515258789062
82;80.27665;1.7233505249023438
81;78.62632;2.3736801147460938
80;77.81445;2.185546875
79;72.255745;6.744255065917969
78;72.50307;5.4969329833984375
77;68.384605;8.615394592285156
76;78.071526;-2.0715255737304688
75;74.37451;0.62548828125
74;75.62226;-1.6222610473632812
73;76.3231;-3.3230972290039062
72;75.942055;-3.9420547485351562
71;75.13123;-4.131233215332031
70;58.997375;11.00262451171875
69;69.939095;-0.9390945434570312
68;54.68503;13.31496810913086
67;55.117733;11.882266998291016
66;58.369358;7.630641937255859
65;63.523003;1.4769973754882812
64;55.174103;8.825897216796875
63;59.12812;3.8718795776367188
62;59.260525;2.7394752502441406
61;62.88283;-1.8828315734863281
60;51.27572;8.724281311035156
59;51.322166;7.677833557128906
58;52.28684;5.713161468505859
57;53.417767;3.582233428955078
56;58.102493;-2.1024932861328125
55;57.264427;-2.2644271850585938
54;50.858963;3.1410369873046875
53;45.792366;7.207633972167969
52;49.46857;2.5314292907714844
51;49.502666;1.4973335266113281
50;45.730053;4.269947052001953
49;55.64727;-6.647270202636719
48;46.166454;1.8335456848144531
47;53.903484;-6.903484344482422
46;52.881294;-6.881294250488281
45;46.00937;-1.009368896484375
44;43.59124;0.40876007080078125
43;38.415035;4.584964752197266
42;41.393623;0.6063766479492188
41;45.28226;-4.282260894775391
40;47.680508;-7.680507659912109
39;40.80265;-1.8026504516601562
38;40.956062;-2.9560623168945312
37;29.454428;7.545572280883789
36;37.018177;-1.0181770324707031
35;36.733963;-1.7339630126953125
34;33.89804;0.101959228515625
33;35.87043;-2.8704299926757812
32;30.432323;1.5676765441894531
31;35.870647;-4.870647430419922
30;25.04315;4.956850051879883
29;26.977642;2.022357940673828
28;29.90905;-1.9090499877929688
27;26.244585;0.7554149627685547
26;24.74253;1.2574691772460938
25;30.113495;-5.113494873046875
24;30.304312;-6.304311752319336
23;21.706518;1.2934818267822266
22;23.881668;-1.8816680908203125
21;34.592056;-13.592056274414062
20;38.568417;-18.568416595458984
19;34.221264;-15.221263885498047
18;38.366024;-20.366024017333984
17;25.161238;-8.161237716674805
16;29.886515;-13.886514663696289
15;29.716343;-14.71634292602539
14;23.52854;-9.528539657592773
13;36.528374;-23.52837371826172
12;32.188946;-20.188945770263672
11;23.55886;-12.558860778808594
10;30.973112;-20.973112106323242
9;30.791948;-21.791948318481445
8;27.565714;-19.56571388244629
7;37.400887;-30.40088653564453
6;27.34362;-21.34362030029297
5;30.595707;-25.595706939697266
4;31.538263;-27.53826332092285
3;26.058302;-23.05830192565918
2;31.19871;-29.19870948791504
1;32.12833;-31.12833023071289
0;35.86497;-35.86497116088867
99;85.641396;13.358604431152344
98;83.69041;14.309593200683594
97;83.21834;13.781661987304688
96;75.893555;20.1064453125
95;87.35865;7.641349792480469
94;96.742096;-2.742095947265625
93;87.840965;5.159034729003906
92;87.80137;4.198631286621094
91;73.20139;17.798606872558594
90;85.804405;4.195594787597656
89;85.04766;3.9523391723632812
88;72.59674;15.40325927734375
87;75.2571;11.742897033691406
86;80.540794;5.459205627441406
85;78.77616;6.223838806152344
84;76.253136;7.746864318847656
83;93.35029;-10.350288391113281
82;76.97495;5.025047302246094
81;71.63882;9.361183166503906
80;76.83496;3.1650390625
79;76.93317;2.06683349609375
78;73.30386;4.696136474609375
77;78.76573;-1.7657318115234375
76;67.20333;8.796669006347656
75;69.50426;5.4957427978515625
74;71.553925;2.446075439453125
73;72.43071;0.5692901611328125
72;64.16328;7.836723327636719
71;62.55813;8.441871643066406
70;55.14089;14.859111785888672
69;62.404667;6.595333099365234
68;58.297756;9.70224380493164
67;62.596264;4.403736114501953
66;66.568344;-0.5683441162109375
65;67.213905;-2.2139053344726562
64;61.80538;2.1946182250976562
63;58.029087;4.970912933349609
62;61.310543;0.6894569396972656
61;62.467564;-1.4675636291503906
60;54.936295;5.0637054443359375
59;60.24622;-1.2462196350097656
58;55.62471;2.3752899169921875
57;62.402435;-5.402435302734375
56;54.696823;1.3031768798828125
55;58.445774;-3.4457740783691406
54;60.392185;-6.392185211181641
53;49.01379;3.9862098693847656
52;55.795757;-3.795757293701172
51;48.445263;2.554737091064453
50;46.102802;3.897197723388672
49;58.694965;-9.694965362548828
48;59.233856;-11.233856201171875
47;54.222004;-7.222003936767578
46;59.045876;-13.045875549316406
45;56.718292;-11.718292236328125
44;56.578808;-12.578807830810547
43;50.359207;-7.3592071533203125
42;52.667187;-10.667186737060547
41;40.61344;0.38655853271484375
40;47.009247;-7.009246826171875
39;45.531998;-6.5319976806640625
38;40.77722;-2.7772216796875
37;45.822426;-8.822425842285156
36;43.803375;-7.803375244140625
35;40.6559;-5.6558990478515625
34;43.962845;-9.962844848632812
33;37.170406;-4.170406341552734
32;35.280056;-3.2800559997558594
31;40.957706;-9.957706451416016
30;33.57503;-3.575031280517578
29;34.527042;-5.527042388916016
28;34.934425;-6.934425354003906
27;31.35028;-4.35028076171875
26;31.516703;-5.516702651977539
25;31.473858;-6.473857879638672
24;27.83977;-3.8397693634033203
23;28.50723;-5.507230758666992
22;26.5792;-4.579200744628906
21;27.986069;-6.9860687255859375
20;26.532167;-6.532167434692383
19;28.316612;-9.316612243652344
18;25.296392;-7.296392440795898
17;27.167633;-10.167633056640625
16;24.65327;-8.653270721435547
15;25.753866;-10.753866195678711
14;21.55725;-7.557249069213867
13;28.313616;-15.313615798950195
12;24.482504;-12.482503890991211
11;26.082693;-15.082693099975586
10;25.651129;-15.651128768920898
9;27.969929;-18.969928741455078
8;22.278671;-14.278671264648438
7;23.54542;-16.545419692993164
6;23.505249;-17.5052490234375
5;23.850826;-18.850826263427734
4;26.41657;-22.41657066345215
3;31.380003;-28.380002975463867
2;37.28632;-35.286319732666016
1;41.27432;-40.27431869506836
0;37.773777;-37.77377700805664
75;63.52374;11.476261138916016
74;73.18578;0.8142166137695312
73;74.068634;-1.068634033203125
72;74.84325;-2.8432464599609375
71;71.58812;-0.5881195068359375
70;73.958;-3.9580001831054688
69;76.93431;-7.9343109130859375
68;76.6689;-8.668899536132812
67;66.543076;0.4569244384765625
66;68.12437;-2.1243667602539062
65;71.65984;-6.659843444824219
64;61.675114;2.3248863220214844
63;64.43174;-1.4317398071289062
62;67.86291;-5.862907409667969
61;70.30246;-9.302459716796875
60;69.644585;-9.644584655761719
59;62.81809;-3.8180885314941406
58;65.02598;-7.025978088378906
57;59.514793;-2.5147933959960938
56;62.598362;-6.598361968994141
55;64.82767;-9.827667236328125
54;55.129036;-1.1290359497070312
53;56.104576;-3.1045761108398438
52;57.056915;-5.056915283203125
51;52.723206;-1.72320556640625
50;54.22968;-4.229679107666016
49;54.457394;-5.457393646240234
48;57.769634;-9.769634246826172
47;46.868828;0.13117218017578125
46;46.688614;-0.6886138916015625
45;45.672134;-0.6721343994140625
44;43.67308;0.3269195556640625
43;39.27455;3.7254486083984375
42;37.326355;4.67364501953125
41;36.733585;4.266414642333984
40;35.07016;4.929840087890625
39;34.87648;4.1235198974609375
38;33.668167;4.3318328857421875
37;36.055042;0.9449577331542969
36;29.695705;6.304294586181641
35;29.861572;5.138427734375
34;31.617624;2.382375717163086
33;32.00523;0.9947700500488281
32;30.147356;1.8526439666748047
31;25.22085;5.779150009155273
30;25.570488;4.429512023925781
29;25.982708;3.017292022705078
28;26.673298;1.3267021179199219
27;24.34518;2.6548194885253906
26;26.203623;-0.20362281799316406
25;18.811726;6.188274383544922
24;21.30243;2.69757080078125
23;19.073202;3.926797866821289
22;22.578901;-0.5789012908935547
21;20.725477;0.2745227813720703
20;20.868675;-0.8686752319335938
19;17.987392;1.0126075744628906
18;15.648134;2.351865768432617
17;16.572266;0.427734375
16;15.919335;0.08066463470458984
15;13.057649;1.9423513412475586
14;14.645808;-0.645808219909668
13;13.316121;-0.31612110137939453
12;10.425543;1.5744571685791016
11;15.357542;-4.357542037963867
10;13.762534;-3.7625341415405273
9;8.075859;0.9241409301757812
8;12.878463;-4.878462791442871
7;6.5844893;0.4155106544494629
6;5.1248083;0.8751916885375977
5;1.014036;3.9859639406204224
4;6.0139055;-2.0139055252075195
3;-0.44929594;3.449295938014984
2;4.7877355;-2.7877354621887207
1;0.8242719;0.17572808265686035
0;4.582787;-4.582787036895752
64;75.2017;-11.201698303222656
63;72.13236;-9.132362365722656
62;76.379654;-14.379653930664062
61;69.38166;-8.381660461425781
60;74.876854;-14.876853942871094
59;72.09323;-13.093231201171875
58;72.09791;-14.097908020019531
57;74.45533;-17.45532989501953
56;75.8455;-19.845497131347656
55;74.20471;-19.2047119140625
54;75.024895;-21.02489471435547
53;68.77092;-15.770919799804688
52;72.124374;-20.124374389648438
51;65.43063;-14.430633544921875
50;67.751236;-17.751235961914062
49;65.38674;-16.386741638183594
48;62.431667;-14.43166732788086
47;67.026344;-20.026344299316406
46;62.461815;-16.461814880371094
45;63.58826;-18.588260650634766
44;59.964428;-15.964427947998047
43;57.19988;-14.199878692626953
42;54.718998;-12.718997955322266
41;55.399498;-14.399497985839844
40;52.87219;-12.872188568115234
39;49.40855;-10.408550262451172
38;46.645775;-8.645774841308594
37;45.655556;-8.655555725097656
36;40.51355;-4.5135498046875
35;45.05647;-10.056468963623047
34;45.78996;-11.789958953857422
33;44.499805;-11.499805450439453
32;44.070995;-12.070995330810547
31;40.4952;-9.495201110839844
30;34.758198;-4.758197784423828
29;37.57839;-8.578388214111328
28;25.626959;2.3730411529541016
27;25.658045;1.3419551849365234
26;24.561768;1.438232421875
25;17.934032;7.065967559814453
24;21.589457;2.410543441772461
23;25.39396;-2.393960952758789
22;24.514297;-2.5142974853515625
21;13.979962;7.020037651062012
20;12.001473;7.998526573181152
19;4.883002;14.116998195648193
18;20.087414;-2.087413787841797
17;12.022513;4.977486610412598
16;15.32995;0.6700496673583984
15;2.236336;12.76366400718689
14;8.520256;5.479743957519531
13;6.0617943;6.938205718994141
12;5.366522;6.633478164672852
11;9.272737;1.7272634506225586
10;8.91321;1.0867900848388672
9;7.4683104;1.5316896438598633
8;10.01566;-2.015660285949707
7;13.876606;-6.876605987548828
6;7.401497;-1.4014968872070312
5;3.8578787;1.1421213150024414
4;2.1610112;1.8389887809753418
3;2.7025251;0.29747486114501953
2;8.1591015;-6.159101486206055
1;0.9252173;0.07478272914886475
0;0.25771958;-0.25771957635879517
93;65.66681;27.33319091796875
92;88.72504;3.27496337890625
91;86.052605;4.947395324707031
90;89.11456;0.88543701171875
89;85.70124;3.2987594604492188
88;87.26348;0.7365188598632812
87;87.41089;-0.410888671875
86;84.81663;1.1833724975585938
85;86.61549;-1.6154937744140625
84;87.02903;-3.0290298461914062
83;83.78311;-0.783111572265625
82;87.834656;-5.83465576171875
81;84.41628;-3.4162826538085938
80;81.114044;-1.114044189453125
79;79.67553;-0.6755294799804688
78;77.13417;0.8658294677734375
77;80.2753;-3.275299072265625
76;79.95036;-3.9503631591796875
75;76.85291;-1.8529129028320312
74;70.63003;3.3699722290039062
73;69.91314;3.0868606567382812
72;76.259865;-4.259864807128906
71;67.91444;3.0855636596679688
70;73.0424;-3.0423965454101562
69;67.276794;1.72320556640625
68;73.65687;-5.656867980957031
67;77.93668;-10.936683654785156
66;77.338615;-11.338615417480469
65;64.44434;0.5556564331054688
64;53.047375;10.952625274658203
63;53.49496;9.50503921508789
62;58.62783;3.3721694946289062
61;69.22236;-8.222358703613281
60;56.6822;3.317798614501953
59;47.990852;11.009147644042969
58;52.65316;5.346839904785156
57;63.901585;-6.901584625244141
56;42.57256;13.427440643310547
55;57.733715;-2.733715057373047
54;49.426373;4.573627471923828
53;38.74746;14.252540588378906
52;59.01796;-7.0179595947265625
51;59.98924;-8.989238739013672
50;49.679405;0.32059478759765625
49;51.503403;-2.5034027099609375
48;53.52201;-5.522010803222656
47;49.328526;-2.3285255432128906
46;54.165524;-8.165523529052734
45;68.219986;-23.219985961914062
44;53.094223;-9.094223022460938
43;43.62631;-0.6263084411621094
42;44.209503;-2.209503173828125
41;47.500927;-6.500926971435547
40;33.879692;6.120307922363281
39;45.00609;-6.0060882568359375
38;41.14675;-3.1467514038085938
37;39.65617;-2.656169891357422
36;40.762146;-4.76214599609375
35;42.992462;-7.992462158203125
34;30.490814;3.509185791015625
33;31.274149;1.725851058959961
32;28.762857;3.237142562866211
31;38.064457;-7.064456939697266
30;24.5937;5.406299591064453
29;18.178766;10.821233749389648
28;16.58258;11.41741943359375
27;28.506613;-1.506612777709961
26;18.66115;7.338850021362305
25;24.072414;0.9275856018066406
24;17.348783;6.651216506958008
23;13.372521;9.62747859954834
22;15.757763;6.242237091064453
21;14.33099;6.669010162353516
20;10.3780775;9.621922492980957
19;15.508505;3.491495132446289
18;14.811649;3.1883506774902344
17;11.426273;5.573726654052734
16;13.231253;2.768747329711914
15;3.0410488;11.958951234817505
14;-1.2744842;15.274484157562256
13;8.136193;4.86380672454834
12;5.2098427;6.790157318115234
11;2.4017603;8.598239660263062
10;3.2881784;6.711821556091309
9;10.879777;-1.879776954650879
8;2.1560445;5.8439555168151855
7;-1.1222425;8.122242450714111
6;-3.5599928;9.559992790222168
5;-1.1670613;6.1670613288879395
4;6.477328;-2.477327823638916
3;-1.0795981;4.079598069190979
2;0.3814612;1.6185387969017029
1;2.037981;-1.0379810333251953
0;-5.510206;5.51020622253418
93;66.98281;26.017189025878906
92;82.769035;9.230964660644531
91;86.76227;4.23773193359375
90;79.2294;10.770599365234375
89;85.72961;3.2703933715820312
88;88.70714;-0.7071380615234375
87;85.76502;1.2349777221679688
86;79.08345;6.9165496826171875
85;94.296326;-9.29632568359375
84;88.94375;-4.943748474121094
83;86.111885;-3.1118850708007812
82;87.75152;-5.751518249511719
81;82.3523;-1.3523025512695312
80;79.45561;0.5443878173828125
79;78.81717;0.182830810546875
78;68.08671;9.913291931152344
77;71.407684;5.592315673828125
76;70.45128;5.5487213134765625
75;71.96958;3.0304183959960938
74;70.589935;3.410064697265625
73;72.9627;0.03730010986328125
72;61.920914;10.079086303710938
71;69.187225;1.812774658203125
70;60.607212;9.39278793334961
69;73.16675;-4.166748046875
68;63.535793;4.464206695556641
67;64.10253;2.8974685668945312
66;61.139355;4.860645294189453
65;61.55336;3.4466400146484375
64;30.37782;33.6221809387207
63;28.989702;34.010297775268555
62;49.808628;12.19137191772461
61;45.341755;15.658245086669922
60;37.907715;22.09228515625
59;36.26924;22.730758666992188
58;49.16217;8.83782958984375
57;43.757668;13.242332458496094
56;43.11242;12.887580871582031
55;43.693085;11.306915283203125
54;42.377403;11.622596740722656
53;39.356968;13.64303207397461
52;56.467937;-4.467937469482422
51;50.783398;0.21660232543945312
50;71.41342;-21.413421630859375
49;61.783207;-12.783206939697266
48;58.81622;-10.816219329833984
47;54.749184;-7.749183654785156
46;47.719048;-1.7190475463867188
45;48.66348;-3.6634788513183594
44;54.876152;-10.876152038574219
43;47.95874;-4.958740234375
42;43.2563;-1.2563018798828125
41;48.95701;-7.957008361816406
40;47.575783;-7.575782775878906
39;43.816708;-4.816707611083984
38;45.250107;-7.2501068115234375
37;51.484947;-14.484947204589844
36;47.81026;-11.810260772705078
35;58.977127;-23.977127075195312
34;55.77839;-21.77838897705078
33;46.239887;-13.239887237548828
32;49.543755;-17.54375457763672
31;43.92623;-12.926231384277344
30;57.15057;-27.150569915771484
29;49.302845;-20.302845001220703
28;51.8006;-23.80059814453125
27;45.659256;-18.659255981445312
26;49.475502;-23.475502014160156
25;42.750904;-17.750904083251953
24;48.724976;-24.7249755859375
23;47.968544;-24.968544006347656
22;42.091988;-20.09198760986328
21;69.132904;-48.132904052734375
20;82.88879;-62.88878631591797
19;82.201004;-63.20100402832031
18;79.76637;-61.76637268066406
17;79.904594;-62.90459442138672
16;56.850136;-40.850135803222656
15;78.732414;-63.73241424560547
14;65.91599;-51.915992736816406
13;70.95044;-57.950439453125
12;85.705086;-73.70508575439453
11;100.367004;-89.36700439453125
10;80.89895;-70.8989486694336
9;84.98494;-75.98493957519531
8;88.4401;-80.44010162353516
7;78.02002;-71.02001953125
6;80.438484;-74.43848419189453
5;95.226135;-90.22613525390625
4;121.37011;-117.37010955810547
3;127.05371;-124.0537109375
2;124.71053;-122.71053314208984
1;133.0237;-132.02369689941406
0;132.89285;-132.89285278320312
93;115.11863;-22.118629455566406
92;100.923965;-8.923965454101562
91;95.33026;-4.33026123046875
90;106.37313;-16.373130798339844
89;99.36635;-10.366348266601562
88;97.829735;-9.829734802246094
87;99.2042;-12.204200744628906
86;78.490486;7.509513854980469
85;66.37534;18.624656677246094
84;78.46208;5.5379180908203125
83;65.199356;17.800643920898438
82;68.177795;13.82220458984375
81;75.047104;5.9528961181640625
80;82.35587;-2.3558731079101562
79;73.071205;5.928794860839844
78;73.81832;4.181678771972656
77;73.63055;3.3694534301757812
76;67.16025;8.839752197265625
75;73.286;1.7139968872070312
74;73.87279;0.1272125244140625
73;73.881424;-0.8814239501953125
72;71.21869;0.78131103515625
71;74.61268;-3.6126785278320312
70;68.59809;1.4019088745117188
69;64.77438;4.225616455078125
68;62.685192;5.314807891845703
67;57.749706;9.250293731689453
66;51.896175;14.103824615478516
65;50.888546;14.111454010009766
64;31.684412;32.31558799743652
63;29.940557;33.0594425201416
62;42.04388;19.956119537353516
61;27.299276;33.70072364807129
60;34.441208;25.558792114257812
59;31.840084;27.159915924072266
58;35.824787;22.175212860107422
57;29.583313;27.41668701171875
56;36.319122;19.680877685546875
55;32.57693;22.42306900024414
54;44.30688;9.693119049072266
53;35.681156;17.318843841552734
52;45.857567;6.142433166503906
51;40.785515;10.214485168457031
50;45.306038;4.693962097167969
49;49.827553;-0.8275527954101562
48;48.720016;-0.7200164794921875
47;53.269165;-6.2691650390625
46;57.53977;-11.53976821899414
45;48.85386;-3.8538589477539062
44;59.684303;-15.684303283691406
43;50.969864;-7.9698638916015625
42;58.37717;-16.37717056274414
41;48.498756;-7.498756408691406
40;49.058716;-9.0587158203125
39;56.45879;-17.458789825439453
38;53.450317;-15.4503173828125
37;58.875717;-21.875717163085938
36;54.070732;-18.07073211669922
35;60.953255;-25.95325469970703
34;58.2625;-24.262500762939453
33;56.82511;-23.825111389160156
32;65.07392;-33.07392120361328
31;62.18653;-31.18653106689453
30;60.978306;-30.97830581665039
29;58.05251;-29.052509307861328
28;60.247738;-32.247737884521484
27;60.430874;-33.43087387084961
26;77.84332;-51.84332275390625
25;72.60896;-47.60896301269531
24;80.87739;-56.87738800048828
23;110.80765;-87.80764770507812
22;104.14716;-82.14716339111328
21;102.359276;-81.3592758178711
20;91.59882;-71.59882354736328
19;90.21237;-71.21237182617188
18;95.60609;-77.60608673095703
17;100.4827;-83.48269653320312
16;94.94726;-78.94725799560547
15;95.36197;-80.36196899414062
14;97.27329;-83.2732925415039
13;97.00431;-84.00431060791016
12;94.36781;-82.36781311035156
11;102.78361;-91.78360748291016
10;94.46948;-84.469482421875
9;87.48057;-78.4805679321289
8;98.51863;-90.51863098144531
7;99.65911;-92.65911102294922
6;97.702385;-91.70238494873047
5;89.41495;-84.41494750976562
4;112.323364;-108.3233642578125
3;107.86052;-104.86051940917969
2;108.18911;-106.1891098022461
1;108.88545;-107.88545227050781
0;112.454414;-112.45441436767578
123;117.49648;5.503517150878906
122;130.75143;-8.751434326171875
121;129.75386;-8.753860473632812
120;124.91738;-4.917381286621094
119;111.2396;7.760398864746094
118;102.9679;15.032096862792969
117;122.673904;-5.6739044189453125
116;122.972824;-6.9728240966796875
115;130.57176;-15.571762084960938
114;127.57665;-13.576652526855469
113;124.24405;-11.244049072265625
112;121.28954;-9.289543151855469
111;125.67826;-14.678260803222656
110;118.97432;-8.974319458007812
109;110.863594;-1.8635940551757812
108;114.98395;-6.98394775390625
107;107.356766;-0.3567657470703125
106;101.15268;4.847320556640625
105;110.47351;-5.4735107421875
104;107.9315;-3.9315032958984375
103;102.705574;0.29442596435546875
102;107.21699;-5.216987609863281
101;104.6069;-3.606903076171875
100;99.710304;0.28969573974609375
99;93.31084;5.6891632080078125
98;89.22281;8.777191162109375
97;90.54548;6.454521179199219
96;82.866646;13.133354187011719
95;71.446915;23.553085327148438
94;53.99915;40.000850677490234
93;52.32493;40.675071716308594
92;51.785908;40.21409225463867
91;42.169357;48.83064270019531
90;43.64297;46.35702896118164
89;44.72527;44.27473068237305
88;52.815025;35.184974670410156
87;43.14058;43.85942077636719
86;39.864437;46.135562896728516
85;36.90981;48.09019088745117
84;40.55218;43.447818756103516
83;39.270515;43.72948455810547
82;44.94902;37.05097961425781
81;45.884914;35.11508560180664
80;51.1628;28.837200164794922
79;47.617672;31.382328033447266
78;56.154366;21.84563446044922
77;55.497124;21.50287628173828
76;55.208515;20.791484832763672
75;50.501133;24.49886703491211
74;48.70051;25.29949188232422
73;49.058037;23.94196319580078
72;51.491554;20.508445739746094
71;53.145535;17.85446548461914
70;53.107784;16.892215728759766
69;47.936535;21.063465118408203
68;57.70055;10.299449920654297
67;62.55908;4.440921783447266
66;66.52981;-0.5298080444335938
65;60.853672;4.146327972412109
64;58.304794;5.6952056884765625
63;52.15522;10.844779968261719
62;52.559063;9.440937042236328
61;51.982864;9.017135620117188
60;44.270775;15.729225158691406
59;62.97957;-3.9795684814453125
58;40.420967;17.57903289794922
57;52.955902;4.044097900390625
56;52.3426;3.657398223876953
55;60.32605;-5.3260498046875
54;55.458565;-1.4585647583007812
53;47.436913;5.563087463378906
52;52.125786;-0.12578582763671875
51;47.704628;3.2953720092773438
50;52.824585;-2.8245849609375
49;56.51406;-7.514060974121094
48;55.722904;-7.722904205322266
47;54.468384;-7.4683837890625
46;51.0659;-5.065898895263672
45;49.939587;-4.939586639404297
44;43.13669;0.863311767578125
43;42.073784;0.9262161254882812
42;45.511486;-3.511486053466797
41;42.975662;-1.9756622314453125
40;32.21463;7.785369873046875
39;33.81632;5.183681488037109
38;33.61798;4.38201904296875
37;39.978188;-2.9781875610351562
36;29.976152;6.023847579956055
35;32.818813;2.1811866760253906
34;26.583218;7.416782379150391
33;39.20859;-6.208591461181641
32;20.937815;11.062185287475586
31;25.219294;5.780706405639648
30;30.509531;-0.5095310211181641
29;30.327616;-1.327615737915039
28;19.095507;8.90449333190918
27;30.928514;-3.9285144805908203
26;29.086416;-3.086416244506836
25;29.464817;-4.464817047119141
24;22.5573;1.4426994323730469
23;25.039501;-2.039501190185547
22;23.175909;-1.1759090423583984
21;21.648804;-0.6488037109375
20;18.704153;1.295846939086914
19;19.608723;-0.6087226867675781
18;16.733513;1.2664871215820312
17;16.707993;0.2920074462890625
16;10.631946;5.368054389953613
15;15.62425;-0.6242504119873047
14;10.23795;3.762049674987793
13;12.782297;0.21770286560058594
12;13.587191;-1.5871906280517578
11;10.808237;0.19176292419433594
10;7.686936;2.3130640983581543
9;7.16566;1.8343400955200195
8;10.548983;-2.548982620239258
7;8.068355;-1.068354606628418
6;5.986825;0.013175010681152344
5;3.6802616;1.3197383880615234
4;4.0874333;-0.0874333381652832
3;1.3632935;1.6367064714431763
2;3.4288437;-1.4288437366485596
1;-1.5327712;2.5327712297439575
0;0.24654448;-0.2465444803237915
40;50.682922;-10.68292236328125
39;64.34299;-25.342987060546875
38;61.51741;-23.517410278320312
37;60.104298;-23.104297637939453
36;61.05653;-25.056529998779297
35;59.692127;-24.692127227783203
34;56.826946;-22.826946258544922
33;58.33046;-25.330459594726562
32;62.3404;-30.34040069580078
31;57.44371;-26.443710327148438
30;55.465256;-25.465255737304688
29;49.52914;-20.52914047241211
28;47.08655;-19.086551666259766
27;44.844852;-17.844852447509766
26;51.794624;-25.79462432861328
25;46.064034;-21.06403350830078
24;46.694225;-22.694225311279297
23;41.303185;-18.303184509277344
22;42.79099;-20.79098892211914
21;43.645576;-22.64557647705078
20;43.867886;-23.86788558959961
19;40.98484;-21.984840393066406
18;27.551743;-9.551742553710938
17;21.715696;-4.715696334838867
16;25.17746;-9.177459716796875
15;7.6442294;7.355770587921143
14;12.76898;1.2310199737548828
13;11.532788;1.4672117233276367
12;19.286016;-7.286016464233398
11;9.139498;1.8605022430419922
10;10.119984;-0.11998367309570312
9;-3.4378974;12.437897443771362
8;8.484839;-0.48483943939208984
7;-4.3976173;11.39761734008789
6;5.700929;0.2990708351135254
5;9.361115;-4.361115455627441
4;-1.8169571;5.816957116127014
3;8.693527;-5.6935272216796875
2;11.508677;-9.508676528930664
1;13.714445;-12.714445114135742
0;22.222036;-22.222036361694336
69;69.12074;-0.1207427978515625
68;62.258892;5.741107940673828
67;63.95031;3.0496902465820312
66;65.20405;0.7959518432617188
65;65.2437;-0.2436981201171875
64;66.854645;-2.854644775390625
63;64.01846;-1.018463134765625
62;66.63157;-4.631568908691406
61;61.120586;-0.12058639526367188
60;62.078396;-2.0783958435058594
59;61.437607;-2.4376068115234375
58;59.359085;-1.3590850830078125
57;61.516846;-4.516845703125
56;57.520443;-1.5204429626464844
55;51.580505;3.41949462890625
54;62.481163;-8.481163024902344
53;53.99002;-0.990020751953125
52;51.87376;0.12623977661132812
51;52.199806;-1.1998062133789062
50;44.63434;5.36566162109375
49;44.08918;4.910820007324219
48;45.75954;2.240459442138672
47;44.66713;2.3328704833984375
46;44.937756;1.0622444152832031
45;46.394028;-1.3940277099609375
44;42.791428;1.2085723876953125
43;42.31218;0.6878204345703125
42;44.46376;-2.4637603759765625
41;36.702076;4.297924041748047
40;27.755713;12.244287490844727
39;28.73349;10.266510009765625
38;28.608904;9.391096115112305
37;27.170414;9.829586029052734
36;26.010345;9.989654541015625
35;25.560564;9.439435958862305
34;19.393494;14.60650634765625
33;31.085278;1.9147224426269531
32;28.00205;3.9979496002197266
31;30.234833;0.765167236328125
30;32.279972;-2.2799720764160156
29;34.37197;-5.371971130371094
28;32.842976;-4.842975616455078
27;31.381697;-4.381696701049805
26;31.342491;-5.342491149902344
25;27.398867;-2.398866653442383
24;26.317402;-2.317401885986328
23;24.891441;-1.8914413452148438
22;36.458565;-14.458564758300781
21;28.218712;-7.218711853027344
20;22.171324;-2.171323776245117
19;33.02942;-14.0294189453125
18;22.529135;-4.529134750366211
17;27.541634;-10.541633605957031
16;20.189762;-4.189762115478516
15;17.551506;-2.5515060424804688
14;18.576971;-4.576971054077148
13;15.357731;-2.3577308654785156
12;24.638954;-12.638954162597656
11;14.72425;-3.724249839782715
10;21.195469;-11.19546890258789
9;14.3460655;-5.346065521240234
8;8.020732;-0.02073192596435547
7;1.883592;5.116407990455627
6;8.996893;-2.9968929290771484
5;8.565824;-3.565823554992676
4;5.515566;-1.5155658721923828
3;2.4410434;0.5589566230773926
2;13.881614;-11.881613731384277
1;20.875484;-19.875484466552734
0;10.887989;-10.887989044189453
69;55.16627;13.833728790283203
68;64.17013;3.8298721313476562
67;65.450226;1.549774169921875
66;72.65313;-6.653129577636719
65;65.59273;-0.5927276611328125
64;64.549644;-0.5496444702148438
63;71.20879;-8.208793640136719
62;68.847046;-6.8470458984375
61;68.23468;-7.23468017578125
60;67.376564;-7.376564025878906
59;67.527885;-8.527885437011719
58;65.73665;-7.7366485595703125
57;63.879314;-6.879314422607422
56;62.075977;-6.075977325439453
55;61.18343;-6.183429718017578
54;61.4512;-7.451198577880859
53;59.42082;-6.420818328857422
52;58.480225;-6.480224609375
51;62.45068;-11.450679779052734
50;60.165115;-10.165115356445312
49;57.546024;-8.546024322509766
48;58.077347;-10.077346801757812
47;57.005642;-10.00564193725586
46;54.470562;-8.470561981201172
45;59.688046;-14.688045501708984
44;51.05206;-7.052059173583984
43;49.763966;-6.763965606689453
42;46.347046;-4.3470458984375
41;44.716545;-3.7165451049804688
40;41.28263;-1.2826309204101562
39;40.521122;-1.5211219787597656
38;33.23078;4.769218444824219
37;41.825092;-4.825092315673828
36;33.806786;2.1932144165039062
35;29.140928;5.859071731567383
34;33.047813;0.9521865844726562
33;31.131578;1.8684215545654297
32;29.552464;2.4475364685058594
31;24.43897;6.561029434204102
30;28.53256;1.4674396514892578
29;23.546057;5.453943252563477
28;19.41229;8.587709426879883
27;20.872963;6.127037048339844
26;22.926613;3.0733871459960938
25;20.647741;4.352258682250977
24;15.695299;8.30470085144043
23;14.713066;8.286933898925781
22;16.073023;5.926977157592773
21;15.145383;5.854617118835449
20;4.3524566;15.64754343032837
19;2.144436;16.85556411743164
18;8.364329;9.63567066192627
17;-6.71162;23.71161985397339
16;4.659453;11.34054708480835
15;0.6406245;14.359375476837158
14;-3.9050872;17.90508723258972
13;-0.36970115;13.369701147079468
12;-16.069712;28.069711685180664
11;0.35151693;10.64848306775093
10;10.733861;-0.733860969543457
9;-16.582348;25.582347869873047
8;23.309835;-15.309835433959961
7;14.3229065;-7.322906494140625
6;21.172703;-15.17270278930664
5;48.919296;-43.91929626464844
4;38.94332;-34.943321228027344
3;24.249756;-21.249755859375
2;18.953623;-16.953622817993164
1;18.660107;-17.660106658935547
0;-7.3549666;7.354966640472412
69;42.84068;26.159320831298828
68;60.371754;7.628246307373047
67;59.621014;7.378986358642578
66;67.22639;-1.2263870239257812
65;62.229343;2.7706565856933594
64;58.778267;5.221733093261719
63;62.808887;0.19111251831054688
62;69.36105;-7.361053466796875
61;71.694885;-10.69488525390625
60;65.47054;-5.470542907714844
59;73.648094;-14.648094177246094
58;67.53844;-9.538436889648438
57;70.06911;-13.069107055664062
56;69.03093;-13.030929565429688
55;70.0751;-15.075103759765625
54;66.75485;-12.754852294921875
53;71.79847;-18.79846954345703
52;60.489483;-8.489482879638672
51;60.40136;-9.401359558105469
50;70.70357;-20.703567504882812
49;61.664734;-12.66473388671875
48;64.63713;-16.637130737304688
47;67.57931;-20.579307556152344
46;71.494;-25.494003295898438
45;53.327602;-8.32760238647461
44;53.59808;-9.598079681396484
43;64.31804;-21.318038940429688
42;62.323666;-20.323665618896484
41;74.19711;-33.197113037109375
40;78.83598;-38.83598327636719
39;86.86352;-47.86351776123047
38;74.85107;-36.85106658935547
37;82.39872;-45.398719787597656
36;77.0679;-41.067901611328125
35;84.21858;-49.21858215332031
34;79.52767;-45.527671813964844
33;76.18409;-43.18408966064453
32;67.37329;-35.373291015625
31;64.93252;-33.932518005371094
30;78.7972;-48.797203063964844
29;85.04567;-56.04566955566406
28;72.81275;-44.81275177001953
27;60.49775;-33.49774932861328
26;55.593647;-29.593647003173828
25;55.868484;-30.868484497070312
24;57.71224;-33.71223831176758
23;51.45878;-28.458778381347656
22;56.976875;-34.97687530517578
21;61.272358;-40.27235794067383
20;69.06772;-49.067718505859375
19;67.11599;-48.115989685058594
18;83.77583;-65.77583312988281
17;93.31305;-76.31304931640625
16;82.36942;-66.36942291259766
15;100.22475;-85.22474670410156
14;89.72517;-75.72516632080078
13;92.326935;-79.32693481445312
12;107.30918;-95.3091812133789
11;124.14376;-113.14376068115234
10;118.222374;-108.22237396240234
9;115.1907;-106.1906967163086
8;122.06103;-114.06102752685547
7;161.59476;-154.59475708007812
6;156.86462;-150.8646240234375
5;155.20609;-150.20608520507812
4;138.18124;-134.18124389648438
3;144.94931;-141.94931030273438
2;179.1455;-177.14549255371094
1;233.16412;-232.16412353515625
0;183.28024;-183.28024291992188
219;229.83575;-10.83575439453125
218;196.50362;21.496383666992188
217;191.12558;25.874420166015625
216;182.4957;33.504302978515625
215;211.434;3.5659942626953125
214;205.99234;8.007659912109375
213;192.80286;20.1971435546875
212;174.48077;37.51922607421875
211;210.67549;0.3245086669921875
210;198.46242;11.537582397460938
209;180.50772;28.492279052734375
208;186.6313;21.368698120117188
207;195.3914;11.608596801757812
206;189.34436;16.6556396484375
205;187.37315;17.626846313476562
204;189.5591;14.440902709960938
203;170.6841;32.31590270996094
202;174.85805;27.141952514648438
201;187.24583;13.754165649414062
200;200.42528;-0.4252777099609375
199;178.63472;20.365280151367188
198;196.52283;1.4771728515625
197;181.83551;15.16448974609375
196;206.20195;-10.201950073242188
195;194.22481;0.7751922607421875
194;189.437;4.5630035400390625
193;188.2228;4.7772064208984375
192;189.40454;2.595458984375
191;158.31029;32.68971252441406
190;94.93697;95.06302642822266
189;110.974754;78.0252456665039
188;115.8366;72.16339874267578
187;117.52938;69.47061920166016
186;110.20258;75.79741668701172
185;118.70291;66.29708862304688
184;110.79862;73.20137786865234
183;124.61105;58.388946533203125
182;115.48275;66.51725006103516
181;121.84573;59.154266357421875
180;121.213264;58.78673553466797
179;128.41537;50.584625244140625
178;123.462875;54.53712463378906
177;125.05217;51.94783020019531
176;119.7345;56.2655029296875
175;133.53677;41.463226318359375
174;113.24599;60.75401306152344
173;136.50473;36.495269775390625
172;118.82406;53.175941467285156
171;150.55112;20.448883056640625
170;124.09365;45.906349182128906
169;136.48016;32.51983642578125
168;119.65935;48.34065246582031
167;131.02904;35.97096252441406
166;136.19398;29.806015014648438
165;159.5609;5.4391021728515625
164;149.04132;14.95867919921875
163;163.73686;-0.7368621826171875
162;172.5257;-10.52569580078125
161;174.26343;-13.263427734375
160;148.45032;11.5496826171875
159;165.40347;-6.403472900390625
158;177.89648;-19.896484375
157;162.07495;-5.074951171875
156;185.97508;-29.975082397460938
155;172.45795;-17.45794677734375
154;194.04738;-40.04737854003906
153;169.88075;-16.880752563476562
152;165.34299;-13.342987060546875
151;171.14062;-20.140625
150;159.67648;-9.676483154296875
149;143.28151;5.7184906005859375
148;150.48807;-2.488067626953125
147;153.79329;-6.7932891845703125
146;147.70895;-1.708953857421875
145;155.79486;-10.79486083984375
144;143.04663;0.953369140625
143;145.91988;-2.9198760986328125
142;130.60127;11.398727416992188
141;143.82256;-2.8225555419921875
140;133.19246;6.8075408935546875
139;124.45202;14.547981262207031
138;104.99451;33.0054931640625
137;123.96263;13.037368774414062
136;78.09214;57.907859802246094
135;82.44207;52.55792999267578
134;106.45611;27.54389190673828
133;95.937195;37.06280517578125
132;81.78961;50.21038818359375
131;100.949425;30.050575256347656
130;102.29489;27.705108642578125
129;79.854996;49.14500427246094
128;101.99898;26.001022338867188
127;98.91037;28.089630126953125
126;99.12952;26.8704833984375
125;91.25952;33.740478515625
124;101.11673;22.883270263671875
123;86.282135;36.717864990234375
122;90.87532;31.124679565429688
121;92.09885;28.901153564453125
120;89.117424;30.88257598876953
119;94.22074;24.779258728027344
118;83.44679;34.55320739746094
117;75.08617;41.91383361816406
116;85.950554;30.04944610595703
115;96.36844;18.631561279296875
114;84.5042;29.49579620361328
113;90.47555;22.524452209472656
112;90.827286;21.172714233398438
111;95.91742;15.08258056640625
110;89.83586;20.164138793945312
109;92.18684;16.81316375732422
108;94.26863;13.731369018554688
107;97.066154;9.933845520019531
106;98.47684;7.523162841796875
105;101.458374;3.5416259765625
104;100.21458;3.7854232788085938
103;102.23456;0.76544189453125
102;97.22524;4.774757385253906
101;93.77597;7.224029541015625
100;100.11795;-0.117950439453125
99;98.42068;0.5793228149414062
98;103.08796;-5.087959289550781
97;96.11001;0.8899917602539062
96;97.272835;-1.2728347778320312
95;100.81052;-5.810516357421875
94;95.445595;-1.4455947875976562
93;94.38252;-1.3825225830078125
92;93.978226;-1.9782257080078125
91;93.55432;-2.5543212890625
90;88.56247;1.437530517578125
89;92.06954;-3.0695419311523438
88;88.808914;-0.8089141845703125
87;92.04771;-5.047706604003906
86;86.31317;-0.31317138671875
85;89.88244;-4.882438659667969
84;85.97451;-1.9745101928710938
83;84.062416;-1.0624160766601562
82;85.95338;-3.9533767700195312
81;83.27021;-2.2702102661132812
80;80.77941;-0.7794113159179688
79;81.3784;-2.3784027099609375
78;79.15938;-1.1593780517578125
77;80.31451;-3.3145065307617188
76;78.00528;-2.005279541015625
75;76.74979;-1.749786376953125
74;75.9898;-1.9897994995117188
73;72.609184;0.39081573486328125
72;72.59087;-0.5908737182617188
71;69.96541;1.0345916748046875
70;69.53878;0.46121978759765625
69;68.26111;0.7388916015625
68;67.95335;0.04665374755859375
67;71.90356;-4.903556823730469
66;64.26233;1.7376708984375
65;66.47519;-1.475189208984375
64;63.248978;0.7510223388671875
63;67.00411;-4.004112243652344
62;66.10667;-4.106666564941406
61;64.863846;-3.8638458251953125
60;63.615223;-3.615222930908203
59;64.46565;-5.4656524658203125
58;58.438225;-0.43822479248046875
57;60.128853;-3.1288528442382812
56;56.92276;-0.922760009765625
55;57.914787;-2.9147872924804688
54;53.55371;0.4462890625
53;54.18211;-1.1821098327636719
52;53.36695;-1.3669509887695312
51;46.6439;4.356098175048828
50;50.696278;-0.6962776184082031
49;49.83409;-0.8340911865234375
48;48.622604;-0.6226043701171875
47;47.82845;-0.8284492492675781
46;46.922527;-0.9225273132324219
45;45.301674;-0.30167388916015625
44;44.40311;-0.4031105041503906
43;47.760624;-4.760623931884766
42;41.07112;0.9288787841796875
41;43.10838;-2.108379364013672
40;41.55892;-1.5589218139648438
39;39.09387;-0.09386825561523438
38;38.87771;-0.8777084350585938
37;41.600487;-4.600486755371094
36;39.093685;-3.0936851501464844
35;39.293686;-4.2936859130859375
34;34.828297;-0.8282966613769531
33;34.408672;-1.4086723327636719
32;35.895004;-3.8950042724609375
31;33.519318;-2.519317626953125
30;32.60495;-2.604949951171875
29;33.487656;-4.4876556396484375
28;30.072676;-2.0726757049560547
27;27.612358;-0.6123580932617188
26;26.443472;-0.44347190856933594
25;30.888874;-5.888874053955078
24;23.409073;0.5909271240234375
23;25.440779;-2.4407787322998047
22;21.532187;0.46781349182128906
21;22.016953;-1.0169525146484375
20;24.724365;-4.724365234375
19;20.412197;-1.4121971130371094
18;19.631737;-1.6317367553710938
17;17.07589;-0.07588958740234375
16;14.052241;1.947758674621582
15;13.500155;1.4998445510864258
14;13.393803;0.6061973571777344
13;13.7735815;-0.7735815048217773
12;10.934631;1.06536865234375
11;14.802247;-3.8022470474243164
10;12.966748;-2.9667482376098633
9;11.252521;-2.2525205612182617
8;10.569889;-2.5698890686035156
7;18.685902;-11.685901641845703
6;15.788289;-9.788289070129395
5;8.63816;-3.63815975189209
4;4.8471804;-0.8471803665161133
3;7.521162;-4.521162033081055
2;8.54753;-6.547530174255371
1;1.5647787;-0.5647786855697632
0;1.6056035;-1.6056034564971924
